x1 coord,x2 coord,x3 coord,x4 coord
9, 20, -4.5081, 0.8
20, 0, -1.641, 0.7384500000000001
20, 20, -1.641, 0.7384500000000001
0, 0, -4.5056, 0.8
0, 0, -10, 0.8
9, 0, -4.5081, 0.8
20, 20, -7.4393, 0.8
20, 20, -10, 0.8
0, 20, -4.5081, 0.8
0, 20, 0, 0.8
20, 20, 0, 0.7384500000000001
0, 20, -10, 0.8
20, 0, -10, 0.8
20, 0, -7.4393, 0.8
0, 0, 0, 0.8
20, 0, 0, 0.7384500000000001
