DBRep_DrawableShape

CASCADE Topology V1, (c) Matra-Datavision
Locations 0
Curve2ds 0
Curves 1548
1 0.12179487198591232 0.875 1.7852392196655273 -0.695382056143516 -0.71368158281732597 0.084275704333884177 
1 0 0.75 1.7999999523162842 0 1 0 
1 0 1 1.7999999523162842 0.695382056143516 -0.71368158281732597 -0.084275704333884177 
1 0 1 1.7999999523162842 0.992735945907669 0 -0.1203135142151769 
1 0.24358974397182465 1 1.770478367805481 -0.69538201625644347 -0.71368154188059374 0.084276380119591474 
1 0.24358974397182465 1 1.770478367805481 0 -1 0 
1 0.24358974397182465 0.75 1.770478367805481 -0.69538201625644347 0.71368154188059374 0.084276380119591474 
1 0 0.75 1.7999999523162842 0.992735945907669 0 -0.1203135142151769 
1 0.12179487198591232 0.625 1.7852392196655273 -0.695382056143516 -0.71368158281732597 0.084275704333884177 
1 0 0.5 1.7999999523162842 0 1 0 
1 0 0.75 1.7999999523162842 0.695382056143516 -0.71368158281732597 -0.084275704333884177 
1 0.24358974397182465 0.75 1.770478367805481 -0.69538201625644347 -0.71368154188059374 0.084276380119591474 
1 0.24358974397182465 0.75 1.770478367805481 0 -1 0 
1 0.24358974397182465 0.5 1.770478367805481 -0.69538201625644347 0.71368154188059374 0.084276380119591474 
1 0 0.5 1.7999999523162842 0.992735945907669 0 -0.1203135142151769 
1 0.12179487198591232 0.375 1.7852392196655273 -0.695382056143516 -0.71368158281732597 0.084275704333884177 
1 0 0.25 1.7999999523162842 0 1 0 
1 0 0.5 1.7999999523162842 0.695382056143516 -0.71368158281732597 -0.084275704333884177 
1 0.24358974397182465 0.5 1.770478367805481 -0.69538201625644347 -0.71368154188059374 0.084276380119591474 
1 0.24358974397182465 0.5 1.770478367805481 0 -1 0 
1 0.24358974397182465 0.25 1.770478367805481 -0.69538201625644347 0.71368154188059374 0.084276380119591474 
1 0 0.25 1.7999999523162842 0.992735945907669 0 -0.1203135142151769 
1 5.9679489135742188 0.125 2.7436802387237549 -0.68215776541527395 -0.70010752851944247 -0.21097448090714219 
1 5.846153736114502 0 2.7060120105743408 0.95535278983696448 0 0.29546750574425062 
1 6.0897436141967773 0 2.7813484668731689 -0.68215633749374083 0.70010880400262776 -0.21097486526867518 
1 6.0897436141967773 0 2.7813484668731689 0 1 0 
1 6.0897436141967773 0.25 2.7813484668731689 -0.68215633749374083 -0.70010880400262776 -0.21097486526867518 
1 6.0897436141967773 0.25 2.7813484668731689 -0.95535278983696448 0 -0.29546750574425062 
1 5.846153736114502 0.25 2.7060120105743408 0.68215776541527395 -0.70010752851944247 0.21097448090714219 
1 5.846153736114502 0 2.7060120105743408 0 1 0 
1 5.7243590354919434 0.125 2.6415970325469971 -0.65469442805885081 -0.671924173129407 -0.34625584678537497 
1 5.6025643348693848 0 2.5771820545196533 0.88398163039989264 0 0.46752163277815023 
1 5.846153736114502 0 2.7060120105743408 -0.65469442805885081 0.671924173129407 -0.34625584678537497 
1 5.846153736114502 0.25 2.7060120105743408 -0.65469442805885081 -0.671924173129407 -0.34625584678537497 
1 5.846153736114502 0.25 2.7060120105743408 -0.88398163039989264 0 -0.46752163277815023 
1 5.6025643348693848 0.25 2.5771820545196533 0.65469442805885081 -0.671924173129407 0.34625584678537497 
1 5.6025643348693848 0 2.5771820545196533 0 1 0 
1 5.480769157409668 0.125 2.4898233413696289 -0.62405101006556651 -0.640474305199348 -0.44760808886296821 
1 5.3589744567871094 0 2.4024646282196045 0.81258854520580392 0 0.58283776147425037 
1 5.6025643348693848 0 2.5771820545196533 -0.62405250179268279 0.64047332867416418 -0.4476074063991009 
1 5.6025643348693848 0.25 2.5771820545196533 -0.62405250179268279 -0.64047332867416418 -0.4476074063991009 
1 5.6025643348693848 0.25 2.5771820545196533 -0.81258854520580392 0 -0.58283776147425037 
1 5.3589744567871094 0.25 2.4024646282196045 0.62405101006556651 -0.640474305199348 0.44760808886296821 
1 5.3589744567871094 0 2.4024646282196045 0 1 0 
1 5.2371792793273926 0.125 2.2973201274871826 -0.59776394394404242 -0.61349543626338787 -0.51604420063058454 
1 5.115384578704834 0 2.1921758651733398 0.75695259916605973 0 0.65346978707186343 
1 5.3589744567871094 0 2.4024646282196045 -0.59776508704131137 0.61349420755905903 -0.5160443372482405 
1 5.3589744567871094 0.25 2.4024646282196045 -0.59776508704131137 -0.61349420755905903 -0.5160443372482405 
1 5.3589744567871094 0.25 2.4024646282196045 -0.75695259916605973 0 -0.65346978707186343 
1 5.115384578704834 0.25 2.1921758651733398 0.59776394394404242 -0.61349543626338787 0.51604420063058454 
1 5.115384578704834 0 2.1921758651733398 0 1 0 
1 4.9935898780822754 0.125 2.0754537582397461 -0.5800880948810917 -0.59535207692537051 -0.55592599028816181 
1 4.8717947006225586 0 1.9587316513061523 0.72198240987908757 0 0.69191141038805337 
1 5.115384578704834 0 2.1921758651733398 -0.58008658801625723 0.59535286126071263 -0.55592672268235122 
1 5.115384578704834 0.25 2.1921758651733398 -0.58008658801625723 -0.59535286126071263 -0.55592672268235122 
1 5.115384578704834 0.25 2.1921758651733398 -0.72198240987908757 0 -0.69191141038805337 
1 4.8717947006225586 0.25 1.9587316513061523 0.5800880948810917 -0.59535207692537051 0.55592599028816181 
1 4.8717947006225586 0 1.9587316513061523 0 1 0 
1 4.75 0.125 1.8373235464096069 -0.57288138259264298 -0.58795803477525743 -0.57106240536561237 
1 4.6282052993774414 0 1.7159155607223511 0.70823007822296713 0 0.70598169685926693 
1 4.8717947006225586 0 1.9587316513061523 -0.57288119915236491 0.58795784650733907 -0.57106278322807968 
1 4.8717947006225586 0.25 1.9587316513061523 -0.57288119915236491 -0.58795784650733907 -0.57106278322807968 
1 4.8717947006225586 0.25 1.9587316513061523 -0.70823007822296713 0 -0.70598169685926693 
1 4.6282052993774414 0.25 1.7159155607223511 0.57288138259264298 -0.58795803477525743 0.57106240536561237 
1 4.6282052993774414 0 1.7159155607223511 0 1 0 
1 4.5064101219177246 0.125 1.5969897508621216 -0.57669995288708953 -0.59187709926957432 -0.56311514248887251 
1 4.384615421295166 0 1.4780640602111816 0.71548407982555251 0 0.69862903712641555 
1 4.6282052993774414 0 1.7159155607223511 -0.57670127649306779 0.5918761404611127 -0.56311479473027815 
1 4.6282052993774414 0.25 1.7159155607223511 -0.57670127649306779 -0.5918761404611127 -0.56311479473027815 
1 4.6282052993774414 0.25 1.7159155607223511 -0.71548407982555251 0 -0.69862903712641555 
1 4.384615421295166 0.25 1.4780640602111816 0.57669995288708953 -0.59187709926957432 0.56311514248887251 
1 4.384615421295166 0 1.4780640602111816 0 1 0 
1 4.2628207206726074 0.125 1.3686423301696777 -0.59126533657075497 -0.60682342776493892 -0.53119735436604154 
1 4.1410255432128906 0 1.2592206001281738 0.74388216349854475 0 0.66831080107142105 
1 4.384615421295166 0 1.4780640602111816 -0.59126383097846613 0.60682425831768216 -0.53119808141018598 
1 4.384615421295166 0.25 1.4780640602111816 -0.59126383097846613 -0.60682425831768216 -0.53119808141018598 
1 4.384615421295166 0.25 1.4780640602111816 -0.74388216349854475 0 -0.66831080107142105 
1 4.1410255432128906 0.25 1.2592206001281738 0.59126533657075497 -0.60682342776493892 0.53119735436604154 
1 4.1410255432128906 0 1.2592206001281738 0 1 0 
1 4.019230842590332 0.125 1.1657636165618896 -0.61521058299565201 -0.63139998656661878 -0.47206990534646837 
1 3.8974359035491943 0 1.0723066329956055 0.79335166880753316 0 0.60876360732249934 
1 4.1410255432128906 0 1.2592206001281738 -0.61520983450323674 0.63140045436969594 -0.47207025510218437 
1 4.1410255432128906 0.25 1.2592206001281738 -0.61520983450323674 -0.63140045436969594 -0.47207025510218437 
1 4.1410255432128906 0.25 1.2592206001281738 -0.79335166880753316 0 -0.60876360732249934 
1 3.8974359035491943 0.25 1.0723066329956055 0.61521058299565201 -0.63139998656661878 0.47206990534646837 
1 3.8974359035491943 0 1.0723066329956055 0 1 0 
1 3.7756409645080566 0.125 1.000332236289978 -0.64515495287393676 -0.66213364536408492 -0.38125335730862303 
1 3.653846263885498 0 0.92835783958435059 0.86091188302540589 0 0.50875409547801154 
1 3.8974359035491943 0 1.0723066329956055 -0.64515569013409513 0.66213310587169194 -0.38125304667150695 
1 3.8974359035491943 0.25 1.0723066329956055 -0.64515569013409513 -0.66213310587169194 -0.38125304667150695 
1 3.8974359035491943 0.25 1.0723066329956055 -0.86091188302540589 0 -0.50875409547801154 
1 3.653846263885498 0.25 0.92835783958435059 0.64515495287393676 -0.66213364536408492 0.38125335730862303 
1 3.653846263885498 0 0.92835783958435059 0 1 0 
1 3.5320513248443604 0.125 0.88211566209793091 -0.6745872940711255 -0.69233920902418977 -0.25612185054297104 
1 3.4102563858032227 0 0.83587354421615601 0.93488531342954828 0 0.35494992707949002 
1 3.653846263885498 0 0.92835783958435059 -0.67458723703184598 0.69233915048390893 -0.25612215901979152 
1 3.653846263885498 0.25 0.92835783958435059 -0.67458723703184598 -0.69233915048390893 -0.25612215901979152 
1 3.653846263885498 0.25 0.92835783958435059 -0.93488531342954828 0 -0.35494992707949002 
1 3.4102563858032227 0.25 0.83587354421615601 0.6745872940711255 -0.69233920902418977 0.25612185054297104 
1 3.4102563858032227 0 0.83587354421615601 0 1 0 
1 3.288461446762085 0.125 0.81809395551681519 -0.69427080476682856 -0.71254209051998463 -0.10134998216985597 
1 3.1666667461395264 0 0.80031430721282959 0.98951223460450322 0 0.14444908296006112 
1 3.4102563858032227 0 0.83587354421615601 -0.69427153265326014 0.71254144273059816 -0.10134955026387958 
1 3.4102563858032227 0.25 0.83587354421615601 -0.69427153265326014 -0.71254144273059816 -0.10134955026387958 
1 3.4102563858032227 0.25 0.83587354421615601 -0.98951223460450322 0 -0.14444908296006112 
1 3.1666667461395264 0.25 0.80031430721282959 0.69427080476682856 -0.71254209051998463 0.10134998216985597 
1 3.1666667461395264 0 0.80031430721282959 0 1 0 
1 3.0448718070983887 0.125 0.81204700469970703 -0.69629328715711769 -0.71461640015470618 0.067075024337412206 
1 2.923076868057251 0 0.82377970218658447 0.9953921595685421 0 -0.095887687788757336 
1 3.1666667461395264 0 0.80031430721282959 -0.69629328715711769 0.71461640015470618 0.067075024337412206 
1 3.1666667461395264 0.25 0.80031430721282959 -0.69629328715711769 -0.71461640015470618 0.067075024337412206 
1 3.1666667461395264 0.25 0.80031430721282959 -0.9953921595685421 0 0.095887687788757336 
1 2.923076868057251 0.25 0.82377970218658447 0.69629328715711769 -0.71461640015470618 -0.067075024337412206 
1 2.923076868057251 0 0.82377970218658447 0 1 0 
1 2.8012821674346924 0.125 0.86433196067810059 -0.67975607781751823 -0.69764401046656221 0.22632832197998404 
1 2.6794872283935547 0 0.9048842191696167 0.9487907807856969 0 -0.31590513496312089 
1 2.923076868057251 0 0.82377970218658447 -0.67975536201757614 0.69764464149813044 0.22632852669802619 
1 2.923076868057251 0.25 0.82377970218658447 -0.67975536201757614 -0.69764464149813044 0.22632852669802619 
1 2.923076868057251 0.25 0.82377970218658447 -0.9487907807856969 0 0.31590513496312089 
1 2.6794872283935547 0.25 0.9048842191696167 0.67975607781751823 -0.69764401046656221 -0.22632832197998404 
1 2.6794872283935547 0 0.9048842191696167 0 1 0 
1 2.557692289352417 0.125 0.97186166048049927 -0.65153359525377408 -0.66867884698570157 0.35829118583850761 
1 2.4358973503112793 0 1.0388391017913818 0.87624560353032177 0 -0.48186475518944344 
1 2.6794872283935547 0 0.9048842191696167 -0.65153359525377408 0.66867884698570157 0.35829118583850761 
1 2.6794872283935547 0.25 0.9048842191696167 -0.65153359525377408 -0.66867884698570157 0.35829118583850761 
1 2.6794872283935547 0.25 0.9048842191696167 -0.87624560353032177 0 0.48186475518944344 
1 2.4358973503112793 0.25 1.0388391017913818 0.65153359525377408 -0.66867884698570157 -0.35829118583850761 
1 2.4358973503112793 0 1.0388391017913818 0 1 0 
1 2.3141026496887207 0.125 1.1282873153686523 -0.62104744410864654 -0.63739044598035433 0.45610688609040162 
1 2.192307710647583 0 1.2177354097366333 0.80598838099686798 0 -0.59193135556249055 
1 2.4358973503112793 0 1.0388391017913818 -0.6210465251015751 0.63739075050789396 0.45610771186885474 
1 2.4358973503112793 0.25 1.0388391017913818 -0.6210465251015751 -0.63739075050789396 0.45610771186885474 
1 2.4358973503112793 0.25 1.0388391017913818 -0.80598838099686798 0 0.59193135556249055 
1 2.192307710647583 0.25 1.2177354097366333 0.62104744410864654 -0.63739044598035433 -0.45610688609040162 
1 2.192307710647583 0 1.2177354097366333 0 1 0 
1 2.0705127716064453 0.125 1.3243728876113892 -0.59550032471913283 -0.61117164664852952 0.52139100643598768 
1 1.9487179517745972 0 1.4310104846954346 0.75237149275694459 0 -0.65873905067688732 
1 2.192307710647583 0 1.2177354097366333 -0.59550088185481742 0.61117162024860483 0.52139040105551426 
1 2.192307710647583 0.25 1.2177354097366333 -0.59550088185481742 -0.61117162024860483 0.52139040105551426 
1 2.192307710647583 0.25 1.2177354097366333 -0.75237149275694459 0 0.65873905067688732 
1 1.9487179517745972 0.25 1.4310104846954346 0.59550032471913283 -0.61117164664852952 -0.52139100643598768 
1 1.9487179517745972 0 1.4310104846954346 0 1 0 
1 1.826923131942749 0.125 1.5485410690307617 -0.57884508401752466 -0.59407752138002723 0.55857879238269326 
1 1.7051281929016113 0 1.6660717725753784 0.71959159706723463 0 -0.69439753270747362 
1 1.9487179517745972 0 1.4310104846954346 -0.57884489047723464 0.59407790421258988 0.55857858578249764 
1 1.9487179517745972 0.25 1.4310104846954346 -0.57884489047723464 -0.59407790421258988 0.55857858578249764 
1 1.9487179517745972 0.25 1.4310104846954346 -0.71959159706723463 0 0.69439753270747362 
1 1.7051281929016113 0.25 1.6660717725753784 0.57884508401752466 -0.59407752138002723 -0.55857879238269326 
1 1.7051281929016113 0 1.6660717725753784 0 1 0 
1 1.5833333730697632 0.125 1.7875561714172363 -0.57276454997189497 -0.58783697672613977 0.5713041738767225 
1 1.4615384340286255 0 1.9090405702590942 0.7080086363016197 0 -0.70620377436142401 
1 1.7051281929016113 0 1.6660717725753784 -0.57276417327833995 0.58783716547746778 0.57130435731945539 
1 1.7051281929016113 0.25 1.6660717725753784 -0.57276417327833995 -0.58783716547746778 0.57130435731945539 
1 1.7051281929016113 0.25 1.6660717725753784 -0.7080086363016197 0 0.70620377436142401 
1 1.4615384340286255 0.25 1.9090405702590942 0.57276454997189497 -0.58783697672613977 -0.5713041738767225 
1 1.4615384340286255 0 1.9090405702590942 0 1 0 
1 1.3397436141967773 0.125 2.027306079864502 -0.57771589878500429 -0.59291862138651119 0.56097401785123147 
1 1.2179486751556396 0 2.1455714702606201 0.71742531523102837 0 -0.69663542622067343 
1 1.4615384340286255 0 1.9090405702590942 -0.5777153388026266 0.59291862699931486 0.56097458861290106 
1 1.4615384340286255 0.25 1.9090405702590942 -0.5777153388026266 -0.59291862699931486 0.56097458861290106 
1 1.4615384340286255 0.25 1.9090405702590942 -0.71742531523102837 0 0.69663542622067343 
1 1.2179486751556396 0.25 2.1455714702606201 0.57771589878500429 -0.59291862138651119 -0.56097401785123147 
1 1.2179486751556396 0 2.1455714702606201 0 1 0 
1 1.0961538553237915 0.125 2.2536349296569824 -0.59333297328051815 -0.60894696068677667 0.52644048275986277 
1 0.97435897588729858 0 2.3616986274719238 0.74801438804305387 0 -0.66368251090455577 
1 1.2179486751556396 0 2.1455714702606201 -0.59333314792605507 0.608947437938268 0.52643973387328702 
1 1.2179486751556396 0.25 2.1455714702606201 -0.59333314792605507 -0.608947437938268 0.52643973387328702 
1 1.2179486751556396 0.25 2.1455714702606201 -0.74801438804305387 0 0.66368251090455577 
1 0.97435897588729858 0.25 2.3616986274719238 0.59333297328051815 -0.60894696068677667 -0.52644048275986277 
1 0.97435897588729858 0 2.3616986274719238 0 1 0 
1 0.85256409645080566 0.125 2.4531798362731934 -0.6180980455248084 -0.63436374376385529 0.46426010674654966 
1 0.73076921701431274 0 2.544661283493042 0.79957386072512548 0 -0.60056776573931903 
1 0.97435897588729858 0 2.3616986274719238 -0.61809839273060974 0.63436410010662914 0.4642591575830719 
1 0.97435897588729858 0.25 2.3616986274719238 -0.61809839273060974 -0.63436410010662914 0.4642591575830719 
1 0.97435897588729858 0.25 2.3616986274719238 -0.79957386072512548 0 0.60056776573931903 
1 0.73076921701431274 0.25 2.544661283493042 0.6180980455248084 -0.63436374376385529 -0.46426010674654966 
1 0.73076921701431274 0 2.544661283493042 0 1 0 
1 0.60897433757781982 0.125 2.6141588687896729 -0.64835021710875895 -0.66541218599983698 0.36995759040455339 
1 0.48717948794364929 0 2.6836566925048828 0.86854820649149977 0 -0.49560469428809806 
1 0.73076921701431274 0 2.544661283493042 -0.64835061349315204 0.66541242999384387 0.36995645688748463 
1 0.73076921701431274 0.25 2.544661283493042 -0.64835061349315204 -0.66541242999384387 0.36995645688748463 
1 0.73076921701431274 0.25 2.544661283493042 -0.86854820649149977 0 0.49560469428809806 
1 0.48717948794364929 0.25 2.6836566925048828 0.64835021710875895 -0.66541218599983698 -0.36995759040455339 
1 0.48717948794364929 0 2.6836566925048828 0 1 0 
1 0.36538460850715637 0.125 2.7270677089691162 -0.6772290394286351 -0.69505089768396633 0.24138160199833147 
1 0.24358974397182465 0 2.7704784870147705 0.94195550705193853 0 -0.33573772909002281 
1 0.48717948794364929 0 2.6836566925048828 -0.6772288675696958 0.69505063626548114 0.24138283691517359 
1 0.48717948794364929 0.25 2.6836566925048828 -0.6772288675696958 -0.69505063626548114 0.24138283691517359 
1 0.48717948794364929 0.25 2.6836566925048828 -0.94195550705193853 0 0.33573772909002281 
1 0.24358974397182465 0.25 2.7704784870147705 0.6772290394286351 -0.69505089768396633 -0.24138160199833147 
1 0.24358974397182465 0 2.7704784870147705 0 1 0 
1 0.12179487198591232 0.125 1.7852392196655273 -0.695382056143516 -0.71368158281732597 0.084275704333884177 
1 0 0 1.7999999523162842 0 1 0 
1 0 0.25 1.7999999523162842 0.695382056143516 -0.71368158281732597 -0.084275704333884177 
1 0.24358974397182465 0.25 1.770478367805481 -0.69538201625644347 -0.71368154188059374 0.084276380119591474 
1 0.24358974397182465 0.25 1.770478367805481 0 -1 0 
1 0.24358974397182465 0 1.770478367805481 -0.69538201625644347 0.71368154188059374 0.084276380119591474 
1 0.24358974397182465 0 1.770478367805481 -0.992735945907669 0 0.1203135142151769 
1 0.12179487198591232 0 2.2852392196655273 -0.24344803155413455 0 -0.96991394253944874 
1 0.24358974397182465 0 1.770478367805481 -0.23024768506989512 0 0.97313205862305985 
1 0.24358974397182465 0 1.770478367805481 0 0 1 
1 0.24358974397182465 0 2.7704784870147705 -0.24344803155413455 0 -0.96991394253944874 
1 0 0 2.7999999523162842 0.9927360039349431 0 -0.12031303541711767 
1 0 0 2.7999999523162842 0.23024773556432976 0 -0.97313204667583442 
1 0.12179487198591232 0.125 2.7852392196655273 -0.695382056143516 -0.71368158281732597 0.084275704333884177 
1 0.24358974397182465 0 2.7704784870147705 -0.695382056143516 0.71368158281732597 0.084275704333884177 
1 0.24358974397182465 0.25 2.7704784870147705 -0.695382056143516 -0.71368158281732597 0.084275704333884177 
1 0.24358974397182465 0.25 2.7704784870147705 -0.9927360039349431 0 0.12031303541711767 
1 0 0.25 2.7999999523162842 0.695382056143516 -0.71368158281732597 -0.084275704333884177 
1 0 0.25 2.7999999523162842 0 -1 0 
1 0 0 2.7999999523162842 0 0 -1 
1 0 0.125 2.2999999523162842 0 -0.24253562503633297 -0.97014250014533188 
1 0 0 2.7999999523162842 0 0.24253562503633297 -0.97014250014533188 
1 0 0.25 2.7999999523162842 0 -0.24253562503633297 -0.97014250014533188 
1 0 0.25 2.7999999523162842 0 0 -1 
1 0 0.25 1.7999999523162842 0 -0.24253562503633297 0.97014250014533188 
1 0.36538460850715637 0.125 1.7270675897598267 -0.6772290394286351 -0.69505089768396633 0.24138160199833147 
1 0.24358974397182465 0.25 1.770478367805481 0.6772290394286351 -0.69505089768396633 -0.24138160199833147 
1 0.24358974397182465 0.25 1.770478367805481 0.94195579862112777 0 -0.33573691105392817 
1 0.48717948794364929 0.25 1.6836568117141724 -0.6772290842839076 -0.69505085868268457 0.24138158845372362 
1 0.48717948794364929 0.25 1.6836568117141724 0 -1 0 
1 0.48717948794364929 0 1.6836568117141724 -0.6772290842839076 0.69505085868268457 0.24138158845372362 
1 0.48717948794364929 0 1.6836568117141724 -0.94195579862112777 0 0.33573691105392817 
1 0.36538460850715637 0 2.2270677089691162 -0.25773714601634956 0 -0.96621507107028026 
1 0.48717948794364929 0 1.6836568117141724 -0.21870442153975431 0 0.97579115388435533 
1 0.48717948794364929 0 1.6836568117141724 0 0 1 
1 0.48717948794364929 0 2.6836566925048828 -0.25773736391979246 0 -0.96621501294467393 
1 0.24358974397182465 0 2.7704784870147705 0.21870444174476839 0 -0.97579114935579803 
1 0.60897433757781982 0.125 1.6141589879989624 -0.64835021710875895 -0.66541218599983698 0.36995759040455339 
1 0.48717948794364929 0.25 1.6836568117141724 0.64835021710875895 -0.66541218599983698 -0.36995759040455339 
1 0.48717948794364929 0.25 1.6836568117141724 0.86854784055604628 0 -0.49560533559015374 
1 0.73076921701431274 0.25 1.5446611642837524 -0.64835030906699276 -0.66541211755648955 0.36995755235124383 
1 0.73076921701431274 0.25 1.5446611642837524 0 -1 0 
1 0.73076921701431274 0 1.5446611642837524 -0.64835030906699276 0.66541211755648955 0.36995755235124383 
1 0.73076921701431274 0 1.5446611642837524 -0.86854784055604628 0 0.49560533559015374 
1 0.60897433757781982 0 2.1141588687896729 -0.27222860720037179 0 -0.96223260463452687 
1 0.73076921701431274 0 1.5446611642837524 -0.20913449604361362 0 0.97788688638542631 
1 0.73076921701431274 0 1.5446611642837524 0 0 1 
1 0.73076921701431274 0 2.544661283493042 -0.27222845948917818 0 -0.96223264642400741 
1 0.48717948794364929 0 2.6836566925048828 0.20913440524603077 0 -0.97788690580372784 
1 0.85256409645080566 0.125 1.4531798362731934 -0.61809821912774898 -0.63436392193528324 0.4642596321650107 
1 0.73076921701431274 0.25 1.5446611642837524 0.61809821912774898 -0.63436392193528324 -0.4642596321650107 
1 0.73076921701431274 0.25 1.5446611642837524 0.79957386072512548 0 -0.60056776573931903 
1 0.97435897588729858 0.25 1.3616985082626343 -0.61809821912774898 -0.63436392193528324 0.4642596321650107 
1 0.97435897588729858 0.25 1.3616985082626343 0 -1 0 
1 0.97435897588729858 0 1.3616985082626343 -0.61809821912774898 0.63436392193528324 0.4642596321650107 
1 0.97435897588729858 0 1.3616985082626343 -0.79957386072512548 0 0.60056776573931903 
1 0.85256409645080566 0 1.9531798362731934 -0.28571028586600866 0 -0.95831604001517356 
1 0.97435897588729858 0 1.3616985082626343 -0.20168359930705163 0 0.97945072656594256 
1 0.97435897588729858 0 1.3616985082626343 0 0 1 
1 0.97435897588729858 0 2.3616986274719238 -0.28571020929903751 0 -0.95831606284268256 
1 0.73076921701431274 0 2.544661283493042 0.20168356031242674 0 -0.97945073459552001 
1 1.0961538553237915 0.125 1.2536349296569824 -0.59333315467633851 -0.60894714685615969 0.52644006296782431 
1 0.97435897588729858 0.25 1.3616985082626343 0.59333315467633851 -0.60894714685615969 -0.52644006296782431 
1 0.97435897588729858 0.25 1.3616985082626343 0.74801438804305387 0 -0.66368251090455577 
1 1.2179486751556396 0.25 1.1455713510513306 -0.59333296653026335 -0.60894725176882336 0.52644015366572727 
1 1.2179486751556396 0.25 1.1455713510513306 0 -1 0 
1 1.2179486751556396 0 1.1455713510513306 -0.59333296653026335 0.60894725176882336 0.52644015366572727 
1 1.2179486751556396 0 1.1455713510513306 -0.74801438804305387 0 0.66368251090455577 
1 1.0961538553237915 0 1.7536349296569824 -0.2967535381139435 0 -0.95495410236139422 
1 1.2179486751556396 0 1.1455713510513306 -0.19639848216206046 0 0.98052416400843423 
1 1.2179486751556396 0 1.1455713510513306 0 0 1 
1 1.2179486751556396 0 2.1455714702606201 -0.29675332336565385 0 -0.95495416909474751 
1 0.97435897588729858 0 2.3616986274719238 0.19639853755104617 0 -0.98052415291404738 
1 1.3397436141967773 0.125 1.0273059606552124 -0.57771589878500429 -0.59291862138651119 0.56097401785123147 
1 1.2179486751556396 0.25 1.1455713510513306 0.57771589878500429 -0.59291862138651119 -0.56097401785123147 
1 1.2179486751556396 0.25 1.1455713510513306 0.71742557844040622 0 -0.69663515515616092 
1 1.4615384340286255 0.25 0.90904062986373901 -0.57771561368285884 -0.59291890911335776 0.56097400735048641 
1 1.4615384340286255 0.25 0.90904062986373901 0 -1 0 
1 1.4615384340286255 0 0.90904062986373901 -0.57771561368285884 0.59291890911335776 0.56097400735048641 
1 1.4615384340286255 0 0.90904062986373901 -0.71742557844040622 0 0.69663515515616092 
1 1.3397436141967773 0 1.5273059606552124 -0.30396031998292089 0 -0.95268469278973955 
1 1.4615384340286255 0 0.90904062986373901 -0.1932798282363303 0 0.9811436734734289 
1 1.4615384340286255 0 0.90904062986373901 0 0 1 
1 1.4615384340286255 0 1.9090405702590942 -0.30396004996276493 0 -0.95268477894140491 
1 1.2179486751556396 0 2.1455714702606201 0.19327995653408162 0 -0.98114364819947919 
1 1.5833333730697632 0.125 0.78755617141723633 -0.57276445825052735 -0.587836882591104 0.57130436269168516 
1 1.4615384340286255 0.25 0.90904062986373901 0.57276445825052735 -0.587836882591104 -0.57130436269168516 
1 1.4615384340286255 0.25 0.90904062986373901 0.70800854967962157 0 -0.70620386120479317 
1 1.7051281929016113 0.25 0.66607177257537842 -0.57276417327833995 -0.58783716547746778 0.57130435731945539 
1 1.7051281929016113 0.25 0.66607177257537842 0 -1 0 
1 1.7051281929016113 0 0.66607177257537842 -0.57276417327833995 0.58783716547746778 0.57130435731945539 
1 1.7051281929016113 0 0.66607177257537842 -0.70800854967962157 0 0.70620386120479317 
1 1.5833333730697632 0 1.2875561714172363 -0.30630373259883364 0 -0.95193383351786709 
1 1.7051281929016113 0 0.66607177257537842 -0.19231582713604986 0 0.98133308444838285 
1 1.7051281929016113 0 0.66607177257537842 0 0 1 
1 1.7051281929016113 0 1.6660717725753784 -0.30630341721758425 0 -0.95193393499802836 
1 1.4615384340286255 0 1.9090405702590942 0.19231600840739921 0 -0.98133304892388351 
1 1.826923131942749 0.125 0.54854112863540649 -0.57884517561004223 -0.59407761538282222 0.5585785974901285 
1 1.7051281929016113 0.25 0.66607177257537842 0.57884517561004223 -0.59407761538282222 -0.5585785974901285 
1 1.7051281929016113 0.25 0.66607177257537842 0.71959155307546763 0 -0.69439757829534265 
1 1.9487179517745972 0.25 0.43101045489311218 -0.57884475308846117 -0.59407776320826222 0.5585788781214579 
1 1.9487179517745972 0.25 0.43101045489311218 0 -1 0 
1 1.9487179517745972 0 0.43101045489311218 -0.57884475308846117 0.59407776320826222 0.5585788781214579 
1 1.9487179517745972 0 0.43101045489311218 -0.71959155307546763 0 0.69439757829534265 
1 1.826923131942749 0 1.0485410690307617 -0.3034302459642057 0 -0.9528536539438266 
1 1.9487179517745972 0 0.43101045489311218 -0.19350118060499982 0 0.98110004235270087 
1 1.9487179517745972 0 0.43101045489311218 0 0 1 
1 1.9487179517745972 0 1.4310104846954346 -0.30342989045269547 0 -0.95285376715415537 
1 1.7051281929016113 0 1.6660717725753784 0.19350133594058747 0 -0.98110001171603689 
1 2.0705127716064453 0.125 0.32437294721603394 -0.59550046044732152 -0.61117178594857202 0.52139068812883582 
1 1.9487179517745972 0.25 0.43101045489311218 0.59550046044732152 -0.61117178594857202 -0.52139068812883582 
1 1.9487179517745972 0.25 0.43101045489311218 0.75237158399986359 0 -0.65873894646478592 
1 2.192307710647583 0.25 0.21773543953895569 -0.5955008366120953 -0.6111715738153104 0.52139050715793722 
1 2.192307710647583 0.25 0.21773543953895569 0 -1 0 
1 2.192307710647583 0 0.21773543953895569 -0.5955008366120953 0.6111715738153104 0.52139050715793722 
1 2.192307710647583 0 0.21773543953895569 -0.75237158399986359 0 0.65873894646478592 
1 2.0705127716064453 0 0.82437294721603394 -0.29577184599093254 0 -0.95525861164352566 
1 2.192307710647583 0 0.21773543953895569 -0.19684248799077236 0 0.98043512529978372 
1 2.192307710647583 0 0.21773543953895569 0 0 1 
1 2.192307710647583 0 1.2177354097366333 -0.29577213060705004 0 -0.95525852351924412 
1 1.9487179517745972 0 1.4310104846954346 0.19684229349668661 0 -0.98043516434844602 
1 2.3141026496887207 0.125 0.12828730046749115 -0.62104737953900846 -0.63739037971155177 0.45610706661801981 
1 2.192307710647583 0.25 0.21773543953895569 0.62104737953900846 -0.63739037971155177 -0.45610706661801981 
1 2.192307710647583 0.25 0.21773543953895569 0.80598842216188116 0 -0.59193129951118595 
1 2.4358973503112793 0.25 0.038839157670736313 -0.62104662733689331 -0.63739085543376284 0.45610742603347948 
1 2.4358973503112793 0.25 0.038839157670736313 0 -1 0 
1 2.4358973503112793 0 0.038839157670736313 -0.62104662733689331 0.63739085543376284 0.45610742603347948 
1 2.4358973503112793 0 0.038839157670736313 -0.80598842216188116 0 0.59193129951118595 
1 2.3141026496887207 0 0.62828731536865234 -0.28441018647212507 0 -0.95870268896613142 
1 2.4358973503112793 0 0.038839157670736313 -0.20235053955835072 0 0.97931315683005327 
1 2.4358973503112793 0 0.038839157670736313 0 0 1 
1 2.4358973503112793 0 1.0388391017913818 -0.2844097316886916 0 -0.95870282388275385 
1 2.192307710647583 0 1.2177354097366333 0.20235094029979181 0 -0.97931307402678436 
1 2.557692289352417 0.125 -0.028138317167758942 -0.65153355338567831 -0.66867880401583757 0.35829134216804687 
1 2.4358973503112793 0.25 0.038839157670736313 0.65153355338567831 -0.66867880401583757 -0.35829134216804687 
1 2.4358973503112793 0.25 0.038839157670736313 0.87624550734103557 0 -0.48186493010453796 
1 2.6794872283935547 0.25 -0.095115788280963898 -0.65153355803768964 -0.66867880879026753 0.35829132479809955 
1 2.6794872283935547 0.25 -0.095115788280963898 0 -1 0 
1 2.6794872283935547 0 -0.095115788280963898 -0.65153355803768964 0.66867880879026753 0.35829132479809955 
1 2.6794872283935547 0 -0.095115788280963898 -0.87624550734103557 0 0.48186493010453796 
1 2.557692289352417 0 0.47186169028282166 -0.27076072241477345 0 -0.96264668035444356 
1 2.6794872283935547 0 -0.095115788280963898 -0.21002328323040792 0 0.97769638462107444 
1 2.6794872283935547 0 -0.095115788280963898 0 0 1 
1 2.6794872283935547 0 0.9048842191696167 -0.27076072457335826 0 -0.96264667974730478 
1 2.4358973503112793 0 1.0388391017913818 0.21002330697377616 0 -0.97769637952065624 
1 2.8012821674346924 0.125 -0.13566803932189941 -0.67975608421495415 -0.69764401703234813 0.22632828252721979 
1 2.6794872283935547 0.25 -0.095115788280963898 0.67975608421495415 -0.69764401703234813 -0.22632828252721979 
1 2.6794872283935547 0.25 -0.095115788280963898 0.94879080688026518 0 -0.31590505659057677 
1 2.923076868057251 0.25 -0.17622028291225433 -0.67975537481245651 -0.69764465462973668 0.22632844779243291 
1 2.923076868057251 0.25 -0.17622028291225433 0 -1 0 
1 2.923076868057251 0 -0.17622028291225433 -0.67975537481245651 0.69764465462973668 0.22632844779243291 
1 2.923076868057251 0 -0.17622028291225433 -0.94879080688026518 0 0.31590505659057677 
1 2.8012821674346924 0 0.36433196067810059 -0.25623939717085692 0 -0.96661335152040806 
1 2.923076868057251 0 -0.17622028291225433 -0.21980496949719339 0 0.97554383570618608 
1 2.923076868057251 0 -0.17622028291225433 0 0 1 
1 2.923076868057251 0 0.82377970218658447 -0.256238932388407 0 -0.96661347472940262 
1 2.6794872283935547 0 0.9048842191696167 0.21980537322012647 0 -0.97554374474113703 
1 3.0448718070983887 0.125 -0.18795298039913177 -0.69629328715711769 -0.71461640015470618 0.067075024337412206 
1 2.923076868057251 0.25 -0.17622028291225433 0.69629328715711769 -0.71461640015470618 -0.067075024337412206 
1 2.923076868057251 0.25 -0.17622028291225433 0.99539216538036024 0 -0.095887627457340377 
1 3.1666667461395264 0.25 -0.19968566298484802 -0.69629329113576877 -0.71461640423805639 0.06707493953176806 
1 3.1666667461395264 0.25 -0.19968566298484802 0 -1 0 
1 3.1666667461395264 0 -0.19968566298484802 -0.69629329113576877 0.71461640423805639 0.06707493953176806 
1 3.1666667461395264 0 -0.19968566298484802 -0.99539216538036024 0 0.095887627457340377 
1 3.0448718070983887 0 0.31204703450202942 -0.2420270816964924 0 -0.97026949438054555 
1 3.1666667461395264 0 -0.19968566298484802 -0.23153744712225027 0 0.97282599193283859 
1 3.1666667461395264 0 -0.19968566298484802 0 0 1 
1 3.1666667461395264 0 0.80031430721282959 -0.24202710255736479 0 -0.97026948917694344 
1 2.923076868057251 0 0.82377970218658447 0.23153745988365657 0 -0.97282598889555993 
1 3.288461446762085 0.125 -0.18190605938434601 -0.69427082269739171 -0.71254210892243053 -0.10134972996245235 
1 3.1666667461395264 0.25 -0.19968566298484802 0.69427082269739171 -0.71254210892243053 0.10134972996245235 
1 3.1666667461395264 0.25 -0.19968566298484802 0.98951225190857273 0 0.1444489644228209 
1 3.4102563858032227 0.25 -0.16412645578384399 -0.69427152667642067 -0.71254143659647695 -0.10134963433294079 
1 3.4102563858032227 0.25 -0.16412645578384399 0 -1 0 
1 3.4102563858032227 0 -0.16412645578384399 -0.69427152667642067 0.71254143659647695 -0.10134963433294079 
1 3.4102563858032227 0 -0.16412645578384399 -0.98951225190857273 0 -0.1444489644228209 
1 3.288461446762085 0 0.31809395551681519 -0.22897556334343103 0 -0.9734321709248972 
1 3.4102563858032227 0 -0.16412645578384399 -0.24488109616284193 0 0.96955311806114319 
1 3.4102563858032227 0 -0.16412645578384399 0 0 1 
1 3.4102563858032227 0 0.83587354421615601 -0.22897600056106238 0 -0.97343206808028493 
1 3.1666667461395264 0 0.80031430721282959 0.24488067399722035 0 -0.96955322468788019 
1 3.5320513248443604 0.125 -0.1178843230009079 -0.67458727981131117 -0.69233919438912528 -0.2561219276621835 
1 3.4102563858032227 0.25 -0.16412645578384399 0.67458727981131117 -0.69233919438912528 0.2561219276621835 
1 3.4102563858032227 0.25 -0.16412645578384399 0.9348853418961659 0 0.35494985210264435 
1 3.653846263885498 0.25 -0.071642182767391205 -0.67458727268140262 -0.69233918707159159 -0.2561219662217879 
1 3.653846263885498 0.25 -0.071642182767391205 0 -1 0 
1 3.653846263885498 0 -0.071642182767391205 -0.67458727268140262 0.69233918707159159 -0.2561219662217879 
1 3.653846263885498 0 -0.071642182767391205 -0.9348853418961659 0 -0.35494985210264435 
1 3.5320513248443604 0 0.3821156919002533 -0.21762476692234145 0 -0.97603251012555747 
1 3.653846263885498 0 -0.071642182767391205 -0.25923781256757189 0 0.96581352058002401 
1 3.653846263885498 0 -0.071642182767391205 0 0 1 
1 3.653846263885498 0 0.92835783958435059 -0.21762476692234145 0 -0.97603251012555747 
1 3.4102563858032227 0 0.83587354421615601 0.25923782447922744 0 -0.96581351738276955 
1 3.7756409645080566 0.125 0.0003321980475448072 -0.64515497357802576 -0.66213366661304818 -0.38125328536957925 
1 3.653846263885498 0.25 -0.071642182767391205 0.64515497357802576 -0.66213366661304818 0.38125328536957925 
1 3.653846263885498 0.25 -0.071642182767391205 0.86091192915892767 0 0.50875401741102122 
1 3.8974359035491943 0.25 0.07230658084154129 -0.64515570825964408 -0.66213312447421879 -0.38125298369193872 
1 3.8974359035491943 0.25 0.07230658084154129 0 -1 0 
1 3.8974359035491943 0 0.07230658084154129 -0.64515570825964408 0.66213312447421879 -0.38125298369193872 
1 3.8974359035491943 0 0.07230658084154129 -0.86091192915892767 0 -0.50875401741102122 
1 3.7756409645080566 0 0.50033217668533325 -0.20826800972394818 0 -0.97807179497500352 
1 3.8974359035491943 0 0.07230658084154129 -0.27368618358198749 0 0.96181904374800498 
1 3.8974359035491943 0 0.07230658084154129 0 0 1 
1 3.8974359035491943 0 1.0723066329956055 -0.2082683659957191 0 -0.97807171911137136 
1 3.653846263885498 0 0.92835783958435059 0.2736856482955175 0 -0.96181919606392874 
1 4.019230842590332 0.125 0.16576361656188965 -0.61521050648659215 -0.63139990804420598 -0.47207011007929622 
1 3.8974359035491943 0.25 0.07230658084154129 0.61521050648659215 -0.63139990804420598 0.47207011007929622 
1 3.8974359035491943 0.25 0.07230658084154129 0.79335149301407504 0 0.60876383641962362 
1 4.1410255432128906 0.25 0.2592206597328186 -0.61520974706428699 -0.63140036462959515 -0.47207048908262683 
1 4.1410255432128906 0.25 0.2592206597328186 0 -1 0 
1 4.1410255432128906 0 0.2592206597328186 -0.61520974706428699 0.63140036462959515 -0.47207048908262683 
1 4.1410255432128906 0 0.2592206597328186 -0.79335149301407504 0 -0.60876383641962362 
1 4.019230842590332 0 0.66576361656188965 -0.2010394394399439 0 -0.97958314797145896 
1 4.1410255432128906 0 0.2592206597328186 -0.286984289729455 0 0.95793528875831702 
1 4.1410255432128906 0 0.2592206597328186 0 0 1 
1 4.1410255432128906 0 1.2592206001281738 -0.2010390787563387 0 -0.97958322199433512 
1 3.8974359035491943 0 1.0723066329956055 0.28698476663491929 0 -0.95793514588384365 
1 4.2628207206726074 0.125 0.36864235997200012 -0.59126538201100864 -0.6068234744008717 -0.53119725051192657 
1 4.1410255432128906 0.25 0.2592206597328186 0.59126538201100864 -0.6068234744008717 0.53119725051192657 
1 4.1410255432128906 0.25 0.2592206597328186 0.74388225399001762 0 0.6683107003473242 
1 4.384615421295166 0.25 0.47806406021118164 -0.59126387641872857 -0.60682430495380657 -0.5311979775560407 
1 4.384615421295166 0.25 0.47806406021118164 0 -1 0 
1 4.384615421295166 0 0.47806406021118164 -0.59126387641872857 0.60682430495380657 -0.5311979775560407 
1 4.384615421295166 0 0.47806406021118164 -0.74388225399001762 0 -0.6683107003473242 
1 4.2628207206726074 0 0.86864233016967773 -0.19597819074455733 0 -0.98060825447907063 
1 4.384615421295166 0 0.47806406021118164 -0.29769373196601873 0 0.95466142791470532 
1 4.384615421295166 0 0.47806406021118164 0 0 1 
1 4.384615421295166 0 1.4780640602111816 -0.19597743451263358 0 -0.98060840561451768 
1 4.1410255432128906 0 1.2592206001281738 0.29769479417486688 0 -0.95466109668362609 
1 4.5064101219177246 0.125 0.59698981046676636 -0.57669986123365269 -0.59187700520407271 -0.56311533522338375 
1 4.384615421295166 0.25 0.47806406021118164 0.57669986123365269 -0.59187700520407271 0.56311533522338375 
1 4.384615421295166 0.25 0.47806406021118164 0.71548407982555251 0 0.69862903712641555 
1 4.6282052993774414 0.25 0.71591556072235107 -0.57670136814650774 -0.59187623452624916 -0.56311460199587671 
1 4.6282052993774414 0.25 0.71591556072235107 0 -1 0 
1 4.6282052993774414 0 0.71591556072235107 -0.57670136814650774 0.59187623452624916 -0.56311460199587671 
1 4.6282052993774414 0 0.71591556072235107 -0.71548407982555251 0 -0.69862903712641555 
1 4.5064101219177246 0 1.0969897508621216 -0.19308111917116919 0 -0.98118279714822187 
1 4.6282052993774414 0 0.71591556072235107 -0.3044388533760829 0 0.95253188112265097 
1 4.6282052993774414 0 0.71591556072235107 0 0 1 
1 4.6282052993774414 0 1.7159155607223511 -0.19308181111712874 0 -0.98118266098404394 
1 4.384615421295166 0 1.4780640602111816 0.30443768553486966 0 -0.95253225437576228 
1 4.75 0.125 0.83732360601425171 -0.57288129087250439 -0.58795794064129869 -0.57106259429689132 
1 4.6282052993774414 0.25 0.71591556072235107 0.57288129087250439 -0.58795794064129869 0.57106259429689132 
1 4.6282052993774414 0.25 0.71591556072235107 0.70823007822296713 0 0.70598169685926693 
1 4.8717947006225586 0.25 0.95873165130615234 -0.57288129087250439 -0.58795794064129869 -0.57106259429689132 
1 4.8717947006225586 0.25 0.95873165130615234 0 -1 0 
1 4.8717947006225586 0 0.95873165130615234 -0.57288129087250439 0.58795794064129869 -0.57106259429689132 
1 4.8717947006225586 0 0.95873165130615234 -0.70823007822296713 0 -0.70598169685926693 
1 4.75 0 1.3373235464096069 -0.19233841968380957 0 -0.98132865662505475 
1 4.8717947006225586 0 0.95873165130615234 -0.30624720892286522 0 0.95195201928823847 
1 4.8717947006225586 0 0.95873165130615234 0 0 1 
1 4.8717947006225586 0 1.9587316513061523 -0.1923383841511106 0 -0.98132866358939086 
1 4.6282052993774414 0 1.7159155607223511 0.30624712153705286 0 -0.95195204740063954 
1 4.9935898780822754 0.125 1.0754537582397461 -0.5800880948810917 -0.59535207692537051 -0.55592599028816181 
1 4.8717947006225586 0.25 0.95873165130615234 0.5800880948810917 -0.59535207692537051 0.55592599028816181 
1 4.8717947006225586 0.25 0.95873165130615234 0.72198258638312174 0 0.69191122621297174 
1 5.115384578704834 0.25 1.1921757459640503 -0.58008677111480111 -0.59535304917790333 -0.55592633038216244 
1 5.115384578704834 0.25 1.1921757459640503 0 -1 0 
1 5.115384578704834 0 1.1921757459640503 -0.58008677111480111 0.59535304917790333 -0.55592633038216244 
1 5.115384578704834 0 1.1921757459640503 -0.72198258638312174 0 -0.69191122621297174 
1 4.9935898780822754 0 1.5754537582397461 -0.19374588706778034 0 -0.98105174748548252 
1 5.115384578704834 0 1.1921757459640503 -0.30284824756121875 0 0.95303879194348584 
1 5.115384578704834 0 1.1921757459640503 0 0 1 
1 5.115384578704834 0 2.1921758651733398 -0.19374515701137199 0 -0.98105189166253526 
1 4.8717947006225586 0 1.9587316513061523 0.30284941004642102 0 -0.95303842253842774 
1 5.2371792793273926 0.125 1.2973201274871826 -0.59776376346445481 -0.6134952510340772 -0.5160446298988548 
1 5.115384578704834 0.25 1.1921757459640503 0.59776376346445481 -0.6134952510340772 0.5160446298988548 
1 5.115384578704834 0.25 1.1921757459640503 0.75695259916605973 0 0.65346978707186343 
1 5.3589744567871094 0.25 1.4024645090103149 -0.59776526752088932 -0.61349439278763462 -0.51604390798052369 
1 5.3589744567871094 0.25 1.4024645090103149 0 -1 0 
1 5.3589744567871094 0 1.4024645090103149 -0.59776526752088932 0.61349439278763462 -0.51604390798052369 
1 5.3589744567871094 0 1.4024645090103149 -0.75695259916605973 0 -0.65346978707186343 
1 5.2371792793273926 0 1.7973201274871826 -0.19730891774685264 0 -0.98034136451420117 
1 5.3589744567871094 0 1.4024645090103149 -0.29475152698583057 0 0.9555739308601513 
1 5.3589744567871094 0 1.4024645090103149 0 0 1 
1 5.3589744567871094 0 2.4024646282196045 -0.19730962279996772 0 -0.98034122261105316 
1 5.115384578704834 0 2.1921758651733398 0.29475039201075875 0 -0.95557428094811347 
1 5.480769157409668 0.125 1.4898232221603394 -0.62405101006556651 -0.640474305199348 -0.44760808886296821 
1 5.3589744567871094 0.25 1.4024645090103149 0.62405101006556651 -0.640474305199348 0.44760808886296821 
1 5.3589744567871094 0.25 1.4024645090103149 0.81258854520580392 0 0.58283776147425037 
1 5.6025643348693848 0.25 1.5771819353103638 -0.62405250179268279 -0.64047332867416418 -0.4476074063991009 
1 5.6025643348693848 0.25 1.5771819353103638 0 -1 0 
1 5.6025643348693848 0 1.5771819353103638 -0.62405250179268279 0.64047332867416418 -0.4476074063991009 
1 5.6025643348693848 0 1.5771819353103638 -0.81258854520580392 0 -0.58283776147425037 
1 5.480769157409668 0 1.9898232221603394 -0.20304074756249532 0 -0.97917028898412917 
1 5.6025643348693848 0 1.5771819353103638 -0.28308626103420459 0 0.95909445249864422 
1 5.6025643348693848 0 1.5771819353103638 0 0 1 
1 5.6025643348693848 0 2.5771820545196533 -0.20304147020382995 0 -0.97917013913694662 
1 5.3589744567871094 0 2.4024646282196045 0.28308516631939862 0 -0.95909477561392142 
1 5.7243590354919434 0.125 1.6415970325469971 -0.65469428279539565 -0.67192402404301976 -0.34625641075488839 
1 5.6025643348693848 0.25 1.5771819353103638 0.65469428279539565 -0.67192402404301976 0.34625641075488839 
1 5.6025643348693848 0.25 1.5771819353103638 0.88398127282251315 0 0.46752230887850638 
1 5.846153736114502 0.25 1.7060121297836304 -0.65469428279539565 -0.67192402404301976 -0.34625641075488839 
1 5.846153736114502 0.25 1.7060121297836304 0 -1 0 
1 5.846153736114502 0 1.7060121297836304 -0.65469428279539565 0.67192402404301976 -0.34625641075488839 
1 5.846153736114502 0 1.7060121297836304 -0.88398127282251315 0 -0.46752230887850638 
1 5.7243590354919434 0 2.1415970325469971 -0.21093403888745199 0 -0.97750029730871535 
1 5.846153736114502 0 1.7060121297836304 -0.26928327243514727 0 0.96306101529789812 
1 5.846153736114502 0 1.7060121297836304 0 0 1 
1 5.846153736114502 0 2.7060120105743408 -0.21093408145631279 0 -0.97750028812281253 
1 5.6025643348693848 0 2.5771820545196533 0.26928320408268602 0 -0.96306103441005364 
1 5.9679489135742188 0.125 1.7436802387237549 -0.68215786150545099 -0.70010762713806085 -0.21097384295078841 
1 5.846153736114502 0.25 1.7060121297836304 0.68215786150545099 -0.70010762713806085 0.21097384295078841 
1 5.846153736114502 0.25 1.7060121297836304 0.95535292181081455 0 0.29546707902495623 
1 6.0897436141967773 0.25 1.7813484668731689 -0.68215633749374083 -0.70010880400262776 -0.21097486526867518 
1 6.0897436141967773 0.25 1.7813484668731689 0 -1 0 
1 6.0897436141967773 0 1.7813484668731689 -0.68215633749374083 0.70010880400262776 -0.21097486526867518 
1 6.0897436141967773 0 1.7813484668731689 -0.95535292181081455 0 -0.29546707902495623 
1 5.9679489135742188 0 2.2436802387237549 -0.22092745743080866 0 -0.97529024323693414 
1 6.0897436141967773 0 1.7813484668731689 -0.25474454479733222 0 0.96700838512186649 
1 6.0897436141967773 0 1.7813484668731689 0 0 1 
1 6.0897436141967773 0 2.7813484668731689 -0.22092658810830754 0 -0.97529044015965949 
1 5.846153736114502 0 2.7060120105743408 0.2547454774220162 0 -0.96700813943473563 
1 6.0897436141967773 0.125 2.2813484668731689 0 -0.24253562503633297 -0.97014250014533188 
1 6.0897436141967773 0.25 1.7813484668731689 0 -0.24253562503633297 0.97014250014533188 
1 6.0897436141967773 0.25 1.7813484668731689 0 0 1 
1 6.0897436141967773 0.25 2.7813484668731689 0 -0.24253562503633297 -0.97014250014533188 
1 6.0897436141967773 0 2.7813484668731689 0 0.24253562503633297 -0.97014250014533188 
1 0.12179487198591232 0.375 2.7852392196655273 -0.695382056143516 -0.71368158281732597 0.084275704333884177 
1 0.24358974397182465 0.25 2.7704784870147705 -0.695382056143516 0.71368158281732597 0.084275704333884177 
1 0.24358974397182465 0.25 2.7704784870147705 0 1 0 
1 0.24358974397182465 0.5 2.7704784870147705 -0.695382056143516 -0.71368158281732597 0.084275704333884177 
1 0.24358974397182465 0.5 2.7704784870147705 -0.9927360039349431 0 0.12031303541711767 
1 0 0.5 2.7999999523162842 0.695382056143516 -0.71368158281732597 -0.084275704333884177 
1 0 0.5 2.7999999523162842 0 -1 0 
1 0 0.375 2.2999999523162842 0 -0.24253562503633297 -0.97014250014533188 
1 0 0.25 2.7999999523162842 0 0.24253562503633297 -0.97014250014533188 
1 0 0.5 2.7999999523162842 0 -0.24253562503633297 -0.97014250014533188 
1 0 0.5 2.7999999523162842 0 0 -1 
1 0 0.5 1.7999999523162842 0 -0.24253562503633297 0.97014250014533188 
1 0.36538460850715637 0.375 1.7270675897598267 -0.6772290394286351 -0.69505089768396633 0.24138160199833147 
1 0.24358974397182465 0.5 1.770478367805481 0.6772290394286351 -0.69505089768396633 -0.24138160199833147 
1 0.24358974397182465 0.5 1.770478367805481 0.94195579862112777 0 -0.33573691105392817 
1 0.48717948794364929 0.5 1.6836568117141724 -0.6772290842839076 -0.69505085868268457 0.24138158845372362 
1 0.48717948794364929 0.5 1.6836568117141724 0 -1 0 
1 0.48717948794364929 0.25 1.6836568117141724 -0.6772290842839076 0.69505085868268457 0.24138158845372362 
1 0.36538460850715637 0.375 2.7270677089691162 -0.6772290394286351 -0.69505089768396633 0.24138160199833147 
1 0.48717948794364929 0.25 2.6836566925048828 -0.6772288675696958 0.69505063626548114 0.24138283691517359 
1 0.48717948794364929 0.25 2.6836566925048828 0 1 0 
1 0.48717948794364929 0.5 2.6836566925048828 -0.6772288675696958 -0.69505063626548114 0.24138283691517359 
1 0.48717948794364929 0.5 2.6836566925048828 -0.94195550705193853 0 0.33573772909002281 
1 0.24358974397182465 0.5 2.7704784870147705 0.6772290394286351 -0.69505089768396633 -0.24138160199833147 
1 0.60897433757781982 0.375 1.6141589879989624 -0.64835021710875895 -0.66541218599983698 0.36995759040455339 
1 0.48717948794364929 0.5 1.6836568117141724 0.64835021710875895 -0.66541218599983698 -0.36995759040455339 
1 0.48717948794364929 0.5 1.6836568117141724 0.86854784055604628 0 -0.49560533559015374 
1 0.73076921701431274 0.5 1.5446611642837524 -0.64835030906699276 -0.66541211755648955 0.36995755235124383 
1 0.73076921701431274 0.5 1.5446611642837524 0 -1 0 
1 0.73076921701431274 0.25 1.5446611642837524 -0.64835030906699276 0.66541211755648955 0.36995755235124383 
1 0.60897433757781982 0.375 2.6141588687896729 -0.64835021710875895 -0.66541218599983698 0.36995759040455339 
1 0.73076921701431274 0.25 2.544661283493042 -0.64835061349315204 0.66541242999384387 0.36995645688748463 
1 0.73076921701431274 0.25 2.544661283493042 0 1 0 
1 0.73076921701431274 0.5 2.544661283493042 -0.64835061349315204 -0.66541242999384387 0.36995645688748463 
1 0.73076921701431274 0.5 2.544661283493042 -0.86854820649149977 0 0.49560469428809806 
1 0.48717948794364929 0.5 2.6836566925048828 0.64835021710875895 -0.66541218599983698 -0.36995759040455339 
1 0.85256409645080566 0.375 1.4531798362731934 -0.61809821912774898 -0.63436392193528324 0.4642596321650107 
1 0.73076921701431274 0.5 1.5446611642837524 0.61809821912774898 -0.63436392193528324 -0.4642596321650107 
1 0.73076921701431274 0.5 1.5446611642837524 0.79957386072512548 0 -0.60056776573931903 
1 0.97435897588729858 0.5 1.3616985082626343 -0.61809821912774898 -0.63436392193528324 0.4642596321650107 
1 0.97435897588729858 0.5 1.3616985082626343 0 -1 0 
1 0.97435897588729858 0.25 1.3616985082626343 -0.61809821912774898 0.63436392193528324 0.4642596321650107 
1 0.85256409645080566 0.375 2.4531798362731934 -0.6180980455248084 -0.63436374376385529 0.46426010674654966 
1 0.97435897588729858 0.25 2.3616986274719238 -0.61809839273060974 0.63436410010662914 0.4642591575830719 
1 0.97435897588729858 0.25 2.3616986274719238 0 1 0 
1 0.97435897588729858 0.5 2.3616986274719238 -0.61809839273060974 -0.63436410010662914 0.4642591575830719 
1 0.97435897588729858 0.5 2.3616986274719238 -0.79957386072512548 0 0.60056776573931903 
1 0.73076921701431274 0.5 2.544661283493042 0.6180980455248084 -0.63436374376385529 -0.46426010674654966 
1 1.0961538553237915 0.375 1.2536349296569824 -0.59333315467633851 -0.60894714685615969 0.52644006296782431 
1 0.97435897588729858 0.5 1.3616985082626343 0.59333315467633851 -0.60894714685615969 -0.52644006296782431 
1 0.97435897588729858 0.5 1.3616985082626343 0.74801438804305387 0 -0.66368251090455577 
1 1.2179486751556396 0.5 1.1455713510513306 -0.59333296653026335 -0.60894725176882336 0.52644015366572727 
1 1.2179486751556396 0.5 1.1455713510513306 0 -1 0 
1 1.2179486751556396 0.25 1.1455713510513306 -0.59333296653026335 0.60894725176882336 0.52644015366572727 
1 1.0961538553237915 0.375 2.2536349296569824 -0.59333297328051815 -0.60894696068677667 0.52644048275986277 
1 1.2179486751556396 0.25 2.1455714702606201 -0.59333314792605507 0.608947437938268 0.52643973387328702 
1 1.2179486751556396 0.25 2.1455714702606201 0 1 0 
1 1.2179486751556396 0.5 2.1455714702606201 -0.59333314792605507 -0.608947437938268 0.52643973387328702 
1 1.2179486751556396 0.5 2.1455714702606201 -0.74801438804305387 0 0.66368251090455577 
1 0.97435897588729858 0.5 2.3616986274719238 0.59333297328051815 -0.60894696068677667 -0.52644048275986277 
1 1.3397436141967773 0.375 1.0273059606552124 -0.57771589878500429 -0.59291862138651119 0.56097401785123147 
1 1.2179486751556396 0.5 1.1455713510513306 0.57771589878500429 -0.59291862138651119 -0.56097401785123147 
1 1.2179486751556396 0.5 1.1455713510513306 0.71742557844040622 0 -0.69663515515616092 
1 1.4615384340286255 0.5 0.90904062986373901 -0.57771561368285884 -0.59291890911335776 0.56097400735048641 
1 1.4615384340286255 0.5 0.90904062986373901 0 -1 0 
1 1.4615384340286255 0.25 0.90904062986373901 -0.57771561368285884 0.59291890911335776 0.56097400735048641 
1 1.3397436141967773 0.375 2.027306079864502 -0.57771589878500429 -0.59291862138651119 0.56097401785123147 
1 1.4615384340286255 0.25 1.9090405702590942 -0.5777153388026266 0.59291862699931486 0.56097458861290106 
1 1.4615384340286255 0.25 1.9090405702590942 0 1 0 
1 1.4615384340286255 0.5 1.9090405702590942 -0.5777153388026266 -0.59291862699931486 0.56097458861290106 
1 1.4615384340286255 0.5 1.9090405702590942 -0.71742531523102837 0 0.69663542622067343 
1 1.2179486751556396 0.5 2.1455714702606201 0.57771589878500429 -0.59291862138651119 -0.56097401785123147 
1 1.5833333730697632 0.375 0.78755617141723633 -0.57276445825052735 -0.587836882591104 0.57130436269168516 
1 1.4615384340286255 0.5 0.90904062986373901 0.57276445825052735 -0.587836882591104 -0.57130436269168516 
1 1.4615384340286255 0.5 0.90904062986373901 0.70800854967962157 0 -0.70620386120479317 
1 1.7051281929016113 0.5 0.66607177257537842 -0.57276417327833995 -0.58783716547746778 0.57130435731945539 
1 1.7051281929016113 0.5 0.66607177257537842 0 -1 0 
1 1.7051281929016113 0.25 0.66607177257537842 -0.57276417327833995 0.58783716547746778 0.57130435731945539 
1 1.5833333730697632 0.375 1.7875561714172363 -0.57276454997189497 -0.58783697672613977 0.5713041738767225 
1 1.7051281929016113 0.25 1.6660717725753784 -0.57276417327833995 0.58783716547746778 0.57130435731945539 
1 1.7051281929016113 0.25 1.6660717725753784 0 1 0 
1 1.7051281929016113 0.5 1.6660717725753784 -0.57276417327833995 -0.58783716547746778 0.57130435731945539 
1 1.7051281929016113 0.5 1.6660717725753784 -0.7080086363016197 0 0.70620377436142401 
1 1.4615384340286255 0.5 1.9090405702590942 0.57276454997189497 -0.58783697672613977 -0.5713041738767225 
1 1.826923131942749 0.375 0.54854112863540649 -0.57884517561004223 -0.59407761538282222 0.5585785974901285 
1 1.7051281929016113 0.5 0.66607177257537842 0.57884517561004223 -0.59407761538282222 -0.5585785974901285 
1 1.7051281929016113 0.5 0.66607177257537842 0.71959155307546763 0 -0.69439757829534265 
1 1.9487179517745972 0.5 0.43101045489311218 -0.57884475308846117 -0.59407776320826222 0.5585788781214579 
1 1.9487179517745972 0.5 0.43101045489311218 0 -1 0 
1 1.9487179517745972 0.25 0.43101045489311218 -0.57884475308846117 0.59407776320826222 0.5585788781214579 
1 1.826923131942749 0.375 1.5485410690307617 -0.57884508401752466 -0.59407752138002723 0.55857879238269326 
1 1.9487179517745972 0.25 1.4310104846954346 -0.57884489047723464 0.59407790421258988 0.55857858578249764 
1 1.9487179517745972 0.25 1.4310104846954346 0 1 0 
1 1.9487179517745972 0.5 1.4310104846954346 -0.57884489047723464 -0.59407790421258988 0.55857858578249764 
1 1.9487179517745972 0.5 1.4310104846954346 -0.71959159706723463 0 0.69439753270747362 
1 1.7051281929016113 0.5 1.6660717725753784 0.57884508401752466 -0.59407752138002723 -0.55857879238269326 
1 2.0705127716064453 0.375 0.32437294721603394 -0.59550046044732152 -0.61117178594857202 0.52139068812883582 
1 1.9487179517745972 0.5 0.43101045489311218 0.59550046044732152 -0.61117178594857202 -0.52139068812883582 
1 1.9487179517745972 0.5 0.43101045489311218 0.75237158399986359 0 -0.65873894646478592 
1 2.192307710647583 0.5 0.21773543953895569 -0.5955008366120953 -0.6111715738153104 0.52139050715793722 
1 2.192307710647583 0.5 0.21773543953895569 0 -1 0 
1 2.192307710647583 0.25 0.21773543953895569 -0.5955008366120953 0.6111715738153104 0.52139050715793722 
1 2.0705127716064453 0.375 1.3243728876113892 -0.59550032471913283 -0.61117164664852952 0.52139100643598768 
1 2.192307710647583 0.25 1.2177354097366333 -0.59550088185481742 0.61117162024860483 0.52139040105551426 
1 2.192307710647583 0.25 1.2177354097366333 0 1 0 
1 2.192307710647583 0.5 1.2177354097366333 -0.59550088185481742 -0.61117162024860483 0.52139040105551426 
1 2.192307710647583 0.5 1.2177354097366333 -0.75237149275694459 0 0.65873905067688732 
1 1.9487179517745972 0.5 1.4310104846954346 0.59550032471913283 -0.61117164664852952 -0.52139100643598768 
1 2.3141026496887207 0.375 0.12828730046749115 -0.62104737953900846 -0.63739037971155177 0.45610706661801981 
1 2.192307710647583 0.5 0.21773543953895569 0.62104737953900846 -0.63739037971155177 -0.45610706661801981 
1 2.192307710647583 0.5 0.21773543953895569 0.80598842216188116 0 -0.59193129951118595 
1 2.4358973503112793 0.5 0.038839157670736313 -0.62104662733689331 -0.63739085543376284 0.45610742603347948 
1 2.4358973503112793 0.5 0.038839157670736313 0 -1 0 
1 2.4358973503112793 0.25 0.038839157670736313 -0.62104662733689331 0.63739085543376284 0.45610742603347948 
1 2.3141026496887207 0.375 1.1282873153686523 -0.62104744410864654 -0.63739044598035433 0.45610688609040162 
1 2.4358973503112793 0.25 1.0388391017913818 -0.6210465251015751 0.63739075050789396 0.45610771186885474 
1 2.4358973503112793 0.25 1.0388391017913818 0 1 0 
1 2.4358973503112793 0.5 1.0388391017913818 -0.6210465251015751 -0.63739075050789396 0.45610771186885474 
1 2.4358973503112793 0.5 1.0388391017913818 -0.80598838099686798 0 0.59193135556249055 
1 2.192307710647583 0.5 1.2177354097366333 0.62104744410864654 -0.63739044598035433 -0.45610688609040162 
1 2.557692289352417 0.375 -0.028138317167758942 -0.65153355338567831 -0.66867880401583757 0.35829134216804687 
1 2.4358973503112793 0.5 0.038839157670736313 0.65153355338567831 -0.66867880401583757 -0.35829134216804687 
1 2.4358973503112793 0.5 0.038839157670736313 0.87624550734103557 0 -0.48186493010453796 
1 2.6794872283935547 0.5 -0.095115788280963898 -0.65153355803768964 -0.66867880879026753 0.35829132479809955 
1 2.6794872283935547 0.5 -0.095115788280963898 0 -1 0 
1 2.6794872283935547 0.25 -0.095115788280963898 -0.65153355803768964 0.66867880879026753 0.35829132479809955 
1 2.557692289352417 0.375 0.97186166048049927 -0.65153359525377408 -0.66867884698570157 0.35829118583850761 
1 2.6794872283935547 0.25 0.9048842191696167 -0.65153359525377408 0.66867884698570157 0.35829118583850761 
1 2.6794872283935547 0.25 0.9048842191696167 0 1 0 
1 2.6794872283935547 0.5 0.9048842191696167 -0.65153359525377408 -0.66867884698570157 0.35829118583850761 
1 2.6794872283935547 0.5 0.9048842191696167 -0.87624560353032177 0 0.48186475518944344 
1 2.4358973503112793 0.5 1.0388391017913818 0.65153359525377408 -0.66867884698570157 -0.35829118583850761 
1 2.8012821674346924 0.375 -0.13566803932189941 -0.67975608421495415 -0.69764401703234813 0.22632828252721979 
1 2.6794872283935547 0.5 -0.095115788280963898 0.67975608421495415 -0.69764401703234813 -0.22632828252721979 
1 2.6794872283935547 0.5 -0.095115788280963898 0.94879080688026518 0 -0.31590505659057677 
1 2.923076868057251 0.5 -0.17622028291225433 -0.67975537481245651 -0.69764465462973668 0.22632844779243291 
1 2.923076868057251 0.5 -0.17622028291225433 0 -1 0 
1 2.923076868057251 0.25 -0.17622028291225433 -0.67975537481245651 0.69764465462973668 0.22632844779243291 
1 2.8012821674346924 0.375 0.86433196067810059 -0.67975607781751823 -0.69764401046656221 0.22632832197998404 
1 2.923076868057251 0.25 0.82377970218658447 -0.67975536201757614 0.69764464149813044 0.22632852669802619 
1 2.923076868057251 0.25 0.82377970218658447 0 1 0 
1 2.923076868057251 0.5 0.82377970218658447 -0.67975536201757614 -0.69764464149813044 0.22632852669802619 
1 2.923076868057251 0.5 0.82377970218658447 -0.9487907807856969 0 0.31590513496312089 
1 2.6794872283935547 0.5 0.9048842191696167 0.67975607781751823 -0.69764401046656221 -0.22632832197998404 
1 3.0448718070983887 0.375 -0.18795298039913177 -0.69629328715711769 -0.71461640015470618 0.067075024337412206 
1 2.923076868057251 0.5 -0.17622028291225433 0.69629328715711769 -0.71461640015470618 -0.067075024337412206 
1 2.923076868057251 0.5 -0.17622028291225433 0.99539216538036024 0 -0.095887627457340377 
1 3.1666667461395264 0.5 -0.19968566298484802 -0.69629329113576877 -0.71461640423805639 0.06707493953176806 
1 3.1666667461395264 0.5 -0.19968566298484802 0 -1 0 
1 3.1666667461395264 0.25 -0.19968566298484802 -0.69629329113576877 0.71461640423805639 0.06707493953176806 
1 3.0448718070983887 0.375 0.81204700469970703 -0.69629328715711769 -0.71461640015470618 0.067075024337412206 
1 3.1666667461395264 0.25 0.80031430721282959 -0.69629328715711769 0.71461640015470618 0.067075024337412206 
1 3.1666667461395264 0.25 0.80031430721282959 0 1 0 
1 3.1666667461395264 0.5 0.80031430721282959 -0.69629328715711769 -0.71461640015470618 0.067075024337412206 
1 3.1666667461395264 0.5 0.80031430721282959 -0.9953921595685421 0 0.095887687788757336 
1 2.923076868057251 0.5 0.82377970218658447 0.69629328715711769 -0.71461640015470618 -0.067075024337412206 
1 3.288461446762085 0.375 -0.18190605938434601 -0.69427082269739171 -0.71254210892243053 -0.10134972996245235 
1 3.1666667461395264 0.5 -0.19968566298484802 0.69427082269739171 -0.71254210892243053 0.10134972996245235 
1 3.1666667461395264 0.5 -0.19968566298484802 0.98951225190857273 0 0.1444489644228209 
1 3.4102563858032227 0.5 -0.16412645578384399 -0.69427152667642067 -0.71254143659647695 -0.10134963433294079 
1 3.4102563858032227 0.5 -0.16412645578384399 0 -1 0 
1 3.4102563858032227 0.25 -0.16412645578384399 -0.69427152667642067 0.71254143659647695 -0.10134963433294079 
1 3.288461446762085 0.375 0.81809395551681519 -0.69427080476682856 -0.71254209051998463 -0.10134998216985597 
1 3.4102563858032227 0.25 0.83587354421615601 -0.69427153265326014 0.71254144273059816 -0.10134955026387958 
1 3.4102563858032227 0.25 0.83587354421615601 0 1 0 
1 3.4102563858032227 0.5 0.83587354421615601 -0.69427153265326014 -0.71254144273059816 -0.10134955026387958 
1 3.4102563858032227 0.5 0.83587354421615601 -0.98951223460450322 0 -0.14444908296006112 
1 3.1666667461395264 0.5 0.80031430721282959 0.69427080476682856 -0.71254209051998463 0.10134998216985597 
1 3.5320513248443604 0.375 -0.1178843230009079 -0.67458727981131117 -0.69233919438912528 -0.2561219276621835 
1 3.4102563858032227 0.5 -0.16412645578384399 0.67458727981131117 -0.69233919438912528 0.2561219276621835 
1 3.4102563858032227 0.5 -0.16412645578384399 0.9348853418961659 0 0.35494985210264435 
1 3.653846263885498 0.5 -0.071642182767391205 -0.67458727268140262 -0.69233918707159159 -0.2561219662217879 
1 3.653846263885498 0.5 -0.071642182767391205 0 -1 0 
1 3.653846263885498 0.25 -0.071642182767391205 -0.67458727268140262 0.69233918707159159 -0.2561219662217879 
1 3.5320513248443604 0.375 0.88211566209793091 -0.6745872940711255 -0.69233920902418977 -0.25612185054297104 
1 3.653846263885498 0.25 0.92835783958435059 -0.67458723703184598 0.69233915048390893 -0.25612215901979152 
1 3.653846263885498 0.25 0.92835783958435059 0 1 0 
1 3.653846263885498 0.5 0.92835783958435059 -0.67458723703184598 -0.69233915048390893 -0.25612215901979152 
1 3.653846263885498 0.5 0.92835783958435059 -0.93488531342954828 0 -0.35494992707949002 
1 3.4102563858032227 0.5 0.83587354421615601 0.6745872940711255 -0.69233920902418977 0.25612185054297104 
1 3.7756409645080566 0.375 0.0003321980475448072 -0.64515497357802576 -0.66213366661304818 -0.38125328536957925 
1 3.653846263885498 0.5 -0.071642182767391205 0.64515497357802576 -0.66213366661304818 0.38125328536957925 
1 3.653846263885498 0.5 -0.071642182767391205 0.86091192915892767 0 0.50875401741102122 
1 3.8974359035491943 0.5 0.07230658084154129 -0.64515570825964408 -0.66213312447421879 -0.38125298369193872 
1 3.8974359035491943 0.5 0.07230658084154129 0 -1 0 
1 3.8974359035491943 0.25 0.07230658084154129 -0.64515570825964408 0.66213312447421879 -0.38125298369193872 
1 3.7756409645080566 0.375 1.000332236289978 -0.64515495287393676 -0.66213364536408492 -0.38125335730862303 
1 3.8974359035491943 0.25 1.0723066329956055 -0.64515569013409513 0.66213310587169194 -0.38125304667150695 
1 3.8974359035491943 0.25 1.0723066329956055 0 1 0 
1 3.8974359035491943 0.5 1.0723066329956055 -0.64515569013409513 -0.66213310587169194 -0.38125304667150695 
1 3.8974359035491943 0.5 1.0723066329956055 -0.86091188302540589 0 -0.50875409547801154 
1 3.653846263885498 0.5 0.92835783958435059 0.64515495287393676 -0.66213364536408492 0.38125335730862303 
1 4.019230842590332 0.375 0.16576361656188965 -0.61521050648659215 -0.63139990804420598 -0.47207011007929622 
1 3.8974359035491943 0.5 0.07230658084154129 0.61521050648659215 -0.63139990804420598 0.47207011007929622 
1 3.8974359035491943 0.5 0.07230658084154129 0.79335149301407504 0 0.60876383641962362 
1 4.1410255432128906 0.5 0.2592206597328186 -0.61520974706428699 -0.63140036462959515 -0.47207048908262683 
1 4.1410255432128906 0.5 0.2592206597328186 0 -1 0 
1 4.1410255432128906 0.25 0.2592206597328186 -0.61520974706428699 0.63140036462959515 -0.47207048908262683 
1 4.019230842590332 0.375 1.1657636165618896 -0.61521058299565201 -0.63139998656661878 -0.47206990534646837 
1 4.1410255432128906 0.25 1.2592206001281738 -0.61520983450323674 0.63140045436969594 -0.47207025510218437 
1 4.1410255432128906 0.25 1.2592206001281738 0 1 0 
1 4.1410255432128906 0.5 1.2592206001281738 -0.61520983450323674 -0.63140045436969594 -0.47207025510218437 
1 4.1410255432128906 0.5 1.2592206001281738 -0.79335166880753316 0 -0.60876360732249934 
1 3.8974359035491943 0.5 1.0723066329956055 0.61521058299565201 -0.63139998656661878 0.47206990534646837 
1 4.2628207206726074 0.375 0.36864235997200012 -0.59126538201100864 -0.6068234744008717 -0.53119725051192657 
1 4.1410255432128906 0.5 0.2592206597328186 0.59126538201100864 -0.6068234744008717 0.53119725051192657 
1 4.1410255432128906 0.5 0.2592206597328186 0.74388225399001762 0 0.6683107003473242 
1 4.384615421295166 0.5 0.47806406021118164 -0.59126387641872857 -0.60682430495380657 -0.5311979775560407 
1 4.384615421295166 0.5 0.47806406021118164 0 -1 0 
1 4.384615421295166 0.25 0.47806406021118164 -0.59126387641872857 0.60682430495380657 -0.5311979775560407 
1 4.2628207206726074 0.375 1.3686423301696777 -0.59126533657075497 -0.60682342776493892 -0.53119735436604154 
1 4.384615421295166 0.25 1.4780640602111816 -0.59126383097846613 0.60682425831768216 -0.53119808141018598 
1 4.384615421295166 0.25 1.4780640602111816 0 1 0 
1 4.384615421295166 0.5 1.4780640602111816 -0.59126383097846613 -0.60682425831768216 -0.53119808141018598 
1 4.384615421295166 0.5 1.4780640602111816 -0.74388216349854475 0 -0.66831080107142105 
1 4.1410255432128906 0.5 1.2592206001281738 0.59126533657075497 -0.60682342776493892 0.53119735436604154 
1 4.5064101219177246 0.375 0.59698981046676636 -0.57669986123365269 -0.59187700520407271 -0.56311533522338375 
1 4.384615421295166 0.5 0.47806406021118164 0.57669986123365269 -0.59187700520407271 0.56311533522338375 
1 4.384615421295166 0.5 0.47806406021118164 0.71548407982555251 0 0.69862903712641555 
1 4.6282052993774414 0.5 0.71591556072235107 -0.57670136814650774 -0.59187623452624916 -0.56311460199587671 
1 4.6282052993774414 0.5 0.71591556072235107 0 -1 0 
1 4.6282052993774414 0.25 0.71591556072235107 -0.57670136814650774 0.59187623452624916 -0.56311460199587671 
1 4.5064101219177246 0.375 1.5969897508621216 -0.57669995288708953 -0.59187709926957432 -0.56311514248887251 
1 4.6282052993774414 0.25 1.7159155607223511 -0.57670127649306779 0.5918761404611127 -0.56311479473027815 
1 4.6282052993774414 0.25 1.7159155607223511 0 1 0 
1 4.6282052993774414 0.5 1.7159155607223511 -0.57670127649306779 -0.5918761404611127 -0.56311479473027815 
1 4.6282052993774414 0.5 1.7159155607223511 -0.71548407982555251 0 -0.69862903712641555 
1 4.384615421295166 0.5 1.4780640602111816 0.57669995288708953 -0.59187709926957432 0.56311514248887251 
1 4.75 0.375 0.83732360601425171 -0.57288129087250439 -0.58795794064129869 -0.57106259429689132 
1 4.6282052993774414 0.5 0.71591556072235107 0.57288129087250439 -0.58795794064129869 0.57106259429689132 
1 4.6282052993774414 0.5 0.71591556072235107 0.70823007822296713 0 0.70598169685926693 
1 4.8717947006225586 0.5 0.95873165130615234 -0.57288129087250439 -0.58795794064129869 -0.57106259429689132 
1 4.8717947006225586 0.5 0.95873165130615234 0 -1 0 
1 4.8717947006225586 0.25 0.95873165130615234 -0.57288129087250439 0.58795794064129869 -0.57106259429689132 
1 4.75 0.375 1.8373235464096069 -0.57288138259264298 -0.58795803477525743 -0.57106240536561237 
1 4.8717947006225586 0.25 1.9587316513061523 -0.57288119915236491 0.58795784650733907 -0.57106278322807968 
1 4.8717947006225586 0.25 1.9587316513061523 0 1 0 
1 4.8717947006225586 0.5 1.9587316513061523 -0.57288119915236491 -0.58795784650733907 -0.57106278322807968 
1 4.8717947006225586 0.5 1.9587316513061523 -0.70823007822296713 0 -0.70598169685926693 
1 4.6282052993774414 0.5 1.7159155607223511 0.57288138259264298 -0.58795803477525743 0.57106240536561237 
1 4.9935898780822754 0.375 1.0754537582397461 -0.5800880948810917 -0.59535207692537051 -0.55592599028816181 
1 4.8717947006225586 0.5 0.95873165130615234 0.5800880948810917 -0.59535207692537051 0.55592599028816181 
1 4.8717947006225586 0.5 0.95873165130615234 0.72198258638312174 0 0.69191122621297174 
1 5.115384578704834 0.5 1.1921757459640503 -0.58008677111480111 -0.59535304917790333 -0.55592633038216244 
1 5.115384578704834 0.5 1.1921757459640503 0 -1 0 
1 5.115384578704834 0.25 1.1921757459640503 -0.58008677111480111 0.59535304917790333 -0.55592633038216244 
1 4.9935898780822754 0.375 2.0754537582397461 -0.5800880948810917 -0.59535207692537051 -0.55592599028816181 
1 5.115384578704834 0.25 2.1921758651733398 -0.58008658801625723 0.59535286126071263 -0.55592672268235122 
1 5.115384578704834 0.25 2.1921758651733398 0 1 0 
1 5.115384578704834 0.5 2.1921758651733398 -0.58008658801625723 -0.59535286126071263 -0.55592672268235122 
1 5.115384578704834 0.5 2.1921758651733398 -0.72198240987908757 0 -0.69191141038805337 
1 4.8717947006225586 0.5 1.9587316513061523 0.5800880948810917 -0.59535207692537051 0.55592599028816181 
1 5.2371792793273926 0.375 1.2973201274871826 -0.59776376346445481 -0.6134952510340772 -0.5160446298988548 
1 5.115384578704834 0.5 1.1921757459640503 0.59776376346445481 -0.6134952510340772 0.5160446298988548 
1 5.115384578704834 0.5 1.1921757459640503 0.75695259916605973 0 0.65346978707186343 
1 5.3589744567871094 0.5 1.4024645090103149 -0.59776526752088932 -0.61349439278763462 -0.51604390798052369 
1 5.3589744567871094 0.5 1.4024645090103149 0 -1 0 
1 5.3589744567871094 0.25 1.4024645090103149 -0.59776526752088932 0.61349439278763462 -0.51604390798052369 
1 5.2371792793273926 0.375 2.2973201274871826 -0.59776394394404242 -0.61349543626338787 -0.51604420063058454 
1 5.3589744567871094 0.25 2.4024646282196045 -0.59776508704131137 0.61349420755905903 -0.5160443372482405 
1 5.3589744567871094 0.25 2.4024646282196045 0 1 0 
1 5.3589744567871094 0.5 2.4024646282196045 -0.59776508704131137 -0.61349420755905903 -0.5160443372482405 
1 5.3589744567871094 0.5 2.4024646282196045 -0.75695259916605973 0 -0.65346978707186343 
1 5.115384578704834 0.5 2.1921758651733398 0.59776394394404242 -0.61349543626338787 0.51604420063058454 
1 5.480769157409668 0.375 1.4898232221603394 -0.62405101006556651 -0.640474305199348 -0.44760808886296821 
1 5.3589744567871094 0.5 1.4024645090103149 0.62405101006556651 -0.640474305199348 0.44760808886296821 
1 5.3589744567871094 0.5 1.4024645090103149 0.81258854520580392 0 0.58283776147425037 
1 5.6025643348693848 0.5 1.5771819353103638 -0.62405250179268279 -0.64047332867416418 -0.4476074063991009 
1 5.6025643348693848 0.5 1.5771819353103638 0 -1 0 
1 5.6025643348693848 0.25 1.5771819353103638 -0.62405250179268279 0.64047332867416418 -0.4476074063991009 
1 5.480769157409668 0.375 2.4898233413696289 -0.62405101006556651 -0.640474305199348 -0.44760808886296821 
1 5.6025643348693848 0.25 2.5771820545196533 -0.62405250179268279 0.64047332867416418 -0.4476074063991009 
1 5.6025643348693848 0.25 2.5771820545196533 0 1 0 
1 5.6025643348693848 0.5 2.5771820545196533 -0.62405250179268279 -0.64047332867416418 -0.4476074063991009 
1 5.6025643348693848 0.5 2.5771820545196533 -0.81258854520580392 0 -0.58283776147425037 
1 5.3589744567871094 0.5 2.4024646282196045 0.62405101006556651 -0.640474305199348 0.44760808886296821 
1 5.7243590354919434 0.375 1.6415970325469971 -0.65469428279539565 -0.67192402404301976 -0.34625641075488839 
1 5.6025643348693848 0.5 1.5771819353103638 0.65469428279539565 -0.67192402404301976 0.34625641075488839 
1 5.6025643348693848 0.5 1.5771819353103638 0.88398127282251315 0 0.46752230887850638 
1 5.846153736114502 0.5 1.7060121297836304 -0.65469428279539565 -0.67192402404301976 -0.34625641075488839 
1 5.846153736114502 0.5 1.7060121297836304 0 -1 0 
1 5.846153736114502 0.25 1.7060121297836304 -0.65469428279539565 0.67192402404301976 -0.34625641075488839 
1 5.7243590354919434 0.375 2.6415970325469971 -0.65469442805885081 -0.671924173129407 -0.34625584678537497 
1 5.846153736114502 0.25 2.7060120105743408 -0.65469442805885081 0.671924173129407 -0.34625584678537497 
1 5.846153736114502 0.25 2.7060120105743408 0 1 0 
1 5.846153736114502 0.5 2.7060120105743408 -0.65469442805885081 -0.671924173129407 -0.34625584678537497 
1 5.846153736114502 0.5 2.7060120105743408 -0.88398163039989264 0 -0.46752163277815023 
1 5.6025643348693848 0.5 2.5771820545196533 0.65469442805885081 -0.671924173129407 0.34625584678537497 
1 5.9679489135742188 0.375 1.7436802387237549 -0.68215786150545099 -0.70010762713806085 -0.21097384295078841 
1 5.846153736114502 0.5 1.7060121297836304 0.68215786150545099 -0.70010762713806085 0.21097384295078841 
1 5.846153736114502 0.5 1.7060121297836304 0.95535292181081455 0 0.29546707902495623 
1 6.0897436141967773 0.5 1.7813484668731689 -0.68215633749374083 -0.70010880400262776 -0.21097486526867518 
1 6.0897436141967773 0.5 1.7813484668731689 0 -1 0 
1 6.0897436141967773 0.25 1.7813484668731689 -0.68215633749374083 0.70010880400262776 -0.21097486526867518 
1 5.9679489135742188 0.375 2.7436802387237549 -0.68215776541527395 -0.70010752851944247 -0.21097448090714219 
1 6.0897436141967773 0.25 2.7813484668731689 -0.68215633749374083 0.70010880400262776 -0.21097486526867518 
1 6.0897436141967773 0.25 2.7813484668731689 0 1 0 
1 6.0897436141967773 0.5 2.7813484668731689 -0.68215633749374083 -0.70010880400262776 -0.21097486526867518 
1 6.0897436141967773 0.5 2.7813484668731689 -0.95535278983696448 0 -0.29546750574425062 
1 5.846153736114502 0.5 2.7060120105743408 0.68215776541527395 -0.70010752851944247 0.21097448090714219 
1 6.0897436141967773 0.375 2.2813484668731689 0 -0.24253562503633297 -0.97014250014533188 
1 6.0897436141967773 0.5 1.7813484668731689 0 -0.24253562503633297 0.97014250014533188 
1 6.0897436141967773 0.5 1.7813484668731689 0 0 1 
1 6.0897436141967773 0.5 2.7813484668731689 0 -0.24253562503633297 -0.97014250014533188 
1 6.0897436141967773 0.25 2.7813484668731689 0 0.24253562503633297 -0.97014250014533188 
1 0.12179487198591232 0.625 2.7852392196655273 -0.695382056143516 -0.71368158281732597 0.084275704333884177 
1 0.24358974397182465 0.5 2.7704784870147705 -0.695382056143516 0.71368158281732597 0.084275704333884177 
1 0.24358974397182465 0.5 2.7704784870147705 0 1 0 
1 0.24358974397182465 0.75 2.7704784870147705 -0.695382056143516 -0.71368158281732597 0.084275704333884177 
1 0.24358974397182465 0.75 2.7704784870147705 -0.9927360039349431 0 0.12031303541711767 
1 0 0.75 2.7999999523162842 0.695382056143516 -0.71368158281732597 -0.084275704333884177 
1 0 0.75 2.7999999523162842 0 -1 0 
1 0 0.625 2.2999999523162842 0 -0.24253562503633297 -0.97014250014533188 
1 0 0.5 2.7999999523162842 0 0.24253562503633297 -0.97014250014533188 
1 0 0.75 2.7999999523162842 0 -0.24253562503633297 -0.97014250014533188 
1 0 0.75 2.7999999523162842 0 0 -1 
1 0 0.75 1.7999999523162842 0 -0.24253562503633297 0.97014250014533188 
1 0.36538460850715637 0.625 1.7270675897598267 -0.6772290394286351 -0.69505089768396633 0.24138160199833147 
1 0.24358974397182465 0.75 1.770478367805481 0.6772290394286351 -0.69505089768396633 -0.24138160199833147 
1 0.24358974397182465 0.75 1.770478367805481 0.94195579862112777 0 -0.33573691105392817 
1 0.48717948794364929 0.75 1.6836568117141724 -0.6772290842839076 -0.69505085868268457 0.24138158845372362 
1 0.48717948794364929 0.75 1.6836568117141724 0 -1 0 
1 0.48717948794364929 0.5 1.6836568117141724 -0.6772290842839076 0.69505085868268457 0.24138158845372362 
1 0.36538460850715637 0.625 2.7270677089691162 -0.6772290394286351 -0.69505089768396633 0.24138160199833147 
1 0.48717948794364929 0.5 2.6836566925048828 -0.6772288675696958 0.69505063626548114 0.24138283691517359 
1 0.48717948794364929 0.5 2.6836566925048828 0 1 0 
1 0.48717948794364929 0.75 2.6836566925048828 -0.6772288675696958 -0.69505063626548114 0.24138283691517359 
1 0.48717948794364929 0.75 2.6836566925048828 -0.94195550705193853 0 0.33573772909002281 
1 0.24358974397182465 0.75 2.7704784870147705 0.6772290394286351 -0.69505089768396633 -0.24138160199833147 
1 0.60897433757781982 0.625 1.6141589879989624 -0.64835021710875895 -0.66541218599983698 0.36995759040455339 
1 0.48717948794364929 0.75 1.6836568117141724 0.64835021710875895 -0.66541218599983698 -0.36995759040455339 
1 0.48717948794364929 0.75 1.6836568117141724 0.86854784055604628 0 -0.49560533559015374 
1 0.73076921701431274 0.75 1.5446611642837524 -0.64835030906699276 -0.66541211755648955 0.36995755235124383 
1 0.73076921701431274 0.75 1.5446611642837524 0 -1 0 
1 0.73076921701431274 0.5 1.5446611642837524 -0.64835030906699276 0.66541211755648955 0.36995755235124383 
1 0.60897433757781982 0.625 2.6141588687896729 -0.64835021710875895 -0.66541218599983698 0.36995759040455339 
1 0.73076921701431274 0.5 2.544661283493042 -0.64835061349315204 0.66541242999384387 0.36995645688748463 
1 0.73076921701431274 0.5 2.544661283493042 0 1 0 
1 0.73076921701431274 0.75 2.544661283493042 -0.64835061349315204 -0.66541242999384387 0.36995645688748463 
1 0.73076921701431274 0.75 2.544661283493042 -0.86854820649149977 0 0.49560469428809806 
1 0.48717948794364929 0.75 2.6836566925048828 0.64835021710875895 -0.66541218599983698 -0.36995759040455339 
1 0.85256409645080566 0.625 1.4531798362731934 -0.61809821912774898 -0.63436392193528324 0.4642596321650107 
1 0.73076921701431274 0.75 1.5446611642837524 0.61809821912774898 -0.63436392193528324 -0.4642596321650107 
1 0.73076921701431274 0.75 1.5446611642837524 0.79957386072512548 0 -0.60056776573931903 
1 0.97435897588729858 0.75 1.3616985082626343 -0.61809821912774898 -0.63436392193528324 0.4642596321650107 
1 0.97435897588729858 0.75 1.3616985082626343 0 -1 0 
1 0.97435897588729858 0.5 1.3616985082626343 -0.61809821912774898 0.63436392193528324 0.4642596321650107 
1 0.85256409645080566 0.625 2.4531798362731934 -0.6180980455248084 -0.63436374376385529 0.46426010674654966 
1 0.97435897588729858 0.5 2.3616986274719238 -0.61809839273060974 0.63436410010662914 0.4642591575830719 
1 0.97435897588729858 0.5 2.3616986274719238 0 1 0 
1 0.97435897588729858 0.75 2.3616986274719238 -0.61809839273060974 -0.63436410010662914 0.4642591575830719 
1 0.97435897588729858 0.75 2.3616986274719238 -0.79957386072512548 0 0.60056776573931903 
1 0.73076921701431274 0.75 2.544661283493042 0.6180980455248084 -0.63436374376385529 -0.46426010674654966 
1 1.0961538553237915 0.625 1.2536349296569824 -0.59333315467633851 -0.60894714685615969 0.52644006296782431 
1 0.97435897588729858 0.75 1.3616985082626343 0.59333315467633851 -0.60894714685615969 -0.52644006296782431 
1 0.97435897588729858 0.75 1.3616985082626343 0.74801438804305387 0 -0.66368251090455577 
1 1.2179486751556396 0.75 1.1455713510513306 -0.59333296653026335 -0.60894725176882336 0.52644015366572727 
1 1.2179486751556396 0.75 1.1455713510513306 0 -1 0 
1 1.2179486751556396 0.5 1.1455713510513306 -0.59333296653026335 0.60894725176882336 0.52644015366572727 
1 1.0961538553237915 0.625 2.2536349296569824 -0.59333297328051815 -0.60894696068677667 0.52644048275986277 
1 1.2179486751556396 0.5 2.1455714702606201 -0.59333314792605507 0.608947437938268 0.52643973387328702 
1 1.2179486751556396 0.5 2.1455714702606201 0 1 0 
1 1.2179486751556396 0.75 2.1455714702606201 -0.59333314792605507 -0.608947437938268 0.52643973387328702 
1 1.2179486751556396 0.75 2.1455714702606201 -0.74801438804305387 0 0.66368251090455577 
1 0.97435897588729858 0.75 2.3616986274719238 0.59333297328051815 -0.60894696068677667 -0.52644048275986277 
1 1.3397436141967773 0.625 1.0273059606552124 -0.57771589878500429 -0.59291862138651119 0.56097401785123147 
1 1.2179486751556396 0.75 1.1455713510513306 0.57771589878500429 -0.59291862138651119 -0.56097401785123147 
1 1.2179486751556396 0.75 1.1455713510513306 0.71742557844040622 0 -0.69663515515616092 
1 1.4615384340286255 0.75 0.90904062986373901 -0.57771561368285884 -0.59291890911335776 0.56097400735048641 
1 1.4615384340286255 0.75 0.90904062986373901 0 -1 0 
1 1.4615384340286255 0.5 0.90904062986373901 -0.57771561368285884 0.59291890911335776 0.56097400735048641 
1 1.3397436141967773 0.625 2.027306079864502 -0.57771589878500429 -0.59291862138651119 0.56097401785123147 
1 1.4615384340286255 0.5 1.9090405702590942 -0.5777153388026266 0.59291862699931486 0.56097458861290106 
1 1.4615384340286255 0.5 1.9090405702590942 0 1 0 
1 1.4615384340286255 0.75 1.9090405702590942 -0.5777153388026266 -0.59291862699931486 0.56097458861290106 
1 1.4615384340286255 0.75 1.9090405702590942 -0.71742531523102837 0 0.69663542622067343 
1 1.2179486751556396 0.75 2.1455714702606201 0.57771589878500429 -0.59291862138651119 -0.56097401785123147 
1 1.5833333730697632 0.625 0.78755617141723633 -0.57276445825052735 -0.587836882591104 0.57130436269168516 
1 1.4615384340286255 0.75 0.90904062986373901 0.57276445825052735 -0.587836882591104 -0.57130436269168516 
1 1.4615384340286255 0.75 0.90904062986373901 0.70800854967962157 0 -0.70620386120479317 
1 1.7051281929016113 0.75 0.66607177257537842 -0.57276417327833995 -0.58783716547746778 0.57130435731945539 
1 1.7051281929016113 0.75 0.66607177257537842 0 -1 0 
1 1.7051281929016113 0.5 0.66607177257537842 -0.57276417327833995 0.58783716547746778 0.57130435731945539 
1 1.5833333730697632 0.625 1.7875561714172363 -0.57276454997189497 -0.58783697672613977 0.5713041738767225 
1 1.7051281929016113 0.5 1.6660717725753784 -0.57276417327833995 0.58783716547746778 0.57130435731945539 
1 1.7051281929016113 0.5 1.6660717725753784 0 1 0 
1 1.7051281929016113 0.75 1.6660717725753784 -0.57276417327833995 -0.58783716547746778 0.57130435731945539 
1 1.7051281929016113 0.75 1.6660717725753784 -0.7080086363016197 0 0.70620377436142401 
1 1.4615384340286255 0.75 1.9090405702590942 0.57276454997189497 -0.58783697672613977 -0.5713041738767225 
1 1.826923131942749 0.625 0.54854112863540649 -0.57884517561004223 -0.59407761538282222 0.5585785974901285 
1 1.7051281929016113 0.75 0.66607177257537842 0.57884517561004223 -0.59407761538282222 -0.5585785974901285 
1 1.7051281929016113 0.75 0.66607177257537842 0.71959155307546763 0 -0.69439757829534265 
1 1.9487179517745972 0.75 0.43101045489311218 -0.57884475308846117 -0.59407776320826222 0.5585788781214579 
1 1.9487179517745972 0.75 0.43101045489311218 0 -1 0 
1 1.9487179517745972 0.5 0.43101045489311218 -0.57884475308846117 0.59407776320826222 0.5585788781214579 
1 1.826923131942749 0.625 1.5485410690307617 -0.57884508401752466 -0.59407752138002723 0.55857879238269326 
1 1.9487179517745972 0.5 1.4310104846954346 -0.57884489047723464 0.59407790421258988 0.55857858578249764 
1 1.9487179517745972 0.5 1.4310104846954346 0 1 0 
1 1.9487179517745972 0.75 1.4310104846954346 -0.57884489047723464 -0.59407790421258988 0.55857858578249764 
1 1.9487179517745972 0.75 1.4310104846954346 -0.71959159706723463 0 0.69439753270747362 
1 1.7051281929016113 0.75 1.6660717725753784 0.57884508401752466 -0.59407752138002723 -0.55857879238269326 
1 2.0705127716064453 0.625 0.32437294721603394 -0.59550046044732152 -0.61117178594857202 0.52139068812883582 
1 1.9487179517745972 0.75 0.43101045489311218 0.59550046044732152 -0.61117178594857202 -0.52139068812883582 
1 1.9487179517745972 0.75 0.43101045489311218 0.75237158399986359 0 -0.65873894646478592 
1 2.192307710647583 0.75 0.21773543953895569 -0.5955008366120953 -0.6111715738153104 0.52139050715793722 
1 2.192307710647583 0.75 0.21773543953895569 0 -1 0 
1 2.192307710647583 0.5 0.21773543953895569 -0.5955008366120953 0.6111715738153104 0.52139050715793722 
1 2.0705127716064453 0.625 1.3243728876113892 -0.59550032471913283 -0.61117164664852952 0.52139100643598768 
1 2.192307710647583 0.5 1.2177354097366333 -0.59550088185481742 0.61117162024860483 0.52139040105551426 
1 2.192307710647583 0.5 1.2177354097366333 0 1 0 
1 2.192307710647583 0.75 1.2177354097366333 -0.59550088185481742 -0.61117162024860483 0.52139040105551426 
1 2.192307710647583 0.75 1.2177354097366333 -0.75237149275694459 0 0.65873905067688732 
1 1.9487179517745972 0.75 1.4310104846954346 0.59550032471913283 -0.61117164664852952 -0.52139100643598768 
1 2.3141026496887207 0.625 0.12828730046749115 -0.62104737953900846 -0.63739037971155177 0.45610706661801981 
1 2.192307710647583 0.75 0.21773543953895569 0.62104737953900846 -0.63739037971155177 -0.45610706661801981 
1 2.192307710647583 0.75 0.21773543953895569 0.80598842216188116 0 -0.59193129951118595 
1 2.4358973503112793 0.75 0.038839157670736313 -0.62104662733689331 -0.63739085543376284 0.45610742603347948 
1 2.4358973503112793 0.75 0.038839157670736313 0 -1 0 
1 2.4358973503112793 0.5 0.038839157670736313 -0.62104662733689331 0.63739085543376284 0.45610742603347948 
1 2.3141026496887207 0.625 1.1282873153686523 -0.62104744410864654 -0.63739044598035433 0.45610688609040162 
1 2.4358973503112793 0.5 1.0388391017913818 -0.6210465251015751 0.63739075050789396 0.45610771186885474 
1 2.4358973503112793 0.5 1.0388391017913818 0 1 0 
1 2.4358973503112793 0.75 1.0388391017913818 -0.6210465251015751 -0.63739075050789396 0.45610771186885474 
1 2.4358973503112793 0.75 1.0388391017913818 -0.80598838099686798 0 0.59193135556249055 
1 2.192307710647583 0.75 1.2177354097366333 0.62104744410864654 -0.63739044598035433 -0.45610688609040162 
1 2.557692289352417 0.625 -0.028138317167758942 -0.65153355338567831 -0.66867880401583757 0.35829134216804687 
1 2.4358973503112793 0.75 0.038839157670736313 0.65153355338567831 -0.66867880401583757 -0.35829134216804687 
1 2.4358973503112793 0.75 0.038839157670736313 0.87624550734103557 0 -0.48186493010453796 
1 2.6794872283935547 0.75 -0.095115788280963898 -0.65153355803768964 -0.66867880879026753 0.35829132479809955 
1 2.6794872283935547 0.75 -0.095115788280963898 0 -1 0 
1 2.6794872283935547 0.5 -0.095115788280963898 -0.65153355803768964 0.66867880879026753 0.35829132479809955 
1 2.557692289352417 0.625 0.97186166048049927 -0.65153359525377408 -0.66867884698570157 0.35829118583850761 
1 2.6794872283935547 0.5 0.9048842191696167 -0.65153359525377408 0.66867884698570157 0.35829118583850761 
1 2.6794872283935547 0.5 0.9048842191696167 0 1 0 
1 2.6794872283935547 0.75 0.9048842191696167 -0.65153359525377408 -0.66867884698570157 0.35829118583850761 
1 2.6794872283935547 0.75 0.9048842191696167 -0.87624560353032177 0 0.48186475518944344 
1 2.4358973503112793 0.75 1.0388391017913818 0.65153359525377408 -0.66867884698570157 -0.35829118583850761 
1 2.8012821674346924 0.625 -0.13566803932189941 -0.67975608421495415 -0.69764401703234813 0.22632828252721979 
1 2.6794872283935547 0.75 -0.095115788280963898 0.67975608421495415 -0.69764401703234813 -0.22632828252721979 
1 2.6794872283935547 0.75 -0.095115788280963898 0.94879080688026518 0 -0.31590505659057677 
1 2.923076868057251 0.75 -0.17622028291225433 -0.67975537481245651 -0.69764465462973668 0.22632844779243291 
1 2.923076868057251 0.75 -0.17622028291225433 0 -1 0 
1 2.923076868057251 0.5 -0.17622028291225433 -0.67975537481245651 0.69764465462973668 0.22632844779243291 
1 2.8012821674346924 0.625 0.86433196067810059 -0.67975607781751823 -0.69764401046656221 0.22632832197998404 
1 2.923076868057251 0.5 0.82377970218658447 -0.67975536201757614 0.69764464149813044 0.22632852669802619 
1 2.923076868057251 0.5 0.82377970218658447 0 1 0 
1 2.923076868057251 0.75 0.82377970218658447 -0.67975536201757614 -0.69764464149813044 0.22632852669802619 
1 2.923076868057251 0.75 0.82377970218658447 -0.9487907807856969 0 0.31590513496312089 
1 2.6794872283935547 0.75 0.9048842191696167 0.67975607781751823 -0.69764401046656221 -0.22632832197998404 
1 3.0448718070983887 0.625 -0.18795298039913177 -0.69629328715711769 -0.71461640015470618 0.067075024337412206 
1 2.923076868057251 0.75 -0.17622028291225433 0.69629328715711769 -0.71461640015470618 -0.067075024337412206 
1 2.923076868057251 0.75 -0.17622028291225433 0.99539216538036024 0 -0.095887627457340377 
1 3.1666667461395264 0.75 -0.19968566298484802 -0.69629329113576877 -0.71461640423805639 0.06707493953176806 
1 3.1666667461395264 0.75 -0.19968566298484802 0 -1 0 
1 3.1666667461395264 0.5 -0.19968566298484802 -0.69629329113576877 0.71461640423805639 0.06707493953176806 
1 3.0448718070983887 0.625 0.81204700469970703 -0.69629328715711769 -0.71461640015470618 0.067075024337412206 
1 3.1666667461395264 0.5 0.80031430721282959 -0.69629328715711769 0.71461640015470618 0.067075024337412206 
1 3.1666667461395264 0.5 0.80031430721282959 0 1 0 
1 3.1666667461395264 0.75 0.80031430721282959 -0.69629328715711769 -0.71461640015470618 0.067075024337412206 
1 3.1666667461395264 0.75 0.80031430721282959 -0.9953921595685421 0 0.095887687788757336 
1 2.923076868057251 0.75 0.82377970218658447 0.69629328715711769 -0.71461640015470618 -0.067075024337412206 
1 3.288461446762085 0.625 -0.18190605938434601 -0.69427082269739171 -0.71254210892243053 -0.10134972996245235 
1 3.1666667461395264 0.75 -0.19968566298484802 0.69427082269739171 -0.71254210892243053 0.10134972996245235 
1 3.1666667461395264 0.75 -0.19968566298484802 0.98951225190857273 0 0.1444489644228209 
1 3.4102563858032227 0.75 -0.16412645578384399 -0.69427152667642067 -0.71254143659647695 -0.10134963433294079 
1 3.4102563858032227 0.75 -0.16412645578384399 0 -1 0 
1 3.4102563858032227 0.5 -0.16412645578384399 -0.69427152667642067 0.71254143659647695 -0.10134963433294079 
1 3.288461446762085 0.625 0.81809395551681519 -0.69427080476682856 -0.71254209051998463 -0.10134998216985597 
1 3.4102563858032227 0.5 0.83587354421615601 -0.69427153265326014 0.71254144273059816 -0.10134955026387958 
1 3.4102563858032227 0.5 0.83587354421615601 0 1 0 
1 3.4102563858032227 0.75 0.83587354421615601 -0.69427153265326014 -0.71254144273059816 -0.10134955026387958 
1 3.4102563858032227 0.75 0.83587354421615601 -0.98951223460450322 0 -0.14444908296006112 
1 3.1666667461395264 0.75 0.80031430721282959 0.69427080476682856 -0.71254209051998463 0.10134998216985597 
1 3.5320513248443604 0.625 -0.1178843230009079 -0.67458727981131117 -0.69233919438912528 -0.2561219276621835 
1 3.4102563858032227 0.75 -0.16412645578384399 0.67458727981131117 -0.69233919438912528 0.2561219276621835 
1 3.4102563858032227 0.75 -0.16412645578384399 0.9348853418961659 0 0.35494985210264435 
1 3.653846263885498 0.75 -0.071642182767391205 -0.67458727268140262 -0.69233918707159159 -0.2561219662217879 
1 3.653846263885498 0.75 -0.071642182767391205 0 -1 0 
1 3.653846263885498 0.5 -0.071642182767391205 -0.67458727268140262 0.69233918707159159 -0.2561219662217879 
1 3.5320513248443604 0.625 0.88211566209793091 -0.6745872940711255 -0.69233920902418977 -0.25612185054297104 
1 3.653846263885498 0.5 0.92835783958435059 -0.67458723703184598 0.69233915048390893 -0.25612215901979152 
1 3.653846263885498 0.5 0.92835783958435059 0 1 0 
1 3.653846263885498 0.75 0.92835783958435059 -0.67458723703184598 -0.69233915048390893 -0.25612215901979152 
1 3.653846263885498 0.75 0.92835783958435059 -0.93488531342954828 0 -0.35494992707949002 
1 3.4102563858032227 0.75 0.83587354421615601 0.6745872940711255 -0.69233920902418977 0.25612185054297104 
1 3.7756409645080566 0.625 0.0003321980475448072 -0.64515497357802576 -0.66213366661304818 -0.38125328536957925 
1 3.653846263885498 0.75 -0.071642182767391205 0.64515497357802576 -0.66213366661304818 0.38125328536957925 
1 3.653846263885498 0.75 -0.071642182767391205 0.86091192915892767 0 0.50875401741102122 
1 3.8974359035491943 0.75 0.07230658084154129 -0.64515570825964408 -0.66213312447421879 -0.38125298369193872 
1 3.8974359035491943 0.75 0.07230658084154129 0 -1 0 
1 3.8974359035491943 0.5 0.07230658084154129 -0.64515570825964408 0.66213312447421879 -0.38125298369193872 
1 3.7756409645080566 0.625 1.000332236289978 -0.64515495287393676 -0.66213364536408492 -0.38125335730862303 
1 3.8974359035491943 0.5 1.0723066329956055 -0.64515569013409513 0.66213310587169194 -0.38125304667150695 
1 3.8974359035491943 0.5 1.0723066329956055 0 1 0 
1 3.8974359035491943 0.75 1.0723066329956055 -0.64515569013409513 -0.66213310587169194 -0.38125304667150695 
1 3.8974359035491943 0.75 1.0723066329956055 -0.86091188302540589 0 -0.50875409547801154 
1 3.653846263885498 0.75 0.92835783958435059 0.64515495287393676 -0.66213364536408492 0.38125335730862303 
1 4.019230842590332 0.625 0.16576361656188965 -0.61521050648659215 -0.63139990804420598 -0.47207011007929622 
1 3.8974359035491943 0.75 0.07230658084154129 0.61521050648659215 -0.63139990804420598 0.47207011007929622 
1 3.8974359035491943 0.75 0.07230658084154129 0.79335149301407504 0 0.60876383641962362 
1 4.1410255432128906 0.75 0.2592206597328186 -0.61520974706428699 -0.63140036462959515 -0.47207048908262683 
1 4.1410255432128906 0.75 0.2592206597328186 0 -1 0 
1 4.1410255432128906 0.5 0.2592206597328186 -0.61520974706428699 0.63140036462959515 -0.47207048908262683 
1 4.019230842590332 0.625 1.1657636165618896 -0.61521058299565201 -0.63139998656661878 -0.47206990534646837 
1 4.1410255432128906 0.5 1.2592206001281738 -0.61520983450323674 0.63140045436969594 -0.47207025510218437 
1 4.1410255432128906 0.5 1.2592206001281738 0 1 0 
1 4.1410255432128906 0.75 1.2592206001281738 -0.61520983450323674 -0.63140045436969594 -0.47207025510218437 
1 4.1410255432128906 0.75 1.2592206001281738 -0.79335166880753316 0 -0.60876360732249934 
1 3.8974359035491943 0.75 1.0723066329956055 0.61521058299565201 -0.63139998656661878 0.47206990534646837 
1 4.2628207206726074 0.625 0.36864235997200012 -0.59126538201100864 -0.6068234744008717 -0.53119725051192657 
1 4.1410255432128906 0.75 0.2592206597328186 0.59126538201100864 -0.6068234744008717 0.53119725051192657 
1 4.1410255432128906 0.75 0.2592206597328186 0.74388225399001762 0 0.6683107003473242 
1 4.384615421295166 0.75 0.47806406021118164 -0.59126387641872857 -0.60682430495380657 -0.5311979775560407 
1 4.384615421295166 0.75 0.47806406021118164 0 -1 0 
1 4.384615421295166 0.5 0.47806406021118164 -0.59126387641872857 0.60682430495380657 -0.5311979775560407 
1 4.2628207206726074 0.625 1.3686423301696777 -0.59126533657075497 -0.60682342776493892 -0.53119735436604154 
1 4.384615421295166 0.5 1.4780640602111816 -0.59126383097846613 0.60682425831768216 -0.53119808141018598 
1 4.384615421295166 0.5 1.4780640602111816 0 1 0 
1 4.384615421295166 0.75 1.4780640602111816 -0.59126383097846613 -0.60682425831768216 -0.53119808141018598 
1 4.384615421295166 0.75 1.4780640602111816 -0.74388216349854475 0 -0.66831080107142105 
1 4.1410255432128906 0.75 1.2592206001281738 0.59126533657075497 -0.60682342776493892 0.53119735436604154 
1 4.5064101219177246 0.625 0.59698981046676636 -0.57669986123365269 -0.59187700520407271 -0.56311533522338375 
1 4.384615421295166 0.75 0.47806406021118164 0.57669986123365269 -0.59187700520407271 0.56311533522338375 
1 4.384615421295166 0.75 0.47806406021118164 0.71548407982555251 0 0.69862903712641555 
1 4.6282052993774414 0.75 0.71591556072235107 -0.57670136814650774 -0.59187623452624916 -0.56311460199587671 
1 4.6282052993774414 0.75 0.71591556072235107 0 -1 0 
1 4.6282052993774414 0.5 0.71591556072235107 -0.57670136814650774 0.59187623452624916 -0.56311460199587671 
1 4.5064101219177246 0.625 1.5969897508621216 -0.57669995288708953 -0.59187709926957432 -0.56311514248887251 
1 4.6282052993774414 0.5 1.7159155607223511 -0.57670127649306779 0.5918761404611127 -0.56311479473027815 
1 4.6282052993774414 0.5 1.7159155607223511 0 1 0 
1 4.6282052993774414 0.75 1.7159155607223511 -0.57670127649306779 -0.5918761404611127 -0.56311479473027815 
1 4.6282052993774414 0.75 1.7159155607223511 -0.71548407982555251 0 -0.69862903712641555 
1 4.384615421295166 0.75 1.4780640602111816 0.57669995288708953 -0.59187709926957432 0.56311514248887251 
1 4.75 0.625 0.83732360601425171 -0.57288129087250439 -0.58795794064129869 -0.57106259429689132 
1 4.6282052993774414 0.75 0.71591556072235107 0.57288129087250439 -0.58795794064129869 0.57106259429689132 
1 4.6282052993774414 0.75 0.71591556072235107 0.70823007822296713 0 0.70598169685926693 
1 4.8717947006225586 0.75 0.95873165130615234 -0.57288129087250439 -0.58795794064129869 -0.57106259429689132 
1 4.8717947006225586 0.75 0.95873165130615234 0 -1 0 
1 4.8717947006225586 0.5 0.95873165130615234 -0.57288129087250439 0.58795794064129869 -0.57106259429689132 
1 4.75 0.625 1.8373235464096069 -0.57288138259264298 -0.58795803477525743 -0.57106240536561237 
1 4.8717947006225586 0.5 1.9587316513061523 -0.57288119915236491 0.58795784650733907 -0.57106278322807968 
1 4.8717947006225586 0.5 1.9587316513061523 0 1 0 
1 4.8717947006225586 0.75 1.9587316513061523 -0.57288119915236491 -0.58795784650733907 -0.57106278322807968 
1 4.8717947006225586 0.75 1.9587316513061523 -0.70823007822296713 0 -0.70598169685926693 
1 4.6282052993774414 0.75 1.7159155607223511 0.57288138259264298 -0.58795803477525743 0.57106240536561237 
1 4.9935898780822754 0.625 1.0754537582397461 -0.5800880948810917 -0.59535207692537051 -0.55592599028816181 
1 4.8717947006225586 0.75 0.95873165130615234 0.5800880948810917 -0.59535207692537051 0.55592599028816181 
1 4.8717947006225586 0.75 0.95873165130615234 0.72198258638312174 0 0.69191122621297174 
1 5.115384578704834 0.75 1.1921757459640503 -0.58008677111480111 -0.59535304917790333 -0.55592633038216244 
1 5.115384578704834 0.75 1.1921757459640503 0 -1 0 
1 5.115384578704834 0.5 1.1921757459640503 -0.58008677111480111 0.59535304917790333 -0.55592633038216244 
1 4.9935898780822754 0.625 2.0754537582397461 -0.5800880948810917 -0.59535207692537051 -0.55592599028816181 
1 5.115384578704834 0.5 2.1921758651733398 -0.58008658801625723 0.59535286126071263 -0.55592672268235122 
1 5.115384578704834 0.5 2.1921758651733398 0 1 0 
1 5.115384578704834 0.75 2.1921758651733398 -0.58008658801625723 -0.59535286126071263 -0.55592672268235122 
1 5.115384578704834 0.75 2.1921758651733398 -0.72198240987908757 0 -0.69191141038805337 
1 4.8717947006225586 0.75 1.9587316513061523 0.5800880948810917 -0.59535207692537051 0.55592599028816181 
1 5.2371792793273926 0.625 1.2973201274871826 -0.59776376346445481 -0.6134952510340772 -0.5160446298988548 
1 5.115384578704834 0.75 1.1921757459640503 0.59776376346445481 -0.6134952510340772 0.5160446298988548 
1 5.115384578704834 0.75 1.1921757459640503 0.75695259916605973 0 0.65346978707186343 
1 5.3589744567871094 0.75 1.4024645090103149 -0.59776526752088932 -0.61349439278763462 -0.51604390798052369 
1 5.3589744567871094 0.75 1.4024645090103149 0 -1 0 
1 5.3589744567871094 0.5 1.4024645090103149 -0.59776526752088932 0.61349439278763462 -0.51604390798052369 
1 5.2371792793273926 0.625 2.2973201274871826 -0.59776394394404242 -0.61349543626338787 -0.51604420063058454 
1 5.3589744567871094 0.5 2.4024646282196045 -0.59776508704131137 0.61349420755905903 -0.5160443372482405 
1 5.3589744567871094 0.5 2.4024646282196045 0 1 0 
1 5.3589744567871094 0.75 2.4024646282196045 -0.59776508704131137 -0.61349420755905903 -0.5160443372482405 
1 5.3589744567871094 0.75 2.4024646282196045 -0.75695259916605973 0 -0.65346978707186343 
1 5.115384578704834 0.75 2.1921758651733398 0.59776394394404242 -0.61349543626338787 0.51604420063058454 
1 5.480769157409668 0.625 1.4898232221603394 -0.62405101006556651 -0.640474305199348 -0.44760808886296821 
1 5.3589744567871094 0.75 1.4024645090103149 0.62405101006556651 -0.640474305199348 0.44760808886296821 
1 5.3589744567871094 0.75 1.4024645090103149 0.81258854520580392 0 0.58283776147425037 
1 5.6025643348693848 0.75 1.5771819353103638 -0.62405250179268279 -0.64047332867416418 -0.4476074063991009 
1 5.6025643348693848 0.75 1.5771819353103638 0 -1 0 
1 5.6025643348693848 0.5 1.5771819353103638 -0.62405250179268279 0.64047332867416418 -0.4476074063991009 
1 5.480769157409668 0.625 2.4898233413696289 -0.62405101006556651 -0.640474305199348 -0.44760808886296821 
1 5.6025643348693848 0.5 2.5771820545196533 -0.62405250179268279 0.64047332867416418 -0.4476074063991009 
1 5.6025643348693848 0.5 2.5771820545196533 0 1 0 
1 5.6025643348693848 0.75 2.5771820545196533 -0.62405250179268279 -0.64047332867416418 -0.4476074063991009 
1 5.6025643348693848 0.75 2.5771820545196533 -0.81258854520580392 0 -0.58283776147425037 
1 5.3589744567871094 0.75 2.4024646282196045 0.62405101006556651 -0.640474305199348 0.44760808886296821 
1 5.7243590354919434 0.625 1.6415970325469971 -0.65469428279539565 -0.67192402404301976 -0.34625641075488839 
1 5.6025643348693848 0.75 1.5771819353103638 0.65469428279539565 -0.67192402404301976 0.34625641075488839 
1 5.6025643348693848 0.75 1.5771819353103638 0.88398127282251315 0 0.46752230887850638 
1 5.846153736114502 0.75 1.7060121297836304 -0.65469428279539565 -0.67192402404301976 -0.34625641075488839 
1 5.846153736114502 0.75 1.7060121297836304 0 -1 0 
1 5.846153736114502 0.5 1.7060121297836304 -0.65469428279539565 0.67192402404301976 -0.34625641075488839 
1 5.7243590354919434 0.625 2.6415970325469971 -0.65469442805885081 -0.671924173129407 -0.34625584678537497 
1 5.846153736114502 0.5 2.7060120105743408 -0.65469442805885081 0.671924173129407 -0.34625584678537497 
1 5.846153736114502 0.5 2.7060120105743408 0 1 0 
1 5.846153736114502 0.75 2.7060120105743408 -0.65469442805885081 -0.671924173129407 -0.34625584678537497 
1 5.846153736114502 0.75 2.7060120105743408 -0.88398163039989264 0 -0.46752163277815023 
1 5.6025643348693848 0.75 2.5771820545196533 0.65469442805885081 -0.671924173129407 0.34625584678537497 
1 5.9679489135742188 0.625 1.7436802387237549 -0.68215786150545099 -0.70010762713806085 -0.21097384295078841 
1 5.846153736114502 0.75 1.7060121297836304 0.68215786150545099 -0.70010762713806085 0.21097384295078841 
1 5.846153736114502 0.75 1.7060121297836304 0.95535292181081455 0 0.29546707902495623 
1 6.0897436141967773 0.75 1.7813484668731689 -0.68215633749374083 -0.70010880400262776 -0.21097486526867518 
1 6.0897436141967773 0.75 1.7813484668731689 0 -1 0 
1 6.0897436141967773 0.5 1.7813484668731689 -0.68215633749374083 0.70010880400262776 -0.21097486526867518 
1 5.9679489135742188 0.625 2.7436802387237549 -0.68215776541527395 -0.70010752851944247 -0.21097448090714219 
1 6.0897436141967773 0.5 2.7813484668731689 -0.68215633749374083 0.70010880400262776 -0.21097486526867518 
1 6.0897436141967773 0.5 2.7813484668731689 0 1 0 
1 6.0897436141967773 0.75 2.7813484668731689 -0.68215633749374083 -0.70010880400262776 -0.21097486526867518 
1 6.0897436141967773 0.75 2.7813484668731689 -0.95535278983696448 0 -0.29546750574425062 
1 5.846153736114502 0.75 2.7060120105743408 0.68215776541527395 -0.70010752851944247 0.21097448090714219 
1 6.0897436141967773 0.625 2.2813484668731689 0 -0.24253562503633297 -0.97014250014533188 
1 6.0897436141967773 0.75 1.7813484668731689 0 -0.24253562503633297 0.97014250014533188 
1 6.0897436141967773 0.75 1.7813484668731689 0 0 1 
1 6.0897436141967773 0.75 2.7813484668731689 0 -0.24253562503633297 -0.97014250014533188 
1 6.0897436141967773 0.5 2.7813484668731689 0 0.24253562503633297 -0.97014250014533188 
1 0.12179487198591232 0.875 2.7852392196655273 -0.695382056143516 -0.71368158281732597 0.084275704333884177 
1 0.24358974397182465 0.75 2.7704784870147705 -0.695382056143516 0.71368158281732597 0.084275704333884177 
1 0.24358974397182465 0.75 2.7704784870147705 0 1 0 
1 0.24358974397182465 1 2.7704784870147705 -0.695382056143516 -0.71368158281732597 0.084275704333884177 
1 0.24358974397182465 1 2.7704784870147705 -0.9927360039349431 0 0.12031303541711767 
1 0 1 2.7999999523162842 0.695382056143516 -0.71368158281732597 -0.084275704333884177 
1 0 1 2.7999999523162842 0 -1 0 
1 0.12179487198591232 1 2.2852392196655273 0.23024768506989512 0 -0.97313205862305985 
1 0 1 1.7999999523162842 0.24344803155413455 0 0.96991394253944874 
1 0 1 1.7999999523162842 0 0 1 
1 0 1 2.7999999523162842 0.23024773556432976 0 -0.97313204667583442 
1 0.24358974397182465 1 2.7704784870147705 -0.24344803155413455 0 -0.96991394253944874 
1 0.24358974397182465 1 2.7704784870147705 0 0 -1 
1 0 0.875 2.2999999523162842 0 -0.24253562503633297 -0.97014250014533188 
1 0 0.75 2.7999999523162842 0 0.24253562503633297 -0.97014250014533188 
1 0 1 2.7999999523162842 0 -0.24253562503633297 -0.97014250014533188 
1 0 1 1.7999999523162842 0 -0.24253562503633297 0.97014250014533188 
1 0.36538460850715637 0.875 1.7270675897598267 -0.6772290394286351 -0.69505089768396633 0.24138160199833147 
1 0.24358974397182465 1 1.770478367805481 0.6772290394286351 -0.69505089768396633 -0.24138160199833147 
1 0.24358974397182465 1 1.770478367805481 0.94195579862112777 0 -0.33573691105392817 
1 0.48717948794364929 1 1.6836568117141724 -0.6772290842839076 -0.69505085868268457 0.24138158845372362 
1 0.48717948794364929 1 1.6836568117141724 0 -1 0 
1 0.48717948794364929 0.75 1.6836568117141724 -0.6772290842839076 0.69505085868268457 0.24138158845372362 
1 0.36538460850715637 0.875 2.7270677089691162 -0.6772290394286351 -0.69505089768396633 0.24138160199833147 
1 0.48717948794364929 0.75 2.6836566925048828 -0.6772288675696958 0.69505063626548114 0.24138283691517359 
1 0.48717948794364929 0.75 2.6836566925048828 0 1 0 
1 0.48717948794364929 1 2.6836566925048828 -0.6772288675696958 -0.69505063626548114 0.24138283691517359 
1 0.48717948794364929 1 2.6836566925048828 -0.94195550705193853 0 0.33573772909002281 
1 0.24358974397182465 1 2.7704784870147705 0.6772290394286351 -0.69505089768396633 -0.24138160199833147 
1 0.36538460850715637 1 2.2270677089691162 0.21870442153975431 0 -0.97579115388435533 
1 0.24358974397182465 1 1.770478367805481 0.25773714601634956 0 0.96621507107028026 
1 0.24358974397182465 1 2.7704784870147705 0.21870444174476839 0 -0.97579114935579803 
1 0.48717948794364929 1 2.6836566925048828 -0.25773736391979246 0 -0.96621501294467393 
1 0.48717948794364929 1 2.6836566925048828 0 0 -1 
1 0.60897433757781982 0.875 1.6141589879989624 -0.64835021710875895 -0.66541218599983698 0.36995759040455339 
1 0.48717948794364929 1 1.6836568117141724 0.64835021710875895 -0.66541218599983698 -0.36995759040455339 
1 0.48717948794364929 1 1.6836568117141724 0.86854784055604628 0 -0.49560533559015374 
1 0.73076921701431274 1 1.5446611642837524 -0.64835030906699276 -0.66541211755648955 0.36995755235124383 
1 0.73076921701431274 1 1.5446611642837524 0 -1 0 
1 0.73076921701431274 0.75 1.5446611642837524 -0.64835030906699276 0.66541211755648955 0.36995755235124383 
1 0.60897433757781982 0.875 2.6141588687896729 -0.64835021710875895 -0.66541218599983698 0.36995759040455339 
1 0.73076921701431274 0.75 2.544661283493042 -0.64835061349315204 0.66541242999384387 0.36995645688748463 
1 0.73076921701431274 0.75 2.544661283493042 0 1 0 
1 0.73076921701431274 1 2.544661283493042 -0.64835061349315204 -0.66541242999384387 0.36995645688748463 
1 0.73076921701431274 1 2.544661283493042 -0.86854820649149977 0 0.49560469428809806 
1 0.48717948794364929 1 2.6836566925048828 0.64835021710875895 -0.66541218599983698 -0.36995759040455339 
1 0.60897433757781982 1 2.1141588687896729 0.20913449604361362 0 -0.97788688638542631 
1 0.48717948794364929 1 1.6836568117141724 0.27222860720037179 0 0.96223260463452687 
1 0.48717948794364929 1 2.6836566925048828 0.20913440524603077 0 -0.97788690580372784 
1 0.73076921701431274 1 2.544661283493042 -0.27222845948917818 0 -0.96223264642400741 
1 0.73076921701431274 1 2.544661283493042 0 0 -1 
1 0.85256409645080566 0.875 1.4531798362731934 -0.61809821912774898 -0.63436392193528324 0.4642596321650107 
1 0.73076921701431274 1 1.5446611642837524 0.61809821912774898 -0.63436392193528324 -0.4642596321650107 
1 0.73076921701431274 1 1.5446611642837524 0.79957386072512548 0 -0.60056776573931903 
1 0.97435897588729858 1 1.3616985082626343 -0.61809821912774898 -0.63436392193528324 0.4642596321650107 
1 0.97435897588729858 1 1.3616985082626343 0 -1 0 
1 0.97435897588729858 0.75 1.3616985082626343 -0.61809821912774898 0.63436392193528324 0.4642596321650107 
1 0.85256409645080566 0.875 2.4531798362731934 -0.6180980455248084 -0.63436374376385529 0.46426010674654966 
1 0.97435897588729858 0.75 2.3616986274719238 -0.61809839273060974 0.63436410010662914 0.4642591575830719 
1 0.97435897588729858 0.75 2.3616986274719238 0 1 0 
1 0.97435897588729858 1 2.3616986274719238 -0.61809839273060974 -0.63436410010662914 0.4642591575830719 
1 0.97435897588729858 1 2.3616986274719238 -0.79957386072512548 0 0.60056776573931903 
1 0.73076921701431274 1 2.544661283493042 0.6180980455248084 -0.63436374376385529 -0.46426010674654966 
1 0.85256409645080566 1 1.9531798362731934 0.20168359930705163 0 -0.97945072656594256 
1 0.73076921701431274 1 1.5446611642837524 0.28571028586600866 0 0.95831604001517356 
1 0.73076921701431274 1 2.544661283493042 0.20168356031242674 0 -0.97945073459552001 
1 0.97435897588729858 1 2.3616986274719238 -0.28571020929903751 0 -0.95831606284268256 
1 0.97435897588729858 1 2.3616986274719238 0 0 -1 
1 1.0961538553237915 0.875 1.2536349296569824 -0.59333315467633851 -0.60894714685615969 0.52644006296782431 
1 0.97435897588729858 1 1.3616985082626343 0.59333315467633851 -0.60894714685615969 -0.52644006296782431 
1 0.97435897588729858 1 1.3616985082626343 0.74801438804305387 0 -0.66368251090455577 
1 1.2179486751556396 1 1.1455713510513306 -0.59333296653026335 -0.60894725176882336 0.52644015366572727 
1 1.2179486751556396 1 1.1455713510513306 0 -1 0 
1 1.2179486751556396 0.75 1.1455713510513306 -0.59333296653026335 0.60894725176882336 0.52644015366572727 
1 1.0961538553237915 0.875 2.2536349296569824 -0.59333297328051815 -0.60894696068677667 0.52644048275986277 
1 1.2179486751556396 0.75 2.1455714702606201 -0.59333314792605507 0.608947437938268 0.52643973387328702 
1 1.2179486751556396 0.75 2.1455714702606201 0 1 0 
1 1.2179486751556396 1 2.1455714702606201 -0.59333314792605507 -0.608947437938268 0.52643973387328702 
1 1.2179486751556396 1 2.1455714702606201 -0.74801438804305387 0 0.66368251090455577 
1 0.97435897588729858 1 2.3616986274719238 0.59333297328051815 -0.60894696068677667 -0.52644048275986277 
1 1.0961538553237915 1 1.7536349296569824 0.19639848216206046 0 -0.98052416400843423 
1 0.97435897588729858 1 1.3616985082626343 0.2967535381139435 0 0.95495410236139422 
1 0.97435897588729858 1 2.3616986274719238 0.19639853755104617 0 -0.98052415291404738 
1 1.2179486751556396 1 2.1455714702606201 -0.29675332336565385 0 -0.95495416909474751 
1 1.2179486751556396 1 2.1455714702606201 0 0 -1 
1 1.3397436141967773 0.875 1.0273059606552124 -0.57771589878500429 -0.59291862138651119 0.56097401785123147 
1 1.2179486751556396 1 1.1455713510513306 0.57771589878500429 -0.59291862138651119 -0.56097401785123147 
1 1.2179486751556396 1 1.1455713510513306 0.71742557844040622 0 -0.69663515515616092 
1 1.4615384340286255 1 0.90904062986373901 -0.57771561368285884 -0.59291890911335776 0.56097400735048641 
1 1.4615384340286255 1 0.90904062986373901 0 -1 0 
1 1.4615384340286255 0.75 0.90904062986373901 -0.57771561368285884 0.59291890911335776 0.56097400735048641 
1 1.3397436141967773 0.875 2.027306079864502 -0.57771589878500429 -0.59291862138651119 0.56097401785123147 
1 1.4615384340286255 0.75 1.9090405702590942 -0.5777153388026266 0.59291862699931486 0.56097458861290106 
1 1.4615384340286255 0.75 1.9090405702590942 0 1 0 
1 1.4615384340286255 1 1.9090405702590942 -0.5777153388026266 -0.59291862699931486 0.56097458861290106 
1 1.4615384340286255 1 1.9090405702590942 -0.71742531523102837 0 0.69663542622067343 
1 1.2179486751556396 1 2.1455714702606201 0.57771589878500429 -0.59291862138651119 -0.56097401785123147 
1 1.3397436141967773 1 1.5273059606552124 0.1932798282363303 0 -0.9811436734734289 
1 1.2179486751556396 1 1.1455713510513306 0.30396031998292089 0 0.95268469278973955 
1 1.2179486751556396 1 2.1455714702606201 0.19327995653408162 0 -0.98114364819947919 
1 1.4615384340286255 1 1.9090405702590942 -0.30396004996276493 0 -0.95268477894140491 
1 1.4615384340286255 1 1.9090405702590942 0 0 -1 
1 1.5833333730697632 0.875 0.78755617141723633 -0.57276445825052735 -0.587836882591104 0.57130436269168516 
1 1.4615384340286255 1 0.90904062986373901 0.57276445825052735 -0.587836882591104 -0.57130436269168516 
1 1.4615384340286255 1 0.90904062986373901 0.70800854967962157 0 -0.70620386120479317 
1 1.7051281929016113 1 0.66607177257537842 -0.57276417327833995 -0.58783716547746778 0.57130435731945539 
1 1.7051281929016113 1 0.66607177257537842 0 -1 0 
1 1.7051281929016113 0.75 0.66607177257537842 -0.57276417327833995 0.58783716547746778 0.57130435731945539 
1 1.5833333730697632 0.875 1.7875561714172363 -0.57276454997189497 -0.58783697672613977 0.5713041738767225 
1 1.7051281929016113 0.75 1.6660717725753784 -0.57276417327833995 0.58783716547746778 0.57130435731945539 
1 1.7051281929016113 0.75 1.6660717725753784 0 1 0 
1 1.7051281929016113 1 1.6660717725753784 -0.57276417327833995 -0.58783716547746778 0.57130435731945539 
1 1.7051281929016113 1 1.6660717725753784 -0.7080086363016197 0 0.70620377436142401 
1 1.4615384340286255 1 1.9090405702590942 0.57276454997189497 -0.58783697672613977 -0.5713041738767225 
1 1.5833333730697632 1 1.2875561714172363 0.19231582713604986 0 -0.98133308444838285 
1 1.4615384340286255 1 0.90904062986373901 0.30630373259883364 0 0.95193383351786709 
1 1.4615384340286255 1 1.9090405702590942 0.19231600840739921 0 -0.98133304892388351 
1 1.7051281929016113 1 1.6660717725753784 -0.30630341721758425 0 -0.95193393499802836 
1 1.7051281929016113 1 1.6660717725753784 0 0 -1 
1 1.826923131942749 0.875 0.54854112863540649 -0.57884517561004223 -0.59407761538282222 0.5585785974901285 
1 1.7051281929016113 1 0.66607177257537842 0.57884517561004223 -0.59407761538282222 -0.5585785974901285 
1 1.7051281929016113 1 0.66607177257537842 0.71959155307546763 0 -0.69439757829534265 
1 1.9487179517745972 1 0.43101045489311218 -0.57884475308846117 -0.59407776320826222 0.5585788781214579 
1 1.9487179517745972 1 0.43101045489311218 0 -1 0 
1 1.9487179517745972 0.75 0.43101045489311218 -0.57884475308846117 0.59407776320826222 0.5585788781214579 
1 1.826923131942749 0.875 1.5485410690307617 -0.57884508401752466 -0.59407752138002723 0.55857879238269326 
1 1.9487179517745972 0.75 1.4310104846954346 -0.57884489047723464 0.59407790421258988 0.55857858578249764 
1 1.9487179517745972 0.75 1.4310104846954346 0 1 0 
1 1.9487179517745972 1 1.4310104846954346 -0.57884489047723464 -0.59407790421258988 0.55857858578249764 
1 1.9487179517745972 1 1.4310104846954346 -0.71959159706723463 0 0.69439753270747362 
1 1.7051281929016113 1 1.6660717725753784 0.57884508401752466 -0.59407752138002723 -0.55857879238269326 
1 1.826923131942749 1 1.0485410690307617 0.19350118060499982 0 -0.98110004235270087 
1 1.7051281929016113 1 0.66607177257537842 0.3034302459642057 0 0.9528536539438266 
1 1.7051281929016113 1 1.6660717725753784 0.19350133594058747 0 -0.98110001171603689 
1 1.9487179517745972 1 1.4310104846954346 -0.30342989045269547 0 -0.95285376715415537 
1 1.9487179517745972 1 1.4310104846954346 0 0 -1 
1 2.0705127716064453 0.875 0.32437294721603394 -0.59550046044732152 -0.61117178594857202 0.52139068812883582 
1 1.9487179517745972 1 0.43101045489311218 0.59550046044732152 -0.61117178594857202 -0.52139068812883582 
1 1.9487179517745972 1 0.43101045489311218 0.75237158399986359 0 -0.65873894646478592 
1 2.192307710647583 1 0.21773543953895569 -0.5955008366120953 -0.6111715738153104 0.52139050715793722 
1 2.192307710647583 1 0.21773543953895569 0 -1 0 
1 2.192307710647583 0.75 0.21773543953895569 -0.5955008366120953 0.6111715738153104 0.52139050715793722 
1 2.0705127716064453 0.875 1.3243728876113892 -0.59550032471913283 -0.61117164664852952 0.52139100643598768 
1 2.192307710647583 0.75 1.2177354097366333 -0.59550088185481742 0.61117162024860483 0.52139040105551426 
1 2.192307710647583 0.75 1.2177354097366333 0 1 0 
1 2.192307710647583 1 1.2177354097366333 -0.59550088185481742 -0.61117162024860483 0.52139040105551426 
1 2.192307710647583 1 1.2177354097366333 -0.75237149275694459 0 0.65873905067688732 
1 1.9487179517745972 1 1.4310104846954346 0.59550032471913283 -0.61117164664852952 -0.52139100643598768 
1 2.0705127716064453 1 0.82437294721603394 0.19684248799077236 0 -0.98043512529978372 
1 1.9487179517745972 1 0.43101045489311218 0.29577184599093254 0 0.95525861164352566 
1 1.9487179517745972 1 1.4310104846954346 0.19684229349668661 0 -0.98043516434844602 
1 2.192307710647583 1 1.2177354097366333 -0.29577213060705004 0 -0.95525852351924412 
1 2.192307710647583 1 1.2177354097366333 0 0 -1 
1 2.3141026496887207 0.875 0.12828730046749115 -0.62104737953900846 -0.63739037971155177 0.45610706661801981 
1 2.192307710647583 1 0.21773543953895569 0.62104737953900846 -0.63739037971155177 -0.45610706661801981 
1 2.192307710647583 1 0.21773543953895569 0.80598842216188116 0 -0.59193129951118595 
1 2.4358973503112793 1 0.038839157670736313 -0.62104662733689331 -0.63739085543376284 0.45610742603347948 
1 2.4358973503112793 1 0.038839157670736313 0 -1 0 
1 2.4358973503112793 0.75 0.038839157670736313 -0.62104662733689331 0.63739085543376284 0.45610742603347948 
1 2.3141026496887207 0.875 1.1282873153686523 -0.62104744410864654 -0.63739044598035433 0.45610688609040162 
1 2.4358973503112793 0.75 1.0388391017913818 -0.6210465251015751 0.63739075050789396 0.45610771186885474 
1 2.4358973503112793 0.75 1.0388391017913818 0 1 0 
1 2.4358973503112793 1 1.0388391017913818 -0.6210465251015751 -0.63739075050789396 0.45610771186885474 
1 2.4358973503112793 1 1.0388391017913818 -0.80598838099686798 0 0.59193135556249055 
1 2.192307710647583 1 1.2177354097366333 0.62104744410864654 -0.63739044598035433 -0.45610688609040162 
1 2.3141026496887207 1 0.62828731536865234 0.20235053955835072 0 -0.97931315683005327 
1 2.192307710647583 1 0.21773543953895569 0.28441018647212507 0 0.95870268896613142 
1 2.192307710647583 1 1.2177354097366333 0.20235094029979181 0 -0.97931307402678436 
1 2.4358973503112793 1 1.0388391017913818 -0.2844097316886916 0 -0.95870282388275385 
1 2.4358973503112793 1 1.0388391017913818 0 0 -1 
1 2.557692289352417 0.875 -0.028138317167758942 -0.65153355338567831 -0.66867880401583757 0.35829134216804687 
1 2.4358973503112793 1 0.038839157670736313 0.65153355338567831 -0.66867880401583757 -0.35829134216804687 
1 2.4358973503112793 1 0.038839157670736313 0.87624550734103557 0 -0.48186493010453796 
1 2.6794872283935547 1 -0.095115788280963898 -0.65153355803768964 -0.66867880879026753 0.35829132479809955 
1 2.6794872283935547 1 -0.095115788280963898 0 -1 0 
1 2.6794872283935547 0.75 -0.095115788280963898 -0.65153355803768964 0.66867880879026753 0.35829132479809955 
1 2.557692289352417 0.875 0.97186166048049927 -0.65153359525377408 -0.66867884698570157 0.35829118583850761 
1 2.6794872283935547 0.75 0.9048842191696167 -0.65153359525377408 0.66867884698570157 0.35829118583850761 
1 2.6794872283935547 0.75 0.9048842191696167 0 1 0 
1 2.6794872283935547 1 0.9048842191696167 -0.65153359525377408 -0.66867884698570157 0.35829118583850761 
1 2.6794872283935547 1 0.9048842191696167 -0.87624560353032177 0 0.48186475518944344 
1 2.4358973503112793 1 1.0388391017913818 0.65153359525377408 -0.66867884698570157 -0.35829118583850761 
1 2.557692289352417 1 0.47186169028282166 0.21002328323040792 0 -0.97769638462107444 
1 2.4358973503112793 1 0.038839157670736313 0.27076072241477345 0 0.96264668035444356 
1 2.4358973503112793 1 1.0388391017913818 0.21002330697377616 0 -0.97769637952065624 
1 2.6794872283935547 1 0.9048842191696167 -0.27076072457335826 0 -0.96264667974730478 
1 2.6794872283935547 1 0.9048842191696167 0 0 -1 
1 2.8012821674346924 0.875 -0.13566803932189941 -0.67975608421495415 -0.69764401703234813 0.22632828252721979 
1 2.6794872283935547 1 -0.095115788280963898 0.67975608421495415 -0.69764401703234813 -0.22632828252721979 
1 2.6794872283935547 1 -0.095115788280963898 0.94879080688026518 0 -0.31590505659057677 
1 2.923076868057251 1 -0.17622028291225433 -0.67975537481245651 -0.69764465462973668 0.22632844779243291 
1 2.923076868057251 1 -0.17622028291225433 0 -1 0 
1 2.923076868057251 0.75 -0.17622028291225433 -0.67975537481245651 0.69764465462973668 0.22632844779243291 
1 2.8012821674346924 0.875 0.86433196067810059 -0.67975607781751823 -0.69764401046656221 0.22632832197998404 
1 2.923076868057251 0.75 0.82377970218658447 -0.67975536201757614 0.69764464149813044 0.22632852669802619 
1 2.923076868057251 0.75 0.82377970218658447 0 1 0 
1 2.923076868057251 1 0.82377970218658447 -0.67975536201757614 -0.69764464149813044 0.22632852669802619 
1 2.923076868057251 1 0.82377970218658447 -0.9487907807856969 0 0.31590513496312089 
1 2.6794872283935547 1 0.9048842191696167 0.67975607781751823 -0.69764401046656221 -0.22632832197998404 
1 2.8012821674346924 1 0.36433196067810059 0.21980496949719339 0 -0.97554383570618608 
1 2.6794872283935547 1 -0.095115788280963898 0.25623939717085692 0 0.96661335152040806 
1 2.6794872283935547 1 0.9048842191696167 0.21980537322012647 0 -0.97554374474113703 
1 2.923076868057251 1 0.82377970218658447 -0.256238932388407 0 -0.96661347472940262 
1 2.923076868057251 1 0.82377970218658447 0 0 -1 
1 3.0448718070983887 0.875 -0.18795298039913177 -0.69629328715711769 -0.71461640015470618 0.067075024337412206 
1 2.923076868057251 1 -0.17622028291225433 0.69629328715711769 -0.71461640015470618 -0.067075024337412206 
1 2.923076868057251 1 -0.17622028291225433 0.99539216538036024 0 -0.095887627457340377 
1 3.1666667461395264 1 -0.19968566298484802 -0.69629329113576877 -0.71461640423805639 0.06707493953176806 
1 3.1666667461395264 1 -0.19968566298484802 0 -1 0 
1 3.1666667461395264 0.75 -0.19968566298484802 -0.69629329113576877 0.71461640423805639 0.06707493953176806 
1 3.0448718070983887 0.875 0.81204700469970703 -0.69629328715711769 -0.71461640015470618 0.067075024337412206 
1 3.1666667461395264 0.75 0.80031430721282959 -0.69629328715711769 0.71461640015470618 0.067075024337412206 
1 3.1666667461395264 0.75 0.80031430721282959 0 1 0 
1 3.1666667461395264 1 0.80031430721282959 -0.69629328715711769 -0.71461640015470618 0.067075024337412206 
1 3.1666667461395264 1 0.80031430721282959 -0.9953921595685421 0 0.095887687788757336 
1 2.923076868057251 1 0.82377970218658447 0.69629328715711769 -0.71461640015470618 -0.067075024337412206 
1 3.0448718070983887 1 0.31204703450202942 0.23153744712225027 0 -0.97282599193283859 
1 2.923076868057251 1 -0.17622028291225433 0.2420270816964924 0 0.97026949438054555 
1 2.923076868057251 1 0.82377970218658447 0.23153745988365657 0 -0.97282598889555993 
1 3.1666667461395264 1 0.80031430721282959 -0.24202710255736479 0 -0.97026948917694344 
1 3.1666667461395264 1 0.80031430721282959 0 0 -1 
1 3.288461446762085 0.875 -0.18190605938434601 -0.69427082269739171 -0.71254210892243053 -0.10134972996245235 
1 3.1666667461395264 1 -0.19968566298484802 0.69427082269739171 -0.71254210892243053 0.10134972996245235 
1 3.1666667461395264 1 -0.19968566298484802 0.98951225190857273 0 0.1444489644228209 
1 3.4102563858032227 1 -0.16412645578384399 -0.69427152667642067 -0.71254143659647695 -0.10134963433294079 
1 3.4102563858032227 1 -0.16412645578384399 0 -1 0 
1 3.4102563858032227 0.75 -0.16412645578384399 -0.69427152667642067 0.71254143659647695 -0.10134963433294079 
1 3.288461446762085 0.875 0.81809395551681519 -0.69427080476682856 -0.71254209051998463 -0.10134998216985597 
1 3.4102563858032227 0.75 0.83587354421615601 -0.69427153265326014 0.71254144273059816 -0.10134955026387958 
1 3.4102563858032227 0.75 0.83587354421615601 0 1 0 
1 3.4102563858032227 1 0.83587354421615601 -0.69427153265326014 -0.71254144273059816 -0.10134955026387958 
1 3.4102563858032227 1 0.83587354421615601 -0.98951223460450322 0 -0.14444908296006112 
1 3.1666667461395264 1 0.80031430721282959 0.69427080476682856 -0.71254209051998463 0.10134998216985597 
1 3.288461446762085 1 0.31809395551681519 0.24488109616284193 0 -0.96955311806114319 
1 3.1666667461395264 1 -0.19968566298484802 0.22897556334343103 0 0.9734321709248972 
1 3.1666667461395264 1 0.80031430721282959 0.24488067399722035 0 -0.96955322468788019 
1 3.4102563858032227 1 0.83587354421615601 -0.22897600056106238 0 -0.97343206808028493 
1 3.4102563858032227 1 0.83587354421615601 0 0 -1 
1 3.5320513248443604 0.875 -0.1178843230009079 -0.67458727981131117 -0.69233919438912528 -0.2561219276621835 
1 3.4102563858032227 1 -0.16412645578384399 0.67458727981131117 -0.69233919438912528 0.2561219276621835 
1 3.4102563858032227 1 -0.16412645578384399 0.9348853418961659 0 0.35494985210264435 
1 3.653846263885498 1 -0.071642182767391205 -0.67458727268140262 -0.69233918707159159 -0.2561219662217879 
1 3.653846263885498 1 -0.071642182767391205 0 -1 0 
1 3.653846263885498 0.75 -0.071642182767391205 -0.67458727268140262 0.69233918707159159 -0.2561219662217879 
1 3.5320513248443604 0.875 0.88211566209793091 -0.6745872940711255 -0.69233920902418977 -0.25612185054297104 
1 3.653846263885498 0.75 0.92835783958435059 -0.67458723703184598 0.69233915048390893 -0.25612215901979152 
1 3.653846263885498 0.75 0.92835783958435059 0 1 0 
1 3.653846263885498 1 0.92835783958435059 -0.67458723703184598 -0.69233915048390893 -0.25612215901979152 
1 3.653846263885498 1 0.92835783958435059 -0.93488531342954828 0 -0.35494992707949002 
1 3.4102563858032227 1 0.83587354421615601 0.6745872940711255 -0.69233920902418977 0.25612185054297104 
1 3.5320513248443604 1 0.3821156919002533 0.25923781256757189 0 -0.96581352058002401 
1 3.4102563858032227 1 -0.16412645578384399 0.21762476692234145 0 0.97603251012555747 
1 3.4102563858032227 1 0.83587354421615601 0.25923782447922744 0 -0.96581351738276955 
1 3.653846263885498 1 0.92835783958435059 -0.21762476692234145 0 -0.97603251012555747 
1 3.653846263885498 1 0.92835783958435059 0 0 -1 
1 3.7756409645080566 0.875 0.0003321980475448072 -0.64515497357802576 -0.66213366661304818 -0.38125328536957925 
1 3.653846263885498 1 -0.071642182767391205 0.64515497357802576 -0.66213366661304818 0.38125328536957925 
1 3.653846263885498 1 -0.071642182767391205 0.86091192915892767 0 0.50875401741102122 
1 3.8974359035491943 1 0.07230658084154129 -0.64515570825964408 -0.66213312447421879 -0.38125298369193872 
1 3.8974359035491943 1 0.07230658084154129 0 -1 0 
1 3.8974359035491943 0.75 0.07230658084154129 -0.64515570825964408 0.66213312447421879 -0.38125298369193872 
1 3.7756409645080566 0.875 1.000332236289978 -0.64515495287393676 -0.66213364536408492 -0.38125335730862303 
1 3.8974359035491943 0.75 1.0723066329956055 -0.64515569013409513 0.66213310587169194 -0.38125304667150695 
1 3.8974359035491943 0.75 1.0723066329956055 0 1 0 
1 3.8974359035491943 1 1.0723066329956055 -0.64515569013409513 -0.66213310587169194 -0.38125304667150695 
1 3.8974359035491943 1 1.0723066329956055 -0.86091188302540589 0 -0.50875409547801154 
1 3.653846263885498 1 0.92835783958435059 0.64515495287393676 -0.66213364536408492 0.38125335730862303 
1 3.7756409645080566 1 0.50033217668533325 0.27368618358198749 0 -0.96181904374800498 
1 3.653846263885498 1 -0.071642182767391205 0.20826800972394818 0 0.97807179497500352 
1 3.653846263885498 1 0.92835783958435059 0.2736856482955175 0 -0.96181919606392874 
1 3.8974359035491943 1 1.0723066329956055 -0.2082683659957191 0 -0.97807171911137136 
1 3.8974359035491943 1 1.0723066329956055 0 0 -1 
1 4.019230842590332 0.875 0.16576361656188965 -0.61521050648659215 -0.63139990804420598 -0.47207011007929622 
1 3.8974359035491943 1 0.07230658084154129 0.61521050648659215 -0.63139990804420598 0.47207011007929622 
1 3.8974359035491943 1 0.07230658084154129 0.79335149301407504 0 0.60876383641962362 
1 4.1410255432128906 1 0.2592206597328186 -0.61520974706428699 -0.63140036462959515 -0.47207048908262683 
1 4.1410255432128906 1 0.2592206597328186 0 -1 0 
1 4.1410255432128906 0.75 0.2592206597328186 -0.61520974706428699 0.63140036462959515 -0.47207048908262683 
1 4.019230842590332 0.875 1.1657636165618896 -0.61521058299565201 -0.63139998656661878 -0.47206990534646837 
1 4.1410255432128906 0.75 1.2592206001281738 -0.61520983450323674 0.63140045436969594 -0.47207025510218437 
1 4.1410255432128906 0.75 1.2592206001281738 0 1 0 
1 4.1410255432128906 1 1.2592206001281738 -0.61520983450323674 -0.63140045436969594 -0.47207025510218437 
1 4.1410255432128906 1 1.2592206001281738 -0.79335166880753316 0 -0.60876360732249934 
1 3.8974359035491943 1 1.0723066329956055 0.61521058299565201 -0.63139998656661878 0.47206990534646837 
1 4.019230842590332 1 0.66576361656188965 0.286984289729455 0 -0.95793528875831702 
1 3.8974359035491943 1 0.07230658084154129 0.2010394394399439 0 0.97958314797145896 
1 3.8974359035491943 1 1.0723066329956055 0.28698476663491929 0 -0.95793514588384365 
1 4.1410255432128906 1 1.2592206001281738 -0.2010390787563387 0 -0.97958322199433512 
1 4.1410255432128906 1 1.2592206001281738 0 0 -1 
1 4.2628207206726074 0.875 0.36864235997200012 -0.59126538201100864 -0.6068234744008717 -0.53119725051192657 
1 4.1410255432128906 1 0.2592206597328186 0.59126538201100864 -0.6068234744008717 0.53119725051192657 
1 4.1410255432128906 1 0.2592206597328186 0.74388225399001762 0 0.6683107003473242 
1 4.384615421295166 1 0.47806406021118164 -0.59126387641872857 -0.60682430495380657 -0.5311979775560407 
1 4.384615421295166 1 0.47806406021118164 0 -1 0 
1 4.384615421295166 0.75 0.47806406021118164 -0.59126387641872857 0.60682430495380657 -0.5311979775560407 
1 4.2628207206726074 0.875 1.3686423301696777 -0.59126533657075497 -0.60682342776493892 -0.53119735436604154 
1 4.384615421295166 0.75 1.4780640602111816 -0.59126383097846613 0.60682425831768216 -0.53119808141018598 
1 4.384615421295166 0.75 1.4780640602111816 0 1 0 
1 4.384615421295166 1 1.4780640602111816 -0.59126383097846613 -0.60682425831768216 -0.53119808141018598 
1 4.384615421295166 1 1.4780640602111816 -0.74388216349854475 0 -0.66831080107142105 
1 4.1410255432128906 1 1.2592206001281738 0.59126533657075497 -0.60682342776493892 0.53119735436604154 
1 4.2628207206726074 1 0.86864233016967773 0.29769373196601873 0 -0.95466142791470532 
1 4.1410255432128906 1 0.2592206597328186 0.19597819074455733 0 0.98060825447907063 
1 4.1410255432128906 1 1.2592206001281738 0.29769479417486688 0 -0.95466109668362609 
1 4.384615421295166 1 1.4780640602111816 -0.19597743451263358 0 -0.98060840561451768 
1 4.384615421295166 1 1.4780640602111816 0 0 -1 
1 4.5064101219177246 0.875 0.59698981046676636 -0.57669986123365269 -0.59187700520407271 -0.56311533522338375 
1 4.384615421295166 1 0.47806406021118164 0.57669986123365269 -0.59187700520407271 0.56311533522338375 
1 4.384615421295166 1 0.47806406021118164 0.71548407982555251 0 0.69862903712641555 
1 4.6282052993774414 1 0.71591556072235107 -0.57670136814650774 -0.59187623452624916 -0.56311460199587671 
1 4.6282052993774414 1 0.71591556072235107 0 -1 0 
1 4.6282052993774414 0.75 0.71591556072235107 -0.57670136814650774 0.59187623452624916 -0.56311460199587671 
1 4.5064101219177246 0.875 1.5969897508621216 -0.57669995288708953 -0.59187709926957432 -0.56311514248887251 
1 4.6282052993774414 0.75 1.7159155607223511 -0.57670127649306779 0.5918761404611127 -0.56311479473027815 
1 4.6282052993774414 0.75 1.7159155607223511 0 1 0 
1 4.6282052993774414 1 1.7159155607223511 -0.57670127649306779 -0.5918761404611127 -0.56311479473027815 
1 4.6282052993774414 1 1.7159155607223511 -0.71548407982555251 0 -0.69862903712641555 
1 4.384615421295166 1 1.4780640602111816 0.57669995288708953 -0.59187709926957432 0.56311514248887251 
1 4.5064101219177246 1 1.0969897508621216 0.3044388533760829 0 -0.95253188112265097 
1 4.384615421295166 1 0.47806406021118164 0.19308111917116919 0 0.98118279714822187 
1 4.384615421295166 1 1.4780640602111816 0.30443768553486966 0 -0.95253225437576228 
1 4.6282052993774414 1 1.7159155607223511 -0.19308181111712874 0 -0.98118266098404394 
1 4.6282052993774414 1 1.7159155607223511 0 0 -1 
1 4.75 0.875 0.83732360601425171 -0.57288129087250439 -0.58795794064129869 -0.57106259429689132 
1 4.6282052993774414 1 0.71591556072235107 0.57288129087250439 -0.58795794064129869 0.57106259429689132 
1 4.6282052993774414 1 0.71591556072235107 0.70823007822296713 0 0.70598169685926693 
1 4.8717947006225586 1 0.95873165130615234 -0.57288129087250439 -0.58795794064129869 -0.57106259429689132 
1 4.8717947006225586 1 0.95873165130615234 0 -1 0 
1 4.8717947006225586 0.75 0.95873165130615234 -0.57288129087250439 0.58795794064129869 -0.57106259429689132 
1 4.75 0.875 1.8373235464096069 -0.57288138259264298 -0.58795803477525743 -0.57106240536561237 
1 4.8717947006225586 0.75 1.9587316513061523 -0.57288119915236491 0.58795784650733907 -0.57106278322807968 
1 4.8717947006225586 0.75 1.9587316513061523 0 1 0 
1 4.8717947006225586 1 1.9587316513061523 -0.57288119915236491 -0.58795784650733907 -0.57106278322807968 
1 4.8717947006225586 1 1.9587316513061523 -0.70823007822296713 0 -0.70598169685926693 
1 4.6282052993774414 1 1.7159155607223511 0.57288138259264298 -0.58795803477525743 0.57106240536561237 
1 4.75 1 1.3373235464096069 0.30624720892286522 0 -0.95195201928823847 
1 4.6282052993774414 1 0.71591556072235107 0.19233841968380957 0 0.98132865662505475 
1 4.6282052993774414 1 1.7159155607223511 0.30624712153705286 0 -0.95195204740063954 
1 4.8717947006225586 1 1.9587316513061523 -0.1923383841511106 0 -0.98132866358939086 
1 4.8717947006225586 1 1.9587316513061523 0 0 -1 
1 4.9935898780822754 0.875 1.0754537582397461 -0.5800880948810917 -0.59535207692537051 -0.55592599028816181 
1 4.8717947006225586 1 0.95873165130615234 0.5800880948810917 -0.59535207692537051 0.55592599028816181 
1 4.8717947006225586 1 0.95873165130615234 0.72198258638312174 0 0.69191122621297174 
1 5.115384578704834 1 1.1921757459640503 -0.58008677111480111 -0.59535304917790333 -0.55592633038216244 
1 5.115384578704834 1 1.1921757459640503 0 -1 0 
1 5.115384578704834 0.75 1.1921757459640503 -0.58008677111480111 0.59535304917790333 -0.55592633038216244 
1 4.9935898780822754 0.875 2.0754537582397461 -0.5800880948810917 -0.59535207692537051 -0.55592599028816181 
1 5.115384578704834 0.75 2.1921758651733398 -0.58008658801625723 0.59535286126071263 -0.55592672268235122 
1 5.115384578704834 0.75 2.1921758651733398 0 1 0 
1 5.115384578704834 1 2.1921758651733398 -0.58008658801625723 -0.59535286126071263 -0.55592672268235122 
1 5.115384578704834 1 2.1921758651733398 -0.72198240987908757 0 -0.69191141038805337 
1 4.8717947006225586 1 1.9587316513061523 0.5800880948810917 -0.59535207692537051 0.55592599028816181 
1 4.9935898780822754 1 1.5754537582397461 0.30284824756121875 0 -0.95303879194348584 
1 4.8717947006225586 1 0.95873165130615234 0.19374588706778034 0 0.98105174748548252 
1 4.8717947006225586 1 1.9587316513061523 0.30284941004642102 0 -0.95303842253842774 
1 5.115384578704834 1 2.1921758651733398 -0.19374515701137199 0 -0.98105189166253526 
1 5.115384578704834 1 2.1921758651733398 0 0 -1 
1 5.2371792793273926 0.875 1.2973201274871826 -0.59776376346445481 -0.6134952510340772 -0.5160446298988548 
1 5.115384578704834 1 1.1921757459640503 0.59776376346445481 -0.6134952510340772 0.5160446298988548 
1 5.115384578704834 1 1.1921757459640503 0.75695259916605973 0 0.65346978707186343 
1 5.3589744567871094 1 1.4024645090103149 -0.59776526752088932 -0.61349439278763462 -0.51604390798052369 
1 5.3589744567871094 1 1.4024645090103149 0 -1 0 
1 5.3589744567871094 0.75 1.4024645090103149 -0.59776526752088932 0.61349439278763462 -0.51604390798052369 
1 5.2371792793273926 0.875 2.2973201274871826 -0.59776394394404242 -0.61349543626338787 -0.51604420063058454 
1 5.3589744567871094 0.75 2.4024646282196045 -0.59776508704131137 0.61349420755905903 -0.5160443372482405 
1 5.3589744567871094 0.75 2.4024646282196045 0 1 0 
1 5.3589744567871094 1 2.4024646282196045 -0.59776508704131137 -0.61349420755905903 -0.5160443372482405 
1 5.3589744567871094 1 2.4024646282196045 -0.75695259916605973 0 -0.65346978707186343 
1 5.115384578704834 1 2.1921758651733398 0.59776394394404242 -0.61349543626338787 0.51604420063058454 
1 5.2371792793273926 1 1.7973201274871826 0.29475152698583057 0 -0.9555739308601513 
1 5.115384578704834 1 1.1921757459640503 0.19730891774685264 0 0.98034136451420117 
1 5.115384578704834 1 2.1921758651733398 0.29475039201075875 0 -0.95557428094811347 
1 5.3589744567871094 1 2.4024646282196045 -0.19730962279996772 0 -0.98034122261105316 
1 5.3589744567871094 1 2.4024646282196045 0 0 -1 
1 5.480769157409668 0.875 1.4898232221603394 -0.62405101006556651 -0.640474305199348 -0.44760808886296821 
1 5.3589744567871094 1 1.4024645090103149 0.62405101006556651 -0.640474305199348 0.44760808886296821 
1 5.3589744567871094 1 1.4024645090103149 0.81258854520580392 0 0.58283776147425037 
1 5.6025643348693848 1 1.5771819353103638 -0.62405250179268279 -0.64047332867416418 -0.4476074063991009 
1 5.6025643348693848 1 1.5771819353103638 0 -1 0 
1 5.6025643348693848 0.75 1.5771819353103638 -0.62405250179268279 0.64047332867416418 -0.4476074063991009 
1 5.480769157409668 0.875 2.4898233413696289 -0.62405101006556651 -0.640474305199348 -0.44760808886296821 
1 5.6025643348693848 0.75 2.5771820545196533 -0.62405250179268279 0.64047332867416418 -0.4476074063991009 
1 5.6025643348693848 0.75 2.5771820545196533 0 1 0 
1 5.6025643348693848 1 2.5771820545196533 -0.62405250179268279 -0.64047332867416418 -0.4476074063991009 
1 5.6025643348693848 1 2.5771820545196533 -0.81258854520580392 0 -0.58283776147425037 
1 5.3589744567871094 1 2.4024646282196045 0.62405101006556651 -0.640474305199348 0.44760808886296821 
1 5.480769157409668 1 1.9898232221603394 0.28308626103420459 0 -0.95909445249864422 
1 5.3589744567871094 1 1.4024645090103149 0.20304074756249532 0 0.97917028898412917 
1 5.3589744567871094 1 2.4024646282196045 0.28308516631939862 0 -0.95909477561392142 
1 5.6025643348693848 1 2.5771820545196533 -0.20304147020382995 0 -0.97917013913694662 
1 5.6025643348693848 1 2.5771820545196533 0 0 -1 
1 5.7243590354919434 0.875 1.6415970325469971 -0.65469428279539565 -0.67192402404301976 -0.34625641075488839 
1 5.6025643348693848 1 1.5771819353103638 0.65469428279539565 -0.67192402404301976 0.34625641075488839 
1 5.6025643348693848 1 1.5771819353103638 0.88398127282251315 0 0.46752230887850638 
1 5.846153736114502 1 1.7060121297836304 -0.65469428279539565 -0.67192402404301976 -0.34625641075488839 
1 5.846153736114502 1 1.7060121297836304 0 -1 0 
1 5.846153736114502 0.75 1.7060121297836304 -0.65469428279539565 0.67192402404301976 -0.34625641075488839 
1 5.7243590354919434 0.875 2.6415970325469971 -0.65469442805885081 -0.671924173129407 -0.34625584678537497 
1 5.846153736114502 0.75 2.7060120105743408 -0.65469442805885081 0.671924173129407 -0.34625584678537497 
1 5.846153736114502 0.75 2.7060120105743408 0 1 0 
1 5.846153736114502 1 2.7060120105743408 -0.65469442805885081 -0.671924173129407 -0.34625584678537497 
1 5.846153736114502 1 2.7060120105743408 -0.88398163039989264 0 -0.46752163277815023 
1 5.6025643348693848 1 2.5771820545196533 0.65469442805885081 -0.671924173129407 0.34625584678537497 
1 5.7243590354919434 1 2.1415970325469971 0.26928327243514727 0 -0.96306101529789812 
1 5.6025643348693848 1 1.5771819353103638 0.21093403888745199 0 0.97750029730871535 
1 5.6025643348693848 1 2.5771820545196533 0.26928320408268602 0 -0.96306103441005364 
1 5.846153736114502 1 2.7060120105743408 -0.21093408145631279 0 -0.97750028812281253 
1 5.846153736114502 1 2.7060120105743408 0 0 -1 
1 5.9679489135742188 0.875 1.7436802387237549 -0.68215786150545099 -0.70010762713806085 -0.21097384295078841 
1 5.846153736114502 1 1.7060121297836304 0.68215786150545099 -0.70010762713806085 0.21097384295078841 
1 5.846153736114502 1 1.7060121297836304 0.95535292181081455 0 0.29546707902495623 
1 6.0897436141967773 1 1.7813484668731689 -0.68215633749374083 -0.70010880400262776 -0.21097486526867518 
1 6.0897436141967773 1 1.7813484668731689 0 -1 0 
1 6.0897436141967773 0.75 1.7813484668731689 -0.68215633749374083 0.70010880400262776 -0.21097486526867518 
1 5.9679489135742188 0.875 2.7436802387237549 -0.68215776541527395 -0.70010752851944247 -0.21097448090714219 
1 6.0897436141967773 0.75 2.7813484668731689 -0.68215633749374083 0.70010880400262776 -0.21097486526867518 
1 6.0897436141967773 0.75 2.7813484668731689 0 1 0 
1 6.0897436141967773 1 2.7813484668731689 -0.68215633749374083 -0.70010880400262776 -0.21097486526867518 
1 6.0897436141967773 1 2.7813484668731689 -0.95535278983696448 0 -0.29546750574425062 
1 5.846153736114502 1 2.7060120105743408 0.68215776541527395 -0.70010752851944247 0.21097448090714219 
1 6.0897436141967773 0.875 2.2813484668731689 0 -0.24253562503633297 -0.97014250014533188 
1 6.0897436141967773 1 1.7813484668731689 0 -0.24253562503633297 0.97014250014533188 
1 6.0897436141967773 1 1.7813484668731689 0 0 1 
1 6.0897436141967773 1 2.7813484668731689 0 -0.24253562503633297 -0.97014250014533188 
1 6.0897436141967773 0.75 2.7813484668731689 0 0.24253562503633297 -0.97014250014533188 
1 5.9679489135742188 1 2.2436802387237549 0.25474454479733222 0 -0.96700838512186649 
1 5.846153736114502 1 1.7060121297836304 0.22092745743080866 0 0.97529024323693414 
1 5.846153736114502 1 2.7060120105743408 0.2547454774220162 0 -0.96700813943473563 
1 6.0897436141967773 1 2.7813484668731689 -0.22092658810830754 0 -0.97529044015965949 
Polygon3D 0
PolygonOnTriangulations 0
Surfaces 1032
1 0.035536027581529815 0.875 1.7956932208911582 -0.12031303541711766 -0 -0.9927360039349431 -0.9927360039349431 0 0.12031303541711766 0 1 -0 
1 0.12179487301300265 0.96324546194231986 1.7852391774623346 -0.12031351421516349 -4.7337338729107738e-07 -0.99273594590755787 -0.99273594590766923 7.4390099579536546e-24 0.12031351421517698 -5.6953215760931498e-08 0.99999999999988798 -4.6993477739992506e-07 
1 0.20805371554140378 0.875 1.7747851341151208 -0.12031399301315218 -0 -0.99273588788017086 -0.99273588788017086 0 0.12031399301315218 0 1 -0 
1 0.12179487301300271 0.78675453805767981 1.7852391774623348 -0.12031351421516344 4.7337338729408652e-07 -0.99273594590755787 -0.99273594590766923 -3.384787216272633e-24 0.12031351421517693 5.6953215761293512e-08 0.99999999999988798 4.6993477740291234e-07 
1 0.035536027581529815 0.625 1.7956932208911582 -0.12031303541711766 -0 -0.9927360039349431 -0.9927360039349431 0 0.12031303541711766 0 1 -0 
1 0.12179487301300265 0.71324546194231997 1.7852391774623346 -0.12031351421516349 -4.7337338729285631e-07 -0.99273594590755787 -0.99273594590766923 7.0505759469211267e-24 0.12031351421517698 -5.6953215761145526e-08 0.99999999999988798 -4.6993477740169107e-07 
1 0.20805371554140378 0.62499999999999989 1.7747851341151208 -0.12031399301315218 -0 -0.99273588788017086 -0.99273588788017086 0 0.12031399301315218 0 1 -0 
1 0.12179487301300271 0.53675453805767992 1.7852391774623348 -0.12031351421516344 4.7337338729586523e-07 -0.99273594590755787 -0.99273594590766923 -9.4215201948225776e-24 0.12031351421517693 5.6953215761507514e-08 0.99999999999988798 4.6993477740467813e-07 
1 0.035536027581529815 0.375 1.7956932208911582 -0.12031303541711766 -0 -0.9927360039349431 -0.9927360039349431 0 0.12031303541711766 0 1 -0 
1 0.12179487301300265 0.46324546194232002 1.7852391774623346 -0.12031351421516349 -4.7337338729535956e-07 -0.99273594590755787 -0.99273594590766923 4.4143834639064083e-24 0.12031351421517698 -5.6953215761446706e-08 0.99999999999988798 -4.6993477740417611e-07 
1 0.20805371554140378 0.375 1.7747851341151208 -0.12031399301315218 -0 -0.99273588788017086 -0.99273588788017086 0 0.12031399301315218 0 1 -0 
1 0.12179487301300271 0.28675453805767986 1.7852391774623348 -0.12031351421516344 4.7337338729336151e-07 -0.99273594590755787 -0.99273594590766923 -5.0076424780191429e-24 0.12031351421517693 5.6953215761206288e-08 0.99999999999988798 4.6993477740219257e-07 
1 5.9679487123407506 0.036463627795784617 2.7436802287144335 -0.29546750574420366 5.6355954312444045e-07 0.95535278983681282 0.95535278983696459 7.9301145721341933e-24 0.29546750574425062 1.6651353254534787e-07 0.99999999999984135 -5.383981817631793e-07 
1 6.0539239359691805 0.125 2.7702702852706946 -0.295468033640857 0 0.95535262657115538 0.95535262657115538 0 0.295468033640857 0 1 -0 
1 5.9679487123407498 0.21353637220421534 2.7436802287144326 -0.29546750574420377 -5.6355954312925001e-07 0.95535278983681282 0.95535278983696459 -8.444137606551745e-24 0.29546750574425068 -1.6651353254676895e-07 0.99999999999984135 5.3839818176777414e-07 
1 5.8819735814526917 0.125 2.7170902004880744 -0.29546697784944026 0 0.95535295310189861 0.95535295310189861 0 0.29546697784944026 0 1 -0 
1 5.7243590354919425 0.035906746970076855 2.6415970325469971 -0.46752163277815023 0 0.88398163039989264 0.88398163039989275 0 0.46752163277815029 0 1 -0 
1 5.8097302240378168 0.125 2.6867482846642194 -0.46752163277815029 0 0.88398163039989264 0.88398163039989264 0 0.46752163277815029 0 1 -0 
1 5.7243590354919425 0.21409325302992313 2.6415970325469971 -0.46752163277815023 0 0.88398163039989264 0.88398163039989275 0 0.46752163277815029 0 1 -0 
1 5.638987846946069 0.125 2.5964457804297751 -0.46752163277815023 0 0.88398163039989264 0.88398163039989275 0 0.46752163277815029 0 1 -0 
1 5.4807693546601612 0.035351078509507014 2.4898233602039928 -0.5828377614738901 -1.1116748074864098e-06 0.81258854520530188 0.81258854520580404 -7.9439878057629236e-25 0.58283776147425026 -6.4792605628269719e-07 0.99999999999938216 9.0333421455732398e-07 
1 5.5654423727713622 0.125 2.5505559851947024 -0.58283700811953765 0 0.81258908555694132 0.81258908555694132 0 0.58283700811953765 0 1 -0 
1 5.4807693546601612 0.21464892149049297 2.4898233602039928 -0.5828377614738901 1.1116748075128406e-06 0.81258854520530188 0.81258854520580404 4.6281693779926757e-23 0.58283776147425026 6.4792605629810207e-07 0.99999999999938216 -9.0333421457880135e-07 
1 5.3960962514523905 0.125 2.4290906816948552 -0.5828385148304096 0 0.81258800485257132 0.81258800485257132 0 0.5828385148304096 0 1 -0 
1 5.2371794852116027 0.034922078518050147 2.2973202428081163 -0.65346978707177361 -5.2450845242753742e-07 0.7569525991659557 0.75695259916605973 2.9951721919115518e-23 0.65346978707186343 -3.4275042672521551e-07 0.99999999999986255 3.9702803634959202e-07 
1 5.3212317810188541 0.125 2.3698817716342417 -0.65346947863234961 0 0.75695286543877049 0.75695286543877049 0 0.65346947863234961 0 1 -0 
1 5.2371794852116036 0.21507792148194987 2.2973202428081172 -0.65346978707177361 5.2450845241342977e-07 0.7569525991659557 0.75695259916605973 -4.4046069058259981e-24 0.65346978707186343 3.4275042671599656e-07 0.99999999999986255 -3.9702803633891321e-07 
1 5.1531270779661318 0.125 2.2247586230636696 -0.65347009551225943 0 0.7569523328923683 0.7569523328923683 0 0.65347009551225943 0 1 -0 
1 4.9935896835210603 0.034655517165199094 2.0754537369233819 -0.69191141038745085 1.3197162825882466e-06 0.72198240987845896 0.72198240987908757 2.8130240445892044e-23 0.69191141038805326 9.1312675439771231e-07 0.99999999999912925 -9.5281194205973321e-07 
1 5.0772128664836549 0.12500000000000003 2.1555939560020501 -0.69191211640450112 0 0.7219817332679852 0.7219817332679852 0 0.69191211640450112 0 1 -0 
1 4.9935896835210603 0.2153444828348009 2.0754537369233823 -0.69191141038745085 -1.3197162825853758e-06 0.72198240987845896 0.72198240987908757 3.6455035000494284e-23 0.69191141038805326 -9.1312675439572601e-07 0.99999999999912925 9.5281194205766052e-07 
1 4.9099665810561373 0.125 1.9953135784624905 -0.69191070437238478 0 0.72198308648811871 0.72198308648811871 0 0.69191070437238478 0 1 -0 
1 4.7500000053899649 0.034551547161890246 1.8373235949116438 -0.70598169685922674 3.3771041785974024e-07 0.70823007822292683 0.70823007822296724 3.3123592478009885e-25 0.70598169685926704 2.3841737384767149e-07 0.99999999999994305 -2.3917667565751474e-07 
1 4.8334452252600846 0.125 1.920503903270026 -0.70598187070925045 0 0.7082299049248536 0.7082299049248536 0 0.70598187070925045 0 1 -0 
1 4.7500000053899649 0.21544845283810976 1.8373235949116438 -0.70598169685922674 -3.3771041788273152e-07 0.70823007822292683 0.70823007822296724 -2.0955322837352894e-24 0.70598169685926704 -2.3841737386390292e-07 0.99999999999994305 2.3917667567379783e-07 
1 4.6665547701932102 0.12500000000000003 1.7541432666908023 -0.70598152300915584 0 0.70823025152112273 0.70823025152112273 0 0.70598152300915584 0 1 -0 
1 4.5064103216414733 0.034606318414753159 1.5969898206332811 -0.69862903712607227 -9.9135974342561047e-07 0.71548407982520101 0.71548407982555262 -5.3199531441456738e-23 0.69862903712641555 -6.9259270299532443e-07 0.99999999999950873 7.0930211380096872e-07 
1 4.5899500688466164 0.125 1.678561583601436 -0.69862851627768208 0 0.71548458840400231 0.71548458840400231 0 0.69862851627768208 0 1 -0 
1 4.506410321641475 0.21539368158524688 1.5969898206332811 -0.69862903712607216 9.9135974345347383e-07 0.7154840798252009 0.71548407982555251 -7.0498197309954317e-23 0.69862903712641544 6.9259270301479073e-07 0.99999999999950862 -7.0930211382090449e-07 
1 4.4228704790123867 0.12499999999999999 1.515417977390312 -0.69862955797607751 0 0.71548357124545536 0.71548357124545536 0 0.69862955797607751 0 1 -0 
1 4.2628205254526517 0.034822116230740628 1.368642309309245 -0.66831080107087804 1.274701692703675e-06 0.74388216349794034 0.74388216349854475 -1.7477564429033606e-23 0.66831080107142105 8.5189690937788941e-07 0.99999999999918765 -9.4822785298366688e-07 
1 4.3467162235477792 0.125 1.4440149943363403 -0.66831152500363855 0 0.74388151311032802 0.74388151311032802 0 0.66831152500363855 0 1 -0 
1 4.2628205254526517 0.21517788376925936 1.368642309309245 -0.66831080107087804 -1.2747016926767574e-06 0.74388216349794034 0.74388216349854475 -1.4179139750764742e-23 0.66831080107142105 -8.5189690935990002e-07 0.99999999999918765 9.4822785296364334e-07 
1 4.1789249089288649 0.125 1.2932696836026747 -0.6683100771401389 0 0.74388281388464783 0.74388281388464783 0 0.6683100771401389 0 1 -0 
1 4.0192307442462409 0.035202201685641039 1.165763606811995 -0.60876360732239676 5.8056221705096507e-07 0.79335166880739949 0.79335166880753327 2.6209095686845717e-24 0.60876360732249934 3.5342514952709334e-07 0.99999999999983158 -4.6059000374398449e-07 
1 4.103697277091495 0.125 1.2305774232441784 -0.60876398234871909 0 0.79335138103801672 0.79335138103801672 0 0.60876398234871909 0 1 -0 
1 4.0192307442462401 0.21479779831435897 1.165763606811995 -0.60876360732239676 -5.8056221710637871e-07 0.79335166880739949 0.79335166880753327 -2.7831285832186844e-24 0.60876360732249934 -3.5342514956082712e-07 0.99999999999983158 4.6059000378794698e-07 
1 3.9347642534462244 0.125 1.1009498180930168 -0.60876323229660556 0 0.7933519565765178 0.79335195657651791 0 0.60876323229660567 0 1 -0 
1 3.7756410638271229 0.035726820507916687 1.0003322446705225 -0.50875409547795192 -4.8518571421000931e-07 0.86091188302530464 0.86091188302540578 -6.5399454768265487e-24 0.50875409547801176 -2.4684021917176638e-07 0.99999999999988243 4.1770214683756549e-07 
1 3.8607977610890987 0.125 1.0506554197289397 -0.50875372641005068 0 0.86091210112524685 0.86091210112524696 0 0.50875372641005079 0 1 -0 
1 3.7756410638271225 0.21427317949208333 1.0003322446705225 -0.50875409547795192 4.8518571420912194e-07 0.86091188302530464 0.86091188302540578 -2.0161362281528229e-23 0.50875409547801176 2.4684021917131496e-07 0.99999999999988243 -4.1770214683680152e-07 
1 3.6904843227330102 0.125 0.95000904582350409 -0.50875446454641449 0 0.86091166492509041 0.86091166492509041 0 0.50875446454641449 0 1 -0 
1 3.5320513263398383 0.036304024593161677 0.8821156838124905 -0.3549499270794812 2.2289402803592688e-07 0.93488531342952519 0.93488531342954828 -5.7691647500803224e-24 0.35494992707948997 7.9116218997806045e-08 0.99999999999997524 -2.0838035326194203e-07 
1 3.6178620644399224 0.125 0.91469563201998694 -0.35495012701771173 0 0.93488523751854713 0.93488523751854713 0 0.35495012701771173 0 1 -0 
1 3.5320513263398383 0.21369597540683832 0.88211568381249061 -0.3549499270794812 -2.228940280301111e-07 0.93488531342952519 0.93488531342954828 -3.9818013818357126e-24 0.35494992707948997 -7.9116218995741719e-08 0.99999999999997524 2.0838035325650495e-07 
1 3.4462405840040566 0.125 0.84953573369779012 -0.35494972714121964 0 0.93488538934051901 0.93488538934051901 0 0.35494972714121964 0 1 -0 
1 3.2884615472111407 0.036729495338315911 0.81809393684625342 -0.14444908296005105 -3.7367548142892691e-07 0.98951223460443416 0.98951223460450333 -1.0966677817720085e-24 0.14444908296006112 -5.397708061706783e-08 0.99999999999993017 3.6975646064565094e-07 
1 3.3746966802094889 0.12500000000000003 0.8306825490508094 -0.14444870745331295 0 0.98951228942093861 0.98951228942093861 0 0.14444870745331295 0 1 -0 
1 3.2884615472111398 0.2132705046616841 0.81809393684625309 -0.14444908296005105 3.7367548143392123e-07 0.98951223460443416 0.98951223460450333 3.447236447167771e-24 0.14444908296006112 5.397708061778925e-08 0.99999999999993017 -3.697564606505929e-07 
1 3.2022263686728265 0.12499999999999997 0.80550531781700885 -0.14444945846748197 0 0.98951217978782413 0.98951217978782413 0 0.14444945846748197 0 1 -0 
1 3.0448718070983882 0.036775164137900614 0.81204700469970703 0.095887687788757323 0 0.99539215956854199 0.9953921595685421 0 -0.095887687788757336 -0 1 0 
1 3.1311500734219 0.125 0.80373568399594519 0.095887687788757309 0 0.99539215956854199 0.9953921595685421 0 -0.095887687788757323 -0 1 0 
1 3.0448718070983887 0.21322483586209937 0.81204700469970703 0.095887687788757323 0 0.99539215956854199 0.9953921595685421 0 -0.095887687788757336 -0 1 0 
1 2.9585935407748765 0.125 0.82035832540346876 0.095887687788757309 0 0.99539215956854199 0.9953921595685421 0 -0.095887687788757323 -0 1 0 
1 2.8012820669054479 0.036412484244995956 0.86433196602057405 0.31590513496310657 -3.0127061362489924e-07 0.94879078078565393 0.94879078078569701 1.0535043410163421e-23 -0.31590513496312089 9.5172933857596e-08 0.99999999999995459 2.8584278072895417e-07 
1 2.8872051969061321 0.125 0.83572338506939614 0.31590541330543997 0 0.94879068811003786 0.94879068811003786 0 -0.31590541330543997 -0 1 0 
1 2.8012820669054475 0.21358751575500404 0.86433196602057394 0.31590513496310663 3.0127061363816865e-07 0.94879078078565382 0.9487907807856969 -1.8738590633867525e-24 -0.31590513496312095 -9.5172933861787927e-08 0.99999999999995459 -2.8584278074154404e-07 
1 2.7153589830989673 0.12500000000000003 0.89294053184721656 0.31590485662126511 0 0.94879087346111102 0.94879087346111102 0 -0.31590485662126511 -0 1 0 
1 2.557692289352417 0.035846377712323137 0.97186166048049905 0.48186475518944333 0 0.87624560353032177 0.87624560353032177 0 -0.48186475518944333 -0 1 0 
1 2.6429928066954709 0.125 0.92495322209126063 0.48186475518944333 0 0.87624560353032177 0.87624560353032177 0 -0.48186475518944333 -0 1 0 
1 2.557692289352417 0.21415362228767687 0.97186166048049949 0.48186475518944333 0 0.87624560353032177 0.87624560353032177 0 -0.48186475518944333 -0 1 0 
1 2.4723917720093636 0.125 1.0187700988697383 0.48186475518944333 0 0.87624560353032177 0.87624560353032177 0 -0.48186475518944333 -0 1 0 
1 2.3141025559276427 0.035299947728380618 1.1282872786306271 0.59193135556222409 -9.4883493998188475e-07 0.80598838099650516 0.80598838099686798 -4.9238134388653934e-23 -0.59193135556249055 5.6164515222853155e-07 0.99999999999954992 7.6474993710925978e-07 
1 2.3987056474191082 0.125 1.0661533557498599 0.59193198816291115 0 0.80598791640415013 0.80598791640415013 0 -0.59193198816291115 -0 1 0 
1 2.3141025559276427 0.2147000522716194 1.1282872786306268 0.59193135556222409 9.4883494004773574e-07 0.80598838099650516 0.80598838099686798 -5.5530618969186e-23 -0.59193135556249055 -5.6164515226751073e-07 0.99999999999954992 -7.6474993716233497e-07 
1 2.2294994932612333 0.125 1.1904211871003745 0.59193072296221427 0 0.80598884558871553 0.80598884558871553 0 -0.59193072296221427 -0 1 0 
1 2.0705128153098333 0.034887003325704727 1.3243729299378184 0.65873905067673821 6.7286994147589875e-07 0.75237149275677451 0.7523714927569447 3.8249984714831088e-23 -0.65873905067688732 -4.4324570647684629e-07 0.99999999999977374 -5.0624816229949997e-07 
1 2.1545107008472417 0.125 1.2508285565294939 0.658738659766817 0 0.75237183501817617 0.75237183501817617 0 -0.658738659766817 -0 1 0 
1 2.0705128153098329 0.21511299667429526 1.3243729299378182 0.65873905067673821 -6.7286994143371958e-07 0.75237149275677451 0.7523714927569447 -6.9160550042718738e-23 -0.65873905067688732 4.4324570644906123e-07 0.99999999999977374 5.0624816226776556e-07 
1 1.9865149239610176 0.125 1.3979173014502271 0.65873944158680675 0 0.75237115049548653 0.75237115049548653 0 -0.65873944158680675 -0 1 0 
1 1.8269230779802397 0.034637405753967614 1.5485411226125456 0.69439753270747362 1.2013466022023122e-08 0.71959159706723452 0.71959159706723452 7.1531969791177855e-25 -0.69439753270747362 -8.3421211649579245e-09 1 -8.644789201100575e-09 
1 1.9105156721024474 0.125 1.4678752401834614 0.69439752632304996 0 0.7195916032281291 0.7195916032281291 0 -0.69439752632304996 -0 1 0 
1 1.8269230779802397 0.21536259424603238 1.5485411226125456 0.69439753270747362 -1.2013466072405764e-08 0.71959159706723452 0.71959159706723452 5.6731155089970947e-25 -0.69439753270747362 8.3421211999435053e-09 1 8.6447892373555009e-09 
1 1.743330519139703 0.125 1.6292069708426284 0.69439753909189073 0 0.71959159090634606 0.71959159090634606 0 -0.69439753909189073 -0 1 0 
1 1.5833333245351187 0.034549869368327678 1.7875561768081201 0.70620377436138382 -3.3674420087138422e-07 0.70800863630157951 0.7080086363016197 4.6240064787716404e-24 -0.7062037743614239 2.3781002564969303e-07 0.99999999999994338 2.3841780244142744e-07 
1 1.6667757653102016 0.125 1.7043264505370597 0.7062039476054518 0 0.70800846349918467 0.70800846349918467 0 -0.7062039476054518 -0 1 0 
1 1.5833333245351184 0.21545013063167229 1.7875561768081194 0.70620377436138382 3.3674420084653677e-07 0.70800863630157951 0.7080086363016197 8.5032300627347771e-25 -0.7062037743614239 -2.3781002563214566e-07 0.99999999999994338 -2.3841780242383523e-07 
1 1.4998909037173773 0.125 1.8707858877499552 0.70620360111743863 0 0.70800880910392749 0.70800880910392749 0 -0.70620360111743863 -0 1 0 
1 1.3397435709410483 0.034621006119075468 2.0273060369234788 0.69663542622051522 -6.7427670546098586e-07 0.71742531523086528 0.71742531523102848 -5.0826347077141165e-23 -0.69663542622067365 4.6972504009948557e-07 0.99999999999977274 4.8374317796828714e-07 
1 1.4233083519115997 0.125 1.946162839909551 0.69663578240305413 0 0.71742496937009703 0.71742496937009703 0 -0.69663578240305413 -0 1 0 
1 1.3397435709410483 0.21537899388092452 2.0273060369234792 0.69663542622051522 6.7427670548967233e-07 0.71742531523086528 0.71742531523102848 3.6531107214994133e-23 -0.69663542622067365 -4.6972504011946957e-07 0.99999999999977274 -4.837431779888675e-07 
1 1.2561787948258853 0.125 2.1084492378978719 0.69663507003812641 0 0.71742566109177808 0.71742566109177808 0 -0.69663507003812641 -0 1 0 
1 1.0961538205234655 0.03485368336136329 2.2536350274346471 0.66368251090445352 5.5512786890959296e-07 0.74801438804293852 0.74801438804305376 1.600347640117723e-23 -0.66368251090455577 -3.6842865791101376e-07 0.9999999999998459 -4.1524363314805374e-07 
1 1.1800994524402231 0.125 2.1791535055864091 0.66368219212212665 0 0.74801467088551732 0.74801467088551732 0 -0.66368219212212665 -0 1 0 
1 1.0961538205234658 0.21514631663863673 2.2536350274346475 0.66368251090445352 -5.5512786897482414e-07 0.74801438804293852 0.74801438804305376 -1.4002921700151558e-23 -0.66368251090455577 3.6842865795430652e-07 0.9999999999998459 4.152436331968476e-07 
1 1.0122082283525584 0.125 2.3281165080934163 0.66368282968646741 0 0.74801410520080669 0.74801410520080669 0 -0.66368282968646741 -0 1 0 
1 0.85256408680404905 0.035250300126182695 2.4531799291109504 0.6005677657391445 7.6253305501465076e-07 0.799573860724893 0.79957386072512548 -3.0613799325518016e-23 -0.60056776573931903 -4.5795277315252606e-07 0.99999999999970934 -6.0970149872858894e-07 
1 0.93709834362409994 0.125 2.389685417195003 0.60056726540863281 0 0.79957423652816428 0.79957423652816428 0 -0.60056726540863281 -0 1 0 
1 0.85256408680404894 0.21474969987381728 2.4531799291109504 0.6005677657391445 -7.6253305504348345e-07 0.799573860724893 0.79957386072512548 -5.483618169077256e-23 -0.60056776573931903 4.5795277316984212e-07 0.99999999999970934 6.0970149875164274e-07 
1 0.76802985740150265 0.12499999999999997 2.5166744147286955 0.60056826606930003 0 0.79957348492212688 0.79957348492212688 0 -0.60056826606930003 -0 1 0 
1 0.60897434182006327 0.035786348623334241 2.614158957518284 0.49560469428790282 8.873928005885222e-07 0.86854820649115783 0.86854820649149977 2.9762836709900198e-23 -0.495604694288098 -4.3979603764913368e-07 0.99999999999960631 -7.7074342540463004e-07 
1 0.69420323574655463 0.125 2.5655262608539013 0.49560400724333453 0 0.86854859852765232 0.86854859852765232 0 -0.49560400724333453 -0 1 0 
1 0.60897434182006338 0.21421365137666576 2.6141589575182844 0.49560469428790282 -8.8739280063557107e-07 0.86854820649115783 0.86854820649149977 1.5903543018705493e-23 -0.495604694288098 4.3979603767245128e-07 0.99999999999960631 7.7074342544549429e-07 
1 0.52374546562113655 0.125 2.6627916405077143 0.4956053813320993 0 0.8685478144550618 0.8685478144550618 0 -0.4956053813320993 -0 1 0 
1 0.36538462045284031 0.036359179960700122 2.7270676220600309 0.3357377290898933 -8.7830724618099701e-07 0.94195550705157516 0.94195550705193853 -1.4598369663353722e-23 -0.33573772909002281 2.9488088027611958e-07 0.99999999999961442 8.273263474238128e-07 
1 0.45125286816288862 0.125 2.6964619195392436 0.33573852890223455 0 0.94195522197743742 0.94195522197743742 0 -0.33573852890223455 -0 1 0 
1 0.36538462045284043 0.21364082003929993 2.7270676220600314 0.3357377290898933 8.7830724620067592e-07 0.94195550705157516 0.94195550705193853 1.0955654217257784e-23 -0.33573772909002281 -2.9488088028272649e-07 0.99999999999961442 -8.2732634744234948e-07 
1 0.27951635381632733 0.125 2.7576733322831428 0.3357369292769869 0 0.94195579212596781 0.94195579212596781 0 -0.3357369292769869 -0 1 0 
1 0.035536027581529815 0.125 1.7956932208911582 -0.12031303541711766 -0 -0.9927360039349431 -0.9927360039349431 0 0.12031303541711766 0 1 -0 
1 0.12179487301300265 0.21324546194232008 1.7852391774623346 -0.12031351421516349 -4.7337338729815625e-07 -0.99273594590755787 -0.99273594590766923 1.9657292723816367e-25 0.12031351421517698 -5.695321576178319e-08 0.99999999999988798 -4.6993477740695247e-07 
1 0.20805371554140378 0.125 1.7747851341151208 -0.12031399301315218 -0 -0.99273588788017086 -0.99273588788017086 0 0.12031399301315218 0 1 -0 
1 0.12179487301300271 0.036754538057679871 1.7852391774623348 -0.12031351421516344 4.733733872934657e-07 -0.99273594590755787 -0.99273594590766923 -3.455074133357901e-24 0.12031351421517693 5.6953215761218821e-08 0.99999999999988798 4.6993477740229601e-07 
1 0.1231652029215919 0 1.9869472021960248 -0 -1 -0 0 0 -1 1 -0 0 
1 0.21270192222657811 0 2.2706882680155136 -0 -1 -0 0 0 -1 1 -0 0 
1 0.12042454645245604 0 2.5835312023787949 -0 -1 -0 0 0 -1 1 -0 0 
1 0.12179487198591234 0.036754538508432411 2.7852392196655273 0.12031303541711766 0 0.9927360039349431 0.9927360039349431 0 -0.12031303541711766 -0 1 0 
1 0.20805371639029485 0.125 2.774785218439896 0.12031303541711769 0 0.9927360039349431 0.9927360039349431 0 -0.12031303541711769 -0 1 0 
1 0.12179487198591234 0.21324546149156759 2.7852392196655269 0.12031303541711769 0 0.9927360039349431 0.9927360039349431 0 -0.12031303541711769 -0 1 0 
1 0.035536027581529815 0.125 2.7956932208911582 0.12031303541711766 0 0.9927360039349431 0.9927360039349431 0 -0.12031303541711766 -0 1 0 
1 0.030887821844202874 0 2.2997901125116229 -0 -1 -0 0 0 -1 1 -0 0 
1 0 0.031723593595584861 2.2999999523162837 -1 -0 -0 0 0 -1 0 -1 0 
1 0 0.12500000000000003 2.5987984777165605 -1 -0 -0 0 0 -1 0 -1 0 
1 0 0.21827640640441512 2.2999999523162837 -1 -0 -0 0 0 -1 0 -1 0 
1 0 0.125 2.0012014269160083 -1 -0 -0 0 0 -1 0 -1 0 
1 0.27951635381632733 0.125 1.7576732130738537 -0.3357369292769869 -0 -0.94195579212596781 -0.94195579212596781 0 0.3357369292769869 0 1 -0 
1 0.36538461478451284 0.21364081776526581 1.7270675894055572 -0.33573691105392822 2.0011479308487156e-08 -0.94195579862112766 -0.94195579862112788 1.1473397682174397e-24 0.33573691105392833 6.7185922486510789e-09 0.99999999999999978 1.8849928973616192e-08 
1 0.45125287287702343 0.125 1.6964619667404328 -0.33573689283087138 -0 -0.94195580511628685 -0.94195580511628685 0 0.33573689283087138 0 1 -0 
1 0.36538461478451278 0.036359182234734222 1.7270675894055572 -0.33573691105392822 -2.0011479349320461e-08 -0.94195579862112766 -0.94195579862112788 3.0497007707021221e-26 0.33573691105392833 -6.7185922623603253e-09 0.99999999999999978 -1.8849929012079359e-08 
1 0.36937202265162705 0 1.9254541672994867 -0 -1 -0 0 0 -1 1 -0 0 
1 0.45628896174874994 0 2.1842776297100466 -0 -1 -0 0 0 -1 1 -0 0 
1 0.36139719162719469 0 2.5286811459548386 -0 -1 -0 0 0 -1 1 -0 0 
1 0.27448026604262432 0 2.2698575536971055 -0 -1 -0 0 0 -1 1 -0 0 
1 0.52374546562113655 0.125 1.6627917597170037 -0.49560538133209919 -0 -0.86854781445506191 -0.86854781445506191 0 0.49560538133209919 0 1 -0 
1 0.60897435000619093 0.21421365423006988 1.6141589869756954 -0.49560533559015285 5.9080759959450522e-08 -0.86854784055604473 -0.86854784055604628 1.7950545645127122e-24 0.49560533559015374 2.9280739866624795e-08 0.99999999999999833 5.1314466481190876e-08 
1 0.69420322888664387 0.125 1.5655262171384108 -0.49560528984821522 -0 -0.86854786665702344 -0.86854786665702355 0 0.49560528984821528 0 1 -0 
1 0.60897435000619093 0.035786345769930193 1.6141589869756952 -0.49560533559015285 -5.9080759929095363e-08 -0.86854784055604473 -0.86854784055604628 -1.2438597937467196e-24 0.49560533559015374 -2.9280739851580616e-08 0.99999999999999833 -5.131446645482597e-08 
1 0.61524784480632888 0 1.8070664482659262 -0 -1 -0 0 0 -1 1 -0 0 
1 0.69987383794852709 0 2.0456659619390423 -0 -1 -0 0 0 -1 1 -0 0 
1 0.6027008613319853 0 2.4212513839304566 -0 -1 -0 0 0 -1 1 -0 0 
1 0.51807485950312349 0 2.1826520104932818 -0 -1 -0 0 0 -1 1 -0 0 
1 0.76802985333950557 0.125 1.5166743350400447 -0.60056776573931903 -0 -0.79957386072512548 -0.79957386072512548 0 0.60056776573931903 0 1 -0 
1 0.85256409645080578 0.21474969987381953 1.4531798362731934 -0.60056776573931903 -0 -0.79957386072512548 -0.79957386072512548 0 0.60056776573931903 0 1 -0 
1 0.93709833956210586 0.125 1.3896853375063423 -0.60056776573931903 -0 -0.79957386072512548 -0.79957386072512548 0 0.60056776573931903 0 1 -0 
1 0.85256409645080578 0.035250300126180495 1.4531798362731934 -0.60056776573931903 -0 -0.79957386072512548 -0.79957386072512548 0 0.60056776573931903 0 1 -0 
1 0.86066667808043318 0 1.6400361083503519 -0 -1 -0 0 0 -1 1 -0 0 
1 0.94345763169354102 0 1.863038530555766 -0 -1 -0 0 0 -1 1 -0 0 
1 0.84446151610843478 0 2.2663236265632642 -0 -1 -0 0 0 -1 1 -0 0 
1 0.76167056124529553 0 2.0433212593452157 -0 -1 -0 0 0 -1 1 -0 0 
1 1.0122082239730661 0.125 1.3281164298156185 -0.66368242003855271 -0 -0.74801446866472465 -0.74801446866472465 0 0.66368242003855271 0 1 -0 
1 1.0961538309058307 0.2151463166386382 1.2536349322525739 -0.66368251090454755 -1.5823424124478759e-07 -0.74801438804304432 -0.74801438804305376 3.1387256472071045e-24 0.66368251090455588 -1.0501729854041786e-07 0.99999999999998757 -1.1836148913217672e-07 
1 1.1800994480607332 0.125 1.1791534273086008 -0.66368260177057392 -0 -0.74801430742134989 -0.74801430742134989 0 0.66368260177057392 0 1 -0 
1 1.0961538309058307 0.034853683361361819 1.2536349322525735 -0.66368251090454755 1.5823424118128378e-07 -0.74801438804304432 -0.74801438804305376 2.2801040237905378e-24 0.66368251090455588 1.050172984982715e-07 0.99999999999998757 1.1836148908467496e-07 
1 1.105570657356282 0 1.4352508251538525 -0 -1 -0 0 0 -1 1 -0 0 
1 1.1870416322471919 0 1.6471739454558236 -0 -1 -0 0 0 -1 1 -0 0 
1 1.0867370164367398 0 2.0720190980369901 -0 -1 -0 0 0 -1 1 -0 0 
1 1.0052660344003674 0 1.8600960296491296 -0 -1 -0 0 0 -1 1 -0 0 
1 1.2561787948258853 0.125 1.1084491186885821 -0.69663507003812641 -0 -0.71742566109177808 -0.71742566109177808 0 0.69663507003812641 0 1 -0 
1 1.3397435629158054 0.21537899188909834 1.0273059901509611 -0.69663515515615193 -1.6113394068514111e-07 -0.71742557844039712 -0.71742557844040644 -1.8350376113567553e-24 0.69663515515616103 -1.122515677701169e-07 0.99999999999998712 -1.1560161060241947e-07 
1 1.4233083586823414 0.125 0.94616283681189473 -0.6966352402742495 -0 -0.71742549578896253 -0.71742549578896253 0 0.6966352402742495 0 1 -0 
1 1.3397435629158059 0.034621008110901623 1.0273059901509614 -0.69663515515615193 1.6113394071122147e-07 -0.71742557844039712 -0.71742557844040644 -1.5244170721582897e-24 0.69663515515616103 1.122515677882854e-07 0.99999999999998712 1.1560161062113019e-07 
1 1.3499401812659857 0 1.2054631850175253 -0 -1 -0 0 0 -1 1 -0 0 
1 1.4306273227612352 0 1.4108097583570309 -0 -1 -0 0 0 -1 1 -0 0 
1 1.3295469644584856 0 1.8491488173744437 -0 -1 -0 0 0 -1 1 -0 0 
1 1.2488598174219601 0 1.643802248218887 -0 -1 -0 0 0 -1 1 -0 0 
1 1.4998909059911067 0.125 0.87078592631753526 -0.7062037748041875 -0 -0.70800863585998486 -0.70800863585998486 0 0.7062037748041875 0 1 -0 
1 1.5833333218396777 0.21545013128488394 0.78755620106168367 -0.70620386120478318 -1.6794184993607585e-07 -0.70800854967961169 -0.70800854967962168 6.125866460481496e-25 0.70620386120479317 -1.1860118288273272e-07 0.99999999999998601 -1.1890426560375373e-07 
1 1.6667757653102016 0.125 0.70432645053705945 -0.7062039476054518 -0 -0.70800846349918467 -0.70800846349918467 0 0.7062039476054518 0 1 -0 
1 1.5833333218396772 0.034549868715116103 0.78755620106168356 -0.70620386120478318 1.6794184984083152e-07 -0.70800854967961169 -0.70800854967962168 3.5312628683560323e-24 0.70620386120479317 1.186011828154708e-07 0.99999999999998601 1.1890426553631993e-07 
1 1.593771427854721 0 0.96458955535864721 -0 -1 -0 0 0 -1 1 -0 0 
1 1.6742157067979511 0 1.1678944073997153 -0 -1 -0 0 0 -1 1 -0 0 
1 1.5728952436542862 0 1.6105227959612041 -0 -1 -0 0 0 -1 1 -0 0 
1 1.4924509513356454 0 1.4072179611237416 -0 -1 -0 0 0 -1 1 -0 0 
1 1.7433305168869109 0.125 0.62920699171219985 -0.69439735674042447 -0 -0.71959176687335136 -0.71959176687335147 0 0.69439735674042458 0 1 -0 
1 1.82692308465556 0.21536259457919679 0.54854112191528059 -0.69439757829528237 -4.168965656836438e-07 -0.71959155307540501 -0.71959155307546763 -1.4400850617626036e-23 0.69439757829534277 -2.8949196561036751e-07 0.99999999999991307 -2.9999524717212192e-07 
1 1.9105156687232601 0.125 0.46787524168549249 -0.69439779985028027 -0 -0.71959133927743335 -0.71959133927743335 0 0.69439779985028027 0 1 -0 
1 1.8269230846555602 0.034637405420803215 0.5485411219152807 -0.69439757829528237 4.1689656572204827e-07 -0.71959155307540501 -0.71959155307546763 3.7022581606297655e-23 0.69439757829534277 2.8949196563703549e-07 0.99999999999991307 2.9999524719975742e-07 
1 1.8370642766992828 0 0.7269527066565814 -0 -1 -0 0 0 -1 1 -0 0 
1 1.9178071481937138 0 0.93276748422827815 -0 -1 -0 0 0 -1 1 -0 0 
1 1.8167819126033997 0 1.3701294841077067 -0 -1 -0 0 0 -1 1 -0 0 
1 1.7360390276834123 0 1.1643147530377236 -0 -1 -0 0 0 -1 1 -0 0 
1 1.9865149206931354 0.125 0.39791730225504768 -0.65873912895066289 -0 -0.75237142422431369 -0.75237142422431369 0 0.65873912895066289 0 1 -0 
1 2.0705128204749403 0.21511299597607922 0.32437294205092843 -0.65873894646475339 3.1411120725932261e-07 -0.75237158399982662 -0.75237158399986381 -1.3316861310399729e-23 0.65873894646478592 2.0691728574278813e-07 0.9999999999999506 2.3632834655780601e-07 
1 2.1545106997579477 0.125 0.25082859653419642 -0.65873876397897169 -0 -0.75237174377528071 -0.75237174377528071 0 0.65873876397897169 0 1 -0 
1 2.0705128204749399 0.034887004023920837 0.32437294205092843 -0.65873894646475339 -3.1411120723649719e-07 -0.75237158399982662 -0.75237158399986381 1.7659535637671146e-23 0.65873894646478592 -2.0691728572775213e-07 0.9999999999999506 -2.3632834654063282e-07 
1 2.0798188780196005 0 0.50645900222616602 -0 -1 -0 0 0 -1 1 -0 0 
1 2.1614011708802199 0 0.71931499945096633 -0 -1 -0 0 0 -1 1 -0 0 
1 2.0612067394498488 0 1.1422868990922861 -0 -1 -0 0 0 -1 1 -0 0 
1 1.979624460369013 0 0.92943089811701363 -0 -1 -0 0 0 -1 1 -0 0 
1 2.2294994947664666 0.125 0.19042120214639749 -0.59193091513819474 -0 -0.80598870445165627 -0.80598870445165627 0 0.59193091513819474 0 1 -0 
1 2.3141025513086491 0.21470005195285286 0.1282873085574141 -0.59193129951108769 -5.7651984078704394e-07 -0.80598842216174715 -0.80598842216188105 1.7852334998730557e-23 0.59193129951118606 -3.4126013855105697e-07 0.99999999999983391 -4.6466831682096839e-07 
1 2.3987056498023946 0.125 0.066153388265073873 -0.59193168388452577 -0 -0.80598813987156781 -0.80598813987156781 0 0.59193168388452577 0 1 -0 
1 2.3141025513086486 0.035299948047147166 0.12828730855741405 -0.59193129951108769 5.7651984087120365e-07 -0.80598842216174715 -0.80598842216188105 2.3287804845945766e-23 0.59193129951118606 3.4126013860087379e-07 0.99999999999983391 4.6466831688880017e-07 
1 2.3220400679794087 0 0.31574939514203026 -0 -1 -0 0 0 -1 1 -0 0 
1 2.4049966796053952 0 0.54014752145726042 -0 -1 -0 0 0 -1 1 -0 0 
1 2.3061650778559488 0 0.94082520431471628 -0 -1 -0 0 0 -1 1 -0 0 
1 2.2232084435108677 0 0.71642702927107271 -0 -1 -0 0 0 -1 1 -0 0 
1 2.4723917729491247 0.125 0.018770144186143756 -0.4818649403936594 -0 -0.87624550168284177 -0.87624550168284177 0 0.4818649403936594 0 1 -0 
1 2.5576922892277252 0.21415362303801588 -0.028138315770695831 -0.48186493010453801 1.3057075648060774e-08 -0.87624550734103546 -0.87624550734103557 -4.325379736129571e-25 0.48186493010453807 6.2917468445224701e-09 1 1.1441203875625294e-08 
1 2.6429928058601271 0.125 -0.075046775970032356 -0.48186491981541635 -0 -0.87624551299922926 -0.87624551299922926 0 0.48186491981541635 0 1 -0 
1 2.5576922892277252 0.035846376961984151 -0.028138315770695824 -0.48186493010453801 -1.3057075595252668e-08 -0.87624550734103546 -0.87624550734103557 3.4326463122599875e-25 0.48186493010453807 -6.2917468190760966e-09 1 -1.1441203829352428e-08 
1 2.5637500763367771 0 0.16538622445235479 -0 -1 -0 0 0 -1 1 -0 0 
1 2.648592405553273 0 0.40585129828886113 -0 -1 -0 0 0 -1 1 -0 0 
1 2.5516345047923337 0 0.7783371299647508 -0 -1 -0 0 0 -1 1 -0 0 
1 2.466792173199448 0 0.53787204729520599 -0 -1 -0 0 0 -1 1 -0 0 
1 2.7153589829602298 0.12499999999999997 -0.10705947336278243 -0.31590480437293889 -0 -0.94879089085746138 -0.94879089085746138 0 0.31590480437293889 0 1 -0 
1 2.8012820667384948 0.21358751555155731 -0.13566803128372593 -0.315905056590565 -2.7299436938872156e-07 -0.94879080688022976 -0.94879080688026518 -5.148060933185426e-24 0.31590505659057677 -8.6240301710652904e-08 0.99999999999996281 -2.5901454800609426e-07 
1 2.8872051971836066 0.12499999999999997 -0.1642766045106045 -0.31590530880864132 -0 -0.94879072290285227 -0.94879072290285227 0 0.31590530880864132 0 1 -0 
1 2.8012820667384943 0.036412484448442702 -0.13566803128372595 -0.31590505659056495 2.7299436938662626e-07 -0.94879080688022976 -0.94879080688026518 -5.7497499260307251e-24 0.31590505659057672 8.6240301709990974e-08 0.99999999999996281 2.5901454800410628e-07 
1 2.8050125053724453 0 0.063186032447571969 -0 -1 -0 0 0 -1 1 -0 0 
1 2.892186779674482 0 0.32435919324943313 -0 -1 -0 0 0 -1 1 -0 0 
1 2.7975516801049727 0 0.66547789476283792 -0 -1 -0 0 0 -1 1 -0 0 
1 2.7103773789044605 0 0.40430472963150399 -0 -1 -0 0 0 -1 1 -0 0 
1 2.9585935407748765 0.125 -0.17964165969537002 -0.095887687788757323 -0 -0.99539215956854199 -0.9953921595685421 0 0.095887687788757336 0 1 -0 
1 3.044871806996015 0.21322483581696669 -0.18795297513065995 -0.095887627457340238 5.9329996430384972e-08 -0.99539216538035846 -0.99539216538036035 -9.640585738166873e-25 0.095887627457340419 5.6890125947620884e-09 0.99999999999999822 5.9056613618849937e-08 
1 3.1311500735064834 0.125 -0.1962642905552141 -0.095887567125922404 -0 -0.99539217119217482 -0.99539217119217482 0 0.095887567125922404 0 1 -0 
1 3.044871806996015 0.036775164183033303 -0.18795297513065995 -0.095887627457340238 -5.9329996424962876e-08 -0.99539216538035846 -0.99539216538036035 8.1075499357474367e-25 0.095887627457340419 -5.6890125942421765e-09 0.99999999999999822 -5.9056613613452822e-08 
1 3.0459615985971564 0 0.013919544848927143 -0 -1 -0 0 0 -1 1 -0 0 
1 3.1357790360835245 0 0.30048106710352784 -0 -1 -0 0 0 -1 1 -0 0 
1 3.0437820148514643 0 0.61017450504386739 -0 -1 -0 0 0 -1 1 -0 0 
1 2.9539645780991282 0 0.32361296518235455 -0 -1 -0 0 0 -1 1 -0 0 
1 3.2022263682907139 0.12500000000000003 -0.19449466548824065 0.1444491028554537 -0 -0.98951223170017188 -0.98951223170017188 0 -0.1444491028554537 0 1 0 
1 3.2884615478273194 0.21327050452722057 -0.18190605691963177 0.14444896442281954 -1.3775726740544132e-07 -0.98951225190856329 -0.98951225190857273 1.1260549074958405e-24 -0.14444896442282093 1.9898894618433622e-08 0.99999999999999056 -1.3631250388712967e-07 
1 3.3746966800821183 0.125 -0.16931745531838296 0.14444882599045067 -0 -0.9895122721169155 -0.9895122721169155 0 -0.14444882599045067 0 1 0 
1 3.2884615478273189 0.036729495472779441 -0.18190605691963174 0.14444896442281954 1.3775726740457131e-07 -0.98951225190856329 -0.98951225190857273 -2.2697082345769701e-24 -0.14444896442282093 -1.9898894618307953e-08 0.99999999999999056 1.3631250388626877e-07 
1 3.2868120015999085 0 0.019601135840440275 -0 -1 -0 0 0 -1 1 -0 0 
1 3.3793683880686372 0 0.33562069794618937 -0 -1 -0 0 0 -1 1 -0 0 
1 3.2901110410217562 0 0.61658675384170714 -0 -1 -0 0 0 -1 1 -0 0 
1 3.1975546817669023 0 0.3005671680875785 -0 -1 -0 0 0 -1 1 -0 0 
1 3.4462405843152415 0.125 -0.15046426178152761 0.35494982711036083 -0 -0.93488535138503748 -0.93488535138503748 0 -0.35494982711036083 0 1 0 
1 3.5320513250312953 0.21369597518475075 -0.11788432028658798 0.35494985210264424 2.7861754349806481e-08 -0.93488534189616557 -0.93488534189616579 -5.6512756605294823e-25 -0.35494985210264435 -9.8895255857840183e-09 0.99999999999999967 2.6047545741145815e-08 
1 3.6178620652178859 0.125 -0.085304379030048699 0.35494987709492704 -0 -0.93488533240729388 -0.93488533240729388 0 -0.35494987709492704 0 1 0 
1 3.5320513250312944 0.036304024815249275 -0.11788432028658798 0.35494985210264418 -2.7861754341036236e-08 -0.93488534189616557 -0.93488534189616601 1.2049601758653527e-25 -0.35494985210264435 9.88952558267102e-09 0.99999999999999956 -2.6047545732946642e-08 
1 3.5278104915076653 0 0.080011442835869487 -0 -1 -0 0 0 -1 1 -0 0 
1 3.6229553079696264 0 0.42769584659415177 -0 -1 -0 0 0 -1 1 -0 0 
1 3.5362921592450087 0 0.68421993711310991 -0 -1 -0 0 0 -1 1 -0 0 
1 3.4411473417401339 0 0.33653552622151583 -0 -1 -0 0 0 -1 1 -0 0 
1 3.690484322264624 0.125 -0.049990981585238639 0.5087543812952694 -0 -0.86091171412222511 -0.86091171412222511 0 -0.5087543812952694 0 1 0 
1 3.7756410638966895 0.21427317913253011 0.00033220717590560155 0.50875401741096293 -4.7837045264169417e-07 -0.86091192915882919 -0.86091192915892778 -3.8592627871724404e-24 -0.50875401741102122 2.4337288959219052e-07 0.99999999999988565 -4.1183482923639032e-07 
1 3.8607977614991507 0.12499999999999997 0.050655372002067586 0.50875365352721258 -0 -0.86091214419516293 -0.86091214419516293 0 -0.50875365352721258 0 1 0 
1 3.7756410638966882 0.035726820867469873 0.00033220717590559277 0.50875401741096293 4.7837045278225294e-07 -0.86091192915882919 -0.86091192915892778 -6.6442078505091076e-24 -0.50875401741102122 -2.4337288966370038e-07 0.99999999999988565 4.1183482935739904e-07 
1 3.7691567433969055 0 0.19261687531193358 -0 -1 -0 0 0 -1 1 -0 0 
1 3.866539924859373 0 0.57126471964493075 -0 -1 -0 0 0 -1 1 -0 0 
1 3.7821253364709029 0 0.80804752854745376 -0 -1 -0 0 0 -1 1 -0 0 
1 3.684742180403493 0 0.42939971061188592 -0 -1 -0 0 0 -1 1 -0 0 
1 3.934764255242909 0.125 0.10094978330205531 0.60876344612061639 -0 -0.79335179250276566 -0.79335179250276566 0 -0.60876344612061639 0 1 0 
1 4.019230744550927 0.2147977996725593 0.16576360972196907 0.60876383641951248 6.0420615249575626e-07 -0.79335149301393026 -0.79335149301407493 -3.0286225618680832e-24 -0.60876383641962351 -3.6781885538165668e-07 0.99999999999981748 4.7934785317079811e-07 
1 4.1036972750381393 0.125 0.23057746300527948 0.60876422671895269 -0 -0.79335119352483208 -0.79335119352483208 0 -0.60876422671895269 0 1 0 
1 4.019230744550927 0.035202200327440702 0.16576360972196905 0.60876383641951248 -6.0420615251295346e-07 -0.79335149301393015 -0.79335149301407493 2.7017067931360348e-23 -0.60876383641962362 3.678188553921258e-07 0.99999999999981759 -4.7934785318444149e-07 
1 4.0109685879946735 0 0.35202305972914993 -0 -1 -0 0 0 -1 1 -0 0 
1 4.1101236210855321 0 0.75784987026963557 -0 -1 -0 0 0 -1 1 -0 0 
1 4.0274929406371882 0 0.97950415330878982 -0 -1 -0 0 0 -1 1 -0 0 
1 3.9283378877848434 0 0.57367737134156227 -0 -1 -0 0 0 -1 1 -0 0 
1 4.1789249078288861 0.12500000000000003 0.29326973294541314 0.66830997641597512 -0 -0.7438829043760038 -0.7438829043760038 0 -0.66830997641597512 0 1 0 
1 4.262820525452649 0.21517788307848401 0.36864233911156963 0.66831070034678131 1.2747015006271298e-06 -0.74388225398941321 -0.74388225399001762 9.9861791041461313e-23 -0.66831070034732432 -8.5189665261790236e-07 0.99999999999918765 9.4822782545096734e-07 
1 4.346716224647758 0.12499999999999997 0.44401500459824472 0.66831142427960877 -0 -0.7438816036019178 -0.7438816036019178 0 -0.66831142427960877 0 1 0 
1 4.2628205254526499 0.034822116921515954 0.36864233911156963 0.66831070034678131 -1.2747015006197268e-06 -0.74388225398941321 -0.74388225399001762 -7.743190562706614e-24 -0.66831070034732432 8.5189665261295484e-07 0.99999999999918765 -9.4822782544546015e-07 
1 4.2532986619742035 0 0.54980730180353143 -0 -1 -0 0 0 -1 1 -0 0 
1 4.3537078926922863 0 0.97643958422418897 -0 -1 -0 0 0 -1 1 -0 0 
1 4.2723424745004959 0 1.1874773721241565 -0 -1 -0 0 0 -1 1 -0 0 
1 4.1719331963421622 0 0.76084511775407637 -0 -1 -0 0 0 -1 1 -0 0 
1 4.4228704812729136 0.125 0.51541799831908808 0.6986297372225222 -0 -0.71548339622131663 -0.71548339622131663 0 -0.6986297372225222 0 1 0 
1 4.5064103162826061 0.21539368158524563 0.5969898319022342 0.69862903712579527 -1.332529138789941e-06 -0.71548407982491724 -0.71548407982555251 -6.4213118457752364e-23 -0.69862903712641555 9.3094354917570815e-07 0.99999999999911227 -9.534033847078569e-07 
1 4.5899500711071477 0.125 0.6785616045302173 0.6986283370310431 -0 -0.71548476342773326 -0.71548476342773326 0 -0.6986283370310431 0 1 0 
1 4.506410316282607 0.034606318414754339 0.5969898319022342 0.69862903712579527 1.3325291387991502e-06 -0.71548407982491724 -0.71548407982555251 2.2908556167717e-23 -0.69862903712641555 -9.30943549182142e-07 0.99999999999911227 9.5340338471444587e-07 
1 4.4961639468655363 0 0.77491764160955801 -0 -1 -0 0 0 -1 1 -0 0 
1 4.5972938163153882 0 1.2141354575837162 -0 -1 -0 0 0 -1 1 -0 0 
1 4.5166566039416018 0 1.4190619356278753 -0 -1 -0 0 0 -1 1 -0 0 
1 4.4155267797832112 0 0.97984414809959786 -0 -1 -0 0 0 -1 1 -0 0 
1 4.6665547724665624 0.12500000000000003 0.75414328772463868 0.70598169685926693 -0 -0.70823007822296713 -0.70823007822296713 0 -0.70598169685926693 0 1 0 
1 4.75 0.21544845283811015 0.83732360601425171 0.70598169685926693 -0 -0.70823007822296713 -0.70823007822296713 0 -0.70598169685926693 0 1 0 
1 4.8334452275334376 0.125 0.92050392430386485 0.70598169685926693 -0 -0.70823007822296713 -0.70823007822296713 0 -0.70598169685926693 0 1 0 
1 4.75 0.034551547161889837 0.83732360601425171 0.70598169685926693 -0 -0.70823007822296713 -0.70823007822296713 0 -0.70598169685926693 0 1 0 
1 4.7395676227919905 0 1.0143838082586556 -0 -1 -0 0 0 -1 1 -0 0 
1 4.840882278755581 0 1.456910292578006 -0 -1 -0 0 0 -1 1 -0 0 
1 4.7604323756143803 0 1.6602633470040125 -0 -1 -0 0 0 -1 1 -0 0 
1 4.6591177211927146 0 1.2177369174621069 -0 -1 -0 0 0 -1 1 -0 0 
1 4.9099665810561373 0.125 0.99531357846249069 0.69191070437238478 -0 -0.72198308648811871 -0.72198308648811871 0 -0.69191070437238478 0 1 0 
1 4.9935896781919658 0.21534448149695068 1.0754536887366526 0.69191122621264267 9.7544780658721512e-07 -0.72198258638277835 -0.72198258638312185 7.0303956046999999e-23 -0.69191122621297185 -6.7492328796251368e-07 0.99999999999952427 7.0425633028158071e-07 
1 5.0772128709799134 0.125 1.1555938784631696 0.69191174805451738 -0 -0.72198208627648253 -0.72198208627648253 0 -0.69191174805451738 0 1 0 
1 4.9935896781919649 0.034655518503049314 1.0754536887366524 0.69191122621264267 -9.7544780657752188e-07 -0.72198258638277835 -0.72198258638312185 7.5222961037822092e-24 -0.69191122621297185 6.7492328795580688e-07 0.99999999999952427 -7.0425633027458231e-07 
1 4.9835096680695328 0 1.2541444034907434 -0 -1 -0 0 0 -1 1 -0 0 
1 5.0844741421768109 0 1.6904321313014863 -0 -1 -0 0 0 -1 1 -0 0 
1 5.0036697852464709 0 1.8967630894981946 -0 -1 -0 0 0 -1 1 -0 0 
1 4.9027052618011266 0 1.4604753399790475 -0 -1 -0 0 0 -1 1 -0 0 
1 5.1531270822989734 0.125 1.2247585445362015 0.65347052002134276 -0 -0.75695196641731244 -0.75695196641731244 0 -0.65347052002134276 0 1 0 
1 5.2371794749381317 0.21507792148194857 1.2973201480341279 0.65346978707135583 -1.2463947049439813e-06 -0.75695259916547186 -0.75695259916605973 5.2055208453225861e-23 -0.65346978707186343 8.1448128244724151e-07 0.99999999999922329 -9.4346171149416068e-07 
1 5.321231785351701 0.125 1.3698816931067919 0.6534690541234156 -0 -0.75695323191267805 -0.75695323191267805 0 -0.6534690541234156 0 1 0 
1 5.2371794749381309 0.034922078518051458 1.2973201480341272 0.65346978707135583 1.2463947049576312e-06 -0.75695259916547186 -0.75695259916605973 3.8789621304544189e-24 -0.65346978707186343 -8.144812824561613e-07 0.99999999999922329 9.4346171150449311e-07 
1 5.2279897831999858 0 1.4798947507135913 -0 -1 -0 0 0 -1 1 -0 0 
1 5.328068405631126 0 1.900908950606544 -0 -1 -0 0 0 -1 1 -0 0 
1 5.2463690800559686 0 2.1147455780958961 -0 -1 -0 0 0 -1 1 -0 0 
1 5.1462905053520798 0 1.6937314100512866 -0 -1 -0 0 0 -1 1 -0 0 
1 5.3960962514523905 0.125 1.4290905624855652 0.5828385148304096 -0 -0.81258800485257132 -0.81258800485257132 0 -0.5828385148304096 0 1 0 
1 5.4807693546601612 0.21464892149049303 1.4898232409947034 0.5828377614738901 -1.1116748075154817e-06 -0.81258854520530188 -0.81258854520580404 -1.0851000742873241e-22 -0.58283776147425026 6.4792605629964134e-07 0.99999999999938216 -9.0333421458094762e-07 
1 5.5654423727713622 0.125 1.5505558659854124 0.58283700811953765 -0 -0.81258908555694132 -0.81258908555694132 0 -0.58283700811953765 0 1 0 
1 5.4807693546601612 0.035351078509507007 1.4898232409947032 0.5828377614738901 1.1116748074955398e-06 -0.81258854520530188 -0.81258854520580404 -7.1576447906321235e-24 -0.58283776147425026 -6.4792605628801846e-07 0.99999999999938216 9.0333421456474293e-07 
1 5.4730023445145175 0 1.6778987438697499 -0 -1 -0 0 0 -1 1 -0 0 
1 5.5716641679605532 0 2.0759059062904135 -0 -1 -0 0 0 -1 1 -0 0 
1 5.4885362720641409 0 2.3017477722016109 -0 -1 -0 0 0 -1 1 -0 0 
1 5.3898744992589336 0 1.9037406458576425 -0 -1 -0 0 0 -1 1 -0 0 
1 5.6389878501939741 0.125 1.5964456985885738 0.46752230887850638 -0 -0.88398127282251326 -0.88398127282251326 0 -0.46752230887850638 0 1 0 
1 5.7243590354919416 0.21409325582011995 1.6415970325469973 0.46752230887850643 -0 -0.88398127282251315 -0.88398127282251315 0 -0.46752230887850643 0 1 0 
1 5.8097302207899135 0.125 1.6867483665054208 0.46752230887850643 -0 -0.88398127282251315 -0.88398127282251315 0 -0.46752230887850643 0 1 0 
1 5.7243590354919434 0.03590674417988006 1.6415970325469968 0.46752230887850643 -0 -0.88398127282251315 -0.88398127282251315 0 -0.46752230887850643 0 1 0 
1 5.7185217694525861 0 1.8357310761092023 -0 -1 -0 0 0 -1 1 -0 0 
1 5.8152595338039053 0 2.2050831370359916 -0 -1 -0 0 0 -1 1 -0 0 
1 5.7301962912445532 0 2.4474629610583407 -0 -1 -0 0 0 -1 1 -0 0 
1 5.6334585369705739 0 2.0781109276276792 -0 -1 -0 0 0 -1 1 -0 0 
1 5.88197357937488 0.125 1.7170902839954123 0.29546612441190784 -0 -0.95535321704854648 -0.95535321704854648 0 -0.29546612441190784 0 1 0 
1 5.9679487148430743 0.21353637117568894 1.7436802717057869 0.29546707902480285 1.0191065015501982e-06 -0.95535292181031839 -0.95535292181081455 6.390620847140847e-25 -0.29546707902495634 -3.0111242122837922e-07 0.99999999999948075 9.736063738923793e-07 
1 6.0539239359691805 0.125 1.7702702852706944 0.295468033640857 -0 -0.95535262657115538 -0.95535262657115538 0 -0.295468033640857 0 1 0 
1 5.9679487148430743 0.036463628824311096 1.7436802717057869 0.29546707902480279 -1.0191065015341314e-06 -0.95535292181031839 -0.95535292181081455 3.0743266419423349e-23 -0.29546707902495623 3.0111242122363191e-07 0.99999999999948075 -9.7360637387702979e-07 
1 5.964478749389321 0 1.942976943346346 -0 -1 -0 0 0 -1 1 -0 0 
1 6.0588538928194708 0 2.2808106365217951 -0 -1 -0 0 0 -1 1 -0 0 
1 5.9714187863148451 0 2.5443835701359894 -0 -1 -0 0 0 -1 1 -0 0 
1 5.8770435818770608 0 2.2065499038253726 -0 -1 -0 0 0 -1 1 -0 0 
1 6.0897436141967765 0.12500000000000003 1.9825499414728931 1 0 0 -0 0 1 0 -1 0 
1 6.0897436141967773 0.21827640640441512 2.2813484668731689 1 0 0 -0 0 1 0 -1 0 
1 6.0897436141967765 0.125 2.5801469922734448 1 0 0 -0 0 1 0 -1 0 
1 6.0897436141967773 0.031723593595584861 2.2813484668731689 1 0 0 -0 0 1 0 -1 0 
1 0.12179487198591234 0.28675453850843241 2.7852392196655273 0.12031303541711769 0 0.9927360039349431 0.9927360039349431 0 -0.12031303541711769 -0 1 0 
1 0.20805371639029485 0.375 2.774785218439896 0.12031303541711769 0 0.9927360039349431 0.9927360039349431 0 -0.12031303541711769 -0 1 0 
1 0.12179487198591234 0.46324546149156759 2.7852392196655269 0.12031303541711769 0 0.9927360039349431 0.9927360039349431 0 -0.12031303541711769 -0 1 0 
1 0.035536027581529815 0.375 2.7956932208911582 0.12031303541711766 0 0.9927360039349431 0.9927360039349431 0 -0.12031303541711766 -0 1 0 
1 0 0.2817235935955848 2.2999999523162837 -1 -0 -0 0 0 -1 0 -1 0 
1 0 0.375 2.5987984777165605 -1 -0 -0 0 0 -1 0 -1 0 
1 0 0.46827640640441509 2.2999999523162837 -1 -0 -0 0 0 -1 0 -1 0 
1 0 0.375 2.0012014269160083 -1 -0 -0 0 0 -1 0 -1 0 
1 0.27951635381632733 0.37500000000000006 1.7576732130738537 -0.3357369292769869 -0 -0.94195579212596781 -0.94195579212596781 0 0.3357369292769869 0 1 -0 
1 0.36538461478451284 0.46364081776526583 1.7270675894055572 -0.33573691105392822 2.0011479320225187e-08 -0.94195579862112766 -0.94195579862112788 -2.4241455387052744e-25 0.33573691105392833 6.7185922525919675e-09 0.99999999999999978 1.8849928984672896e-08 
1 0.45125287287702343 0.375 1.6964619667404328 -0.33573689283087138 -0 -0.94195580511628685 -0.94195580511628685 0 0.33573689283087138 0 1 -0 
1 0.36538461478451278 0.28635918223473422 1.7270675894055572 -0.33573691105392822 -2.0011479330459793e-08 -0.94195579862112766 -0.94195579862112788 -9.7520649029460219e-25 0.33573691105392833 -6.7185922560281039e-09 0.99999999999999978 -1.8849928994313445e-08 
1 0.36538462045284031 0.28635917996070009 2.7270676220600309 0.3357377290898933 -8.7830724618631871e-07 0.94195550705157516 0.94195550705193853 -1.4511707110566507e-23 -0.33573772909002281 2.9488088027790624e-07 0.99999999999961442 8.2732634742882564e-07 
1 0.45125286816288862 0.375 2.6964619195392436 0.33573852890223455 0 0.94195522197743742 0.94195522197743742 0 -0.33573852890223455 -0 1 0 
1 0.36538462045284043 0.46364082003929991 2.7270676220600314 0.3357377290898933 8.7830724617973271e-07 0.94195550705157516 0.94195550705193853 -1.7125954449536212e-23 -0.33573772909002281 -2.9488088027569506e-07 0.99999999999961442 -8.2732634742262197e-07 
1 0.27951635381632733 0.37500000000000006 2.7576733322831428 0.3357369292769869 0 0.94195579212596781 0.94195579212596781 0 -0.3357369292769869 -0 1 0 
1 0.52374546562113655 0.375 1.6627917597170037 -0.49560538133209919 -0 -0.86854781445506191 -0.86854781445506191 0 0.49560538133209919 0 1 -0 
1 0.60897435000619093 0.46421365423006994 1.6141589869756954 -0.49560533559015285 5.9080759952447174e-08 -0.86854784055604473 -0.86854784055604628 2.3098485701456118e-24 0.49560533559015374 2.9280739863153899e-08 0.99999999999999833 5.1314466475108134e-08 
1 0.69420322888664387 0.37500000000000006 1.5655262171384108 -0.49560528984821522 -0 -0.86854786665702344 -0.86854786665702355 0 0.49560528984821528 0 1 -0 
1 0.60897435000619093 0.28578634576993023 1.6141589869756952 -0.49560533559015285 -5.9080759951855528e-08 -0.86854784055604473 -0.86854784055604628 2.4769654239730877e-24 0.49560533559015374 -2.9280739862860673e-08 0.99999999999999833 -5.1314466474594263e-08 
1 0.60897434182006327 0.28578634862333424 2.614158957518284 0.49560469428790282 8.8739280061195568e-07 0.86854820649115783 0.86854820649149977 3.2875201983722548e-24 -0.495604694288098 -4.397960376607474e-07 0.99999999999960631 -7.7074342542498318e-07 
1 0.69420323574655463 0.375 2.5655262608539013 0.49560400724333453 0 0.86854859852765232 0.86854859852765232 0 -0.49560400724333453 -0 1 0 
1 0.60897434182006338 0.46421365137666576 2.6141589575182844 0.49560469428790282 -8.8739280063557107e-07 0.86854820649115783 0.86854820649149977 1.5903543018705493e-23 -0.495604694288098 4.3979603767245128e-07 0.99999999999960631 7.7074342544549429e-07 
1 0.52374546562113655 0.375 2.6627916405077143 0.4956053813320993 0 0.8685478144550618 0.8685478144550618 0 -0.4956053813320993 -0 1 0 
1 0.76802985333950557 0.37500000000000006 1.5166743350400447 -0.60056776573931903 -0 -0.79957386072512548 -0.79957386072512548 0 0.60056776573931903 0 1 -0 
1 0.85256409645080578 0.46474969987381953 1.4531798362731934 -0.60056776573931903 -0 -0.79957386072512548 -0.79957386072512548 0 0.60056776573931903 0 1 -0 
1 0.93709833956210586 0.375 1.3896853375063423 -0.60056776573931903 -0 -0.79957386072512548 -0.79957386072512548 0 0.60056776573931903 0 1 -0 
1 0.85256409645080566 0.28525030012618052 1.4531798362731934 -0.60056776573931903 -0 -0.79957386072512548 -0.79957386072512548 0 0.60056776573931903 0 1 -0 
1 0.85256408680404883 0.28525030012618269 2.4531799291109504 0.6005677657391445 7.6253305504902431e-07 0.799573860724893 0.79957386072512548 -1.855194689392151e-23 -0.60056776573931903 -4.5795277317316974e-07 0.99999999999970934 -6.0970149875607314e-07 
1 0.93709834362409994 0.375 2.389685417195003 0.60056726540863281 0 0.79957423652816428 0.79957423652816428 0 -0.60056726540863281 -0 1 0 
1 0.85256408680404894 0.46474969987381731 2.4531799291109504 0.6005677657391445 -7.62533055094215e-07 0.799573860724893 0.79957386072512548 8.1650187987851246e-25 -0.60056776573931903 4.5795277320030984e-07 0.99999999999970934 6.097014987922064e-07 
1 0.76802985740150265 0.37499999999999994 2.5166744147286955 0.60056826606930003 0 0.79957348492212688 0.79957348492212688 0 -0.60056826606930003 -0 1 0 
1 1.0122082239730661 0.375 1.3281164298156185 -0.66368242003855271 -0 -0.74801446866472465 -0.74801446866472465 0 0.66368242003855271 0 1 -0 
1 1.0961538309058307 0.4651463166386382 1.2536349322525739 -0.66368251090454755 -1.5823424124478759e-07 -0.74801438804304432 -0.74801438804305376 3.1387256472071045e-24 0.66368251090455588 -1.0501729854041786e-07 0.99999999999998757 -1.1836148913217672e-07 
1 1.1800994480607332 0.375 1.1791534273086008 -0.66368260177057392 -0 -0.74801430742134989 -0.74801430742134989 0 0.66368260177057392 0 1 -0 
1 1.0961538309058307 0.28485368336136185 1.2536349322525735 -0.66368251090454755 1.5823424122555763e-07 -0.74801438804304443 -0.74801438804305376 -1.1260405475826705e-23 0.66368251090455577 1.0501729852765526e-07 0.99999999999998757 1.1836148911779246e-07 
1 1.0961538205234655 0.2848536833613633 2.2536350274346471 0.66368251090445352 5.5512786896298495e-07 0.74801438804293852 0.74801438804305376 3.838071536605082e-23 -0.66368251090455577 -3.6842865794644907e-07 0.9999999999998459 -4.1524363318799171e-07 
1 1.1800994524402231 0.375 2.1791535055864091 0.66368219212212665 0 0.74801467088551732 0.74801467088551732 0 -0.66368219212212665 -0 1 0 
1 1.0961538205234658 0.46514631663863676 2.2536350274346475 0.66368251090445352 -5.5512786900880265e-07 0.74801438804293852 0.74801438804305376 1.6228394067963774e-23 -0.66368251090455577 3.6842865797685745e-07 0.9999999999998459 4.1524363322226404e-07 
1 1.0122082283525584 0.375 2.3281165080934163 0.66368282968646741 0 0.74801410520080669 0.74801410520080669 0 -0.66368282968646741 -0 1 0 
1 1.2561787948258853 0.375 1.1084491186885821 -0.69663507003812641 -0 -0.71742566109177808 -0.71742566109177808 0 0.69663507003812641 0 1 -0 
1 1.3397435629158054 0.46537899188909831 1.0273059901509611 -0.69663515515615193 -1.6113394066107876e-07 -0.71742557844039712 -0.71742557844040644 -4.4658049246455581e-24 0.69663515515616103 -1.1225156775335422e-07 0.99999999999998712 -1.1560161058515653e-07 
1 1.4233083586823414 0.375 0.94616283681189473 -0.6966352402742495 -0 -0.71742549578896253 -0.71742549578896253 0 0.6966352402742495 0 1 -0 
1 1.3397435629158059 0.28462100811090169 1.0273059901509614 -0.69663515515615193 1.6113394070672854e-07 -0.71742557844039712 -0.71742557844040644 1.2040744513194064e-23 0.69663515515616103 1.1225156778515548e-07 0.99999999999998712 1.1560161061790684e-07 
1 1.3397435709410483 0.28462100611907548 2.0273060369234792 0.69663542622051522 -6.7427670546042163e-07 0.71742531523086528 0.71742531523102848 -4.0825379944677591e-24 -0.69663542622067365 4.6972504009909244e-07 0.99999999999977274 4.8374317796788237e-07 
1 1.4233083519115997 0.375 1.946162839909551 0.69663578240305413 0 0.71742496937009703 0.71742496937009703 0 -0.69663578240305413 -0 1 0 
1 1.3397435709410483 0.46537899388092452 2.0273060369234792 0.69663542622051522 6.7427670548967233e-07 0.71742531523086528 0.71742531523102848 3.6531107214994133e-23 -0.69663542622067365 -4.6972504011946957e-07 0.99999999999977274 -4.837431779888675e-07 
1 1.2561787948258853 0.375 2.1084492378978719 0.69663507003812641 0 0.71742566109177808 0.71742566109177808 0 -0.69663507003812641 -0 1 0 
1 1.4998909059911067 0.375 0.87078592631753526 -0.7062037748041875 -0 -0.70800863585998486 -0.70800863585998486 0 0.7062037748041875 0 1 -0 
1 1.5833333218396777 0.46545013128488405 0.78755620106168367 -0.70620386120478318 -1.6794184988846023e-07 -0.70800854967961169 -0.70800854967962168 -7.4016463089212349e-24 0.70620386120479317 -1.1860118284910638e-07 0.99999999999998601 -1.1890426557004146e-07 
1 1.6667757653102016 0.37500000000000006 0.70432645053705945 -0.7062039476054518 -0 -0.70800846349918467 -0.70800846349918467 0 0.7062039476054518 0 1 -0 
1 1.5833333218396772 0.28454986871511612 0.78755620106168356 -0.70620386120478318 1.6794184986795518e-07 -0.70800854967961169 -0.70800854967962168 4.4040079284150099e-24 0.70620386120479317 1.1860118283462564e-07 0.99999999999998601 1.1890426555552371e-07 
1 1.5833333245351187 0.28454986936832771 1.7875561768081201 0.70620377436138382 -3.3674420088910536e-07 0.70800863630157951 0.7080086363016197 1.713937004264258e-23 -0.7062037743614239 2.3781002566220776e-07 0.99999999999994338 2.3841780245397417e-07 
1 1.6667757653102016 0.37499999999999994 1.7043264505370597 0.7062039476054518 0 0.70800846349918467 0.70800846349918467 0 -0.7062039476054518 -0 1 0 
1 1.5833333245351184 0.46545013063167229 1.7875561768081194 0.70620377436138382 3.3674420084653677e-07 0.70800863630157951 0.7080086363016197 8.5032300627347771e-25 -0.7062037743614239 -2.3781002563214566e-07 0.99999999999994338 -2.3841780242383523e-07 
1 1.4998909037173773 0.375 1.8707858877499552 0.70620360111743863 0 0.70800880910392749 0.70800880910392749 0 -0.70620360111743863 -0 1 0 
1 1.7433305168869109 0.37499999999999994 0.62920699171219985 -0.69439735674042447 -0 -0.71959176687335136 -0.71959176687335147 0 0.69439735674042458 0 1 -0 
1 1.82692308465556 0.46536259457919682 0.54854112191528059 -0.69439757829528237 -4.1689656570918645e-07 -0.71959155307540501 -0.71959155307546763 -4.1651979866657127e-23 0.69439757829534277 -2.8949196562810427e-07 0.99999999999991307 -2.9999524719050211e-07 
1 1.9105156687232601 0.375 0.46787524168549249 -0.69439779985028027 -0 -0.71959133927743335 -0.71959133927743335 0 0.69439779985028027 0 1 -0 
1 1.8269230846555602 0.28463740542080324 0.5485411219152807 -0.69439757829528237 4.1689656573532287e-07 -0.71959155307540501 -0.71959155307546763 2.5440543698333633e-23 0.69439757829534277 2.8949196564625333e-07 0.99999999999991307 2.9999524720930973e-07 
1 1.8269230779802397 0.28463740575396762 1.5485411226125456 0.69439753270747362 1.2013466049328689e-08 0.71959159706723452 0.71959159706723452 -3.6969199758495589e-25 -0.69439753270747362 -8.3421211839188414e-09 1 -8.6447892207494316e-09 
1 1.9105156721024474 0.375 1.4678752401834614 0.69439752632304996 0 0.7195916032281291 0.7195916032281291 0 -0.69439752632304996 -0 1 0 
1 1.8269230779802397 0.46536259424603238 1.5485411226125456 0.69439753270747362 -1.2013466072405648e-08 0.71959159706723452 0.71959159706723452 -1.9303839500392117e-25 -0.69439753270747362 8.3421211999434259e-09 1 8.6447892373554182e-09 
1 1.743330519139703 0.375 1.6292069708426284 0.69439753909189073 0 0.71959159090634606 0.71959159090634606 0 -0.69439753909189073 -0 1 0 
1 1.9865149206931354 0.375 0.39791730225504768 -0.65873912895066289 -0 -0.75237142422431369 -0.75237142422431369 0 0.65873912895066289 0 1 -0 
1 2.0705128204749403 0.46511299597607914 0.32437294205092843 -0.65873894646475339 3.141112072823464e-07 -0.75237158399982662 -0.75237158399986381 3.1624771451024681e-24 0.65873894646478592 2.0691728575795481e-07 0.9999999999999506 2.3632834657512847e-07 
1 2.1545106997579477 0.375 0.25082859653419642 -0.65873876397897169 -0 -0.75237174377528071 -0.75237174377528071 0 0.65873876397897169 0 1 -0 
1 2.0705128204749395 0.28488700402392081 0.32437294205092843 -0.65873894646475339 -3.1411120727331613e-07 -0.75237158399982662 -0.75237158399986381 2.2534793824806853e-23 0.65873894646478592 -2.069172857520062e-07 0.9999999999999506 -2.3632834656833437e-07 
1 2.0705128153098333 0.28488700332570477 1.3243729299378184 0.65873905067673821 6.7286994144466589e-07 0.7523714927567744 0.75237149275694482 -1.9017681350535413e-23 -0.65873905067688743 -4.4324570645627192e-07 0.99999999999977363 -5.0624816227600127e-07 
1 2.1545107008472417 0.37500000000000006 1.2508285565294939 0.658738659766817 0 0.75237183501817617 0.75237183501817617 0 -0.658738659766817 -0 1 0 
1 2.0705128153098329 0.46511299667429529 1.3243729299378182 0.65873905067673821 -6.7286994142325608e-07 0.75237149275677451 0.7523714927569447 -2.8484072749606249e-23 -0.65873905067688732 4.432457064421685e-07 0.99999999999977374 5.0624816225989313e-07 
1 1.9865149239610176 0.375 1.3979173014502271 0.65873944158680675 0 0.75237115049548653 0.75237115049548653 0 -0.65873944158680675 -0 1 0 
1 2.2294994947664666 0.375 0.19042120214639749 -0.59193091513819474 -0 -0.80598870445165627 -0.80598870445165627 0 0.59193091513819474 0 1 -0 
1 2.3141025513086491 0.4647000519528528 0.1282873085574141 -0.59193129951108769 -5.7651984075833894e-07 -0.80598842216174715 -0.80598842216188105 3.0451347224269256e-23 0.59193129951118606 -3.412601385340656e-07 0.99999999999983391 -4.6466831679783253e-07 
1 2.3987056498023946 0.375 0.066153388265073873 -0.59193168388452577 -0 -0.80598813987156781 -0.80598813987156781 0 0.59193168388452577 0 1 -0 
1 2.3141025513086486 0.28529994804714714 0.1282873085574141 -0.59193129951108769 5.7651984080467376e-07 -0.80598842216174715 -0.80598842216188105 -2.548930104314832e-23 0.59193129951118606 3.4126013856149263e-07 0.99999999999983391 4.6466831683517784e-07 
1 2.3141025559276427 0.28529994772838063 1.1282872786306271 0.59193135556222409 -9.4883494001773976e-07 0.80598838099650516 0.80598838099686798 5.5069272687997087e-24 -0.59193135556249055 5.6164515224975523e-07 0.99999999999954992 7.6474993713815854e-07 
1 2.3987056474191082 0.37500000000000006 1.0661533557498599 0.59193198816291115 0 0.80598791640415013 0.80598791640415013 0 -0.59193198816291115 -0 1 0 
1 2.3141025559276427 0.46470005227161937 1.1282872786306268 0.59193135556222409 9.4883494000642637e-07 0.80598838099650516 0.80598838099686798 5.1762066360473308e-23 -0.59193135556249055 -5.6164515224305848e-07 0.99999999999954992 -7.6474993712904002e-07 
1 2.2294994932612333 0.37500000000000006 1.1904211871003745 0.59193072296221427 0 0.80598884558871553 0.80598884558871553 0 -0.59193072296221427 -0 1 0 
1 2.4723917729491247 0.375 0.018770144186143756 -0.4818649403936594 -0 -0.87624550168284177 -0.87624550168284177 0 0.4818649403936594 0 1 -0 
1 2.5576922892277252 0.46415362303801594 -0.028138315770695831 -0.48186493010453801 1.3057075600960375e-08 -0.87624550734103546 -0.87624550734103557 4.959759966708751e-25 0.48186493010453807 6.2917468218264407e-09 1 1.144120383435378e-08 
1 2.6429928058601271 0.375 -0.075046775970032356 -0.48186491981541635 -0 -0.87624551299922926 -0.87624551299922926 0 0.48186491981541635 0 1 -0 
1 2.5576922892277252 0.28584637696198417 -0.028138315770695824 -0.48186493010453801 -1.3057075565589593e-08 -0.87624550734103546 -0.87624550734103557 -3.8997652307223298e-25 0.48186493010453807 -6.2917468047825016e-09 1 -1.1441203803360291e-08 
1 2.557692289352417 0.28584637771232313 0.97186166048049905 0.48186475518944333 0 0.87624560353032177 0.87624560353032177 0 -0.48186475518944333 -0 1 0 
1 2.6429928066954709 0.375 0.92495322209126063 0.48186475518944333 0 0.87624560353032177 0.87624560353032177 0 -0.48186475518944333 -0 1 0 
1 2.557692289352417 0.46415362228767687 0.97186166048049949 0.48186475518944333 0 0.87624560353032177 0.87624560353032177 0 -0.48186475518944333 -0 1 0 
1 2.4723917720093636 0.375 1.0187700988697383 0.48186475518944333 0 0.87624560353032177 0.87624560353032177 0 -0.48186475518944333 -0 1 0 
1 2.7153589829602298 0.375 -0.10705947336278243 -0.31590480437293889 -0 -0.94879089085746138 -0.94879089085746138 0 0.31590480437293889 0 1 -0 
1 2.8012820667384948 0.46358751555155725 -0.13566803128372593 -0.315905056590565 -2.7299436936943705e-07 -0.94879080688022976 -0.94879080688026518 1.0781057995421076e-23 0.31590505659057677 -8.6240301704560818e-08 0.99999999999996281 -2.5901454798779735e-07 
1 2.8872051971836066 0.37499999999999994 -0.1642766045106045 -0.31590530880864132 -0 -0.94879072290285227 -0.94879072290285227 0 0.31590530880864132 0 1 -0 
1 2.8012820667384948 0.28641248444844264 -0.13566803128372595 -0.31590505659056511 2.7299436936145419e-07 -0.94879080688022976 -0.94879080688026518 -4.1361450439183409e-24 0.31590505659057688 8.6240301702039015e-08 0.9999999999999627 2.5901454798022323e-07 
1 2.8012820669054479 0.28641248424499605 0.86433196602057405 0.31590513496310657 -3.0127061363210109e-07 0.94879078078565393 0.94879078078569701 -3.1339324522104499e-24 -0.31590513496312089 9.5172933859871118e-08 0.99999999999995459 2.8584278073578718e-07 
1 2.8872051969061321 0.375 0.83572338506939614 0.31590541330543997 0 0.94879068811003786 0.94879068811003786 0 -0.31590541330543997 -0 1 0 
1 2.8012820669054475 0.46358751575500406 0.86433196602057394 0.31590513496310663 3.0127061363729186e-07 0.94879078078565382 0.9487907807856969 -5.0800251856525146e-24 -0.31590513496312095 -9.5172933861510947e-08 0.99999999999995459 -2.8584278074071215e-07 
1 2.7153589830989673 0.37500000000000006 0.89294053184721656 0.31590485662126511 0 0.94879087346111102 0.94879087346111102 0 -0.31590485662126511 -0 1 0 
1 2.9585935407748765 0.375 -0.17964165969537002 -0.095887687788757323 -0 -0.99539215956854199 -0.9953921595685421 0 0.095887687788757336 0 1 -0 
1 3.044871806996015 0.46322483581696666 -0.18795297513065995 -0.095887627457340238 5.9329996432800777e-08 -0.99539216538035846 -0.99539216538036035 3.6618815069906356e-25 0.095887627457340419 5.6890125949937354e-09 0.99999999999999822 5.9056613621254604e-08 
1 3.1311500735064834 0.375 -0.1962642905552141 -0.095887567125922404 -0 -0.99539217119217482 -0.99539217119217482 0 0.095887567125922404 0 1 -0 
1 3.044871806996015 0.28677516418303334 -0.18795297513065995 -0.095887627457340238 -5.9329996430037345e-08 -0.99539216538035846 -0.99539216538036035 3.999944628256462e-25 0.095887627457340419 -5.6890125947287555e-09 0.99999999999999822 -5.9056613618503911e-08 
1 3.0448718070983882 0.28677516413790066 0.81204700469970703 0.095887687788757323 0 0.99539215956854199 0.9953921595685421 0 -0.095887687788757336 -0 1 0 
1 3.1311500734219 0.375 0.80373568399594519 0.095887687788757309 0 0.99539215956854199 0.9953921595685421 0 -0.095887687788757323 -0 1 0 
1 3.0448718070983887 0.46322483586209934 0.81204700469970703 0.095887687788757323 0 0.99539215956854199 0.9953921595685421 0 -0.095887687788757336 -0 1 0 
1 2.9585935407748765 0.375 0.82035832540346876 0.095887687788757309 0 0.99539215956854199 0.9953921595685421 0 -0.095887687788757323 -0 1 0 
1 3.2022263682907139 0.375 -0.19449466548824065 0.1444491028554537 -0 -0.98951223170017188 -0.98951223170017188 0 -0.1444491028554537 0 1 0 
1 3.2884615478273194 0.46327050452722057 -0.18190605691963177 0.14444896442281954 -1.3775726740544132e-07 -0.98951225190856329 -0.98951225190857273 1.1260549074958405e-24 -0.14444896442282093 1.9898894618433622e-08 0.99999999999999056 -1.3631250388712967e-07 
1 3.3746966800821183 0.375 -0.16931745531838296 0.14444882599045067 -0 -0.9895122721169155 -0.9895122721169155 0 -0.14444882599045067 0 1 0 
1 3.2884615478273194 0.28672949547277943 -0.18190605691963174 0.14444896442281954 1.3775726739815887e-07 -0.98951225190856329 -0.98951225190857273 -2.3494573842209512e-24 -0.14444896442282093 -1.9898894617381683e-08 0.99999999999999056 1.3631250387992359e-07 
1 3.2884615472111407 0.28672949533831599 0.81809393684625342 -0.14444908296005105 -3.7367548143457614e-07 0.98951223460443416 0.98951223460450333 -3.0044903073784642e-24 0.14444908296006112 -5.3977080617883853e-08 0.99999999999993017 3.6975646065124093e-07 
1 3.3746966802094884 0.375 0.83068254905080929 -0.14444870745331295 0 0.98951228942093861 0.98951228942093861 0 0.14444870745331295 0 1 -0 
1 3.2884615472111398 0.46327050466168412 0.81809393684625309 -0.14444908296005105 3.7367548142297402e-07 0.98951223460443416 0.98951223460450333 2.3427406238464148e-24 0.14444908296006112 5.3977080616207939e-08 0.99999999999993017 -3.6975646063976046e-07 
1 3.2022263686728265 0.37499999999999994 0.80550531781700885 -0.14444945846748197 0 0.98951217978782413 0.98951217978782413 0 0.14444945846748197 0 1 -0 
1 3.4462405843152415 0.375 -0.15046426178152761 0.35494982711036083 -0 -0.93488535138503748 -0.93488535138503748 0 -0.35494982711036083 0 1 0 
1 3.5320513250312953 0.4636959751847507 -0.11788432028658798 0.35494985210264424 2.7861754373649711e-08 -0.93488534189616557 -0.93488534189616579 2.9016084183968177e-25 -0.35494985210264435 -9.8895255942471695e-09 0.99999999999999967 2.6047545763436503e-08 
1 3.6178620652178859 0.375 -0.085304379030048699 0.35494987709492704 -0 -0.93488533240729388 -0.93488533240729388 0 -0.35494987709492704 0 1 0 
1 3.5320513250312944 0.28630402481524925 -0.11788432028658798 0.35494985210264424 -2.7861754356261422e-08 -0.93488534189616557 -0.93488534189616579 -1.6079243766182419e-25 -0.35494985210264435 9.8895255880751977e-09 0.99999999999999967 -2.6047545747180445e-08 
1 3.5320513263398388 0.28630402459316168 0.8821156838124905 -0.3549499270794812 2.2289402805747304e-07 0.93488531342952519 0.93488531342954828 -1.0376704730991372e-23 0.35494992707948997 7.9116219005453852e-08 0.99999999999997524 -2.0838035328208521e-07 
1 3.6178620644399224 0.37499999999999994 0.91469563201998694 -0.35495012701771173 0 0.93488523751854713 0.93488523751854713 0 0.35495012701771173 0 1 -0 
1 3.5320513263398383 0.46369597540683838 0.88211568381249061 -0.3549499270794812 -2.2289402805395431e-07 0.93488531342952519 0.93488531342954828 8.6954985927016723e-24 0.35494992707948997 -7.9116219004204876e-08 0.99999999999997524 2.083803532787956e-07 
1 3.4462405840040566 0.375 0.84953573369779012 -0.35494972714121964 0 0.93488538934051901 0.93488538934051901 0 0.35494972714121964 0 1 -0 
1 3.690484322264624 0.375 -0.049990981585238639 0.5087543812952694 -0 -0.86091171412222511 -0.86091171412222511 0 -0.5087543812952694 0 1 0 
1 3.7756410638966895 0.46427317913253013 0.00033220717590560155 0.50875401741096293 -4.7837045265847654e-07 -0.86091192915882919 -0.86091192915892778 -1.0427223177260902e-23 -0.50875401741102122 2.4337288960072862e-07 0.99999999999988565 -4.1183482925083848e-07 
1 3.8607977614991507 0.37499999999999994 0.050655372002067586 0.50875365352721258 -0 -0.86091214419516293 -0.86091214419516293 0 -0.50875365352721258 0 1 0 
1 3.7756410638966882 0.28572682086746987 0.00033220717590560069 0.50875401741096293 4.7837045266426443e-07 -0.86091192915882919 -0.86091192915892778 2.8397311371346183e-24 -0.50875401741102122 -2.4337288960367322e-07 0.99999999999988565 4.1183482925582131e-07 
1 3.7756410638271229 0.2857268205079167 1.0003322446705227 -0.50875409547795192 -4.8518571423095273e-07 0.86091188302530464 0.86091188302540578 1.324804754503639e-23 0.50875409547801176 -2.4684021918242147e-07 0.99999999999988243 4.1770214685559591e-07 
1 3.8607977610890987 0.37500000000000006 1.0506554197289397 -0.50875372641005068 0 0.86091210112524685 0.86091210112524696 0 0.50875372641005079 0 1 -0 
1 3.7756410638271225 0.4642731794920833 1.0003322446705225 -0.50875409547795192 4.8518571428251099e-07 0.86091188302530464 0.86091188302540578 -4.8376368657235498e-25 0.50875409547801176 2.4684021920865191e-07 0.99999999999988243 -4.1770214689998303e-07 
1 3.6904843227330102 0.375 0.95000904582350409 -0.50875446454641449 0 0.86091166492509041 0.86091166492509041 0 0.50875446454641449 0 1 -0 
1 3.934764255242909 0.375 0.10094978330205531 0.60876344612061639 -0 -0.79335179250276566 -0.79335179250276566 0 -0.60876344612061639 0 1 0 
1 4.019230744550927 0.4647977996725593 0.16576360972196907 0.60876383641951248 6.0420615249575626e-07 -0.79335149301393026 -0.79335149301407493 -3.0286225618680832e-24 -0.60876383641962351 -3.6781885538165668e-07 0.99999999999981748 4.7934785317079811e-07 
1 4.1036972750381393 0.375 0.23057746300527948 0.60876422671895269 -0 -0.79335119352483208 -0.79335119352483208 0 -0.60876422671895269 0 1 0 
1 4.019230744550927 0.2852022003274407 0.16576360972196907 0.60876383641951248 -6.0420615251287035e-07 -0.79335149301393026 -0.79335149301407493 2.3468751478061496e-24 -0.60876383641962351 3.6781885539207508e-07 0.99999999999981748 -4.7934785318437552e-07 
1 4.0192307442462409 0.28520220168564098 1.165763606811995 -0.60876360732239676 5.805622170274922e-07 0.79335166880739949 0.79335166880753327 2.816130838252778e-23 0.60876360732249934 3.534251495128039e-07 0.99999999999983158 -4.6059000372536226e-07 
1 4.103697277091495 0.37500000000000006 1.2305774232441784 -0.60876398234871909 0 0.79335138103801672 0.79335138103801672 0 0.60876398234871909 0 1 -0 
1 4.0192307442462401 0.46479779831435897 1.165763606811995 -0.60876360732239676 -5.8056221710637871e-07 0.79335166880739949 0.79335166880753327 -2.7831285832186844e-24 0.60876360732249934 -3.5342514956082712e-07 0.99999999999983158 4.6059000378794698e-07 
1 3.9347642534462244 0.375 1.1009498180930168 -0.60876323229660556 0 0.7933519565765178 0.79335195657651791 0 0.60876323229660567 0 1 -0 
1 4.1789249078288861 0.375 0.29326973294541314 0.66830997641597512 -0 -0.7438829043760038 -0.7438829043760038 0 -0.66830997641597512 0 1 0 
1 4.262820525452649 0.46517788307848396 0.36864233911156963 0.66831070034678131 1.274701500602726e-06 -0.74388225398941321 -0.74388225399001762 3.5355760540949431e-23 -0.66831070034732432 -8.5189665260159306e-07 0.99999999999918765 9.4822782543281363e-07 
1 4.346716224647758 0.37499999999999994 0.44401500459824472 0.66831142427960877 -0 -0.7438816036019178 -0.7438816036019178 0 -0.66831142427960877 0 1 0 
1 4.2628205254526499 0.28482211692151593 0.36864233911156963 0.66831070034678131 -1.2747015005968503e-06 -0.74388225398941321 -0.74388225399001762 3.2284721932154139e-23 -0.66831070034732432 8.5189665259766632e-07 0.99999999999918765 -9.4822782542844283e-07 
1 4.2628205254526517 0.28482211623074061 1.368642309309245 -0.66831080107087804 1.2747016926879884e-06 0.74388216349794034 0.74388216349854475 -4.4102289113922117e-23 0.66831080107142105 8.518969093674059e-07 0.99999999999918765 -9.4822785297199795e-07 
1 4.3467162235477792 0.375 1.4440149943363403 -0.66831152500363855 0 0.74388151311032802 0.74388151311032802 0 0.66831152500363855 0 1 -0 
1 4.2628205254526517 0.46517788376925928 1.368642309309245 -0.66831080107087804 -1.2747016926678669e-06 0.74388216349794034 0.74388216349854475 1.8485960543649823e-23 0.66831080107142105 -8.5189690935395851e-07 0.99999999999918765 9.4822785295702992e-07 
1 4.1789249089288649 0.375 1.2932696836026747 -0.6683100771401389 0 0.74388281388464783 0.74388281388464783 0 0.6683100771401389 0 1 -0 
1 4.4228704812729136 0.37500000000000006 0.51541799831908808 0.6986297372225222 -0 -0.71548339622131663 -0.71548339622131663 0 -0.6986297372225222 0 1 0 
1 4.5064103162826061 0.46539368158524569 0.5969898319022342 0.69862903712579527 -1.3325291387652102e-06 -0.71548407982491724 -0.71548407982555251 -4.7124024344091217e-23 -0.69862903712641555 9.3094354915843048e-07 0.99999999999911227 -9.5340338469016239e-07 
1 4.5899500711071477 0.375 0.6785616045302173 0.6986283370310431 -0 -0.71548476342773326 -0.71548476342773326 0 -0.6986283370310431 0 1 0 
1 4.506410316282607 0.28460631841475437 0.5969898319022342 0.69862903712579527 1.3325291387535832e-06 -0.71548407982491724 -0.71548407982555251 -3.5131335864857039e-23 -0.69862903712641555 -9.3094354915030764e-07 0.99999999999911227 9.5340338468184346e-07 
1 4.5064103216414733 0.28460631841475315 1.5969898206332811 -0.69862903712607216 -9.9135974345606067e-07 0.7154840798252009 0.71548407982555251 2.7909225752481904e-23 0.69862903712641544 -6.9259270301659787e-07 0.99999999999950862 7.0930211382275536e-07 
1 4.5899500688466164 0.375 1.678561583601436 -0.69862851627768208 0 0.71548458840400231 0.71548458840400231 0 0.69862851627768208 0 1 -0 
1 4.506410321641475 0.46539368158524691 1.5969898206332811 -0.69862903712607216 9.913597434995628e-07 0.7154840798252009 0.71548407982555251 4.2012358092614189e-24 0.69862903712641544 6.9259270304698973e-07 0.99999999999950862 -7.0930211385388043e-07 
1 4.4228704790123867 0.375 1.515417977390312 -0.69862955797607751 0 0.71548357124545536 0.71548357124545536 0 0.69862955797607751 0 1 -0 
1 4.6665547724665624 0.375 0.75414328772463868 0.70598169685926693 -0 -0.70823007822296713 -0.70823007822296713 0 -0.70598169685926693 0 1 0 
1 4.75 0.46544845283811015 0.83732360601425171 0.70598169685926693 -0 -0.70823007822296713 -0.70823007822296713 0 -0.70598169685926693 0 1 0 
1 4.8334452275334376 0.375 0.92050392430386485 0.70598169685926693 -0 -0.70823007822296713 -0.70823007822296713 0 -0.70598169685926693 0 1 0 
1 4.75 0.2845515471618898 0.83732360601425171 0.70598169685926693 -0 -0.70823007822296713 -0.70823007822296713 0 -0.70598169685926693 0 1 0 
1 4.7500000053899649 0.28455154716189029 1.8373235949116438 -0.70598169685922674 3.3771041788840606e-07 0.70823007822292683 0.70823007822296724 -1.1077121911782283e-23 0.70598169685926704 2.3841737386790904e-07 0.99999999999994305 -2.3917667567781674e-07 
1 4.8334452252600846 0.375 1.920503903270026 -0.70598187070925045 0 0.7082299049248536 0.7082299049248536 0 0.70598187070925045 0 1 -0 
1 4.7500000053899649 0.46544845283810971 1.8373235949116438 -0.70598169685922674 -3.3771041785903858e-07 0.70823007822292683 0.70823007822296724 4.4946320168725882e-24 0.70598169685926704 -2.3841737384717614e-07 0.99999999999994305 2.3917667565701779e-07 
1 4.6665547701932102 0.37500000000000006 1.7541432666908023 -0.70598152300915584 0 0.70823025152112273 0.70823025152112273 0 0.70598152300915584 0 1 -0 
1 4.9099665810561373 0.375 0.99531357846249069 0.69191070437238478 -0 -0.72198308648811871 -0.72198308648811871 0 -0.69191070437238478 0 1 0 
1 4.9935896781919658 0.46534448149695079 1.0754536887366526 0.69191122621264267 9.7544780658077386e-07 -0.72198258638277835 -0.72198258638312185 8.1538251920169976e-24 -0.69191122621297185 -6.7492328795805691e-07 0.99999999999952427 7.0425633027693018e-07 
1 5.0772128709799134 0.37500000000000006 1.1555938784631696 0.69191174805451738 -0 -0.72198208627648253 -0.72198208627648253 0 -0.69191174805451738 0 1 0 
1 4.9935896781919649 0.28465551850304932 1.0754536887366524 0.69191122621264267 -9.754478065784496e-07 -0.72198258638277835 -0.72198258638312185 -2.8641918261692837e-23 -0.69191122621297185 6.7492328795644872e-07 0.99999999999952427 -7.042563302752521e-07 
1 4.9935896835210603 0.28465551716519905 2.0754537369233819 -0.69191141038745085 1.3197162826138162e-06 0.72198240987845896 0.72198240987908757 6.510549005498406e-23 0.69191141038805326 9.1312675441540418e-07 0.99999999999912925 -9.5281194207819408e-07 
1 5.0772128664836549 0.375 2.1555939560020501 -0.69191211640450112 0 0.7219817332679852 0.7219817332679852 0 0.69191211640450112 0 1 -0 
1 4.9935896835210603 0.4653444828348009 2.0754537369233823 -0.69191141038745085 -1.319716282585376e-06 0.72198240987845896 0.72198240987908757 7.0187776568459286e-24 0.69191141038805326 -9.1312675439572622e-07 0.99999999999912925 9.5281194205766073e-07 
1 4.9099665810561373 0.375 1.9953135784624905 -0.69191070437238478 0 0.72198308648811871 0.72198308648811871 0 0.69191070437238478 0 1 -0 
1 5.1531270822989734 0.375 1.2247585445362015 0.65347052002134276 -0 -0.75695196641731244 -0.75695196641731244 0 -0.65347052002134276 0 1 0 
1 5.2371794749381317 0.46507792148194854 1.2973201480341279 0.65346978707135583 -1.2463947049411064e-06 -0.75695259916547186 -0.75695259916605973 -1.2527559019385812e-23 -0.65346978707186343 8.144812824453629e-07 0.99999999999922329 -9.4346171149198465e-07 
1 5.321231785351701 0.37500000000000006 1.3698816931067919 0.6534690541234156 -0 -0.75695323191267805 -0.75695323191267805 0 -0.6534690541234156 0 1 0 
1 5.2371794749381309 0.2849220785180514 1.2973201480341272 0.65346978707135583 1.2463947049313764e-06 -0.75695259916547186 -0.75695259916605973 4.158477906756089e-23 -0.65346978707186343 -8.1448128243900454e-07 0.99999999999922329 9.4346171148461938e-07 
1 5.2371794852116027 0.28492207851805013 2.2973202428081163 -0.65346978707177361 -5.2450845240262258e-07 0.7569525991659557 0.75695259916605973 -7.9663801037413312e-24 0.65346978707186343 -3.4275042670893437e-07 0.99999999999986255 3.9702803633073267e-07 
1 5.3212317810188541 0.37499999999999994 2.3698817716342417 -0.65346947863234961 0 0.75695286543877049 0.75695286543877049 0 0.65346947863234961 0 1 -0 
1 5.2371794852116036 0.46507792148194987 2.2973202428081172 -0.65346978707177361 5.2450845241342977e-07 0.7569525991659557 0.75695259916605973 -4.4046069058259981e-24 0.65346978707186343 3.4275042671599656e-07 0.99999999999986255 -3.9702803633891321e-07 
1 5.1531270779661318 0.375 2.2247586230636696 -0.65347009551225943 0 0.7569523328923683 0.7569523328923683 0 0.65347009551225943 0 1 -0 
1 5.3960962514523905 0.375 1.4290905624855652 0.5828385148304096 -0 -0.81258800485257132 -0.81258800485257132 0 -0.5828385148304096 0 1 0 
1 5.4807693546601612 0.46464892149049308 1.4898232409947034 0.5828377614738901 -1.1116748075540869e-06 -0.81258854520530188 -0.81258854520580404 -2.2015378932943022e-23 -0.58283776147425026 6.4792605632214192e-07 0.99999999999938216 -9.0333421461231759e-07 
1 5.5654423727713622 0.375 1.5505558659854124 0.58283700811953765 -0 -0.81258908555694132 -0.81258908555694132 0 -0.58283700811953765 0 1 0 
1 5.4807693546601612 0.28535107850950703 1.4898232409947032 0.5828377614738901 1.1116748074995011e-06 -0.81258854520530188 -0.81258854520580404 6.6341866069580202e-23 -0.58283776147425026 -6.4792605629032726e-07 0.99999999999938216 9.0333421456796187e-07 
1 5.4807693546601612 0.28535107850950703 2.4898233602039928 -0.5828377614738901 -1.1116748074865585e-06 0.81258854520530188 0.81258854520580404 -3.2830245972935394e-23 0.58283776147425026 -6.4792605628278379e-07 0.99999999999938216 9.0333421455744479e-07 
1 5.5654423727713622 0.375 2.5505559851947024 -0.58283700811953765 0 0.81258908555694132 0.81258908555694132 0 0.58283700811953765 0 1 -0 
1 5.4807693546601612 0.46464892149049303 2.4898233602039928 -0.5828377614738901 1.111674807533032e-06 0.81258854520530188 0.81258854520580404 8.9520345691823309e-23 0.58283776147425026 6.4792605630987032e-07 0.99999999999938216 -9.0333421459520869e-07 
1 5.3960962514523905 0.375 2.4290906816948552 -0.5828385148304096 0 0.81258800485257132 0.81258800485257132 0 0.5828385148304096 0 1 -0 
1 5.6389878501939741 0.37500000000000006 1.5964456985885738 0.46752230887850638 -0 -0.88398127282251326 -0.88398127282251326 0 -0.46752230887850638 0 1 0 
1 5.7243590354919416 0.46409325582011995 1.6415970325469973 0.46752230887850643 -0 -0.88398127282251315 -0.88398127282251315 0 -0.46752230887850643 0 1 0 
1 5.8097302207899135 0.37500000000000006 1.6867483665054208 0.46752230887850643 -0 -0.88398127282251315 -0.88398127282251315 0 -0.46752230887850643 0 1 0 
1 5.7243590354919434 0.28590674417987999 1.6415970325469968 0.46752230887850643 -0 -0.88398127282251315 -0.88398127282251315 0 -0.46752230887850643 0 1 0 
1 5.7243590354919425 0.28590674697007684 2.6415970325469971 -0.46752163277815029 0 0.88398163039989264 0.88398163039989264 0 0.46752163277815029 0 1 -0 
1 5.8097302240378168 0.375 2.6867482846642194 -0.46752163277815029 0 0.88398163039989264 0.88398163039989264 0 0.46752163277815029 0 1 -0 
1 5.7243590354919425 0.4640932530299231 2.6415970325469971 -0.46752163277815023 0 0.88398163039989264 0.88398163039989275 0 0.46752163277815029 0 1 -0 
1 5.638987846946069 0.37500000000000006 2.5964457804297751 -0.46752163277815023 0 0.88398163039989264 0.88398163039989275 0 0.46752163277815029 0 1 -0 
1 5.88197357937488 0.37499999999999994 1.7170902839954123 0.29546612441190784 -0 -0.95535321704854648 -0.95535321704854648 0 -0.29546612441190784 0 1 0 
1 5.9679487148430743 0.46353637117568891 1.7436802717057869 0.29546707902480285 1.0191065015198575e-06 -0.95535292181031839 -0.95535292181081455 -2.3021028990691395e-23 -0.29546707902495634 -3.0111242121941454e-07 0.99999999999948075 9.736063738633932e-07 
1 6.0539239359691805 0.375 1.7702702852706944 0.295468033640857 -0 -0.95535262657115538 -0.95535262657115538 0 -0.295468033640857 0 1 0 
1 5.9679487148430743 0.28646362882431109 1.7436802717057869 0.29546707902480279 -1.019106501535716e-06 -0.95535292181031839 -0.95535292181081455 -1.2355486838486062e-23 -0.29546707902495623 3.0111242122410006e-07 0.99999999999948075 -9.7360637387854365e-07 
1 5.9679487123407506 0.2864636277957846 2.7436802287144326 -0.29546750574420366 5.6355954312319214e-07 0.95535278983681282 0.95535278983696459 3.7247647599783443e-24 0.29546750574425062 1.6651353254497901e-07 0.99999999999984135 -5.3839818176198679e-07 
1 6.0539239359691805 0.375 2.7702702852706946 -0.295468033640857 0 0.95535262657115538 0.95535262657115538 0 0.295468033640857 0 1 -0 
1 5.9679487123407498 0.46353637220421529 2.7436802287144326 -0.29546750574420377 -5.6355954312841293e-07 0.95535278983681282 0.95535278983696459 -4.7678940546796685e-24 0.29546750574425068 -1.6651353254652162e-07 0.99999999999984135 5.3839818176697443e-07 
1 5.8819735814526917 0.375 2.7170902004880744 -0.29546697784944026 0 0.95535295310189861 0.95535295310189861 0 0.29546697784944026 0 1 -0 
1 6.0897436141967765 0.375 1.9825499414728931 1 0 0 -0 0 1 0 -1 0 
1 6.0897436141967773 0.46827640640441509 2.2813484668731689 1 0 0 -0 0 1 0 -1 0 
1 6.0897436141967765 0.375 2.5801469922734448 1 0 0 -0 0 1 0 -1 0 
1 6.0897436141967773 0.2817235935955848 2.2813484668731689 1 0 0 -0 0 1 0 -1 0 
1 0.12179487198591234 0.53675453850843247 2.7852392196655273 0.12031303541711769 0 0.9927360039349431 0.9927360039349431 0 -0.12031303541711769 -0 1 0 
1 0.20805371639029485 0.625 2.774785218439896 0.12031303541711769 0 0.9927360039349431 0.9927360039349431 0 -0.12031303541711769 -0 1 0 
1 0.12179487198591234 0.71324546149156764 2.7852392196655269 0.12031303541711769 0 0.9927360039349431 0.9927360039349431 0 -0.12031303541711769 -0 1 0 
1 0.035536027581529815 0.625 2.7956932208911582 0.12031303541711766 0 0.9927360039349431 0.9927360039349431 0 -0.12031303541711766 -0 1 0 
1 0 0.53172359359558485 2.2999999523162837 -1 -0 -0 0 0 -1 0 -1 0 
1 0 0.62499999999999989 2.5987984777165605 -1 -0 -0 0 0 -1 0 -1 0 
1 0 0.71827640640441492 2.2999999523162837 -1 -0 -0 0 0 -1 0 -1 0 
1 0 0.625 2.0012014269160083 -1 -0 -0 0 0 -1 0 -1 0 
1 0.27951635381632733 0.62500000000000011 1.7576732130738537 -0.3357369292769869 -0 -0.94195579212596781 -0.94195579212596781 0 0.3357369292769869 0 1 -0 
1 0.36538461478451284 0.71364081776526589 1.7270675894055572 -0.33573691105392822 2.0011479313146142e-08 -0.94195579862112766 -0.94195579862112788 1.7250903929953229e-25 0.33573691105392833 6.7185922502152716e-09 0.99999999999999978 1.8849928978004752e-08 
1 0.45125287287702343 0.625 1.6964619667404328 -0.33573689283087138 -0 -0.94195580511628685 -0.94195580511628685 0 0.33573689283087138 0 1 -0 
1 0.36538461478451278 0.53635918223473422 1.7270675894055572 -0.33573691105392822 -2.0011479330459793e-08 -0.94195579862112766 -0.94195579862112788 -9.7520649029460219e-25 0.33573691105392833 -6.7185922560281039e-09 0.99999999999999978 -1.8849928994313445e-08 
1 0.36538462045284031 0.53635917996070015 2.7270676220600309 0.3357377290898933 -8.7830724619629877e-07 0.94195550705157516 0.94195550705193853 -2.4565343144289248e-23 -0.33573772909002281 2.9488088028125694e-07 0.99999999999961442 8.2732634743822644e-07 
1 0.45125286816288862 0.625 2.6964619195392436 0.33573852890223455 0 0.94195522197743742 0.94195522197743742 0 -0.33573852890223455 -0 1 0 
1 0.36538462045284043 0.71364082003929996 2.7270676220600314 0.3357377290898933 8.7830724618026518e-07 0.94195550705157516 0.94195550705193853 3.4953194677169997e-23 -0.33573772909002281 -2.9488088027587389e-07 0.99999999999961442 -8.2732634742312352e-07 
1 0.27951635381632733 0.62500000000000011 2.7576733322831428 0.3357369292769869 0 0.94195579212596781 0.94195579212596781 0 -0.3357369292769869 -0 1 0 
1 0.52374546562113655 0.625 1.6627917597170037 -0.49560538133209919 -0 -0.86854781445506191 -0.86854781445506191 0 0.49560538133209919 0 1 -0 
1 0.60897435000619093 0.71421365423006988 1.6141589869756954 -0.49560533559015285 5.9080759959450522e-08 -0.86854784055604473 -0.86854784055604628 1.7950545645127122e-24 0.49560533559015374 2.9280739866624795e-08 0.99999999999999833 5.1314466481190876e-08 
1 0.69420322888664387 0.625 1.5655262171384108 -0.49560528984821522 -0 -0.86854786665702344 -0.86854786665702355 0 0.49560528984821528 0 1 -0 
1 0.60897435000619093 0.53578634576993012 1.6141589869756952 -0.49560533559015285 -5.908075994435306e-08 -0.86854784055604473 -0.86854784055604628 -1.1022819070738043e-25 0.49560533559015374 -2.928073985914241e-08 0.99999999999999833 -5.1314466468078005e-08 
1 0.60897434182006327 0.53578634862333419 2.614158957518284 0.49560469428790282 8.8739280059449452e-07 0.86854820649115783 0.86854820649149977 5.0873710282067509e-23 -0.495604694288098 -4.3979603765209359e-07 0.99999999999960631 -7.7074342540981727e-07 
1 0.69420323574655463 0.625 2.5655262608539013 0.49560400724333453 0 0.86854859852765232 0.86854859852765232 0 -0.49560400724333453 -0 1 0 
1 0.60897434182006338 0.71421365137666581 2.6141589575182844 0.49560469428790282 -8.8739280061201995e-07 0.86854820649115783 0.86854820649149977 -4.9134253547980679e-23 -0.495604694288098 4.3979603766077927e-07 0.99999999999960631 7.7074342542503898e-07 
1 0.52374546562113655 0.625 2.6627916405077143 0.4956053813320993 0 0.8685478144550618 0.8685478144550618 0 -0.4956053813320993 -0 1 0 
1 0.76802985333950557 0.62500000000000011 1.5166743350400447 -0.60056776573931903 -0 -0.79957386072512548 -0.79957386072512548 0 0.60056776573931903 0 1 -0 
1 0.85256409645080578 0.71474969987381964 1.4531798362731934 -0.60056776573931903 -0 -0.79957386072512548 -0.79957386072512548 0 0.60056776573931903 0 1 -0 
1 0.93709833956210586 0.62500000000000011 1.3896853375063423 -0.60056776573931903 -0 -0.79957386072512548 -0.79957386072512548 0 0.60056776573931903 0 1 -0 
1 0.85256409645080566 0.53525030012618047 1.4531798362731934 -0.60056776573931903 -0 -0.79957386072512548 -0.79957386072512548 0 0.60056776573931903 0 1 -0 
1 0.85256408680404883 0.53525030012618269 2.4531799291109504 0.6005677657391445 7.6253305504902431e-07 0.799573860724893 0.79957386072512548 -1.855194689392151e-23 -0.60056776573931903 -4.5795277317316974e-07 0.99999999999970934 -6.0970149875607314e-07 
1 0.93709834362409994 0.625 2.389685417195003 0.60056726540863281 0 0.79957423652816428 0.79957423652816428 0 -0.60056726540863281 -0 1 0 
1 0.85256408680404894 0.71474969987381731 2.4531799291109504 0.6005677657391445 -7.62533055094215e-07 0.799573860724893 0.79957386072512548 8.1650187987851246e-25 -0.60056776573931903 4.5795277320030984e-07 0.99999999999970934 6.097014987922064e-07 
1 0.76802985740150265 0.62499999999999989 2.5166744147286955 0.60056826606930003 0 0.79957348492212688 0.79957348492212688 0 -0.60056826606930003 -0 1 0 
1 1.0122082239730661 0.625 1.3281164298156185 -0.66368242003855271 -0 -0.74801446866472465 -0.74801446866472465 0 0.66368242003855271 0 1 -0 
1 1.0961538309058307 0.71514631663863837 1.2536349322525739 -0.66368251090454755 -1.5823424125910469e-07 -0.74801438804304432 -0.74801438804305376 1.0736554541980227e-23 0.66368251090455588 -1.0501729854991986e-07 0.99999999999998757 -1.1836148914288614e-07 
1 1.1800994480607332 0.62500000000000011 1.1791534273086008 -0.66368260177057392 -0 -0.74801430742134989 -0.74801430742134989 0 0.66368260177057392 0 1 -0 
1 1.0961538309058307 0.53485368336136174 1.2536349322525735 -0.66368251090454755 1.5823424121635923e-07 -0.74801438804304443 -0.74801438804305376 -1.5928740889004501e-23 0.66368251090455577 1.0501729852155043e-07 0.99999999999998757 1.1836148911091192e-07 
1 1.0961538205234655 0.5348536833613633 2.2536350274346471 0.66368251090445352 5.5512786896298495e-07 0.74801438804293852 0.74801438804305376 3.838071536605082e-23 -0.66368251090455577 -3.6842865794644907e-07 0.9999999999998459 -4.1524363318799171e-07 
1 1.1800994524402231 0.62499999999999989 2.1791535055864091 0.66368219212212665 0 0.74801467088551732 0.74801467088551732 0 -0.66368219212212665 -0 1 0 
1 1.0961538205234658 0.71514631663863681 2.2536350274346475 0.66368251090445352 -5.5512786892463426e-07 0.74801438804293852 0.74801438804305376 3.2642911939768165e-23 -0.66368251090455577 3.6842865792099636e-07 0.9999999999998459 4.1524363315930488e-07 
1 1.0122082283525584 0.62500000000000011 2.3281165080934163 0.66368282968646741 0 0.74801410520080669 0.74801410520080669 0 -0.66368282968646741 -0 1 0 
1 1.2561787948258853 0.62500000000000011 1.1084491186885821 -0.69663507003812641 -0 -0.71742566109177808 -0.71742566109177808 0 0.69663507003812641 0 1 -0 
1 1.3397435629158054 0.71537899188909815 1.0273059901509611 -0.69663515515615193 -1.611339406692841e-07 -0.71742557844039712 -0.71742557844040644 -1.3107742950984932e-25 0.69663515515616103 -1.1225156775907035e-07 0.99999999999998712 -1.1560161059104325e-07 
1 1.4233083586823414 0.62499999999999989 0.94616283681189473 -0.6966352402742495 -0 -0.71742549578896253 -0.71742549578896253 0 0.6966352402742495 0 1 -0 
1 1.3397435629158059 0.53462100811090163 1.0273059901509614 -0.69663515515615193 1.6113394072385004e-07 -0.71742557844039712 -0.71742557844040644 -3.5370933614240752e-24 0.69663515515616103 1.1225156779708291e-07 0.99999999999998712 1.1560161063019026e-07 
1 1.3397435709410483 0.53462100611907559 2.0273060369234792 0.69663542622051522 -6.7427670547248783e-07 0.71742531523086528 0.71742531523102848 -4.5986970849286777e-23 -0.69663542622067365 4.6972504010749824e-07 0.99999999999977274 4.8374317797653894e-07 
1 1.4233083519115997 0.62500000000000011 1.946162839909551 0.69663578240305413 0 0.71742496937009703 0.71742496937009703 0 -0.69663578240305413 -0 1 0 
1 1.3397435709410483 0.71537899388092452 2.0273060369234792 0.69663542622051522 6.7427670548967233e-07 0.71742531523086528 0.71742531523102848 3.6531107214994133e-23 -0.69663542622067365 -4.6972504011946957e-07 0.99999999999977274 -4.837431779888675e-07 
1 1.2561787948258853 0.62500000000000011 2.1084492378978719 0.69663507003812641 0 0.71742566109177808 0.71742566109177808 0 -0.69663507003812641 -0 1 0 
1 1.4998909059911067 0.62500000000000011 0.87078592631753526 -0.7062037748041875 -0 -0.70800863585998486 -0.70800863585998486 0 0.7062037748041875 0 1 -0 
1 1.5833333218396777 0.71545013128488399 0.78755620106168367 -0.70620386120478318 -1.6794184993415396e-07 -0.70800854967961169 -0.70800854967962168 4.11127719190796e-25 0.70620386120479317 -1.1860118288137546e-07 0.99999999999998601 -1.1890426560239301e-07 
1 1.6667757653102016 0.625 0.70432645053705945 -0.7062039476054518 -0 -0.70800846349918467 -0.70800846349918467 0 0.7062039476054518 0 1 -0 
1 1.5833333218396772 0.53454986871511612 0.78755620106168356 -0.70620386120478318 1.6794184986795518e-07 -0.70800854967961169 -0.70800854967962168 4.4040079284150099e-24 0.70620386120479317 1.1860118283462564e-07 0.99999999999998601 1.1890426555552371e-07 
1 1.5833333245351187 0.5345498693683276 1.7875561768081201 0.70620377436138382 -3.3674420088542956e-07 0.70800863630157951 0.7080086363016197 9.1707344684219396e-24 -0.7062037743614239 2.3781002565961189e-07 0.99999999999994338 2.3841780245137166e-07 
1 1.6667757653102016 0.625 1.7043264505370597 0.7062039476054518 0 0.70800846349918467 0.70800846349918467 0 -0.7062039476054518 -0 1 0 
1 1.5833333245351184 0.71545013063167207 1.7875561768081194 0.70620377436138382 3.3674420083862305e-07 0.70800863630157951 0.7080086363016197 -9.8282619641240637e-24 -0.7062037743614239 -2.3781002562655696e-07 0.99999999999994338 -2.3841780241823224e-07 
1 1.4998909037173773 0.62499999999999989 1.8707858877499552 0.70620360111743863 0 0.70800880910392749 0.70800880910392749 0 -0.70620360111743863 -0 1 0 
1 1.7433305168869109 0.625 0.62920699171219985 -0.69439735674042447 -0 -0.71959176687335136 -0.71959176687335147 0 0.69439735674042458 0 1 -0 
1 1.82692308465556 0.71536259457919671 0.54854112191528059 -0.69439757829528237 -4.1689656567446768e-07 -0.71959155307540501 -0.71959155307546763 -5.3633314566887541e-23 0.69439757829534277 -2.8949196560399565e-07 0.99999999999991307 -2.9999524716551876e-07 
1 1.9105156687232601 0.62499999999999989 0.46787524168549249 -0.69439779985028027 -0 -0.71959133927743335 -0.71959133927743335 0 0.69439779985028027 0 1 -0 
1 1.8269230846555602 0.53463740542080329 0.5485411219152807 -0.69439757829528237 4.1689656571895639e-07 -0.71959155307540501 -0.71959155307546763 2.3521589728035397e-23 0.69439757829534277 2.8949196563488848e-07 0.99999999999991307 2.9999524719753253e-07 
1 1.8269230779802397 0.53463740575396768 1.5485411226125456 0.69439753270747362 1.2013466055964748e-08 0.71959159706723452 0.71959159706723452 1.4785417147443944e-25 -0.69439753270747362 -8.3421211885269058e-09 1 -8.644789225524684e-09 
1 1.9105156721024474 0.625 1.4678752401834614 0.69439752632304996 0 0.7195916032281291 0.7195916032281291 0 -0.69439752632304996 -0 1 0 
1 1.8269230779802397 0.71536259424603243 1.5485411226125456 0.69439753270747362 -1.20134660568174e-08 0.71959159706723452 0.71959159706723452 -3.7396298699630532e-25 -0.69439753270747362 8.3421211891189851e-09 1 8.6447892261382452e-09 
1 1.743330519139703 0.62500000000000011 1.6292069708426284 0.69439753909189073 0 0.71959159090634606 0.71959159090634606 0 -0.69439753909189073 -0 1 0 
1 1.9865149206931354 0.62500000000000011 0.39791730225504768 -0.65873912895066289 -0 -0.75237142422431369 -0.75237142422431369 0 0.65873912895066289 0 1 -0 
1 2.0705128204749403 0.71511299597607925 0.32437294205092843 -0.65873894646475339 3.1411120726978628e-07 -0.75237158399982662 -0.75237158399986381 1.7698513822432332e-24 0.65873894646478592 2.0691728574968096e-07 0.9999999999999506 2.3632834656567857e-07 
1 2.1545106997579477 0.625 0.25082859653419642 -0.65873876397897169 -0 -0.75237174377528071 -0.75237174377528071 0 0.65873876397897169 0 1 -0 
1 2.0705128204749395 0.53488700402392086 0.32437294205092843 -0.65873894646475339 -3.1411120728853683e-07 -0.75237158399982662 -0.75237158399986381 5.0390906223925445e-25 0.65873894646478592 -2.0691728576203269e-07 0.9999999999999506 -2.3632834657978596e-07 
1 2.0705128153098333 0.53488700332570482 1.3243729299378184 0.65873905067673821 6.7286994144951929e-07 0.7523714927567744 0.75237149275694482 -7.4138293456966365e-24 -0.65873905067688743 -4.4324570645946904e-07 0.99999999999977363 -5.0624816227965282e-07 
1 2.1545107008472417 0.62500000000000011 1.2508285565294939 0.658738659766817 0 0.75237183501817617 0.75237183501817617 0 -0.658738659766817 -0 1 0 
1 2.0705128153098329 0.71511299667429518 1.3243729299378182 0.65873905067673821 -6.7286994139062159e-07 0.75237149275677451 0.7523714927569447 -1.4539412842834226e-23 -0.65873905067688732 4.4324570642067091e-07 0.99999999999977374 5.0624816223533987e-07 
1 1.9865149239610176 0.625 1.3979173014502271 0.65873944158680675 0 0.75237115049548653 0.75237115049548653 0 -0.65873944158680675 -0 1 0 
1 2.2294994947664666 0.62499999999999989 0.19042120214639749 -0.59193091513819474 -0 -0.80598870445165627 -0.80598870445165627 0 0.59193091513819474 0 1 -0 
1 2.3141025513086491 0.71470005195285302 0.1282873085574141 -0.59193129951108769 -5.7651984078240992e-07 -0.80598842216174715 -0.80598842216188105 3.3209799946710909e-23 0.59193129951118606 -3.4126013854831396e-07 0.99999999999983391 -4.6466831681723345e-07 
1 2.3987056498023946 0.625 0.066153388265073873 -0.59193168388452577 -0 -0.80598813987156781 -0.80598813987156781 0 0.59193168388452577 0 1 -0 
1 2.3141025513086486 0.53529994804714709 0.1282873085574141 -0.59193129951108769 5.7651984079953725e-07 -0.80598842216174715 -0.80598842216188105 -4.5215027069825709e-25 0.59193129951118606 3.4126013855845221e-07 0.99999999999983391 4.6466831683103787e-07 
1 2.3141025559276427 0.53529994772838063 1.1282872786306271 0.59193135556222409 -9.4883494001773976e-07 0.80598838099650516 0.80598838099686798 5.5069272687997087e-24 -0.59193135556249055 5.6164515224975523e-07 0.99999999999954992 7.6474993713815854e-07 
1 2.3987056474191082 0.62500000000000011 1.0661533557498599 0.59193198816291115 0 0.80598791640415013 0.80598791640415013 0 -0.59193198816291115 -0 1 0 
1 2.3141025559276427 0.71470005227161937 1.1282872786306268 0.59193135556222409 9.4883494000642637e-07 0.80598838099650516 0.80598838099686798 5.1762066360473308e-23 -0.59193135556249055 -5.6164515224305848e-07 0.99999999999954992 -7.6474993712904002e-07 
1 2.2294994932612333 0.625 1.1904211871003745 0.59193072296221427 0 0.80598884558871553 0.80598884558871553 0 -0.59193072296221427 -0 1 0 
1 2.4723917729491247 0.625 0.018770144186143756 -0.4818649403936594 -0 -0.87624550168284177 -0.87624550168284177 0 0.4818649403936594 0 1 -0 
1 2.5576922892277252 0.71415362303801588 -0.028138315770695831 -0.48186493010453801 1.3057075648060774e-08 -0.87624550734103546 -0.87624550734103557 -4.325379736129571e-25 0.48186493010453807 6.2917468445224701e-09 1 1.1441203875625294e-08 
1 2.6429928058601271 0.625 -0.075046775970032356 -0.48186491981541635 -0 -0.87624551299922926 -0.87624551299922926 0 0.48186491981541635 0 1 -0 
1 2.5576922892277252 0.53584637696198412 -0.028138315770695824 -0.48186493010453801 -1.3057075574657977e-08 -0.87624550734103546 -0.87624550734103557 6.4363619919120983e-25 0.48186493010453807 -6.291746809152237e-09 1 -1.1441203811306423e-08 
1 2.557692289352417 0.53584637771232313 0.97186166048049905 0.48186475518944333 0 0.87624560353032177 0.87624560353032177 0 -0.48186475518944333 -0 1 0 
1 2.6429928066954709 0.625 0.92495322209126063 0.48186475518944333 0 0.87624560353032177 0.87624560353032177 0 -0.48186475518944333 -0 1 0 
1 2.557692289352417 0.71415362228767687 0.97186166048049949 0.48186475518944333 0 0.87624560353032177 0.87624560353032177 0 -0.48186475518944333 -0 1 0 
1 2.4723917720093636 0.62500000000000011 1.0187700988697383 0.48186475518944333 0 0.87624560353032177 0.87624560353032177 0 -0.48186475518944333 -0 1 0 
1 2.7153589829602298 0.625 -0.10705947336278243 -0.31590480437293889 -0 -0.94879089085746138 -0.94879089085746138 0 0.31590480437293889 0 1 -0 
1 2.8012820667384948 0.71358751555155731 -0.13566803128372593 -0.315905056590565 -2.7299436938872156e-07 -0.94879080688022976 -0.94879080688026518 -5.148060933185426e-24 0.31590505659057677 -8.6240301710652904e-08 0.99999999999996281 -2.5901454800609426e-07 
1 2.8872051971836066 0.625 -0.1642766045106045 -0.31590530880864132 -0 -0.94879072290285227 -0.94879072290285227 0 0.31590530880864132 0 1 -0 
1 2.8012820667384948 0.53641248444844269 -0.13566803128372595 -0.31590505659056511 2.7299436938073869e-07 -0.94879080688022976 -0.94879080688026518 -1.4419159161602813e-24 0.31590505659057688 8.6240301708131088e-08 0.9999999999999627 2.5901454799852015e-07 
1 2.8012820669054479 0.5364124842449961 0.86433196602057405 0.31590513496310657 -3.0127061363499159e-07 0.94879078078565393 0.94879078078569701 -1.4283459223932873e-24 -0.31590513496312089 9.5172933860784246e-08 0.99999999999995459 2.8584278073852966e-07 
1 2.8872051969061321 0.625 0.83572338506939614 0.31590541330543997 0 0.94879068811003786 0.94879068811003786 0 -0.31590541330543997 -0 1 0 
1 2.8012820669054475 0.71358751575500401 0.86433196602057394 0.31590513496310663 3.0127061362995428e-07 0.94879078078565382 0.9487907807856969 -7.2788377513221662e-24 -0.31590513496312095 -9.5172933859192962e-08 0.99999999999995459 -2.8584278073375033e-07 
1 2.7153589830989673 0.625 0.89294053184721656 0.31590485662126511 0 0.94879087346111102 0.94879087346111102 0 -0.31590485662126511 -0 1 0 
1 2.9585935407748765 0.62499999999999989 -0.17964165969537002 -0.095887687788757323 -0 -0.99539215956854199 -0.9953921595685421 0 0.095887687788757336 0 1 -0 
1 3.044871806996015 0.7132248358169665 -0.18795297513065995 -0.095887627457340238 5.9329996427696192e-08 -0.99539216538035846 -0.99539216538036035 -8.0065627535699728e-25 0.095887627457340419 5.6890125945042678e-09 0.99999999999999822 5.9056613616173545e-08 
1 3.1311500735064834 0.625 -0.1962642905552141 -0.095887567125922404 -0 -0.99539217119217482 -0.99539217119217482 0 0.095887567125922404 0 1 -0 
1 3.044871806996015 0.53677516418303339 -0.18795297513065995 -0.095887627457340238 -5.9329996429763799e-08 -0.99539216538035846 -0.99539216538036035 3.0533539692064566e-25 0.095887627457340419 -5.6890125947025265e-09 0.99999999999999822 -5.9056613618231623e-08 
1 3.0448718070983882 0.53677516413790061 0.81204700469970703 0.095887687788757323 0 0.99539215956854199 0.9953921595685421 0 -0.095887687788757336 -0 1 0 
1 3.1311500734219 0.62499999999999989 0.80373568399594519 0.095887687788757309 0 0.99539215956854199 0.9953921595685421 0 -0.095887687788757323 -0 1 0 
1 3.0448718070983887 0.71322483586209928 0.81204700469970703 0.095887687788757323 0 0.99539215956854199 0.9953921595685421 0 -0.095887687788757336 -0 1 0 
1 2.9585935407748765 0.62499999999999989 0.82035832540346876 0.095887687788757309 0 0.99539215956854199 0.9953921595685421 0 -0.095887687788757323 -0 1 0 
1 3.2022263682907139 0.625 -0.19449466548824065 0.1444491028554537 -0 -0.98951223170017188 -0.98951223170017188 0 -0.1444491028554537 0 1 0 
1 3.2884615478273194 0.71327050452722063 -0.18190605691963177 0.14444896442281954 -1.3775726741122134e-07 -0.98951225190856329 -0.98951225190857273 2.8867397942543658e-24 -0.14444896442282093 1.9898894619268542e-08 0.99999999999999056 -1.3631250389284907e-07 
1 3.3746966800821183 0.625 -0.16931745531838296 0.14444882599045067 -0 -0.9895122721169155 -0.9895122721169155 0 -0.14444882599045067 0 1 0 
1 3.2884615478273194 0.53672949547277948 -0.18190605691963174 0.14444896442281954 1.3775726740336643e-07 -0.98951225190856329 -0.98951225190857273 -1.1647185423424245e-24 -0.14444896442282093 -1.9898894618133908e-08 0.99999999999999056 1.3631250388507654e-07 
1 3.2884615472111407 0.53672949533831593 0.81809393684625342 -0.14444908296005105 -3.7367548142908022e-07 0.98951223460443416 0.98951223460450333 -1.7058897013941601e-24 0.14444908296006112 -5.3977080617089972e-08 0.99999999999993017 3.6975646064580266e-07 
1 3.3746966802094884 0.625 0.83068254905080929 -0.14444870745331295 0 0.98951228942093861 0.98951228942093861 0 0.14444870745331295 0 1 -0 
1 3.2884615472111398 0.71327050466168396 0.81809393684625309 -0.14444908296005105 3.7367548142742284e-07 0.98951223460443416 0.98951223460450333 -1.1156331670106474e-24 0.14444908296006112 5.3977080616850566e-08 0.99999999999993017 -3.6975646064416265e-07 
1 3.2022263686728265 0.62499999999999989 0.80550531781700885 -0.14444945846748197 0 0.98951217978782413 0.98951217978782413 0 0.14444945846748197 0 1 -0 
1 3.4462405843152415 0.625 -0.15046426178152761 0.35494982711036083 -0 -0.93488535138503748 -0.93488535138503748 0 -0.35494982711036083 0 1 0 
1 3.5320513250312953 0.71369597518475081 -0.11788432028658798 0.35494985210264424 2.7861754356018767e-08 -0.93488534189616557 -0.93488534189616579 1.6190052578581478e-25 -0.35494985210264435 -9.8895255879890684e-09 0.99999999999999967 2.6047545746953592e-08 
1 3.6178620652178859 0.625 -0.085304379030048699 0.35494987709492704 -0 -0.93488533240729388 -0.93488533240729388 0 -0.35494987709492704 0 1 0 
1 3.5320513250312944 0.5363040248152493 -0.11788432028658798 0.35494985210264424 -2.7861754352455203e-08 -0.93488534189616557 -0.93488534189616579 1.1925660174321449e-25 -0.35494985210264435 9.8895255867241818e-09 0.99999999999999967 -2.6047545743622066e-08 
1 3.5320513263398388 0.53630402459316173 0.8821156838124905 -0.3549499270794812 2.2289402805443588e-07 0.93488531342952519 0.93488531342954828 -9.2754904050268641e-24 0.35494992707948997 7.9116219004375817e-08 0.99999999999997524 -2.083803532792458e-07 
1 3.6178620644399224 0.625 0.91469563201998694 -0.35495012701771173 0 0.93488523751854713 0.93488523751854713 0 0.35495012701771173 0 1 -0 
1 3.5320513263398383 0.71369597540683827 0.88211568381249061 -0.3549499270794812 -2.2289402803632332e-07 0.93488531342952519 0.93488531342954828 1.8073320231245345e-24 0.35494992707948997 -7.9116218997946758e-08 0.99999999999997524 2.0838035326231266e-07 
1 3.4462405840040566 0.625 0.84953573369779012 -0.35494972714121964 0 0.93488538934051901 0.93488538934051901 0 0.35494972714121964 0 1 -0 
1 3.690484322264624 0.625 -0.049990981585238639 0.5087543812952694 -0 -0.86091171412222511 -0.86091171412222511 0 -0.5087543812952694 0 1 0 
1 3.7756410638966895 0.71427317913253019 0.00033220717590560155 0.50875401741096293 -4.783704526928069e-07 -0.86091192915882919 -0.86091192915892778 -1.8799920317787065e-23 -0.50875401741102122 2.4337288961819433e-07 0.99999999999988565 -4.118348292803939e-07 
1 3.8607977614991507 0.625 0.050655372002067586 0.50875365352721258 -0 -0.86091214419516293 -0.86091214419516293 0 -0.50875365352721258 0 1 0 
1 3.7756410638966882 0.53572682086746981 0.00033220717590560069 0.50875401741096293 4.7837045265956763e-07 -0.86091192915882919 -0.86091192915892778 -1.7233122614316049e-23 -0.50875401741102122 -2.4337288960128374e-07 0.99999999999988565 4.1183482925177779e-07 
1 3.7756410638271229 0.53572682050791676 1.0003322446705227 -0.50875409547795192 -4.8518571422853614e-07 0.86091188302530464 0.86091188302540578 2.2905738291132038e-23 0.50875409547801176 -2.46840219181192e-07 0.99999999999988243 4.1770214685351544e-07 
1 3.8607977610890987 0.62500000000000011 1.0506554197289397 -0.50875372641005068 0 0.86091210112524685 0.86091210112524696 0 0.50875372641005079 0 1 -0 
1 3.7756410638271225 0.71427317949208324 1.0003322446705225 -0.50875409547795192 4.8518571421578427e-07 0.86091188302530464 0.86091188302540578 1.2485897683772328e-23 0.50875409547801176 2.4684021917470442e-07 0.99999999999988243 -4.177021468425372e-07 
1 3.6904843227330102 0.625 0.95000904582350409 -0.50875446454641449 0 0.86091166492509041 0.86091166492509041 0 0.50875446454641449 0 1 -0 
1 3.934764255242909 0.625 0.10094978330205531 0.60876344612061639 -0 -0.79335179250276566 -0.79335179250276566 0 -0.60876344612061639 0 1 0 
1 4.019230744550927 0.71479779967255941 0.16576360972196907 0.60876383641951248 6.042061524932356e-07 -0.79335149301393026 -0.79335149301407493 -5.1395447835357285e-23 -0.60876383641962351 -3.6781885538012223e-07 0.99999999999981748 4.7934785316879827e-07 
1 4.1036972750381393 0.62499999999999989 0.23057746300527948 0.60876422671895269 -0 -0.79335119352483208 -0.79335119352483208 0 -0.60876422671895269 0 1 0 
1 4.019230744550927 0.5352022003274407 0.16576360972196907 0.60876383641951248 -6.0420615251287035e-07 -0.79335149301393026 -0.79335149301407493 2.3468751478061496e-24 -0.60876383641962351 3.6781885539207508e-07 0.99999999999981748 -4.7934785318437552e-07 
1 4.0192307442462409 0.53520220168564103 1.165763606811995 -0.60876360732239676 5.8056221703787196e-07 0.79335166880739949 0.79335166880753327 -6.8760603179210867e-24 0.60876360732249934 3.5342514951912271e-07 0.99999999999983158 -4.6059000373359706e-07 
1 4.103697277091495 0.62500000000000011 1.2305774232441784 -0.60876398234871909 0 0.79335138103801672 0.79335138103801672 0 0.60876398234871909 0 1 -0 
1 4.0192307442462401 0.71479779831435886 1.165763606811995 -0.60876360732239676 -5.8056221709714753e-07 0.79335166880739949 0.79335166880753327 -6.6474821085170545e-24 0.60876360732249934 -3.5342514955520753e-07 0.99999999999983158 4.6059000378062343e-07 
1 3.9347642534462244 0.625 1.1009498180930168 -0.60876323229660556 0 0.7933519565765178 0.79335195657651791 0 0.60876323229660567 0 1 -0 
1 4.1789249078288861 0.62499999999999989 0.29326973294541314 0.66830997641597512 -0 -0.7438829043760038 -0.7438829043760038 0 -0.66830997641597512 0 1 0 
1 4.262820525452649 0.71517788307848396 0.36864233911156963 0.66831070034678131 1.274701500602726e-06 -0.74388225398941321 -0.74388225399001762 3.5355760540949431e-23 -0.66831070034732432 -8.5189665260159306e-07 0.99999999999918765 9.4822782543281363e-07 
1 4.346716224647758 0.62499999999999989 0.44401500459824472 0.66831142427960877 -0 -0.7438816036019178 -0.7438816036019178 0 -0.66831142427960877 0 1 0 
1 4.2628205254526499 0.53482211692151593 0.36864233911156963 0.66831070034678131 -1.2747015005968503e-06 -0.74388225398941321 -0.74388225399001762 3.2284721932154139e-23 -0.66831070034732432 8.5189665259766632e-07 0.99999999999918765 -9.4822782542844283e-07 
1 4.2628205254526517 0.53482211623074061 1.368642309309245 -0.66831080107087804 1.2747016926879884e-06 0.74388216349794034 0.74388216349854475 -4.4102289113922117e-23 0.66831080107142105 8.518969093674059e-07 0.99999999999918765 -9.4822785297199795e-07 
1 4.3467162235477792 0.625 1.4440149943363403 -0.66831152500363855 0 0.74388151311032802 0.74388151311032802 0 0.66831152500363855 0 1 -0 
1 4.2628205254526517 0.7151778837692595 1.368642309309245 -0.66831080107087804 -1.274701692706741e-06 0.74388216349794034 0.74388216349854475 -5.1183966470037641e-23 0.66831080107142105 -8.5189690937993849e-07 0.99999999999918765 9.4822785298594773e-07 
1 4.1789249089288649 0.625 1.2932696836026747 -0.6683100771401389 0 0.74388281388464783 0.74388281388464783 0 0.6683100771401389 0 1 -0 
1 4.4228704812729136 0.62500000000000011 0.51541799831908808 0.6986297372225222 -0 -0.71548339622131663 -0.71548339622131663 0 -0.6986297372225222 0 1 0 
1 4.5064103162826061 0.71539368158524552 0.5969898319022342 0.69862903712579527 -1.3325291387745307e-06 -0.71548407982491724 -0.71548407982555251 -1.8440393648229048e-23 -0.69862903712641555 9.3094354916494215e-07 0.99999999999911227 -9.5340338469683108e-07 
1 4.5899500711071477 0.625 0.6785616045302173 0.6986283370310431 -0 -0.71548476342773326 -0.71548476342773326 0 -0.6986283370310431 0 1 0 
1 4.506410316282607 0.53460631841475437 0.5969898319022342 0.69862903712579527 1.3325291387535832e-06 -0.71548407982491724 -0.71548407982555251 -3.5131335864857039e-23 -0.69862903712641555 -9.3094354915030764e-07 0.99999999999911227 9.5340338468184346e-07 
1 4.5064103216414733 0.53460631841475315 1.5969898206332811 -0.69862903712607216 -9.9135974345606067e-07 0.7154840798252009 0.71548407982555251 2.7909225752481904e-23 0.69862903712641544 -6.9259270301659787e-07 0.99999999999950862 7.0930211382275536e-07 
1 4.5899500688466164 0.62499999999999989 1.678561583601436 -0.69862851627768208 0 0.71548458840400231 0.71548458840400231 0 0.69862851627768208 0 1 -0 
1 4.506410321641475 0.71539368158524697 1.5969898206332811 -0.69862903712607216 9.9135974343572298e-07 0.7154840798252009 0.71548407982555251 -9.2909248452098313e-23 0.69862903712641544 6.9259270300238942e-07 0.99999999999950862 -7.0930211380820397e-07 
1 4.4228704790123867 0.625 1.515417977390312 -0.69862955797607751 0 0.71548357124545536 0.71548357124545536 0 0.69862955797607751 0 1 -0 
1 4.6665547724665624 0.625 0.75414328772463868 0.70598169685926693 -0 -0.70823007822296713 -0.70823007822296713 0 -0.70598169685926693 0 1 0 
1 4.75 0.71544845283811009 0.83732360601425171 0.70598169685926693 -0 -0.70823007822296713 -0.70823007822296713 0 -0.70598169685926693 0 1 0 
1 4.8334452275334376 0.625 0.92050392430386485 0.70598169685926693 -0 -0.70823007822296713 -0.70823007822296713 0 -0.70598169685926693 0 1 0 
1 4.75 0.5345515471618898 0.83732360601425171 0.70598169685926693 -0 -0.70823007822296713 -0.70823007822296713 0 -0.70598169685926693 0 1 0 
1 4.7500000053899649 0.53455154716189024 1.8373235949116438 -0.70598169685922674 3.3771041788675758e-07 0.70823007822292683 0.70823007822296724 -1.7645618169862962e-23 0.70598169685926704 2.3841737386674524e-07 0.99999999999994305 -2.3917667567664921e-07 
1 4.8334452252600846 0.62499999999999989 1.920503903270026 -0.70598187070925045 0 0.7082299049248536 0.7082299049248536 0 0.70598187070925045 0 1 -0 
1 4.7500000053899649 0.71544845283810976 1.8373235949116438 -0.70598169685922674 -3.3771041788273158e-07 0.70823007822292683 0.70823007822296724 3.5397855871971541e-23 0.70598169685926704 -2.3841737386390297e-07 0.99999999999994305 2.3917667567379789e-07 
1 4.6665547701932102 0.625 1.7541432666908023 -0.70598152300915584 0 0.70823025152112273 0.70823025152112273 0 0.70598152300915584 0 1 -0 
1 4.9099665810561373 0.62499999999999989 0.99531357846249069 0.69191070437238478 -0 -0.72198308648811871 -0.72198308648811871 0 -0.69191070437238478 0 1 0 
1 4.9935896781919658 0.71534448149695096 1.0754536887366526 0.69191122621264267 9.7544780658123824e-07 -0.72198258638277835 -0.72198258638312185 -1.483779061332023e-23 -0.69191122621297185 -6.7492328795837826e-07 0.99999999999952427 7.042563302772655e-07 
1 5.0772128709799134 0.625 1.1555938784631696 0.69191174805451738 -0 -0.72198208627648253 -0.72198208627648253 0 -0.69191174805451738 0 1 0 
1 4.9935896781919649 0.53465551850304938 1.0754536887366524 0.69191122621264267 -9.7544780656455445e-07 -0.72198258638277835 -0.72198258638312185 5.7671658578963646e-23 -0.69191122621297185 6.7492328794683457e-07 0.99999999999952427 -7.0425633026522005e-07 
1 4.9935896835210603 0.5346555171651991 2.0754537369233819 -0.69191141038745085 1.3197162826054346e-06 0.72198240987845896 0.72198240987908757 -2.5682013443274207e-23 0.69191141038805326 9.1312675440960497e-07 0.99999999999912925 -9.5281194207214267e-07 
1 5.0772128664836549 0.625 2.1555939560020501 -0.69191211640450112 0 0.7219817332679852 0.7219817332679852 0 0.69191211640450112 0 1 -0 
1 4.9935896835210603 0.7153444828348009 2.0754537369233823 -0.69191141038745085 -1.319716282585376e-06 0.72198240987845896 0.72198240987908757 7.0187776568459286e-24 0.69191141038805326 -9.1312675439572622e-07 0.99999999999912925 9.5281194205766073e-07 
1 4.9099665810561373 0.62499999999999989 1.9953135784624905 -0.69191070437238478 0 0.72198308648811871 0.72198308648811871 0 0.69191070437238478 0 1 -0 
1 5.1531270822989734 0.62500000000000011 1.2247585445362015 0.65347052002134276 -0 -0.75695196641731244 -0.75695196641731244 0 -0.65347052002134276 0 1 0 
1 5.2371794749381317 0.71507792148194849 1.2973201480341279 0.65346978707135583 -1.2463947049688129e-06 -0.75695259916547186 -0.75695259916605973 8.2176790900624819e-23 -0.65346978707186343 8.1448128246346823e-07 0.99999999999922329 -9.4346171151295698e-07 
1 5.321231785351701 0.62500000000000011 1.3698816931067919 0.6534690541234156 -0 -0.75695323191267805 -0.75695323191267805 0 -0.6534690541234156 0 1 0 
1 5.2371794749381309 0.5349220785180514 1.2973201480341272 0.65346978707135583 1.2463947049313764e-06 -0.75695259916547186 -0.75695259916605973 4.158477906756089e-23 -0.65346978707186343 -8.1448128243900454e-07 0.99999999999922329 9.4346171148461938e-07 
1 5.2371794852116027 0.53492207851805018 2.2973202428081163 -0.65346978707177361 -5.2450845239057756e-07 0.7569525991659557 0.75695259916605973 7.2567080846712518e-24 0.65346978707186343 -3.4275042670106331e-07 0.99999999999986255 3.9702803632161515e-07 
1 5.3212317810188541 0.62499999999999989 2.3698817716342417 -0.65346947863234961 0 0.75695286543877049 0.75695286543877049 0 0.65346947863234961 0 1 -0 
1 5.2371794852116036 0.71507792148194993 2.2973202428081172 -0.65346978707177361 5.2450845242440795e-07 0.7569525991659557 0.75695259916605973 2.7165074542060966e-23 0.65346978707186343 3.4275042672317045e-07 0.99999999999986255 -3.9702803634722318e-07 
1 5.1531270779661318 0.625 2.2247586230636696 -0.65347009551225943 0 0.7569523328923683 0.7569523328923683 0 0.65347009551225943 0 1 -0 
1 5.3960962514523905 0.625 1.4290905624855652 0.5828385148304096 -0 -0.81258800485257132 -0.81258800485257132 0 -0.5828385148304096 0 1 0 
1 5.4807693546601612 0.71464892149049308 1.4898232409947034 0.5828377614738901 -1.1116748075540869e-06 -0.81258854520530188 -0.81258854520580404 -2.2015378932943022e-23 -0.58283776147425026 6.4792605632214192e-07 0.99999999999938216 -9.0333421461231759e-07 
1 5.5654423727713622 0.625 1.5505558659854124 0.58283700811953765 -0 -0.81258908555694132 -0.81258908555694132 0 -0.58283700811953765 0 1 0 
1 5.4807693546601612 0.53535107850950703 1.4898232409947032 0.5828377614738901 1.1116748074995011e-06 -0.81258854520530188 -0.81258854520580404 6.6341866069580202e-23 -0.58283776147425026 -6.4792605629032726e-07 0.99999999999938216 9.0333421456796187e-07 
1 5.4807693546601612 0.53535107850950703 2.4898233602039928 -0.5828377614738901 -1.1116748074865585e-06 0.81258854520530188 0.81258854520580404 -3.2830245972935394e-23 0.58283776147425026 -6.4792605628278379e-07 0.99999999999938216 9.0333421455744479e-07 
1 5.5654423727713622 0.62500000000000011 2.5505559851947024 -0.58283700811953765 0 0.81258908555694132 0.81258908555694132 0 0.58283700811953765 0 1 -0 
1 5.4807693546601612 0.71464892149049297 2.4898233602039928 -0.5828377614738901 1.1116748075128406e-06 0.81258854520530188 0.81258854520580404 4.6281693779926757e-23 0.58283776147425026 6.4792605629810207e-07 0.99999999999938216 -9.0333421457880135e-07 
1 5.3960962514523905 0.625 2.4290906816948552 -0.5828385148304096 0 0.81258800485257132 0.81258800485257132 0 0.5828385148304096 0 1 -0 
1 5.6389878501939741 0.62500000000000011 1.5964456985885738 0.46752230887850638 -0 -0.88398127282251326 -0.88398127282251326 0 -0.46752230887850638 0 1 0 
1 5.7243590354919416 0.71409325582011995 1.6415970325469973 0.46752230887850643 -0 -0.88398127282251315 -0.88398127282251315 0 -0.46752230887850643 0 1 0 
1 5.8097302207899135 0.62500000000000011 1.6867483665054208 0.46752230887850643 -0 -0.88398127282251315 -0.88398127282251315 0 -0.46752230887850643 0 1 0 
1 5.7243590354919434 0.53590674417987993 1.6415970325469968 0.46752230887850643 -0 -0.88398127282251315 -0.88398127282251315 0 -0.46752230887850643 0 1 0 
1 5.7243590354919425 0.53590674697007679 2.6415970325469971 -0.46752163277815029 0 0.88398163039989264 0.88398163039989264 0 0.46752163277815029 0 1 -0 
1 5.8097302240378168 0.625 2.6867482846642194 -0.46752163277815029 0 0.88398163039989264 0.88398163039989264 0 0.46752163277815029 0 1 -0 
1 5.7243590354919425 0.7140932530299231 2.6415970325469971 -0.46752163277815023 0 0.88398163039989264 0.88398163039989275 0 0.46752163277815029 0 1 -0 
1 5.638987846946069 0.625 2.5964457804297751 -0.46752163277815023 0 0.88398163039989264 0.88398163039989275 0 0.46752163277815029 0 1 -0 
1 5.88197357937488 0.62499999999999989 1.7170902839954123 0.29546612441190784 -0 -0.95535321704854648 -0.95535321704854648 0 -0.29546612441190784 0 1 0 
1 5.9679487148430743 0.71353637117568891 1.7436802717057869 0.29546707902480285 1.0191065015198575e-06 -0.95535292181031839 -0.95535292181081455 -2.3021028990691395e-23 -0.29546707902495634 -3.0111242121941454e-07 0.99999999999948075 9.736063738633932e-07 
1 6.0539239359691805 0.625 1.7702702852706944 0.295468033640857 -0 -0.95535262657115538 -0.95535262657115538 0 -0.295468033640857 0 1 0 
1 5.9679487148430743 0.5364636288243112 1.7436802717057869 0.29546707902480279 -1.0191065015359718e-06 -0.95535292181031839 -0.95535292181081455 5.6030157076110354e-25 -0.29546707902495623 3.0111242122417566e-07 0.99999999999948075 -9.7360637387878802e-07 
1 5.9679487123407506 0.5364636277957846 2.7436802287144326 -0.29546750574420366 5.6355954312319214e-07 0.95535278983681282 0.95535278983696459 3.7247647599783443e-24 0.29546750574425062 1.6651353254497901e-07 0.99999999999984135 -5.3839818176198679e-07 
1 6.0539239359691805 0.625 2.7702702852706946 -0.295468033640857 0 0.95535262657115538 0.95535262657115538 0 0.295468033640857 0 1 -0 
1 5.9679487123407498 0.7135363722042154 2.7436802287144326 -0.29546750574420377 -5.6355954313167136e-07 0.95535278983681282 0.95535278983696459 -2.3413578866250785e-24 0.29546750574425068 -1.6651353254748441e-07 0.99999999999984135 5.3839818177008739e-07 
1 5.8819735814526917 0.625 2.7170902004880744 -0.29546697784944026 0 0.95535295310189861 0.95535295310189861 0 0.29546697784944026 0 1 -0 
1 6.0897436141967765 0.62499999999999989 1.9825499414728931 1 0 0 -0 0 1 0 -1 0 
1 6.0897436141967773 0.71827640640441492 2.2813484668731689 1 0 0 -0 0 1 0 -1 0 
1 6.0897436141967765 0.625 2.5801469922734448 1 0 0 -0 0 1 0 -1 0 
1 6.0897436141967773 0.53172359359558485 2.2813484668731689 1 0 0 -0 0 1 0 -1 0 
1 0.12179487198591234 0.78675453850843247 2.7852392196655273 0.12031303541711769 0 0.9927360039349431 0.9927360039349431 0 -0.12031303541711769 -0 1 0 
1 0.20805371639029485 0.875 2.774785218439896 0.12031303541711769 0 0.9927360039349431 0.9927360039349431 0 -0.12031303541711769 -0 1 0 
1 0.12179487198591234 0.96324546149156753 2.7852392196655269 0.12031303541711769 0 0.9927360039349431 0.9927360039349431 0 -0.12031303541711769 -0 1 0 
1 0.035536027581529815 0.875 2.7956932208911582 0.12031303541711766 0 0.9927360039349431 0.9927360039349431 0 -0.12031303541711766 -0 1 0 
1 0.1231652029215919 1 1.9869472021960248 0 1 0 0 -0 1 1 0 -0 
1 0.030887821844202874 1 2.2997901125116229 0 1 0 0 -0 1 1 0 -0 
1 0.12042454645245604 1 2.5835312023787953 0 1 0 0 -0 1 1 0 -0 
1 0.21270192222657811 1 2.2706882680155136 0 1 0 0 -0 1 1 0 -0 
1 0 0.78172359359558485 2.2999999523162837 -1 -0 -0 0 0 -1 0 -1 0 
1 0 0.875 2.5987984777165605 -1 -0 -0 0 0 -1 0 -1 0 
1 0 0.96827640640441492 2.2999999523162837 -1 -0 -0 0 0 -1 0 -1 0 
1 0 0.875 2.0012014269160083 -1 -0 -0 0 0 -1 0 -1 0 
1 0.27951635381632733 0.87500000000000011 1.7576732130738537 -0.3357369292769869 -0 -0.94195579212596781 -0.94195579212596781 0 0.3357369292769869 0 1 -0 
1 0.36538461478451284 0.96364081776526589 1.7270675894055572 -0.33573691105392822 2.0011479313146142e-08 -0.94195579862112766 -0.94195579862112788 1.7250903929953229e-25 0.33573691105392833 6.7185922502152716e-09 0.99999999999999978 1.8849928978004752e-08 
1 0.45125287287702343 0.875 1.6964619667404328 -0.33573689283087138 -0 -0.94195580511628685 -0.94195580511628685 0 0.33573689283087138 0 1 -0 
1 0.36538461478451278 0.78635918223473422 1.7270675894055572 -0.33573691105392822 -2.0011479330459793e-08 -0.94195579862112766 -0.94195579862112788 -9.7520649029460219e-25 0.33573691105392833 -6.7185922560281039e-09 0.99999999999999978 -1.8849928994313445e-08 
1 0.36538462045284031 0.78635917996070004 2.7270676220600309 0.3357377290898933 -8.7830724618983347e-07 0.94195550705157516 0.94195550705193853 -2.4477694518212706e-23 -0.33573772909002281 2.9488088027908631e-07 0.99999999999961442 8.2732634743213638e-07 
1 0.45125286816288862 0.875 2.6964619195392436 0.33573852890223455 0 0.94195522197743742 0.94195522197743742 0 -0.33573852890223455 -0 1 0 
1 0.36538462045284043 0.96364082003929985 2.7270676220600314 0.3357377290898933 8.7830724620570677e-07 0.94195550705157516 0.94195550705193853 1.5744168664068497e-23 -0.33573772909002281 -2.9488088028441558e-07 0.99999999999961442 -8.2732634744708831e-07 
1 0.27951635381632733 0.87500000000000011 2.7576733322831428 0.3357369292769869 0 0.94195579212596781 0.94195579212596781 0 -0.3357369292769869 -0 1 0 
1 0.369372022651627 1 1.9254541672994865 0 1 0 0 -0 1 1 0 -0 
1 0.27448026604262427 1 2.2698575536971055 0 1 0 0 -0 1 1 0 -0 
1 0.36139719162719475 1 2.5286811459548391 0 1 0 0 -0 1 1 0 -0 
1 0.45628896174874994 1 2.1842776297100466 0 1 0 0 -0 1 1 0 -0 
1 0.52374546562113655 0.87500000000000011 1.6627917597170037 -0.49560538133209919 -0 -0.86854781445506191 -0.86854781445506191 0 0.49560538133209919 0 1 -0 
1 0.60897435000619093 0.96421365423006999 1.6141589869756954 -0.49560533559015285 5.9080759966952978e-08 -0.86854784055604473 -0.86854784055604628 3.386460822206509e-24 0.49560533559015374 2.9280739870343055e-08 0.99999999999999833 5.1314466487707114e-08 
1 0.69420322888664387 0.875 1.5655262171384108 -0.49560528984821522 -0 -0.86854786665702344 -0.86854786665702355 0 0.49560528984821528 0 1 -0 
1 0.60897435000619093 0.78578634576993023 1.6141589869756952 -0.49560533559015285 -5.9080759951855528e-08 -0.86854784055604473 -0.86854784055604628 2.4769654239730877e-24 0.49560533559015374 -2.9280739862860673e-08 0.99999999999999833 -5.1314466474594263e-08 
1 0.60897434182006327 0.78578634862333419 2.614158957518284 0.49560469428790282 8.8739280059449452e-07 0.86854820649115783 0.86854820649149977 5.0873710282067509e-23 -0.495604694288098 -4.3979603765209359e-07 0.99999999999960631 -7.7074342540981727e-07 
1 0.69420323574655463 0.875 2.5655262608539013 0.49560400724333453 0 0.86854859852765232 0.86854859852765232 0 -0.49560400724333453 -0 1 0 
1 0.60897434182006338 0.96421365137666581 2.6141589575182844 0.49560469428790282 -8.8739280061201995e-07 0.86854820649115783 0.86854820649149977 -4.9134253547980679e-23 -0.495604694288098 4.3979603766077927e-07 0.99999999999960631 7.7074342542503898e-07 
1 0.52374546562113655 0.87500000000000011 2.6627916405077143 0.4956053813320993 0 0.8685478144550618 0.8685478144550618 0 -0.4956053813320993 -0 1 0 
1 0.61524784480632888 1 1.8070664482659267 0 1 0 0 -0 1 1 0 -0 
1 0.51807485950312349 1 2.1826520104932814 0 1 0 0 -0 1 1 0 -0 
1 0.60270086133198542 1 2.421251383930457 0 1 0 0 -0 1 1 0 -0 
1 0.6998738379485272 1 2.0456659619390423 0 1 0 0 -0 1 1 0 -0 
1 0.76802985333950557 0.87500000000000011 1.5166743350400447 -0.60056776573931903 -0 -0.79957386072512548 -0.79957386072512548 0 0.60056776573931903 0 1 -0 
1 0.85256409645080578 0.96474969987381953 1.4531798362731934 -0.60056776573931903 -0 -0.79957386072512548 -0.79957386072512548 0 0.60056776573931903 0 1 -0 
1 0.93709833956210586 0.87500000000000011 1.3896853375063423 -0.60056776573931903 -0 -0.79957386072512548 -0.79957386072512548 0 0.60056776573931903 0 1 -0 
1 0.85256409645080566 0.78525030012618069 1.4531798362731934 -0.60056776573931903 -0 -0.79957386072512548 -0.79957386072512548 0 0.60056776573931903 0 1 -0 
1 0.85256408680404883 0.78525030012618269 2.4531799291109504 0.6005677657391445 7.6253305504902431e-07 0.799573860724893 0.79957386072512548 -1.855194689392151e-23 -0.60056776573931903 -4.5795277317316974e-07 0.99999999999970934 -6.0970149875607314e-07 
1 0.93709834362409994 0.87499999999999989 2.389685417195003 0.60056726540863281 0 0.79957423652816428 0.79957423652816428 0 -0.60056726540863281 -0 1 0 
1 0.85256408680404894 0.96474969987381731 2.4531799291109504 0.6005677657391445 -7.62533055094215e-07 0.799573860724893 0.79957386072512548 8.1650187987851246e-25 -0.60056776573931903 4.5795277320030984e-07 0.99999999999970934 6.097014987922064e-07 
1 0.76802985740150265 0.87499999999999989 2.5166744147286955 0.60056826606930003 0 0.79957348492212688 0.79957348492212688 0 -0.60056826606930003 -0 1 0 
1 0.86066667808043329 1 1.6400361083503523 0 1 0 0 -0 1 1 0 -0 
1 0.76167056124529531 1 2.0433212593452157 0 1 0 0 -0 1 1 0 -0 
1 0.84446151610843467 1 2.2663236265632638 0 1 0 0 -0 1 1 0 -0 
1 0.94345763169354091 1 1.8630385305557662 0 1 0 0 -0 1 1 0 -0 
1 1.0122082239730661 0.875 1.3281164298156185 -0.66368242003855271 -0 -0.74801446866472465 -0.74801446866472465 0 0.66368242003855271 0 1 -0 
1 1.0961538309058307 0.96514631663863826 1.2536349322525739 -0.66368251090454755 -1.5823424122964528e-07 -0.74801438804304432 -0.74801438804305376 6.5970222168105781e-24 0.66368251090455588 -1.0501729853036817e-07 0.99999999999998757 -1.1836148912085007e-07 
1 1.1800994480607332 0.87500000000000011 1.1791534273086008 -0.66368260177057392 -0 -0.74801430742134989 -0.74801430742134989 0 0.66368260177057392 0 1 -0 
1 1.0961538309058307 0.78485368336136185 1.2536349322525735 -0.66368251090454755 1.5823424122555763e-07 -0.74801438804304443 -0.74801438804305376 -1.1260405475826705e-23 0.66368251090455577 1.0501729852765526e-07 0.99999999999998757 1.1836148911779246e-07 
1 1.0961538205234655 0.78485368336136307 2.2536350274346471 0.66368251090445352 5.5512786894716353e-07 0.74801438804293852 0.74801438804305376 1.668475243028018e-23 -0.66368251090455577 -3.6842865793594867e-07 0.9999999999998459 -4.1524363317615707e-07 
1 1.1800994524402231 0.87499999999999989 2.1791535055864091 0.66368219212212665 0 0.74801467088551732 0.74801467088551732 0 -0.66368219212212665 -0 1 0 
1 1.0961538205234658 0.9651463166386367 2.2536350274346475 0.66368251090445352 -5.5512786898136768e-07 0.74801438804293852 0.74801438804305376 6.5212840655442212e-24 -0.66368251090455577 3.6842865795864936e-07 0.9999999999998459 4.1524363320174229e-07 
1 1.0122082283525584 0.87500000000000011 2.3281165080934163 0.66368282968646741 0 0.74801410520080669 0.74801410520080669 0 -0.66368282968646741 -0 1 0 
1 1.105570657356282 1 1.4352508251538525 0 1 0 0 -0 1 1 0 -0 
1 1.0052660344003674 1 1.8600960296491293 0 1 0 0 -0 1 1 0 -0 
1 1.0867370164367398 1 2.0720190980369906 0 1 0 0 -0 1 1 0 -0 
1 1.1870416322471922 1 1.6471739454558236 0 1 0 0 -0 1 1 0 -0 
1 1.2561787948258853 0.87500000000000022 1.1084491186885821 -0.69663507003812641 -0 -0.71742566109177808 -0.71742566109177808 0 0.69663507003812641 0 1 -0 
1 1.3397435629158054 0.96537899188909826 1.0273059901509611 -0.69663515515615193 -1.6113394067875258e-07 -0.71742557844039712 -0.71742557844040644 -2.0754285542256777e-24 0.69663515515616103 -1.1225156776566643e-07 0.99999999999998712 -1.1560161059783618e-07 
1 1.4233083586823414 0.87499999999999989 0.94616283681189473 -0.6966352402742495 -0 -0.71742549578896253 -0.71742549578896253 0 0.6966352402742495 0 1 -0 
1 1.3397435629158059 0.78462100811090174 1.0273059901509614 -0.69663515515615193 1.6113394071114151e-07 -0.71742557844039712 -0.71742557844040644 3.1837671832752012e-24 0.69663515515616103 1.1225156778822969e-07 0.99999999999998712 1.1560161062107282e-07 
1 1.3397435709410483 0.78462100611907548 2.0273060369234792 0.69663542622051522 -6.7427670546042163e-07 0.71742531523086528 0.71742531523102848 -4.0825379944677591e-24 -0.69663542622067365 4.6972504009909244e-07 0.99999999999977274 4.8374317796788237e-07 
1 1.4233083519115997 0.87500000000000011 1.946162839909551 0.69663578240305413 0 0.71742496937009703 0.71742496937009703 0 -0.69663578240305413 -0 1 0 
1 1.3397435709410483 0.96537899388092452 2.0273060369234792 0.69663542622051522 6.7427670548967233e-07 0.71742531523086528 0.71742531523102848 3.6531107214994133e-23 -0.69663542622067365 -4.6972504011946957e-07 0.99999999999977274 -4.837431779888675e-07 
1 1.2561787948258853 0.87500000000000022 2.1084492378978719 0.69663507003812641 0 0.71742566109177808 0.71742566109177808 0 -0.69663507003812641 -0 1 0 
1 1.3499401812659855 1 1.2054631850175248 0 1 0 0 -0 1 1 0 -0 
1 1.2488598174219603 1 1.643802248218887 0 1 0 0 -0 1 1 0 -0 
1 1.3295469644584856 1 1.8491488173744433 0 1 0 0 -0 1 1 0 -0 
1 1.4306273227612352 1 1.4108097583570309 0 1 0 0 -0 1 1 0 -0 
1 1.4998909059911067 0.87500000000000011 0.87078592631753526 -0.7062037748041875 -0 -0.70800863585998486 -0.70800863585998486 0 0.7062037748041875 0 1 -0 
1 1.5833333218396777 0.96545013128488411 0.78755620106168367 -0.70620386120478318 -1.6794184988665026e-07 -0.70800854967961169 -0.70800854967962168 2.6266878690508873e-24 0.70620386120479317 -1.1860118284782817e-07 0.99999999999998601 -1.1890426556875999e-07 
1 1.6667757653102016 0.875 0.70432645053705945 -0.7062039476054518 -0 -0.70800846349918467 -0.70800846349918467 0 0.7062039476054518 0 1 -0 
1 1.5833333218396772 0.78454986871511612 0.78755620106168356 -0.70620386120478318 1.6794184986795518e-07 -0.70800854967961169 -0.70800854967962168 4.4040079284150099e-24 0.70620386120479317 1.1860118283462564e-07 0.99999999999998601 1.1890426555552371e-07 
1 1.5833333245351187 0.7845498693683276 1.7875561768081201 0.70620377436138382 -3.3674420088542956e-07 0.70800863630157951 0.7080086363016197 9.1707344684219396e-24 -0.7062037743614239 2.3781002565961189e-07 0.99999999999994338 2.3841780245137166e-07 
1 1.6667757653102016 0.875 1.7043264505370597 0.7062039476054518 0 0.70800846349918467 0.70800846349918467 0 -0.7062039476054518 -0 1 0 
1 1.5833333245351184 0.96545013063167218 1.7875561768081194 0.70620377436138382 3.3674420090815243e-07 0.70800863630157951 0.7080086363016197 1.0407749106522298e-23 -0.7062037743614239 -2.3781002567565888e-07 0.99999999999994338 -2.3841780246745965e-07 
1 1.4998909037173773 0.875 1.8707858877499552 0.70620360111743863 0 0.70800880910392749 0.70800880910392749 0 -0.70620360111743863 -0 1 0 
1 1.5937714278547206 1 0.9645895553586471 0 1 0 0 -0 1 1 0 -0 
1 1.4924509513356456 1 1.4072179611237421 0 1 0 0 -0 1 1 0 -0 
1 1.5728952436542862 1 1.6105227959612041 0 1 0 0 -0 1 1 0 -0 
1 1.6742157067979508 1 1.1678944073997155 0 1 0 0 -0 1 1 0 -0 
1 1.7433305168869109 0.875 0.62920699171219985 -0.69439735674042447 -0 -0.71959176687335136 -0.71959176687335147 0 0.69439735674042458 0 1 -0 
1 1.82692308465556 0.96536259457919671 0.54854112191528059 -0.69439757829528237 -4.1689656567446768e-07 -0.71959155307540501 -0.71959155307546763 -5.3633314566887541e-23 0.69439757829534277 -2.8949196560399565e-07 0.99999999999991307 -2.9999524716551876e-07 
1 1.9105156687232601 0.875 0.46787524168549249 -0.69439779985028027 -0 -0.71959133927743335 -0.71959133927743335 0 0.69439779985028027 0 1 -0 
1 1.8269230846555602 0.78463740542080329 0.5485411219152807 -0.69439757829528237 4.1689656571895639e-07 -0.71959155307540501 -0.71959155307546763 2.3521589728035397e-23 0.69439757829534277 2.8949196563488848e-07 0.99999999999991307 2.9999524719753253e-07 
1 1.8269230779802397 0.78463740575396757 1.5485411226125456 0.69439753270747362 1.2013466022574144e-08 0.71959159706723452 0.71959159706723452 -7.3916323009106829e-26 -0.69439753270747362 -8.3421211653405518e-09 1 -8.6447892014970857e-09 
1 1.9105156721024474 0.87499999999999989 1.4678752401834614 0.69439752632304996 0 0.7195916032281291 0.7195916032281291 0 -0.69439752632304996 -0 1 0 
1 1.8269230779802397 0.96536259424603232 1.5485411226125456 0.69439753270747362 -1.2013466087994093e-08 0.71959159706723452 0.71959159706723452 -3.8616910551560689e-25 -0.69439753270747362 8.3421212107680041e-09 1 8.6447892485727318e-09 
1 1.743330519139703 0.87500000000000011 1.6292069708426284 0.69439753909189073 0 0.71959159090634606 0.71959159090634606 0 -0.69439753909189073 -0 1 0 
1 1.8370642766992826 1 0.72695270665658163 0 1 0 0 -0 1 1 0 -0 
1 1.7360390276834123 1 1.1643147530377236 0 1 0 0 -0 1 1 0 -0 
1 1.8167819126033999 1 1.370129484107707 0 1 0 0 -0 1 1 0 -0 
1 1.9178071481937138 1 0.93276748422827815 0 1 0 0 -0 1 1 0 -0 
1 1.9865149206931354 0.87500000000000011 0.39791730225504768 -0.65873912895066289 -0 -0.75237142422431369 -0.75237142422431369 0 0.65873912895066289 0 1 -0 
1 2.0705128204749403 0.96511299597607914 0.32437294205092843 -0.65873894646475339 3.141112072823464e-07 -0.75237158399982662 -0.75237158399986381 3.1624771451024681e-24 0.65873894646478592 2.0691728575795481e-07 0.9999999999999506 2.3632834657512847e-07 
1 2.1545106997579477 0.87500000000000011 0.25082859653419642 -0.65873876397897169 -0 -0.75237174377528071 -0.75237174377528071 0 0.65873876397897169 0 1 -0 
1 2.0705128204749395 0.78488700402392075 0.32437294205092843 -0.65873894646475339 -3.1411120728102264e-07 -0.75237158399982662 -0.75237158399986381 2.6438761533659748e-25 0.65873894646478592 -2.0691728575708279e-07 0.9999999999999506 -2.3632834657413252e-07 
1 2.0705128153098333 0.78488700332570471 1.3243729299378184 0.65873905067673821 6.7286994141688523e-07 0.7523714927567744 0.75237149275694482 5.8645650388010071e-24 -0.65873905067688743 -4.4324570643797172e-07 0.99999999999977363 -5.0624816225509988e-07 
1 2.1545107008472417 0.87500000000000011 1.2508285565294939 0.658738659766817 0 0.75237183501817617 0.75237183501817617 0 -0.658738659766817 -0 1 0 
1 2.0705128153098329 0.96511299667429529 1.3243729299378182 0.65873905067673821 -6.7286994142325608e-07 0.75237149275677451 0.7523714927569447 -2.8484072749606249e-23 -0.65873905067688732 4.432457064421685e-07 0.99999999999977374 5.0624816225989313e-07 
1 1.9865149239610176 0.875 1.3979173014502271 0.65873944158680675 0 0.75237115049548653 0.75237115049548653 0 -0.65873944158680675 -0 1 0 
1 2.0798188780196001 1 0.50645900222616602 0 1 0 0 -0 1 1 0 -0 
1 1.9796244603690134 1 0.92943089811701363 0 1 0 0 -0 1 1 0 -0 
1 2.0612067394498492 1 1.1422868990922865 0 1 0 0 -0 1 1 0 -0 
1 2.1614011708802199 1 0.71931499945096633 0 1 0 0 -0 1 1 0 -0 
1 2.2294994947664666 0.87499999999999978 0.19042120214639749 -0.59193091513819474 -0 -0.80598870445165627 -0.80598870445165627 0 0.59193091513819474 0 1 -0 
1 2.3141025513086491 0.9647000519528528 0.1282873085574141 -0.59193129951108769 -5.7651984075833894e-07 -0.80598842216174715 -0.80598842216188105 3.0451347224269256e-23 0.59193129951118606 -3.412601385340656e-07 0.99999999999983391 -4.6466831679783253e-07 
1 2.3987056498023946 0.87500000000000011 0.066153388265073873 -0.59193168388452577 -0 -0.80598813987156781 -0.80598813987156781 0 0.59193168388452577 0 1 -0 
1 2.3141025513086486 0.78529994804714709 0.1282873085574141 -0.59193129951108769 5.7651984079953725e-07 -0.80598842216174715 -0.80598842216188105 -4.5215027069825709e-25 0.59193129951118606 3.4126013855845221e-07 0.99999999999983391 4.6466831683103787e-07 
1 2.3141025559276427 0.78529994772838063 1.1282872786306271 0.59193135556222409 -9.4883494001773976e-07 0.80598838099650516 0.80598838099686798 5.5069272687997087e-24 -0.59193135556249055 5.6164515224975523e-07 0.99999999999954992 7.6474993713815854e-07 
1 2.3987056474191082 0.875 1.0661533557498599 0.59193198816291115 0 0.80598791640415013 0.80598791640415013 0 -0.59193198816291115 -0 1 0 
1 2.3141025559276427 0.96470005227161937 1.1282872786306268 0.59193135556222409 9.4883494000642637e-07 0.80598838099650516 0.80598838099686798 5.1762066360473308e-23 -0.59193135556249055 -5.6164515224305848e-07 0.99999999999954992 -7.6474993712904002e-07 
1 2.2294994932612333 0.875 1.1904211871003745 0.59193072296221427 0 0.80598884558871553 0.80598884558871553 0 -0.59193072296221427 -0 1 0 
1 2.3220400679794091 1 0.31574939514203021 0 1 0 0 -0 1 1 0 -0 
1 2.2232084435108677 1 0.7164270292710726 0 1 0 0 -0 1 1 0 -0 
1 2.3061650778559488 1 0.94082520431471661 0 1 0 0 -0 1 1 0 -0 
1 2.4049966796053952 1 0.54014752145726042 0 1 0 0 -0 1 1 0 -0 
1 2.4723917729491247 0.875 0.018770144186143756 -0.4818649403936594 -0 -0.87624550168284177 -0.87624550168284177 0 0.4818649403936594 0 1 -0 
1 2.5576922892277252 0.96415362303801599 -0.028138315770695831 -0.48186493010453801 1.305707560421182e-08 -0.87624550734103546 -0.87624550734103557 -7.5990246294604622e-25 0.48186493010453807 6.2917468233931968e-09 1 1.1441203837202845e-08 
1 2.6429928058601271 0.875 -0.075046775970032356 -0.48186491981541635 -0 -0.87624551299922926 -0.87624551299922926 0 0.48186491981541635 0 1 -0 
1 2.5576922892277252 0.78584637696198434 -0.028138315770695824 -0.48186493010453801 -1.3057075576609629e-08 -0.87624550734103546 -0.87624550734103557 7.1933346685731648e-25 0.48186493010453807 -6.2917468100926694e-09 1 -1.1441203813016549e-08 
1 2.557692289352417 0.78584637771232313 0.97186166048049905 0.48186475518944333 0 0.87624560353032177 0.87624560353032177 0 -0.48186475518944333 -0 1 0 
1 2.6429928066954709 0.87500000000000022 0.92495322209126063 0.48186475518944333 0 0.87624560353032177 0.87624560353032177 0 -0.48186475518944333 -0 1 0 
1 2.557692289352417 0.96415362228767687 0.97186166048049949 0.48186475518944333 0 0.87624560353032177 0.87624560353032177 0 -0.48186475518944333 -0 1 0 
1 2.4723917720093636 0.87500000000000022 1.0187700988697383 0.48186475518944333 0 0.87624560353032177 0.87624560353032177 0 -0.48186475518944333 -0 1 0 
1 2.5637500763367771 1 0.16538622445235482 0 1 0 0 -0 1 1 0 -0 
1 2.4667921731994475 1 0.53787204729520577 0 1 0 0 -0 1 1 0 -0 
1 2.5516345047923337 1 0.77833712996475091 0 1 0 0 -0 1 1 0 -0 
1 2.6485924055532726 1 0.40585129828886102 0 1 0 0 -0 1 1 0 -0 
1 2.7153589829602298 0.875 -0.10705947336278243 -0.31590480437293889 -0 -0.94879089085746138 -0.94879089085746138 0 0.31590480437293889 0 1 -0 
1 2.8012820667384948 0.96358751555155731 -0.13566803128372593 -0.315905056590565 -2.7299436938872156e-07 -0.94879080688022976 -0.94879080688026518 -5.148060933185426e-24 0.31590505659057677 -8.6240301710652904e-08 0.99999999999996281 -2.5901454800609426e-07 
1 2.8872051971836066 0.87499999999999989 -0.1642766045106045 -0.31590530880864132 -0 -0.94879072290285227 -0.94879072290285227 0 0.31590530880864132 0 1 -0 
1 2.8012820667384948 0.78641248444844258 -0.13566803128372595 -0.31590505659056511 2.7299436938629221e-07 -0.94879080688022976 -0.94879080688026518 -3.9330076599084361e-24 0.31590505659057688 8.6240301709885479e-08 0.9999999999999627 2.5901454800378928e-07 
1 2.8012820669054479 0.7864124842449961 0.86433196602057405 0.31590513496310657 -3.0127061363499159e-07 0.94879078078565393 0.94879078078569701 -1.4283459223932873e-24 -0.31590513496312089 9.5172933860784246e-08 0.99999999999995459 2.8584278073852966e-07 
1 2.8872051969061321 0.875 0.83572338506939614 0.31590541330543997 0 0.94879068811003786 0.94879068811003786 0 -0.31590541330543997 -0 1 0 
1 2.8012820669054475 0.96358751575500401 0.86433196602057394 0.31590513496310663 3.0127061362995428e-07 0.94879078078565382 0.9487907807856969 -7.2788377513221662e-24 -0.31590513496312095 -9.5172933859192962e-08 0.99999999999995459 -2.8584278073375033e-07 
1 2.7153589830989673 0.87500000000000011 0.89294053184721656 0.31590485662126511 0 0.94879087346111102 0.94879087346111102 0 -0.31590485662126511 -0 1 0 
1 2.8050125053724453 1 0.063186032447571941 0 1 0 0 -0 1 1 0 -0 
1 2.7103773789044596 1 0.40430472963150393 0 1 0 0 -0 1 1 0 -0 
1 2.7975516801049722 1 0.66547789476283792 0 1 0 0 -0 1 1 0 -0 
1 2.892186779674482 1 0.32435919324943324 0 1 0 0 -0 1 1 0 -0 
1 2.9585935407748765 0.875 -0.17964165969537002 -0.095887687788757323 -0 -0.99539215956854199 -0.9953921595685421 0 0.095887687788757336 0 1 -0 
1 3.044871806996015 0.9632248358169665 -0.18795297513065995 -0.095887627457340238 5.9329996427696192e-08 -0.99539216538035846 -0.99539216538036035 -8.0065627535699728e-25 0.095887627457340419 5.6890125945042678e-09 0.99999999999999822 5.9056613616173545e-08 
1 3.1311500735064834 0.875 -0.1962642905552141 -0.095887567125922404 -0 -0.99539217119217482 -0.99539217119217482 0 0.095887567125922404 0 1 -0 
1 3.044871806996015 0.78677516418303306 -0.18795297513065995 -0.095887627457340238 -5.9329996430037881e-08 -0.99539216538035846 -0.99539216538036035 -1.9087243900785715e-25 0.095887627457340419 -5.6890125947288077e-09 0.99999999999999822 -5.9056613618504441e-08 
1 3.0448718070983882 0.7867751641379005 0.81204700469970703 0.095887687788757323 0 0.99539215956854199 0.9953921595685421 0 -0.095887687788757336 -0 1 0 
1 3.1311500734219 0.875 0.80373568399594519 0.095887687788757309 0 0.99539215956854199 0.9953921595685421 0 -0.095887687788757323 -0 1 0 
1 3.0448718070983887 0.96322483586209939 0.81204700469970703 0.095887687788757323 0 0.99539215956854199 0.9953921595685421 0 -0.095887687788757336 -0 1 0 
1 2.9585935407748765 0.87499999999999978 0.82035832540346876 0.095887687788757309 0 0.99539215956854199 0.9953921595685421 0 -0.095887687788757323 -0 1 0 
1 3.0459615985971564 1 0.013919544848927143 0 1 0 0 -0 1 1 0 -0 
1 2.9539645780991282 1 0.3236129651823545 0 1 0 0 -0 1 1 0 -0 
1 3.0437820148514638 1 0.61017450504386739 0 1 0 0 -0 1 1 0 -0 
1 3.135779036083524 1 0.30048106710352784 0 1 0 0 -0 1 1 0 -0 
1 3.2022263682907139 0.875 -0.19449466548824065 0.1444491028554537 -0 -0.98951223170017188 -0.98951223170017188 0 -0.1444491028554537 0 1 0 
1 3.2884615478273194 0.96327050452722052 -0.18190605691963177 0.14444896442281954 -1.377572673972932e-07 -0.98951225190856329 -0.98951225190857273 3.5173565748881887e-24 -0.14444896442282093 1.989889461725664e-08 0.99999999999999056 -1.36312503879067e-07 
1 3.3746966800821183 0.87500000000000011 -0.16931745531838296 0.14444882599045067 -0 -0.9895122721169155 -0.9895122721169155 0 -0.14444882599045067 0 1 0 
1 3.2884615478273194 0.78672949547277937 -0.18190605691963174 0.14444896442281954 1.3775726740365482e-07 -0.98951225190856329 -0.98951225190857273 -1.029893160910255e-24 -0.14444896442282093 -1.9898894618175565e-08 0.99999999999999056 1.3631250388536191e-07 
1 3.2884615472111407 0.78672949533831604 0.81809393684625342 -0.14444908296005105 -3.7367548142538504e-07 0.98951223460443416 0.98951223460450333 -2.0820464033989764e-24 0.14444908296006112 -5.3977080616556209e-08 0.99999999999993017 3.6975646064214623e-07 
1 3.3746966802094884 0.87499999999999989 0.83068254905080929 -0.14444870745331295 0 0.98951228942093861 0.98951228942093861 0 0.14444870745331295 0 1 -0 
1 3.2884615472111398 0.96327050466168418 0.81809393684625309 -0.14444908296005105 3.7367548142458851e-07 0.98951223460443416 0.98951223460450333 6.378244279319549e-24 0.14444908296006112 5.3977080616441145e-08 0.99999999999993017 -3.6975646064135807e-07 
1 3.2022263686728265 0.87499999999999989 0.80550531781700885 -0.14444945846748197 0 0.98951217978782413 0.98951217978782413 0 0.14444945846748197 0 1 -0 
1 3.2868120015999081 1 0.019601135840440272 0 1 0 0 -0 1 1 0 -0 
1 3.1975546817669023 1 0.30056716808757855 0 1 0 0 -0 1 1 0 -0 
1 3.2901110410217562 1 0.61658675384170725 0 1 0 0 -0 1 1 0 -0 
1 3.3793683880686367 1 0.33562069794618937 0 1 0 0 -0 1 1 0 -0 
1 3.4462405843152415 0.87499999999999989 -0.15046426178152761 0.35494982711036083 -0 -0.93488535138503748 -0.93488535138503748 0 -0.35494982711036083 0 1 0 
1 3.5320513250312953 0.96369597518475081 -0.11788432028658798 0.35494985210264424 2.7861754356018767e-08 -0.93488534189616557 -0.93488534189616579 1.6190052578581478e-25 -0.35494985210264435 -9.8895255879890684e-09 0.99999999999999967 2.6047545746953592e-08 
1 3.6178620652178859 0.87499999999999989 -0.085304379030048699 0.35494987709492704 -0 -0.93488533240729388 -0.93488533240729388 0 -0.35494987709492704 0 1 0 
1 3.5320513250312944 0.78630402481524919 -0.11788432028658798 0.35494985210264424 -2.786175436006764e-08 -0.93488534189616557 -0.93488534189616579 -5.4856464261988436e-25 -0.35494985210264435 9.8895255894262153e-09 0.99999999999999967 -2.6047545750738824e-08 
1 3.5320513263398388 0.78630402459316162 0.8821156838124905 -0.3549499270794812 2.2289402808005415e-07 0.93488531342952519 0.93488531342954828 2.5286968251810868e-24 0.35494992707948997 7.9116219013469007e-08 0.99999999999997524 -2.0838035330319595e-07 
1 3.6178620644399224 0.87499999999999989 0.91469563201998694 -0.35495012701771173 0 0.93488523751854713 0.93488523751854713 0 0.35495012701771173 0 1 -0 
1 3.5320513263398383 0.96369597540683838 0.88211568381249061 -0.3549499270794812 -2.2289402805395431e-07 0.93488531342952519 0.93488531342954828 8.6954985927016723e-24 0.35494992707948997 -7.9116219004204876e-08 0.99999999999997524 2.083803532787956e-07 
1 3.4462405840040566 0.875 0.84953573369779012 -0.35494972714121964 0 0.93488538934051901 0.93488538934051901 0 0.35494972714121964 0 1 -0 
1 3.5278104915076662 1 0.080011442835869515 0 1 0 0 -0 1 1 0 -0 
1 3.4411473417401335 1 0.33653552622151578 0 1 0 0 -0 1 1 0 -0 
1 3.5362921592450087 1 0.68421993711311002 0 1 0 0 -0 1 1 0 -0 
1 3.6229553079696255 1 0.42769584659415177 0 1 0 0 -0 1 1 0 -0 
1 3.690484322264624 0.87499999999999989 -0.049990981585238639 0.5087543812952694 -0 -0.86091171412222511 -0.86091171412222511 0 -0.5087543812952694 0 1 0 
1 3.7756410638966895 0.9642731791325303 0.00033220717590560155 0.50875401741096293 -4.7837045268320281e-07 -0.86091192915882919 -0.86091192915892778 2.2100460852513138e-23 -0.50875401741102122 2.4337288961330822e-07 0.99999999999988565 -4.1183482927212558e-07 
1 3.8607977614991507 0.87499999999999989 0.050655372002067586 0.50875365352721258 -0 -0.86091214419516293 -0.86091214419516293 0 -0.50875365352721258 0 1 0 
1 3.7756410638966882 0.78572682086746981 0.00033220717590560069 0.50875401741096293 4.7837045265956763e-07 -0.86091192915882919 -0.86091192915892778 -1.7233122614316049e-23 -0.50875401741102122 -2.4337288960128374e-07 0.99999999999988565 4.1183482925177779e-07 
1 3.7756410638271229 0.78572682050791687 1.0003322446705227 -0.50875409547795192 -4.8518571423585959e-07 0.86091188302530464 0.86091188302540578 -2.381789938536878e-23 0.50875409547801176 -2.4684021918491783e-07 0.99999999999988243 4.1770214685982033e-07 
1 3.8607977610890987 0.87500000000000011 1.0506554197289397 -0.50875372641005068 0 0.86091210112524685 0.86091210112524696 0 0.50875372641005079 0 1 -0 
1 3.7756410638271225 0.96427317949208324 1.0003322446705225 -0.50875409547795192 4.8518571421578427e-07 0.86091188302530464 0.86091188302540578 1.2485897683772328e-23 0.50875409547801176 2.4684021917470442e-07 0.99999999999988243 -4.177021468425372e-07 
1 3.6904843227330102 0.875 0.95000904582350409 -0.50875446454641449 0 0.86091166492509041 0.86091166492509041 0 0.50875446454641449 0 1 -0 
1 3.7691567433969055 1 0.19261687531193358 0 1 0 0 -0 1 1 0 -0 
1 3.6847421804034934 1 0.42939971061188592 0 1 0 0 -0 1 1 0 -0 
1 3.7821253364709033 1 0.80804752854745399 0 1 0 0 -0 1 1 0 -0 
1 3.8665399248593739 1 0.57126471964493086 0 1 0 0 -0 1 1 0 -0 
1 3.934764255242909 0.87499999999999989 0.10094978330205531 0.60876344612061639 -0 -0.79335179250276566 -0.79335179250276566 0 -0.60876344612061639 0 1 0 
1 4.019230744550927 0.9647977996725593 0.16576360972196907 0.60876383641951248 6.0420615249575626e-07 -0.79335149301393026 -0.79335149301407493 -3.0286225618680832e-24 -0.60876383641962351 -3.6781885538165668e-07 0.99999999999981748 4.7934785317079811e-07 
1 4.1036972750381393 0.875 0.23057746300527948 0.60876422671895269 -0 -0.79335119352483208 -0.79335119352483208 0 -0.60876422671895269 0 1 0 
1 4.019230744550927 0.78520220032744059 0.16576360972196907 0.60876383641951248 -6.0420615250986042e-07 -0.79335149301393026 -0.79335149301407493 -2.3163438373090602e-23 -0.60876383641962351 3.6781885539024274e-07 0.99999999999981748 -4.7934785318198763e-07 
1 4.0192307442462409 0.78520220168564092 1.165763606811995 -0.60876360732239676 5.8056221704688004e-07 0.79335166880739949 0.79335166880753327 3.9394962901419074e-23 0.60876360732249934 3.5342514952460651e-07 0.99999999999983158 -4.6059000374074363e-07 
1 4.103697277091495 0.875 1.2305774232441784 -0.60876398234871909 0 0.79335138103801672 0.79335138103801672 0 0.60876398234871909 0 1 -0 
1 4.0192307442462401 0.96479779831435897 1.165763606811995 -0.60876360732239676 -5.8056221710637871e-07 0.79335166880739949 0.79335166880753327 -2.7831285832186844e-24 0.60876360732249934 -3.5342514956082712e-07 0.99999999999983158 4.6059000378794698e-07 
1 3.9347642534462244 0.875 1.1009498180930168 -0.60876323229660556 0 0.7933519565765178 0.79335195657651791 0 0.60876323229660567 0 1 -0 
1 4.0109685879946726 1 0.35202305972914988 0 1 0 0 -0 1 1 0 -0 
1 3.9283378877848429 1 0.57367737134156216 0 1 0 0 -0 1 1 0 -0 
1 4.0274929406371882 1 0.97950415330878959 0 1 0 0 -0 1 1 0 -0 
1 4.1101236210855312 1 0.75784987026963546 0 1 0 0 -0 1 1 0 -0 
1 4.1789249078288861 0.875 0.29326973294541314 0.66830997641597512 -0 -0.7438829043760038 -0.7438829043760038 0 -0.66830997641597512 0 1 0 
1 4.262820525452649 0.96517788307848407 0.36864233911156963 0.66831070034678131 1.2747015006060375e-06 -0.74388225398941321 -0.74388225399001762 -3.1016988057546722e-23 -0.66831070034732432 -8.5189665260380614e-07 0.99999999999918765 9.482278254352769e-07 
1 4.346716224647758 0.87499999999999989 0.44401500459824472 0.66831142427960877 -0 -0.7438816036019178 -0.7438816036019178 0 -0.66831142427960877 0 1 0 
1 4.2628205254526499 0.78482211692151604 0.36864233911156963 0.66831070034678131 -1.2747015005978507e-06 -0.74388225398941321 -0.74388225399001762 1.8790607137453038e-23 -0.66831070034732432 8.5189665259833484e-07 0.99999999999918765 -9.4822782542918695e-07 
1 4.2628205254526517 0.7848221162307405 1.368642309309245 -0.66831080107087804 1.2747016926685513e-06 0.74388216349794034 0.74388216349854475 -7.8937252620765849e-23 0.66831080107142105 8.5189690935441591e-07 0.99999999999918765 -9.4822785295753899e-07 
1 4.3467162235477792 0.875 1.4440149943363403 -0.66831152500363855 0 0.74388151311032802 0.74388151311032802 0 0.66831152500363855 0 1 -0 
1 4.2628205254526517 0.96517788376925939 1.368642309309245 -0.66831080107087804 -1.2747016927304885e-06 0.74388216349794034 0.74388216349854475 -1.1015171318404272e-24 0.66831080107142105 -8.5189690939580913e-07 0.99999999999918765 9.4822785300361292e-07 
1 4.1789249089288649 0.87499999999999989 1.2932696836026747 -0.6683100771401389 0 0.74388281388464783 0.74388281388464783 0 0.6683100771401389 0 1 -0 
1 4.2532986619742026 1 0.54980730180353132 0 1 0 0 -0 1 1 0 -0 
1 4.1719331963421613 1 0.76084511775407626 0 1 0 0 -0 1 1 0 -0 
1 4.2723424745004959 1 1.1874773721241565 0 1 0 0 -0 1 1 0 -0 
1 4.3537078926922854 1 0.97643958422418886 0 1 0 0 -0 1 1 0 -0 
1 4.4228704812729136 0.875 0.51541799831908808 0.6986297372225222 -0 -0.71548339622131663 -0.71548339622131663 0 -0.6986297372225222 0 1 0 
1 4.5064103162826061 0.96539368158524563 0.5969898319022342 0.69862903712579527 -1.332529138789941e-06 -0.71548407982491724 -0.71548407982555251 -6.4213118457752364e-23 -0.69862903712641555 9.3094354917570815e-07 0.99999999999911227 -9.534033847078569e-07 
1 4.5899500711071477 0.875 0.6785616045302173 0.6986283370310431 -0 -0.71548476342773326 -0.71548476342773326 0 -0.6986283370310431 0 1 0 
1 4.506410316282607 0.78460631841475448 0.5969898319022342 0.69862903712579527 1.3325291387905742e-06 -0.71548407982491724 -0.71548407982555251 -7.263410773622417e-23 -0.69862903712641555 -9.3094354917615062e-07 0.99999999999911227 9.5340338470830986e-07 
1 4.5064103216414733 0.78460631841475315 1.5969898206332811 -0.69862903712607216 -9.9135974345606067e-07 0.7154840798252009 0.71548407982555251 2.7909225752481904e-23 0.69862903712641544 -6.9259270301659787e-07 0.99999999999950862 7.0930211382275536e-07 
1 4.5899500688466164 0.87499999999999989 1.678561583601436 -0.69862851627768208 0 0.71548458840400231 0.71548458840400231 0 0.69862851627768208 0 1 -0 
1 4.506410321641475 0.96539368158524685 1.5969898206332811 -0.69862903712607216 9.9135974349540196e-07 0.7154840798252009 0.71548407982555251 -3.651864483790032e-23 0.69862903712641544 6.9259270304408292e-07 0.99999999999950862 -7.0930211385090343e-07 
1 4.4228704790123867 0.87500000000000022 1.515417977390312 -0.69862955797607751 0 0.71548357124545536 0.71548357124545536 0 0.69862955797607751 0 1 -0 
1 4.4961639468655354 1 0.77491764160955789 0 1 0 0 -0 1 1 0 -0 
1 4.4155267797832112 1 0.97984414809959786 0 1 0 0 -0 1 1 0 -0 
1 4.5166566039416018 1 1.4190619356278753 0 1 0 0 -0 1 1 0 -0 
1 4.5972938163153874 1 1.214135457583716 0 1 0 0 -0 1 1 0 -0 
1 4.6665547724665624 0.875 0.75414328772463868 0.70598169685926693 -0 -0.70823007822296713 -0.70823007822296713 0 -0.70598169685926693 0 1 0 
1 4.75 0.9654484528381102 0.83732360601425171 0.70598169685926693 -0 -0.70823007822296713 -0.70823007822296713 0 -0.70598169685926693 0 1 0 
1 4.8334452275334376 0.875 0.92050392430386485 0.70598169685926693 -0 -0.70823007822296713 -0.70823007822296713 0 -0.70598169685926693 0 1 0 
1 4.75 0.78455154716188968 0.83732360601425171 0.70598169685926693 -0 -0.70823007822296713 -0.70823007822296713 0 -0.70598169685926693 0 1 0 
1 4.7500000053899649 0.78455154716189013 1.8373235949116438 -0.70598169685922674 3.3771041786141631e-07 0.70823007822292683 0.70823007822296724 8.806336682234674e-26 0.70598169685926704 2.3841737384885477e-07 0.99999999999994305 -2.391766756587018e-07 
1 4.8334452252600846 0.87499999999999989 1.920503903270026 -0.70598187070925045 0 0.7082299049248536 0.7082299049248536 0 0.70598187070925045 0 1 -0 
1 4.7500000053899649 0.96544845283810965 1.8373235949116438 -0.70598169685922674 -3.3771041787936467e-07 0.70823007822292683 0.70823007822296724 -1.9157006248153432e-23 0.70598169685926704 -2.3841737386152596e-07 0.99999999999994305 2.3917667567141333e-07 
1 4.6665547701932102 0.87500000000000011 1.7541432666908023 -0.70598152300915584 0 0.70823025152112273 0.70823025152112273 0 0.70598152300915584 0 1 -0 
1 4.7395676227919896 1 1.0143838082586556 0 1 0 0 -0 1 1 0 -0 
1 4.6591177211927164 1 1.2177369174621075 0 1 0 0 -0 1 1 0 -0 
1 4.7604323756143803 1 1.6602633470040125 0 1 0 0 -0 1 1 0 -0 
1 4.8408822787555801 1 1.4569102925780058 0 1 0 0 -0 1 1 0 -0 
1 4.9099665810561373 0.87499999999999989 0.99531357846249069 0.69191070437238478 -0 -0.72198308648811871 -0.72198308648811871 0 -0.69191070437238478 0 1 0 
1 4.9935896781919658 0.96534448149695107 1.0754536887366526 0.69191122621264267 9.7544780661934985e-07 -0.72198258638277835 -0.72198258638312185 -2.4899922553794873e-23 -0.69191122621297185 -6.7492328798474809e-07 0.99999999999952427 7.0425633030478136e-07 
1 5.0772128709799134 0.875 1.1555938784631696 0.69191174805451738 -0 -0.72198208627648253 -0.72198208627648253 0 -0.69191174805451738 0 1 0 
1 4.9935896781919649 0.78465551850304938 1.0754536887366524 0.69191122621264267 -9.7544780656455445e-07 -0.72198258638277835 -0.72198258638312185 5.7671658578963646e-23 -0.69191122621297185 6.7492328794683457e-07 0.99999999999952427 -7.0425633026522005e-07 
1 4.9935896835210603 0.7846555171651991 2.0754537369233819 -0.69191141038745085 1.3197162826054346e-06 0.72198240987845896 0.72198240987908757 -2.5682013443274207e-23 0.69191141038805326 9.1312675440960497e-07 0.99999999999912925 -9.5281194207214267e-07 
1 5.0772128664836549 0.875 2.1555939560020501 -0.69191211640450112 0 0.7219817332679852 0.7219817332679852 0 0.69191211640450112 0 1 -0 
1 4.9935896835210603 0.9653444828348009 2.0754537369233823 -0.69191141038745085 -1.319716282585376e-06 0.72198240987845896 0.72198240987908757 7.0187776568459286e-24 0.69191141038805326 -9.1312675439572622e-07 0.99999999999912925 9.5281194205766073e-07 
1 4.9099665810561373 0.87499999999999989 1.9953135784624905 -0.69191070437238478 0 0.72198308648811871 0.72198308648811871 0 0.69191070437238478 0 1 -0 
1 4.9835096680695319 1 1.2541444034907434 0 1 0 0 -0 1 1 0 -0 
1 4.9027052618011266 1 1.4604753399790478 0 1 0 0 -0 1 1 0 -0 
1 5.0036697852464718 1 1.8967630894981946 0 1 0 0 -0 1 1 0 -0 
1 5.0844741421768109 1 1.6904321313014863 0 1 0 0 -0 1 1 0 -0 
1 5.1531270822989734 0.875 1.2247585445362015 0.65347052002134276 -0 -0.75695196641731244 -0.75695196641731244 0 -0.65347052002134276 0 1 0 
1 5.2371794749381317 0.9650779214819486 1.2973201480341279 0.65346978707135583 -1.2463947048840816e-06 -0.75695259916547186 -0.75695259916605973 1.8143113449002068e-23 -0.65346978707186343 8.1448128240809885e-07 0.99999999999922329 -9.4346171144881954e-07 
1 5.321231785351701 0.875 1.3698816931067919 0.6534690541234156 -0 -0.75695323191267805 -0.75695323191267805 0 -0.6534690541234156 0 1 0 
1 5.2371794749381309 0.78492207851805129 1.2973201480341272 0.65346978707135583 1.2463947049930838e-06 -0.75695259916547186 -0.75695259916605973 -2.6224398080848918e-23 -0.65346978707186343 -8.144812824793285e-07 0.99999999999922329 9.4346171153132902e-07 
1 5.2371794852116027 0.78492207851805007 2.2973202428081163 -0.65346978707177361 -5.2450845241101096e-07 0.7569525991659557 0.75695259916605973 -1.3264145569757197e-23 0.65346978707186343 -3.4275042671441594e-07 0.99999999999986255 3.9702803633708229e-07 
1 5.3212317810188541 0.87499999999999989 2.3698817716342417 -0.65346947863234961 0 0.75695286543877049 0.75695286543877049 0 0.65346947863234961 0 1 -0 
1 5.2371794852116036 0.96507792148194993 2.2973202428081172 -0.65346978707177361 5.2450845242440795e-07 0.7569525991659557 0.75695259916605973 2.7165074542060966e-23 0.65346978707186343 3.4275042672317045e-07 0.99999999999986255 -3.9702803634722318e-07 
1 5.1531270779661318 0.875 2.2247586230636696 -0.65347009551225943 0 0.7569523328923683 0.7569523328923683 0 0.65347009551225943 0 1 -0 
1 5.2279897831999858 1 1.4798947507135913 0 1 0 0 -0 1 1 0 -0 
1 5.1462905053520798 1 1.6937314100512864 0 1 0 0 -0 1 1 0 -0 
1 5.2463690800559686 1 2.1147455780958957 0 1 0 0 -0 1 1 0 -0 
1 5.328068405631126 1 1.900908950606544 0 1 0 0 -0 1 1 0 -0 
1 5.3960962514523905 0.875 1.4290905624855652 0.5828385148304096 -0 -0.81258800485257132 -0.81258800485257132 0 -0.5828385148304096 0 1 0 
1 5.4807693546601612 0.96464892149049319 1.4898232409947034 0.5828377614738901 -1.1116748075169261e-06 -0.81258854520530188 -0.81258854520580404 -1.4116345840918557e-23 -0.58283776147425026 6.4792605630048318e-07 0.99999999999938216 -9.0333421458212119e-07 
1 5.5654423727713622 0.87500000000000011 1.5505558659854124 0.58283700811953765 -0 -0.81258908555694132 -0.81258908555694132 0 -0.58283700811953765 0 1 0 
1 5.4807693546601612 0.78535107850950692 1.4898232409947032 0.5828377614738901 1.1116748074879154e-06 -0.81258854520530188 -0.81258854520580404 2.8972785551638346e-23 -0.58283776147425026 -6.4792605628357471e-07 0.99999999999938216 9.0333421455854741e-07 
1 5.4807693546601612 0.78535107850950703 2.4898233602039928 -0.5828377614738901 -1.1116748074865585e-06 0.81258854520530188 0.81258854520580404 -3.2830245972935394e-23 0.58283776147425026 -6.4792605628278379e-07 0.99999999999938216 9.0333421455744479e-07 
1 5.5654423727713622 0.87500000000000011 2.5505559851947024 -0.58283700811953765 0 0.81258908555694132 0.81258908555694132 0 0.58283700811953765 0 1 -0 
1 5.4807693546601612 0.96464892149049286 2.4898233602039928 -0.5828377614738901 1.1116748075171531e-06 0.81258854520530188 0.81258854520580404 4.2102154897824785e-23 0.58283776147425026 6.4792605630061553e-07 0.99999999999938216 -9.0333421458230563e-07 
1 5.3960962514523905 0.87499999999999978 2.4290906816948552 -0.5828385148304096 0 0.81258800485257132 0.81258800485257132 0 0.5828385148304096 0 1 -0 
1 5.4730023445145175 1 1.6778987438697499 0 1 0 0 -0 1 1 0 -0 
1 5.3898744992589327 1 1.9037406458576425 0 1 0 0 -0 1 1 0 -0 
1 5.4885362720641417 1 2.3017477722016109 0 1 0 0 -0 1 1 0 -0 
1 5.5716641679605532 1 2.0759059062904139 0 1 0 0 -0 1 1 0 -0 
1 5.6389878501939741 0.875 1.5964456985885738 0.46752230887850638 -0 -0.88398127282251326 -0.88398127282251326 0 -0.46752230887850638 0 1 0 
1 5.7243590354919416 0.96409325582011984 1.6415970325469973 0.46752230887850643 -0 -0.88398127282251315 -0.88398127282251315 0 -0.46752230887850643 0 1 0 
1 5.8097302207899135 0.875 1.6867483665054208 0.46752230887850643 -0 -0.88398127282251315 -0.88398127282251315 0 -0.46752230887850643 0 1 0 
1 5.7243590354919434 0.78590674417988005 1.6415970325469968 0.46752230887850643 -0 -0.88398127282251315 -0.88398127282251315 0 -0.46752230887850643 0 1 0 
1 5.7243590354919425 0.78590674697007679 2.6415970325469971 -0.46752163277815029 0 0.88398163039989264 0.88398163039989264 0 0.46752163277815029 0 1 -0 
1 5.8097302240378168 0.875 2.6867482846642194 -0.46752163277815029 0 0.88398163039989264 0.88398163039989264 0 0.46752163277815029 0 1 -0 
1 5.7243590354919425 0.96409325302992288 2.6415970325469971 -0.46752163277815023 0 0.88398163039989264 0.88398163039989275 0 0.46752163277815029 0 1 -0 
1 5.638987846946069 0.875 2.5964457804297751 -0.46752163277815023 0 0.88398163039989264 0.88398163039989275 0 0.46752163277815029 0 1 -0 
1 5.7185217694525843 1 1.8357310761092021 0 1 0 0 -0 1 1 0 -0 
1 5.6334585369705747 1 2.0781109276276797 0 1 0 0 -0 1 1 0 -0 
1 5.7301962912445532 1 2.4474629610583407 0 1 0 0 -0 1 1 0 -0 
1 5.8152595338039035 1 2.2050831370359916 0 1 0 0 -0 1 1 0 -0 
1 5.88197357937488 0.875 1.7170902839954123 0.29546612441190784 -0 -0.95535321704854648 -0.95535321704854648 0 -0.29546612441190784 0 1 0 
1 5.9679487148430743 0.9635363711756888 1.7436802717057869 0.29546707902480285 1.0191065015394385e-06 -0.95535292181031839 -0.95535292181081455 -4.7444870817514053e-24 -0.29546707902495634 -3.0111242122520009e-07 0.99999999999948075 9.7360637388209992e-07 
1 6.0539239359691805 0.87499999999999989 1.7702702852706944 0.295468033640857 -0 -0.95535262657115538 -0.95535262657115538 0 -0.295468033640857 0 1 0 
1 5.9679487148430743 0.78646362882431109 1.7436802717057869 0.29546707902480279 -1.019106501535716e-06 -0.95535292181031839 -0.95535292181081455 -1.2355486838486062e-23 -0.29546707902495623 3.0111242122410006e-07 0.99999999999948075 -9.7360637387854365e-07 
1 5.9679487123407506 0.78646362779578471 2.7436802287144326 -0.29546750574420366 5.6355954311308523e-07 0.95535278983681282 0.95535278983696459 -2.1800281416180547e-23 0.29546750574425062 1.665135325419928e-07 0.99999999999984135 -5.3839818175233114e-07 
1 6.0539239359691805 0.87499999999999989 2.7702702852706946 -0.295468033640857 0 0.95535262657115538 0.95535262657115538 0 0.295468033640857 0 1 -0 
1 5.9679487123407498 0.9635363722042154 2.7436802287144326 -0.29546750574420377 -5.6355954313167136e-07 0.95535278983681282 0.95535278983696459 -2.3413578866250785e-24 0.29546750574425068 -1.6651353254748441e-07 0.99999999999984135 5.3839818177008739e-07 
1 5.8819735814526917 0.87499999999999989 2.7170902004880744 -0.29546697784944026 0 0.95535295310189861 0.95535295310189861 0 0.29546697784944026 0 1 -0 
1 6.0897436141967765 0.875 1.9825499414728931 1 0 0 -0 0 1 0 -1 0 
1 6.0897436141967773 0.96827640640441492 2.2813484668731689 1 0 0 -0 0 1 0 -1 0 
1 6.0897436141967765 0.875 2.5801469922734448 1 0 0 -0 0 1 0 -1 0 
1 6.0897436141967773 0.78172359359558474 2.2813484668731689 1 0 0 -0 0 1 0 -1 0 
1 5.964478749389321 1 1.942976943346346 0 1 0 0 -0 1 1 0 -0 
1 5.8770435818770608 1 2.2065499038253726 0 1 0 0 -0 1 1 0 -0 
1 5.9714187863148451 1 2.5443835701359894 0 1 0 0 -0 1 1 0 -0 
1 6.05885389281947 1 2.2808106365217951 0 1 0 0 -0 1 1 0 -0 
Triangulations 0

TShapes 4133
Ve
1e-07
0.121794871985912 0.875 1.78523921966553
0 0

0101101
*
Ve
1e-07
0 0.75 1.79999995231628
0 0

0101101
*
Ed
 1e-07 1 1 0
1  1 0 0 0.175148137502092
0

0101000
+4133 0 -4132 0 *
Ve
1e-07
0 1 1.79999995231628
0 0

0101101
*
Ed
 1e-07 1 1 0
1  2 0 0 0.25
0

0101000
+4132 0 -4130 0 *
Ed
 1e-07 1 1 0
1  3 0 0 0.175148137502092
0

0101000
+4130 0 -4133 0 *
Wi

0101100
+4131 0 +4129 0 +4128 0 *
Fa
0  1e-07 1 0

0101000
+4127 0 *
Ve
1e-07
0.243589743971825 1 1.77047836780548
0 0

0101101
*
Ed
 1e-07 1 1 0
1  4 0 0 0.245372140472971
0

0101000
+4130 0 -4125 0 *
Ed
 1e-07 1 1 0
1  5 0 0 0.17514814754858
0

0101000
+4125 0 -4133 0 *
Wi

0101100
-4128 0 +4124 0 +4123 0 *
Fa
0  1e-07 2 0

0101000
+4122 0 *
Ve
1e-07
0.243589743971825 0.75 1.77047836780548
0 0

0101101
*
Ed
 1e-07 1 1 0
1  6 0 0 0.25
0

0101000
+4125 0 -4120 0 *
Ed
 1e-07 1 1 0
1  7 0 0 0.17514814754858
0

0101000
+4120 0 -4133 0 *
Wi

0101100
-4123 0 +4119 0 +4118 0 *
Fa
0  1e-07 3 0

0101000
+4117 0 *
Ed
 1e-07 1 1 0
1  8 0 0 0.245372140472971
0

0101000
+4132 0 -4120 0 *
Wi

0101100
-4118 0 -4115 0 -4131 0 *
Fa
0  1e-07 4 0

0101000
+4114 0 *
Ve
1e-07
0.121794871985912 0.625 1.78523921966553
0 0

0101101
*
Ve
1e-07
0 0.5 1.79999995231628
0 0

0101101
*
Ed
 1e-07 1 1 0
1  9 0 0 0.175148137502092
0

0101000
+4112 0 -4111 0 *
Ed
 1e-07 1 1 0
1  10 0 0 0.25
0

0101000
+4111 0 -4132 0 *
Ed
 1e-07 1 1 0
1  11 0 0 0.175148137502092
0

0101000
+4132 0 -4112 0 *
Wi

0101100
+4110 0 +4109 0 +4108 0 *
Fa
0  1e-07 5 0

0101000
+4107 0 *
Ed
 1e-07 1 1 0
1  12 0 0 0.17514814754858
0

0101000
+4120 0 -4112 0 *
Wi

0101100
-4108 0 +4115 0 +4105 0 *
Fa
0  1e-07 6 0

0101000
+4104 0 *
Ve
1e-07
0.243589743971825 0.5 1.77047836780548
0 0

0101101
*
Ed
 1e-07 1 1 0
1  13 0 0 0.25
0

0101000
+4120 0 -4102 0 *
Ed
 1e-07 1 1 0
1  14 0 0 0.17514814754858
0

0101000
+4102 0 -4112 0 *
Wi

0101100
-4105 0 +4101 0 +4100 0 *
Fa
0  1e-07 7 0

0101000
+4099 0 *
Ed
 1e-07 1 1 0
1  15 0 0 0.245372140472971
0

0101000
+4111 0 -4102 0 *
Wi

0101100
-4100 0 -4097 0 -4110 0 *
Fa
0  1e-07 8 0

0101000
+4096 0 *
Ve
1e-07
0.121794871985912 0.375 1.78523921966553
0 0

0101101
*
Ve
1e-07
0 0.25 1.79999995231628
0 0

0101101
*
Ed
 1e-07 1 1 0
1  16 0 0 0.175148137502092
0

0101000
+4094 0 -4093 0 *
Ed
 1e-07 1 1 0
1  17 0 0 0.25
0

0101000
+4093 0 -4111 0 *
Ed
 1e-07 1 1 0
1  18 0 0 0.175148137502092
0

0101000
+4111 0 -4094 0 *
Wi

0101100
+4092 0 +4091 0 +4090 0 *
Fa
0  1e-07 9 0

0101000
+4089 0 *
Ed
 1e-07 1 1 0
1  19 0 0 0.17514814754858
0

0101000
+4102 0 -4094 0 *
Wi

0101100
-4090 0 +4097 0 +4087 0 *
Fa
0  1e-07 10 0

0101000
+4086 0 *
Ve
1e-07
0.243589743971825 0.25 1.77047836780548
0 0

0101101
*
Ed
 1e-07 1 1 0
1  20 0 0 0.25
0

0101000
+4102 0 -4084 0 *
Ed
 1e-07 1 1 0
1  21 0 0 0.17514814754858
0

0101000
+4084 0 -4094 0 *
Wi

0101100
-4087 0 +4083 0 +4082 0 *
Fa
0  1e-07 11 0

0101000
+4081 0 *
Ed
 1e-07 1 1 0
1  22 0 0 0.245372140472971
0

0101000
+4093 0 -4084 0 *
Wi

0101100
-4082 0 -4079 0 -4092 0 *
Fa
0  1e-07 12 0

0101000
+4078 0 *
Ve
1e-07
5.96794891357422 0.125 2.74368023872375
0 0

0101101
*
Ve
1e-07
5.8461537361145 0 2.70601201057434
0 0

0101101
*
Ed
 1e-07 1 1 0
1  23 0 0 0.178544002039722
0

0101000
+4076 0 -4075 0 *
Ve
1e-07
6.08974361419678 0 2.78134846687317
0 0

0101101
*
Ed
 1e-07 1 1 0
1  24 0 0 0.254973744436173
0

0101000
+4075 0 -4073 0 *
Ed
 1e-07 1 1 0
1  25 0 0 0.178543676761892
0

0101000
+4073 0 -4076 0 *
Wi

0101100
+4074 0 +4072 0 +4071 0 *
Fa
0  1e-07 13 0

0101000
+4070 0 *
Ve
1e-07
6.08974361419678 0.25 2.78134846687317
0 0

0101101
*
Ed
 1e-07 1 1 0
1  26 0 0 0.25
0

0101000
+4073 0 -4068 0 *
Ed
 1e-07 1 1 0
1  27 0 0 0.178543676761892
0

0101000
+4068 0 -4076 0 *
Wi

0101100
-4071 0 +4067 0 +4066 0 *
Fa
0  1e-07 14 0

0101000
+4065 0 *
Ve
1e-07
5.8461537361145 0.25 2.70601201057434
0 0

0101101
*
Ed
 1e-07 1 1 0
1  28 0 0 0.254973744436173
0

0101000
+4068 0 -4063 0 *
Ed
 1e-07 1 1 0
1  29 0 0 0.178544002039722
0

0101000
+4063 0 -4076 0 *
Wi

0101100
-4066 0 +4062 0 +4061 0 *
Fa
0  1e-07 15 0

0101000
+4060 0 *
Ed
 1e-07 1 1 0
1  30 0 0 0.25
0

0101000
+4075 0 -4063 0 *
Wi

0101100
-4061 0 -4058 0 -4074 0 *
Fa
0  1e-07 16 0

0101000
+4057 0 *
Ve
1e-07
5.72435903549194 0.125 2.641597032547
0 0

0101101
*
Ve
1e-07
5.60256433486938 0 2.57718205451965
0 0

0101101
*
Ed
 1e-07 1 1 0
1  31 0 0 0.18603289626838
0

0101000
+4055 0 -4054 0 *
Ed
 1e-07 1 1 0
1  32 0 0 0.275559347466217
0

0101000
+4054 0 -4075 0 *
Ed
 1e-07 1 1 0
1  33 0 0 0.18603289626838
0

0101000
+4075 0 -4055 0 *
Wi

0101100
+4053 0 +4052 0 +4051 0 *
Fa
0  1e-07 17 0

0101000
+4050 0 *
Ed
 1e-07 1 1 0
1  34 0 0 0.18603289626838
0

0101000
+4063 0 -4055 0 *
Wi

0101100
-4051 0 +4058 0 +4048 0 *
Fa
0  1e-07 18 0

0101000
+4047 0 *
Ve
1e-07
5.60256433486938 0.25 2.57718205451965
0 0

0101101
*
Ed
 1e-07 1 1 0
1  35 0 0 0.275559347466217
0

0101000
+4063 0 -4045 0 *
Ed
 1e-07 1 1 0
1  36 0 0 0.18603289626838
0

0101000
+4045 0 -4055 0 *
Wi

0101100
-4048 0 +4044 0 +4043 0 *
Fa
0  1e-07 19 0

0101000
+4042 0 *
Ed
 1e-07 1 1 0
1  37 0 0 0.25
0

0101000
+4054 0 -4045 0 *
Wi

0101100
-4043 0 -4040 0 -4053 0 *
Fa
0  1e-07 20 0

0101000
+4039 0 *
Ve
1e-07
5.48076915740967 0.125 2.48982334136963
0 0

0101101
*
Ve
1e-07
5.35897445678711 0 2.4024646282196
0 0

0101101
*
Ed
 1e-07 1 1 0
1  38 0 0 0.19516786073267
0

0101000
+4037 0 -4036 0 *
Ed
 1e-07 1 1 0
1  39 0 0 0.299770258292998
0

0101000
+4036 0 -4054 0 *
Ed
 1e-07 1 1 0
1  40 0 0 0.195168158303736
0

0101000
+4054 0 -4037 0 *
Wi

0101100
+4035 0 +4034 0 +4033 0 *
Fa
0  1e-07 21 0

0101000
+4032 0 *
Ed
 1e-07 1 1 0
1  41 0 0 0.195168158303736
0

0101000
+4045 0 -4037 0 *
Wi

0101100
-4033 0 +4040 0 +4030 0 *
Fa
0  1e-07 22 0

0101000
+4029 0 *
Ve
1e-07
5.35897445678711 0.25 2.4024646282196
0 0

0101101
*
Ed
 1e-07 1 1 0
1  42 0 0 0.299770258292998
0

0101000
+4045 0 -4027 0 *
Ed
 1e-07 1 1 0
1  43 0 0 0.19516786073267
0

0101000
+4027 0 -4037 0 *
Wi

0101100
-4030 0 +4026 0 +4025 0 *
Fa
0  1e-07 23 0

0101000
+4024 0 *
Ed
 1e-07 1 1 0
1  44 0 0 0.25
0

0101000
+4036 0 -4027 0 *
Wi

0101100
-4025 0 -4022 0 -4035 0 *
Fa
0  1e-07 24 0

0101000
+4021 0 *
Ve
1e-07
5.23717927932739 0.125 2.29732012748718
0 0

0101101
*
Ve
1e-07
5.11538457870483 0 2.19217586517334
0 0

0101101
*
Ed
 1e-07 1 1 0
1  45 0 0 0.203750496925188
0

0101000
+4019 0 -4018 0 *
Ed
 1e-07 1 1 0
1  46 0 0 0.32180334455637
0

0101000
+4018 0 -4036 0 *
Ed
 1e-07 1 1 0
1  47 0 0 0.203750904996062
0

0101000
+4036 0 -4019 0 *
Wi

0101100
+4017 0 +4016 0 +4015 0 *
Fa
0  1e-07 25 0

0101000
+4014 0 *
Ed
 1e-07 1 1 0
1  48 0 0 0.203750904996062
0

0101000
+4027 0 -4019 0 *
Wi

0101100
-4015 0 +4022 0 +4012 0 *
Fa
0  1e-07 26 0

0101000
+4011 0 *
Ve
1e-07
5.11538457870483 0.25 2.19217586517334
0 0

0101101
*
Ed
 1e-07 1 1 0
1  49 0 0 0.32180334455637
0

0101000
+4027 0 -4009 0 *
Ed
 1e-07 1 1 0
1  50 0 0 0.203750496925188
0

0101000
+4009 0 -4019 0 *
Wi

0101100
-4012 0 +4008 0 +4007 0 *
Fa
0  1e-07 27 0

0101000
+4006 0 *
Ed
 1e-07 1 1 0
1  51 0 0 0.25
0

0101000
+4018 0 -4009 0 *
Wi

0101100
-4007 0 -4004 0 -4017 0 *
Fa
0  1e-07 28 0

0101000
+4003 0 *
Ve
1e-07
4.99358987808228 0.125 2.07545375823975
0 0

0101101
*
Ve
1e-07
4.87179470062256 0 1.95873165130615
0 0

0101101
*
Ed
 1e-07 1 1 0
1  52 0 0 0.209959794959562
0

0101000
+4001 0 -4000 0 *
Ed
 1e-07 1 1 0
1  53 0 0 0.33739032246377
0

0101000
+4000 0 -4018 0 *
Ed
 1e-07 1 1 0
1  54 0 0 0.209959518352362
0

0101000
+4018 0 -4001 0 *
Wi

0101100
+3999 0 +3998 0 +3997 0 *
Fa
0  1e-07 29 0

0101000
+3996 0 *
Ed
 1e-07 1 1 0
1  55 0 0 0.209959518352362
0

0101000
+4009 0 -4001 0 *
Wi

0101100
-3997 0 +4004 0 +3994 0 *
Fa
0  1e-07 30 0

0101000
+3993 0 *
Ve
1e-07
4.87179470062256 0.25 1.95873165130615
0 0

0101101
*
Ed
 1e-07 1 1 0
1  56 0 0 0.33739032246377
0

0101000
+4009 0 -3991 0 *
Ed
 1e-07 1 1 0
1  57 0 0 0.209959794959562
0

0101000
+3991 0 -4001 0 *
Wi

0101100
-3994 0 +3990 0 +3989 0 *
Fa
0  1e-07 31 0

0101000
+3988 0 *
Ed
 1e-07 1 1 0
1  58 0 0 0.25
0

0101000
+4000 0 -3991 0 *
Wi

0101100
-3989 0 -3986 0 -3999 0 *
Fa
0  1e-07 32 0

0101000
+3985 0 *
Ve
1e-07
4.75 0.125 1.83732354640961
0 0

0101101
*
Ve
1e-07
4.62820529937744 0 1.71591556072235
0 0

0101101
*
Ed
 1e-07 1 1 0
1  59 0 0 0.212600207169174
0

0101000
+3983 0 -3982 0 *
Ed
 1e-07 1 1 0
1  60 0 0 0.343941056353201
0

0101000
+3982 0 -4000 0 *
Ed
 1e-07 1 1 0
1  61 0 0 0.21260027524514
0

0101000
+4000 0 -3983 0 *
Wi

0101100
+3981 0 +3980 0 +3979 0 *
Fa
0  1e-07 33 0

0101000
+3978 0 *
Ed
 1e-07 1 1 0
1  62 0 0 0.21260027524514
0

0101000
+3991 0 -3983 0 *
Wi

0101100
-3979 0 +3986 0 +3976 0 *
Fa
0  1e-07 34 0

0101000
+3975 0 *
Ve
1e-07
4.62820529937744 0.25 1.71591556072235
0 0

0101101
*
Ed
 1e-07 1 1 0
1  63 0 0 0.343941056353201
0

0101000
+3991 0 -3973 0 *
Ed
 1e-07 1 1 0
1  64 0 0 0.212600207169174
0

0101000
+3973 0 -3983 0 *
Wi

0101100
-3976 0 +3972 0 +3971 0 *
Fa
0  1e-07 35 0

0101000
+3970 0 *
Ed
 1e-07 1 1 0
1  65 0 0 0.25
0

0101000
+3982 0 -3973 0 *
Wi

0101100
-3971 0 -3968 0 -3981 0 *
Fa
0  1e-07 36 0

0101000
+3967 0 *
Ve
1e-07
4.50641012191772 0.125 1.59698975086212
0 0

0101101
*
Ve
1e-07
4.38461542129517 0 1.47806406021118
0 0

0101101
*
Ed
 1e-07 1 1 0
1  66 0 0 0.211192492756115
0

0101000
+3965 0 -3964 0 *
Ed
 1e-07 1 1 0
1  67 0 0 0.340454644555707
0

0101000
+3964 0 -3982 0 *
Ed
 1e-07 1 1 0
1  68 0 0 0.211192834876933
0

0101000
+3982 0 -3965 0 *
Wi

0101100
+3963 0 +3962 0 +3961 0 *
Fa
0  1e-07 37 0

0101000
+3960 0 *
Ed
 1e-07 1 1 0
1  69 0 0 0.211192834876933
0

0101000
+3973 0 -3965 0 *
Wi

0101100
-3961 0 +3968 0 +3958 0 *
Fa
0  1e-07 38 0

0101000
+3957 0 *
Ve
1e-07
4.38461542129517 0.25 1.47806406021118
0 0

0101101
*
Ed
 1e-07 1 1 0
1  70 0 0 0.340454644555707
0

0101000
+3973 0 -3955 0 *
Ed
 1e-07 1 1 0
1  71 0 0 0.211192492756115
0

0101000
+3955 0 -3965 0 *
Wi

0101100
-3958 0 +3954 0 +3953 0 *
Fa
0  1e-07 39 0

0101000
+3952 0 *
Ed
 1e-07 1 1 0
1  72 0 0 0.25
0

0101000
+3964 0 -3955 0 *
Wi

0101100
-3953 0 -3950 0 -3963 0 *
Fa
0  1e-07 40 0

0101000
+3949 0 *
Ve
1e-07
4.26282072067261 0.125 1.36864233016968
0 0

0101101
*
Ve
1e-07
4.14102554321289 0 1.25922060012817
0 0

0101101
*
Ed
 1e-07 1 1 0
1  73 0 0 0.205990728572234
0

0101000
+3947 0 -3946 0 *
Ed
 1e-07 1 1 0
1  74 0 0 0.327457613631506
0

0101000
+3946 0 -3964 0 *
Ed
 1e-07 1 1 0
1  75 0 0 0.20599044663531
0

0101000
+3964 0 -3947 0 *
Wi

0101100
+3945 0 +3944 0 +3943 0 *
Fa
0  1e-07 41 0

0101000
+3942 0 *
Ed
 1e-07 1 1 0
1  76 0 0 0.20599044663531
0

0101000
+3955 0 -3947 0 *
Wi

0101100
-3943 0 +3950 0 +3940 0 *
Fa
0  1e-07 42 0

0101000
+3939 0 *
Ve
1e-07
4.14102554321289 0.25 1.25922060012817
0 0

0101101
*
Ed
 1e-07 1 1 0
1  77 0 0 0.327457613631506
0

0101000
+3955 0 -3937 0 *
Ed
 1e-07 1 1 0
1  78 0 0 0.205990728572234
0

0101000
+3937 0 -3947 0 *
Wi

0101100
-3940 0 +3936 0 +3935 0 *
Fa
0  1e-07 43 0

0101000
+3934 0 *
Ed
 1e-07 1 1 0
1  79 0 0 0.25
0

0101000
+3946 0 -3937 0 *
Wi

0101100
-3935 0 -3932 0 -3945 0 *
Fa
0  1e-07 44 0

0101000
+3931 0 *
Ve
1e-07
4.01923084259033 0.125 1.16576361656189
0 0

0101101
*
Ve
1e-07
3.89743590354919 0 1.07230663299561
0 0

0101101
*
Ed
 1e-07 1 1 0
1  80 0 0 0.197972763160348
0

0101000
+3929 0 -3928 0 *
Ed
 1e-07 1 1 0
1  81 0 0 0.307038668022001
0

0101000
+3928 0 -3946 0 *
Ed
 1e-07 1 1 0
1  82 0 0 0.197972616482804
0

0101000
+3946 0 -3929 0 *
Wi

0101100
+3927 0 +3926 0 +3925 0 *
Fa
0  1e-07 45 0

0101000
+3924 0 *
Ed
 1e-07 1 1 0
1  83 0 0 0.197972616482804
0

0101000
+3937 0 -3929 0 *
Wi

0101100
-3925 0 +3932 0 +3922 0 *
Fa
0  1e-07 46 0

0101000
+3921 0 *
Ve
1e-07
3.89743590354919 0.25 1.07230663299561
0 0

0101101
*
Ed
 1e-07 1 1 0
1  84 0 0 0.307038668022001
0

0101000
+3937 0 -3919 0 *
Ed
 1e-07 1 1 0
1  85 0 0 0.197972763160348
0

0101000
+3919 0 -3929 0 *
Wi

0101100
-3922 0 +3918 0 +3917 0 *
Fa
0  1e-07 47 0

0101000
+3916 0 *
Ed
 1e-07 1 1 0
1  86 0 0 0.25
0

0101000
+3928 0 -3919 0 *
Wi

0101100
-3917 0 -3914 0 -3927 0 *
Fa
0  1e-07 48 0

0101000
+3913 0 *
Ve
1e-07
3.77564096450806 0.125 1.00033223628998
0 0

0101101
*
Ve
1e-07
3.6538462638855 0 0.928357839584351
0 0

0101101
*
Ed
 1e-07 1 1 0
1  87 0 0 0.188783640395236
0

0101000
+3911 0 -3910 0 *
Ed
 1e-07 1 1 0
1  88 0 0 0.282943753555447
0

0101000
+3910 0 -3928 0 *
Ed
 1e-07 1 1 0
1  89 0 0 0.188783794212251
0

0101000
+3928 0 -3911 0 *
Wi

0101100
+3909 0 +3908 0 +3907 0 *
Fa
0  1e-07 49 0

0101000
+3906 0 *
Ed
 1e-07 1 1 0
1  90 0 0 0.188783794212251
0

0101000
+3919 0 -3911 0 *
Wi

0101100
-3907 0 +3914 0 +3904 0 *
Fa
0  1e-07 50 0

0101000
+3903 0 *
Ve
1e-07
3.6538462638855 0.25 0.928357839584351
0 0

0101101
*
Ed
 1e-07 1 1 0
1  91 0 0 0.282943753555447
0

0101000
+3919 0 -3901 0 *
Ed
 1e-07 1 1 0
1  92 0 0 0.188783640395236
0

0101000
+3901 0 -3911 0 *
Wi

0101100
-3904 0 +3900 0 +3899 0 *
Fa
0  1e-07 51 0

0101000
+3898 0 *
Ed
 1e-07 1 1 0
1  93 0 0 0.25
0

0101000
+3910 0 -3901 0 *
Wi

0101100
-3899 0 -3896 0 -3909 0 *
Fa
0  1e-07 52 0

0101000
+3895 0 *
Ve
1e-07
3.53205132484436 0.125 0.882115662097931
0 0

0101101
*
Ve
1e-07
3.41025638580322 0 0.835873544216156
0 0

0101101
*
Ed
 1e-07 1 1 0
1  94 0 0 0.180547336292249
0

0101000
+3893 0 -3892 0 *
Ed
 1e-07 1 1 0
1  95 0 0 0.260555893416152
0

0101000
+3892 0 -3910 0 *
Ed
 1e-07 1 1 0
1  96 0 0 0.18054735155831
0

0101000
+3910 0 -3893 0 *
Wi

0101100
+3891 0 +3890 0 +3889 0 *
Fa
0  1e-07 53 0

0101000
+3888 0 *
Ed
 1e-07 1 1 0
1  97 0 0 0.18054735155831
0

0101000
+3901 0 -3893 0 *
Wi

0101100
-3889 0 +3896 0 +3886 0 *
Fa
0  1e-07 54 0

0101000
+3885 0 *
Ve
1e-07
3.41025638580322 0.25 0.835873544216156
0 0

0101101
*
Ed
 1e-07 1 1 0
1  98 0 0 0.260555893416152
0

0101000
+3901 0 -3883 0 *
Ed
 1e-07 1 1 0
1  99 0 0 0.180547336292249
0

0101000
+3883 0 -3893 0 *
Wi

0101100
-3886 0 +3882 0 +3881 0 *
Fa
0  1e-07 55 0

0101000
+3880 0 *
Ed
 1e-07 1 1 0
1  100 0 0 0.25
0

0101000
+3892 0 -3883 0 *
Wi

0101100
-3881 0 -3878 0 -3891 0 *
Fa
0  1e-07 56 0

0101000
+3877 0 *
Ve
1e-07
3.28846144676208 0.125 0.818093955516815
0 0

0101101
*
Ve
1e-07
3.16666674613953 0 0.80031430721283
0 0

0101101
*
Ed
 1e-07 1 1 0
1  101 0 0 0.175428233171152
0

0101000
+3875 0 -3874 0 *
Ed
 1e-07 1 1 0
1  102 0 0 0.24617142784602
0

0101000
+3874 0 -3892 0 *
Ed
 1e-07 1 1 0
1  103 0 0 0.175428392657381
0

0101000
+3892 0 -3875 0 *
Wi

0101100
+3873 0 +3872 0 +3871 0 *
Fa
0  1e-07 57 0

0101000
+3870 0 *
Ed
 1e-07 1 1 0
1  104 0 0 0.175428392657381
0

0101000
+3883 0 -3875 0 *
Wi

0101100
-3871 0 +3878 0 +3868 0 *
Fa
0  1e-07 58 0

0101000
+3867 0 *
Ve
1e-07
3.16666674613953 0.25 0.80031430721283
0 0

0101101
*
Ed
 1e-07 1 1 0
1  105 0 0 0.24617142784602
0

0101000
+3883 0 -3865 0 *
Ed
 1e-07 1 1 0
1  106 0 0 0.175428233171152
0

0101000
+3865 0 -3875 0 *
Wi

0101100
-3868 0 +3864 0 +3863 0 *
Fa
0  1e-07 59 0

0101000
+3862 0 *
Ed
 1e-07 1 1 0
1  107 0 0 0.25
0

0101000
+3874 0 -3865 0 *
Wi

0101100
-3863 0 -3860 0 -3873 0 *
Fa
0  1e-07 60 0

0101000
+3859 0 *
Ve
1e-07
3.04487180709839 0.125 0.812047004699707
0 0

0101101
*
Ve
1e-07
2.92307686805725 0 0.823779702186584
0 0

0101101
*
Ed
 1e-07 1 1 0
1  108 0 0 0.174919019452869
0

0101000
+3857 0 -3856 0 *
Ed
 1e-07 1 1 0
1  109 0 0 0.244717497260437
0

0101000
+3856 0 -3874 0 *
Ed
 1e-07 1 1 0
1  110 0 0 0.174919019452869
0

0101000
+3874 0 -3857 0 *
Wi

0101100
+3855 0 +3854 0 +3853 0 *
Fa
0  1e-07 61 0

0101000
+3852 0 *
Ed
 1e-07 1 1 0
1  111 0 0 0.174919019452869
0

0101000
+3865 0 -3857 0 *
Wi

0101100
-3853 0 +3860 0 +3850 0 *
Fa
0  1e-07 62 0

0101000
+3849 0 *
Ve
1e-07
2.92307686805725 0.25 0.823779702186584
0 0

0101101
*
Ed
 1e-07 1 1 0
1  112 0 0 0.244717497260437
0

0101000
+3865 0 -3847 0 *
Ed
 1e-07 1 1 0
1  113 0 0 0.174919019452869
0

0101000
+3847 0 -3857 0 *
Wi

0101100
-3850 0 +3846 0 +3845 0 *
Fa
0  1e-07 63 0

0101000
+3844 0 *
Ed
 1e-07 1 1 0
1  114 0 0 0.25
0

0101000
+3856 0 -3847 0 *
Wi

0101100
-3845 0 -3842 0 -3855 0 *
Fa
0  1e-07 64 0

0101000
+3841 0 *
Ve
1e-07
2.80128216743469 0.125 0.864331960678101
0 0

0101101
*
Ve
1e-07
2.67948722839355 0 0.904884219169617
0 0

0101101
*
Ed
 1e-07 1 1 0
1  115 0 0 0.179174475985831
0

0101000
+3839 0 -3838 0 *
Ed
 1e-07 1 1 0
1  116 0 0 0.256736937791469
0

0101000
+3838 0 -3856 0 *
Ed
 1e-07 1 1 0
1  117 0 0 0.179174313919438
0

0101000
+3856 0 -3839 0 *
Wi

0101100
+3837 0 +3836 0 +3835 0 *
Fa
0  1e-07 65 0

0101000
+3834 0 *
Ed
 1e-07 1 1 0
1  118 0 0 0.179174313919438
0

0101000
+3847 0 -3839 0 *
Wi

0101100
-3835 0 +3842 0 +3832 0 *
Fa
0  1e-07 66 0

0101000
+3831 0 *
Ve
1e-07
2.67948722839355 0.25 0.904884219169617
0 0

0101101
*
Ed
 1e-07 1 1 0
1  119 0 0 0.256736937791469
0

0101000
+3847 0 -3829 0 *
Ed
 1e-07 1 1 0
1  120 0 0 0.179174475985831
0

0101000
+3829 0 -3839 0 *
Wi

0101100
-3832 0 +3828 0 +3827 0 *
Fa
0  1e-07 67 0

0101000
+3826 0 *
Ed
 1e-07 1 1 0
1  121 0 0 0.25
0

0101000
+3838 0 -3829 0 *
Wi

0101100
-3827 0 -3824 0 -3837 0 *
Fa
0  1e-07 68 0

0101000
+3823 0 *
Ve
1e-07
2.55769228935242 0.125 0.971861660480499
0 0

0101101
*
Ve
1e-07
2.43589735031128 0 1.03883910179138
0 0

0101101
*
Ed
 1e-07 1 1 0
1  122 0 0 0.186935777262105
0

0101000
+3821 0 -3820 0 *
Ed
 1e-07 1 1 0
1  123 0 0 0.277992696455048
0

0101000
+3820 0 -3838 0 *
Ed
 1e-07 1 1 0
1  124 0 0 0.186935777262105
0

0101000
+3838 0 -3821 0 *
Wi

0101100
+3819 0 +3818 0 +3817 0 *
Fa
0  1e-07 69 0

0101000
+3816 0 *
Ed
 1e-07 1 1 0
1  125 0 0 0.186935777262105
0

0101000
+3829 0 -3821 0 *
Wi

0101100
-3817 0 +3824 0 +3814 0 *
Fa
0  1e-07 70 0

0101000
+3813 0 *
Ve
1e-07
2.43589735031128 0.25 1.03883910179138
0 0

0101101
*
Ed
 1e-07 1 1 0
1  126 0 0 0.277992696455048
0

0101000
+3829 0 -3811 0 *
Ed
 1e-07 1 1 0
1  127 0 0 0.186935777262105
0

0101000
+3811 0 -3821 0 *
Wi

0101100
-3814 0 +3810 0 +3809 0 *
Fa
0  1e-07 71 0

0101000
+3808 0 *
Ed
 1e-07 1 1 0
1  128 0 0 0.25
0

0101000
+3820 0 -3811 0 *
Wi

0101100
-3809 0 -3806 0 -3819 0 *
Fa
0  1e-07 72 0

0101000
+3805 0 *
Ve
1e-07
2.31410264968872 0.125 1.12828731536865
0 0

0101101
*
Ve
1e-07
2.19230771064758 0 1.21773540973663
0 0

0101101
*
Ed
 1e-07 1 1 0
1  129 0 0 0.196112133133311
0

0101000
+3803 0 -3802 0 *
Ed
 1e-07 1 1 0
1  130 0 0 0.30222475336731
0

0101000
+3802 0 -3820 0 *
Ed
 1e-07 1 1 0
1  131 0 0 0.196112039436399
0

0101000
+3820 0 -3803 0 *
Wi

0101100
+3801 0 +3800 0 +3799 0 *
Fa
0  1e-07 73 0

0101000
+3798 0 *
Ed
 1e-07 1 1 0
1  132 0 0 0.196112039436399
0

0101000
+3811 0 -3803 0 *
Wi

0101100
-3799 0 +3806 0 +3796 0 *
Fa
0  1e-07 74 0

0101000
+3795 0 *
Ve
1e-07
2.19230771064758 0.25 1.21773540973663
0 0

0101101
*
Ed
 1e-07 1 1 0
1  133 0 0 0.30222475336731
0

0101000
+3811 0 -3793 0 *
Ed
 1e-07 1 1 0
1  134 0 0 0.196112133133311
0

0101000
+3793 0 -3803 0 *
Wi

0101100
-3796 0 +3792 0 +3791 0 *
Fa
0  1e-07 75 0

0101000
+3790 0 *
Ed
 1e-07 1 1 0
1  135 0 0 0.25
0

0101000
+3802 0 -3793 0 *
Wi

0101100
-3791 0 -3788 0 -3801 0 *
Fa
0  1e-07 76 0

0101000
+3787 0 *
Ve
1e-07
2.07051277160645 0.125 1.32437288761139
0 0

0101101
*
Ve
1e-07
1.9487179517746 0 1.43101048469543
0 0

0101101
*
Ed
 1e-07 1 1 0
1  136 0 0 0.204525194657606
0

0101000
+3785 0 -3784 0 *
Ed
 1e-07 1 1 0
1  137 0 0 0.323762610914975
0

0101000
+3784 0 -3802 0 *
Ed
 1e-07 1 1 0
1  138 0 0 0.204525203492194
0

0101000
+3802 0 -3785 0 *
Wi

0101100
+3783 0 +3782 0 +3781 0 *
Fa
0  1e-07 77 0

0101000
+3780 0 *
Ed
 1e-07 1 1 0
1  139 0 0 0.204525203492194
0

0101000
+3793 0 -3785 0 *
Wi

0101100
-3781 0 +3788 0 +3778 0 *
Fa
0  1e-07 78 0

0101000
+3777 0 *
Ve
1e-07
1.9487179517746 0.25 1.43101048469543
0 0

0101101
*
Ed
 1e-07 1 1 0
1  140 0 0 0.323762610914975
0

0101000
+3793 0 -3775 0 *
Ed
 1e-07 1 1 0
1  141 0 0 0.204525194657606
0

0101000
+3775 0 -3785 0 *
Wi

0101100
-3778 0 +3774 0 +3773 0 *
Fa
0  1e-07 79 0

0101000
+3772 0 *
Ed
 1e-07 1 1 0
1  142 0 0 0.25
0

0101000
+3784 0 -3775 0 *
Wi

0101100
-3773 0 -3770 0 -3783 0 *
Fa
0  1e-07 80 0

0101000
+3769 0 *
Ve
1e-07
1.82692313194275 0.125 1.54854106903076
0 0

0101101
*
Ve
1e-07
1.70512819290161 0 1.66607177257538
0 0

0101101
*
Ed
 1e-07 1 1 0
1  143 0 0 0.21041025034852
0

0101000
+3767 0 -3766 0 *
Ed
 1e-07 1 1 0
1  144 0 0 0.338511121955509
0

0101000
+3766 0 -3784 0 *
Ed
 1e-07 1 1 0
1  145 0 0 0.210410114757052
0

0101000
+3784 0 -3767 0 *
Wi

0101100
+3765 0 +3764 0 +3763 0 *
Fa
0  1e-07 81 0

0101000
+3762 0 *
Ed
 1e-07 1 1 0
1  146 0 0 0.210410114757052
0

0101000
+3775 0 -3767 0 *
Wi

0101100
-3763 0 +3770 0 +3760 0 *
Fa
0  1e-07 82 0

0101000
+3759 0 *
Ve
1e-07
1.70512819290161 0.25 1.66607177257538
0 0

0101101
*
Ed
 1e-07 1 1 0
1  147 0 0 0.338511121955509
0

0101000
+3775 0 -3757 0 *
Ed
 1e-07 1 1 0
1  148 0 0 0.21041025034852
0

0101000
+3757 0 -3767 0 *
Wi

0101100
-3760 0 +3756 0 +3755 0 *
Fa
0  1e-07 83 0

0101000
+3754 0 *
Ed
 1e-07 1 1 0
1  149 0 0 0.25
0

0101000
+3766 0 -3757 0 *
Wi

0101100
-3755 0 -3752 0 -3765 0 *
Fa
0  1e-07 84 0

0101000
+3751 0 *
Ve
1e-07
1.58333337306976 0.125 1.78755617141724
0 0

0101101
*
Ve
1e-07
1.46153843402863 0 1.90904057025909
0 0

0101101
*
Ed
 1e-07 1 1 0
1  150 0 0 0.212643989658777
0

0101000
+3749 0 -3748 0 *
Ed
 1e-07 1 1 0
1  151 0 0 0.344049134973
0

0101000
+3748 0 -3766 0 *
Ed
 1e-07 1 1 0
1  152 0 0 0.212643921379944
0

0101000
+3766 0 -3749 0 *
Wi

0101100
+3747 0 +3746 0 +3745 0 *
Fa
0  1e-07 85 0

0101000
+3744 0 *
Ed
 1e-07 1 1 0
1  153 0 0 0.212643921379944
0

0101000
+3757 0 -3749 0 *
Wi

0101100
-3745 0 +3752 0 +3742 0 *
Fa
0  1e-07 86 0

0101000
+3741 0 *
Ve
1e-07
1.46153843402863 0.25 1.90904057025909
0 0

0101101
*
Ed
 1e-07 1 1 0
1  154 0 0 0.344049134973
0

0101000
+3757 0 -3739 0 *
Ed
 1e-07 1 1 0
1  155 0 0 0.212643989658777
0

0101000
+3739 0 -3749 0 *
Wi

0101100
-3742 0 +3738 0 +3737 0 *
Fa
0  1e-07 87 0

0101000
+3736 0 *
Ed
 1e-07 1 1 0
1  156 0 0 0.25
0

0101000
+3748 0 -3739 0 *
Wi

0101100
-3737 0 -3734 0 -3747 0 *
Fa
0  1e-07 88 0

0101000
+3733 0 *
Ve
1e-07
1.33974361419678 0.125 2.0273060798645
0 0

0101101
*
Ve
1e-07
1.21794867515564 0 2.14557147026062
0 0

0101101
*
Ed
 1e-07 1 1 0
1  157 0 0 0.210821511572184
0

0101000
+3731 0 -3730 0 *
Ed
 1e-07 1 1 0
1  158 0 0 0.339533263883425
0

0101000
+3730 0 -3748 0 *
Ed
 1e-07 1 1 0
1  159 0 0 0.210821509576464
0

0101000
+3748 0 -3731 0 *
Wi

0101100
+3729 0 +3728 0 +3727 0 *
Fa
0  1e-07 89 0

0101000
+3726 0 *
Ed
 1e-07 1 1 0
1  160 0 0 0.210821509576464
0

0101000
+3739 0 -3731 0 *
Wi

0101100
-3727 0 +3734 0 +3724 0 *
Fa
0  1e-07 90 0

0101000
+3723 0 *
Ve
1e-07
1.21794867515564 0.25 2.14557147026062
0 0

0101101
*
Ed
 1e-07 1 1 0
1  161 0 0 0.339533263883425
0

0101000
+3739 0 -3721 0 *
Ed
 1e-07 1 1 0
1  162 0 0 0.210821511572184
0

0101000
+3721 0 -3731 0 *
Wi

0101100
-3724 0 +3720 0 +3719 0 *
Fa
0  1e-07 91 0

0101000
+3718 0 *
Ed
 1e-07 1 1 0
1  163 0 0 0.25
0

0101000
+3730 0 -3721 0 *
Wi

0101100
-3719 0 -3716 0 -3729 0 *
Fa
0  1e-07 92 0

0101000
+3715 0 *
Ve
1e-07
1.09615385532379 0.125 2.25363492965698
0 0

0101101
*
Ve
1e-07
0.974358975887299 0 2.36169862747192
0 0

0101101
*
Ed
 1e-07 1 1 0
1  164 0 0 0.205272393278757
0

0101000
+3713 0 -3712 0 *
Ed
 1e-07 1 1 0
1  165 0 0 0.325648414204461
0

0101000
+3712 0 -3730 0 *
Ed
 1e-07 1 1 0
1  166 0 0 0.205272232400248
0

0101000
+3730 0 -3713 0 *
Wi

0101100
+3711 0 +3710 0 +3709 0 *
Fa
0  1e-07 93 0

0101000
+3708 0 *
Ed
 1e-07 1 1 0
1  167 0 0 0.205272232400248
0

0101000
+3721 0 -3713 0 *
Wi

0101100
-3709 0 +3716 0 +3706 0 *
Fa
0  1e-07 94 0

0101000
+3705 0 *
Ve
1e-07
0.974358975887299 0.25 2.36169862747192
0 0

0101101
*
Ed
 1e-07 1 1 0
1  168 0 0 0.325648414204461
0

0101000
+3721 0 -3703 0 *
Ed
 1e-07 1 1 0
1  169 0 0 0.205272393278757
0

0101000
+3703 0 -3713 0 *
Wi

0101100
-3706 0 +3702 0 +3701 0 *
Fa
0  1e-07 95 0

0101000
+3700 0 *
Ed
 1e-07 1 1 0
1  170 0 0 0.25
0

0101000
+3712 0 -3703 0 *
Wi

0101100
-3701 0 -3698 0 -3711 0 *
Fa
0  1e-07 96 0

0101000
+3697 0 *
Ve
1e-07
0.852564096450806 0.125 2.45317983627319
0 0

0101101
*
Ve
1e-07
0.730769217014313 0 2.54466128349304
0 0

0101101
*
Ed
 1e-07 1 1 0
1  171 0 0 0.197047831356724
0

0101000
+3695 0 -3694 0 *
Ed
 1e-07 1 1 0
1  172 0 0 0.30464947747551
0

0101000
+3694 0 -3712 0 *
Ed
 1e-07 1 1 0
1  173 0 0 0.197047720668602
0

0101000
+3712 0 -3695 0 *
Wi

0101100
+3693 0 +3692 0 +3691 0 *
Fa
0  1e-07 97 0

0101000
+3690 0 *
Ed
 1e-07 1 1 0
1  174 0 0 0.197047720668602
0

0101000
+3703 0 -3695 0 *
Wi

0101100
-3691 0 +3698 0 +3688 0 *
Fa
0  1e-07 98 0

0101000
+3687 0 *
Ve
1e-07
0.730769217014313 0.25 2.54466128349304
0 0

0101101
*
Ed
 1e-07 1 1 0
1  175 0 0 0.30464947747551
0

0101000
+3703 0 -3685 0 *
Ed
 1e-07 1 1 0
1  176 0 0 0.197047831356724
0

0101000
+3685 0 -3695 0 *
Wi

0101100
-3688 0 +3684 0 +3683 0 *
Fa
0  1e-07 99 0

0101000
+3682 0 *
Ed
 1e-07 1 1 0
1  177 0 0 0.25
0

0101000
+3694 0 -3685 0 *
Wi

0101100
-3683 0 -3680 0 -3693 0 *
Fa
0  1e-07 100 0

0101000
+3679 0 *
Ve
1e-07
0.60897433757782 0.125 2.61415886878967
0 0

0101101
*
Ve
1e-07
0.487179487943649 0 2.68365669250488
0 0

0101101
*
Ed
 1e-07 1 1 0
1  178 0 0 0.187853487853062
0

0101000
+3677 0 -3676 0 *
Ed
 1e-07 1 1 0
1  179 0 0 0.280456199494838
0

0101000
+3676 0 -3694 0 *
Ed
 1e-07 1 1 0
1  180 0 0 0.187853418970782
0

0101000
+3694 0 -3677 0 *
Wi

0101100
+3675 0 +3674 0 +3673 0 *
Fa
0  1e-07 101 0

0101000
+3672 0 *
Ed
 1e-07 1 1 0
1  181 0 0 0.187853418970782
0

0101000
+3685 0 -3677 0 *
Wi

0101100
-3673 0 +3680 0 +3670 0 *
Fa
0  1e-07 102 0

0101000
+3669 0 *
Ve
1e-07
0.487179487943649 0.25 2.68365669250488
0 0

0101101
*
Ed
 1e-07 1 1 0
1  182 0 0 0.280456199494838
0

0101000
+3685 0 -3667 0 *
Ed
 1e-07 1 1 0
1  183 0 0 0.187853487853062
0

0101000
+3667 0 -3677 0 *
Wi

0101100
-3670 0 +3666 0 +3665 0 *
Fa
0  1e-07 103 0

0101000
+3664 0 *
Ed
 1e-07 1 1 0
1  184 0 0 0.25
0

0101000
+3676 0 -3667 0 *
Wi

0101100
-3665 0 -3662 0 -3675 0 *
Fa
0  1e-07 104 0

0101000
+3661 0 *
Ve
1e-07
0.365384608507156 0.125 2.72706770896912
0 0

0101101
*
Ve
1e-07
0.243589743971825 0 2.77047848701477
0 0

0101101
*
Ed
 1e-07 1 1 0
1  185 0 0 0.179842944475753
0

0101000
+3659 0 -3658 0 *
Ed
 1e-07 1 1 0
1  186 0 0 0.258600052919902
0

0101000
+3658 0 -3676 0 *
Ed
 1e-07 1 1 0
1  187 0 0 0.179843012117257
0

0101000
+3676 0 -3659 0 *
Wi

0101100
+3657 0 +3656 0 +3655 0 *
Fa
0  1e-07 105 0

0101000
+3654 0 *
Ed
 1e-07 1 1 0
1  188 0 0 0.179843012117257
0

0101000
+3667 0 -3659 0 *
Wi

0101100
-3655 0 +3662 0 +3652 0 *
Fa
0  1e-07 106 0

0101000
+3651 0 *
Ve
1e-07
0.243589743971825 0.25 2.77047848701477
0 0

0101101
*
Ed
 1e-07 1 1 0
1  189 0 0 0.258600052919902
0

0101000
+3667 0 -3649 0 *
Ed
 1e-07 1 1 0
1  190 0 0 0.179842944475753
0

0101000
+3649 0 -3659 0 *
Wi

0101100
-3652 0 +3648 0 +3647 0 *
Fa
0  1e-07 107 0

0101000
+3646 0 *
Ed
 1e-07 1 1 0
1  191 0 0 0.25
0

0101000
+3658 0 -3649 0 *
Wi

0101100
-3647 0 -3644 0 -3657 0 *
Fa
0  1e-07 108 0

0101000
+3643 0 *
Ve
1e-07
0.121794871985912 0.125 1.78523921966553
0 0

0101101
*
Ve
1e-07
0 0 1.79999995231628
0 0

0101101
*
Ed
 1e-07 1 1 0
1  192 0 0 0.175148137502092
0

0101000
+3641 0 -3640 0 *
Ed
 1e-07 1 1 0
1  193 0 0 0.25
0

0101000
+3640 0 -4093 0 *
Ed
 1e-07 1 1 0
1  194 0 0 0.175148137502092
0

0101000
+4093 0 -3641 0 *
Wi

0101100
+3639 0 +3638 0 +3637 0 *
Fa
0  1e-07 109 0

0101000
+3636 0 *
Ed
 1e-07 1 1 0
1  195 0 0 0.17514814754858
0

0101000
+4084 0 -3641 0 *
Wi

0101100
-3637 0 +4079 0 +3634 0 *
Fa
0  1e-07 110 0

0101000
+3633 0 *
Ve
1e-07
0.243589743971825 0 1.77047836780548
0 0

0101101
*
Ed
 1e-07 1 1 0
1  196 0 0 0.25
0

0101000
+4084 0 -3631 0 *
Ed
 1e-07 1 1 0
1  197 0 0 0.17514814754858
0

0101000
+3631 0 -3641 0 *
Wi

0101100
-3634 0 +3630 0 +3629 0 *
Fa
0  1e-07 111 0

0101000
+3628 0 *
Ed
 1e-07 1 1 0
1  198 0 0 0.245372140472971
0

0101000
+3631 0 -3640 0 *
Wi

0101100
-3629 0 +3626 0 -3639 0 *
Fa
0  1e-07 112 0

0101000
+3625 0 *
Ve
1e-07
0.121794871985912 0 2.28523921966553
0 0

0101101
*
Ed
 1e-07 1 1 0
1  199 0 0 0.500291052708016
0

0101000
+3623 0 -3640 0 *
Ed
 1e-07 1 1 0
1  200 0 0 0.528973274797267
0

0101000
+3631 0 -3623 0 *
Wi

0101100
+3622 0 -3626 0 +3621 0 *
Fa
0  1e-07 113 0

0101000
+3620 0 *
Ed
 1e-07 1 1 0
1  201 0 0 1.00000011920929
0

0101000
+3631 0 -3658 0 *
Ed
 1e-07 1 1 0
1  202 0 0 0.500291052708016
0

0101000
+3658 0 -3623 0 *
Wi

0101100
-3621 0 +3618 0 +3617 0 *
Fa
0  1e-07 114 0

0101000
+3616 0 *
Ve
1e-07
0 0 2.79999995231628
0 0

0101101
*
Ed
 1e-07 1 1 0
1  203 0 0 0.245372126130511
0

0101000
+3614 0 -3658 0 *
Ed
 1e-07 1 1 0
1  204 0 0 0.528973158790887
0

0101000
+3614 0 -3623 0 *
Wi

0101100
-3617 0 -3613 0 +3612 0 *
Fa
0  1e-07 115 0

0101000
+3611 0 *
Ve
1e-07
0.121794871985912 0.125 2.78523921966553
0 0

0101101
*
Ed
 1e-07 1 1 0
1  205 0 0 0.175148137502092
0

0101000
+3609 0 -3614 0 *
Ed
 1e-07 1 1 0
1  206 0 0 0.175148137502092
0

0101000
+3658 0 -3609 0 *
Wi

0101100
+3608 0 +3613 0 +3607 0 *
Fa
0  1e-07 116 0

0101000
+3606 0 *
Ed
 1e-07 1 1 0
1  207 0 0 0.175148137502092
0

0101000
+3649 0 -3609 0 *
Wi

0101100
-3607 0 +3644 0 +3604 0 *
Fa
0  1e-07 117 0

0101000
+3603 0 *
Ve
1e-07
0 0.25 2.79999995231628
0 0

0101101
*
Ed
 1e-07 1 1 0
1  208 0 0 0.245372126130511
0

0101000
+3649 0 -3601 0 *
Ed
 1e-07 1 1 0
1  209 0 0 0.175148137502092
0

0101000
+3601 0 -3609 0 *
Wi

0101100
-3604 0 +3600 0 +3599 0 *
Fa
0  1e-07 118 0

0101000
+3598 0 *
Ed
 1e-07 1 1 0
1  210 0 0 0.25
0

0101000
+3601 0 -3614 0 *
Wi

0101100
-3599 0 +3596 0 -3608 0 *
Fa
0  1e-07 119 0

0101000
+3595 0 *
Ed
 1e-07 1 1 0
1  211 0 0 1
0

0101000
+3614 0 -3640 0 *
Wi

0101100
-3612 0 +3593 0 -3622 0 *
Fa
0  1e-07 120 0

0101000
+3592 0 *
Ve
1e-07
0 0.125 2.29999995231628
0 0

0101101
*
Ed
 1e-07 1 1 0
1  212 0 0 0.515388203202208
0

0101000
+3590 0 -3640 0 *
Ed
 1e-07 1 1 0
1  213 0 0 0.515388203202208
0

0101000
+3614 0 -3590 0 *
Wi

0101100
+3589 0 -3593 0 +3588 0 *
Fa
0  1e-07 121 0

0101000
+3587 0 *
Ed
 1e-07 1 1 0
1  214 0 0 0.515388203202208
0

0101000
+3601 0 -3590 0 *
Wi

0101100
-3588 0 -3596 0 +3585 0 *
Fa
0  1e-07 122 0

0101000
+3584 0 *
Ed
 1e-07 1 1 0
1  215 0 0 1
0

0101000
+3601 0 -4093 0 *
Ed
 1e-07 1 1 0
1  216 0 0 0.515388203202208
0

0101000
+4093 0 -3590 0 *
Wi

0101100
-3585 0 +3582 0 +3581 0 *
Fa
0  1e-07 123 0

0101000
+3580 0 *
Wi

0101100
-3581 0 -3638 0 -3589 0 *
Fa
0  1e-07 124 0

0101000
+3578 0 *
Ve
1e-07
0.365384608507156 0.125 1.72706758975983
0 0

0101101
*
Ed
 1e-07 1 1 0
1  217 0 0 0.179842944475753
0

0101000
+3576 0 -3631 0 *
Ed
 1e-07 1 1 0
1  218 0 0 0.179842944475753
0

0101000
+4084 0 -3576 0 *
Wi

0101100
+3575 0 -3630 0 +3574 0 *
Fa
0  1e-07 125 0

0101000
+3573 0 *
Ve
1e-07
0.487179487943649 0.25 1.68365681171417
0 0

0101101
*
Ed
 1e-07 1 1 0
1  219 0 0 0.258599972873887
0

0101000
+4084 0 -3571 0 *
Ed
 1e-07 1 1 0
1  220 0 0 0.179842954567253
0

0101000
+3571 0 -3576 0 *
Wi

0101100
-3574 0 +3570 0 +3569 0 *
Fa
0  1e-07 126 0

0101000
+3568 0 *
Ve
1e-07
0.487179487943649 0 1.68365681171417
0 0

0101101
*
Ed
 1e-07 1 1 0
1  221 0 0 0.25
0

0101000
+3571 0 -3566 0 *
Ed
 1e-07 1 1 0
1  222 0 0 0.179842954567253
0

0101000
+3566 0 -3576 0 *
Wi

0101100
-3569 0 +3565 0 +3564 0 *
Fa
0  1e-07 127 0

0101000
+3563 0 *
Ed
 1e-07 1 1 0
1  223 0 0 0.258599972873887
0

0101000
+3566 0 -3631 0 *
Wi

0101100
-3564 0 +3561 0 -3575 0 *
Fa
0  1e-07 128 0

0101000
+3560 0 *
Ve
1e-07
0.365384608507156 0 2.22706770896912
0 0

0101101
*
Ed
 1e-07 1 1 0
1  224 0 0 0.472554563507139
0

0101000
+3558 0 -3631 0 *
Ed
 1e-07 1 1 0
1  225 0 0 0.556892625119397
0

0101000
+3566 0 -3558 0 *
Wi

0101100
+3557 0 -3561 0 +3556 0 *
Fa
0  1e-07 129 0

0101000
+3555 0 *
Ed
 1e-07 1 1 0
1  226 0 0 0.99999988079071
0

0101000
+3566 0 -3676 0 *
Ed
 1e-07 1 1 0
1  227 0 0 0.472554221802297
0

0101000
+3676 0 -3558 0 *
Wi

0101100
-3556 0 +3553 0 +3552 0 *
Fa
0  1e-07 130 0

0101000
+3551 0 *
Ed
 1e-07 1 1 0
1  228 0 0 0.556892505537077
0

0101000
+3658 0 -3558 0 *
Wi

0101100
-3552 0 -3656 0 +3549 0 *
Fa
0  1e-07 131 0

0101000
+3548 0 *
Wi

0101100
-3549 0 -3618 0 -3557 0 *
Fa
0  1e-07 132 0

0101000
+3546 0 *
Ve
1e-07
0.60897433757782 0.125 1.61415898799896
0 0

0101101
*
Ed
 1e-07 1 1 0
1  229 0 0 0.187853487853062
0

0101000
+3544 0 -3566 0 *
Ed
 1e-07 1 1 0
1  230 0 0 0.187853487853062
0

0101000
+3571 0 -3544 0 *
Wi

0101100
+3543 0 -3565 0 +3542 0 *
Fa
0  1e-07 133 0

0101000
+3541 0 *
Ve
1e-07
0.730769217014313 0.25 1.54466116428375
0 0

0101101
*
Ed
 1e-07 1 1 0
1  231 0 0 0.280456317656281
0

0101000
+3571 0 -3539 0 *
Ed
 1e-07 1 1 0
1  232 0 0 0.187853507175406
0

0101000
+3539 0 -3544 0 *
Wi

0101100
-3542 0 +3538 0 +3537 0 *
Fa
0  1e-07 134 0

0101000
+3536 0 *
Ve
1e-07
0.730769217014313 0 1.54466116428375
0 0

0101101
*
Ed
 1e-07 1 1 0
1  233 0 0 0.25
0

0101000
+3539 0 -3534 0 *
Ed
 1e-07 1 1 0
1  234 0 0 0.187853507175406
0

0101000
+3534 0 -3544 0 *
Wi

0101100
-3537 0 +3533 0 +3532 0 *
Fa
0  1e-07 135 0

0101000
+3531 0 *
Ed
 1e-07 1 1 0
1  235 0 0 0.280456317656281
0

0101000
+3534 0 -3566 0 *
Wi

0101100
-3532 0 +3529 0 -3543 0 *
Fa
0  1e-07 136 0

0101000
+3528 0 *
Ve
1e-07
0.60897433757782 0 2.11415886878967
0 0

0101101
*
Ed
 1e-07 1 1 0
1  236 0 0 0.44739915796037
0

0101000
+3526 0 -3566 0 *
Ed
 1e-07 1 1 0
1  237 0 0 0.582375847794586
0

0101000
+3534 0 -3526 0 *
Wi

0101100
+3525 0 -3529 0 +3524 0 *
Fa
0  1e-07 137 0

0101000
+3523 0 *
Ed
 1e-07 1 1 0
1  238 0 0 1.00000011920929
0

0101000
+3534 0 -3694 0 *
Ed
 1e-07 1 1 0
1  239 0 0 0.447399510194615
0

0101000
+3694 0 -3526 0 *
Wi

0101100
-3524 0 +3521 0 +3520 0 *
Fa
0  1e-07 138 0

0101000
+3519 0 *
Ed
 1e-07 1 1 0
1  240 0 0 0.582375958135096
0

0101000
+3676 0 -3526 0 *
Wi

0101100
-3520 0 -3674 0 +3517 0 *
Fa
0  1e-07 139 0

0101000
+3516 0 *
Wi

0101100
-3517 0 -3553 0 -3525 0 *
Fa
0  1e-07 140 0

0101000
+3514 0 *
Ve
1e-07
0.852564096450806 0.125 1.45317983627319
0 0

0101101
*
Ed
 1e-07 1 1 0
1  241 0 0 0.197047776012634
0

0101000
+3512 0 -3534 0 *
Ed
 1e-07 1 1 0
1  242 0 0 0.197047776012634
0

0101000
+3539 0 -3512 0 *
Wi

0101100
+3511 0 -3533 0 +3510 0 *
Fa
0  1e-07 141 0

0101000
+3509 0 *
Ve
1e-07
0.974358975887299 0.25 1.36169850826263
0 0

0101101
*
Ed
 1e-07 1 1 0
1  243 0 0 0.30464947747551
0

0101000
+3539 0 -3507 0 *
Ed
 1e-07 1 1 0
1  244 0 0 0.197047776012634
0

0101000
+3507 0 -3512 0 *
Wi

0101100
-3510 0 +3506 0 +3505 0 *
Fa
0  1e-07 142 0

0101000
+3504 0 *
Ve
1e-07
0.974358975887299 0 1.36169850826263
0 0

0101101
*
Ed
 1e-07 1 1 0
1  245 0 0 0.25
0

0101000
+3507 0 -3502 0 *
Ed
 1e-07 1 1 0
1  246 0 0 0.197047776012634
0

0101000
+3502 0 -3512 0 *
Wi

0101100
-3505 0 +3501 0 +3500 0 *
Fa
0  1e-07 143 0

0101000
+3499 0 *
Ed
 1e-07 1 1 0
1  247 0 0 0.30464947747551
0

0101000
+3502 0 -3534 0 *
Wi

0101100
-3500 0 +3497 0 -3511 0 *
Fa
0  1e-07 144 0

0101000
+3496 0 *
Ve
1e-07
0.852564096450806 0 1.95317983627319
0 0

0101101
*
Ed
 1e-07 1 1 0
1  248 0 0 0.426288045833995
0

0101000
+3494 0 -3534 0 *
Ed
 1e-07 1 1 0
1  249 0 0 0.603890846132051
0

0101000
+3502 0 -3494 0 *
Wi

0101100
+3493 0 -3497 0 +3492 0 *
Fa
0  1e-07 145 0

0101000
+3491 0 *
Ed
 1e-07 1 1 0
1  250 0 0 1.00000011920929
0

0101000
+3502 0 -3712 0 *
Ed
 1e-07 1 1 0
1  251 0 0 0.426288160074171
0

0101000
+3712 0 -3494 0 *
Wi

0101100
-3492 0 +3489 0 +3488 0 *
Fa
0  1e-07 146 0

0101000
+3487 0 *
Ed
 1e-07 1 1 0
1  252 0 0 0.603890962891677
0

0101000
+3694 0 -3494 0 *
Wi

0101100
-3488 0 -3692 0 +3485 0 *
Fa
0  1e-07 147 0

0101000
+3484 0 *
Wi

0101100
-3485 0 -3521 0 -3493 0 *
Fa
0  1e-07 148 0

0101000
+3482 0 *
Ve
1e-07
1.09615385532379 0.125 1.25363492965698
0 0

0101101
*
Ed
 1e-07 1 1 0
1  253 0 0 0.205272330522186
0

0101000
+3480 0 -3502 0 *
Ed
 1e-07 1 1 0
1  254 0 0 0.205272330522186
0

0101000
+3507 0 -3480 0 *
Wi

0101100
+3479 0 -3501 0 +3478 0 *
Fa
0  1e-07 149 0

0101000
+3477 0 *
Ve
1e-07
1.21794867515564 0.25 1.14557135105133
0 0

0101101
*
Ed
 1e-07 1 1 0
1  255 0 0 0.325648414204461
0

0101000
+3507 0 -3475 0 *
Ed
 1e-07 1 1 0
1  256 0 0 0.20527229515678
0

0101000
+3475 0 -3480 0 *
Wi

0101100
-3478 0 +3474 0 +3473 0 *
Fa
0  1e-07 150 0

0101000
+3472 0 *
Ve
1e-07
1.21794867515564 0 1.14557135105133
0 0

0101101
*
Ed
 1e-07 1 1 0
1  257 0 0 0.25
0

0101000
+3475 0 -3470 0 *
Ed
 1e-07 1 1 0
1  258 0 0 0.20527229515678
0

0101000
+3470 0 -3480 0 *
Wi

0101100
-3473 0 +3469 0 +3468 0 *
Fa
0  1e-07 151 0

0101000
+3467 0 *
Ed
 1e-07 1 1 0
1  259 0 0 0.325648414204461
0

0101000
+3470 0 -3502 0 *
Wi

0101100
-3468 0 +3465 0 -3479 0 *
Fa
0  1e-07 152 0

0101000
+3464 0 *
Ve
1e-07
1.09615385532379 0 1.75363492965698
0 0

0101101
*
Ed
 1e-07 1 1 0
1  260 0 0 0.410424354872317
0

0101000
+3462 0 -3502 0 *
Ed
 1e-07 1 1 0
1  261 0 0 0.62014134982646
0

0101000
+3470 0 -3462 0 *
Wi

0101100
+3461 0 -3465 0 +3460 0 *
Fa
0  1e-07 153 0

0101000
+3459 0 *
Ed
 1e-07 1 1 0
1  262 0 0 1.00000011920929
0

0101000
+3470 0 -3730 0 *
Ed
 1e-07 1 1 0
1  263 0 0 0.410424451023839
0

0101000
+3730 0 -3462 0 *
Wi

0101100
-3460 0 +3457 0 +3456 0 *
Fa
0  1e-07 154 0

0101000
+3455 0 *
Ed
 1e-07 1 1 0
1  264 0 0 0.620141478420312
0

0101000
+3712 0 -3462 0 *
Wi

0101100
-3456 0 -3710 0 +3453 0 *
Fa
0  1e-07 155 0

0101000
+3452 0 *
Wi

0101100
-3453 0 -3489 0 -3461 0 *
Fa
0  1e-07 156 0

0101000
+3450 0 *
Ve
1e-07
1.33974361419678 0.125 1.02730596065521
0 0

0101101
*
Ed
 1e-07 1 1 0
1  265 0 0 0.210821511572184
0

0101000
+3448 0 -3470 0 *
Ed
 1e-07 1 1 0
1  266 0 0 0.210821511572184
0

0101000
+3475 0 -3448 0 *
Wi

0101100
+3447 0 -3469 0 +3446 0 *
Fa
0  1e-07 157 0

0101000
+3445 0 *
Ve
1e-07
1.46153843402863 0.25 0.909040629863739
0 0

0101101
*
Ed
 1e-07 1 1 0
1  267 0 0 0.339533139315327
0

0101000
+3475 0 -3443 0 *
Ed
 1e-07 1 1 0
1  268 0 0 0.210821409266443
0

0101000
+3443 0 -3448 0 *
Wi

0101100
-3446 0 +3442 0 +3441 0 *
Fa
0  1e-07 158 0

0101000
+3440 0 *
Ve
1e-07
1.46153843402863 0 0.909040629863739
0 0

0101101
*
Ed
 1e-07 1 1 0
1  269 0 0 0.25
0

0101000
+3443 0 -3438 0 *
Ed
 1e-07 1 1 0
1  270 0 0 0.210821409266443
0

0101000
+3438 0 -3448 0 *
Wi

0101100
-3441 0 +3437 0 +3436 0 *
Fa
0  1e-07 159 0

0101000
+3435 0 *
Ed
 1e-07 1 1 0
1  271 0 0 0.339533139315327
0

0101000
+3438 0 -3470 0 *
Wi

0101100
-3436 0 +3433 0 -3447 0 *
Fa
0  1e-07 160 0

0101000
+3432 0 *
Ve
1e-07
1.33974361419678 0 1.52730596065521
0 0

0101101
*
Ed
 1e-07 1 1 0
1  272 0 0 0.40069354792093
0

0101000
+3430 0 -3470 0 *
Ed
 1e-07 1 1 0
1  273 0 0 0.630147599691185
0

0101000
+3438 0 -3430 0 *
Wi

0101100
+3429 0 -3433 0 +3428 0 *
Fa
0  1e-07 161 0

0101000
+3427 0 *
Ed
 1e-07 1 1 0
1  274 0 0 0.999999940395355
0

0101000
+3438 0 -3748 0 *
Ed
 1e-07 1 1 0
1  275 0 0 0.400693511686052
0

0101000
+3748 0 -3430 0 *
Wi

0101100
-3428 0 +3425 0 +3424 0 *
Fa
0  1e-07 162 0

0101000
+3423 0 *
Ed
 1e-07 1 1 0
1  276 0 0 0.630147798174102
0

0101000
+3730 0 -3430 0 *
Wi

0101100
-3424 0 -3728 0 +3421 0 *
Fa
0  1e-07 163 0

0101000
+3420 0 *
Wi

0101100
-3421 0 -3457 0 -3429 0 *
Fa
0  1e-07 164 0

0101000
+3418 0 *
Ve
1e-07
1.58333337306976 0.125 0.787556171417236
0 0

0101101
*
Ed
 1e-07 1 1 0
1  277 0 0 0.212644023711165
0

0101000
+3416 0 -3438 0 *
Ed
 1e-07 1 1 0
1  278 0 0 0.212644023711165
0

0101000
+3443 0 -3416 0 *
Wi

0101100
+3415 0 -3437 0 +3414 0 *
Fa
0  1e-07 165 0

0101000
+3413 0 *
Ve
1e-07
1.70512819290161 0.25 0.666071772575378
0 0

0101101
*
Ed
 1e-07 1 1 0
1  279 0 0 0.344049177066028
0

0101000
+3443 0 -3411 0 *
Ed
 1e-07 1 1 0
1  280 0 0 0.212643921379944
0

0101000
+3411 0 -3416 0 *
Wi

0101100
-3414 0 +3410 0 +3409 0 *
Fa
0  1e-07 166 0

0101000
+3408 0 *
Ve
1e-07
1.70512819290161 0 0.666071772575378
0 0

0101101
*
Ed
 1e-07 1 1 0
1  281 0 0 0.25
0

0101000
+3411 0 -3406 0 *
Ed
 1e-07 1 1 0
1  282 0 0 0.212643921379944
0

0101000
+3406 0 -3416 0 *
Wi

0101100
-3409 0 +3405 0 +3404 0 *
Fa
0  1e-07 167 0

0101000
+3403 0 *
Ed
 1e-07 1 1 0
1  283 0 0 0.344049177066028
0

0101000
+3406 0 -3438 0 *
Wi

0101100
-3404 0 +3401 0 -3415 0 *
Fa
0  1e-07 168 0

0101000
+3400 0 *
Ve
1e-07
1.58333337306976 0 1.28755617141724
0 0

0101101
*
Ed
 1e-07 1 1 0
1  284 0 0 0.39762799495706
0

0101000
+3398 0 -3438 0 *
Ed
 1e-07 1 1 0
1  285 0 0 0.633306273568877
0

0101000
+3406 0 -3398 0 *
Wi

0101100
+3397 0 -3401 0 +3396 0 *
Fa
0  1e-07 169 0

0101000
+3395 0 *
Ed
 1e-07 1 1 0
1  286 0 0 1
0

0101000
+3406 0 -3766 0 *
Ed
 1e-07 1 1 0
1  287 0 0 0.39762801518251
0

0101000
+3766 0 -3398 0 *
Wi

0101100
-3396 0 +3393 0 +3392 0 *
Fa
0  1e-07 170 0

0101000
+3391 0 *
Ed
 1e-07 1 1 0
1  288 0 0 0.633306296494721
0

0101000
+3748 0 -3398 0 *
Wi

0101100
-3392 0 -3746 0 +3389 0 *
Fa
0  1e-07 171 0

0101000
+3388 0 *
Wi

0101100
-3389 0 -3425 0 -3397 0 *
Fa
0  1e-07 172 0

0101000
+3386 0 *
Ve
1e-07
1.82692313194275 0.125 0.548541128635406
0 0

0101101
*
Ed
 1e-07 1 1 0
1  289 0 0 0.210410217054636
0

0101000
+3384 0 -3406 0 *
Ed
 1e-07 1 1 0
1  290 0 0 0.210410217054636
0

0101000
+3411 0 -3384 0 *
Wi

0101100
+3383 0 -3405 0 +3382 0 *
Fa
0  1e-07 173 0

0101000
+3381 0 *
Ve
1e-07
1.9487179517746 0.25 0.431010454893112
0 0

0101101
*
Ed
 1e-07 1 1 0
1  291 0 0 0.338511142650168
0

0101000
+3411 0 -3379 0 *
Ed
 1e-07 1 1 0
1  292 0 0 0.210410164697882
0

0101000
+3379 0 -3384 0 *
Wi

0101100
-3382 0 +3378 0 +3377 0 *
Fa
0  1e-07 174 0

0101000
+3376 0 *
Ve
1e-07
1.9487179517746 0 0.431010454893112
0 0

0101101
*
Ed
 1e-07 1 1 0
1  293 0 0 0.25
0

0101000
+3379 0 -3374 0 *
Ed
 1e-07 1 1 0
1  294 0 0 0.210410164697882
0

0101000
+3374 0 -3384 0 *
Wi

0101100
-3377 0 +3373 0 +3372 0 *
Fa
0  1e-07 175 0

0101000
+3371 0 *
Ed
 1e-07 1 1 0
1  295 0 0 0.338511142650168
0

0101000
+3374 0 -3406 0 *
Wi

0101100
-3372 0 +3369 0 -3383 0 *
Fa
0  1e-07 176 0

0101000
+3368 0 *
Ve
1e-07
1.82692313194275 0 1.04854106903076
0 0

0101101
*
Ed
 1e-07 1 1 0
1  296 0 0 0.401393534959284
0

0101000
+3366 0 -3406 0 *
Ed
 1e-07 1 1 0
1  297 0 0 0.629426753113573
0

0101000
+3374 0 -3366 0 *
Wi

0101100
+3365 0 -3369 0 +3364 0 *
Fa
0  1e-07 177 0

0101000
+3363 0 *
Ed
 1e-07 1 1 0
1  298 0 0 1.00000002980232
0

0101000
+3374 0 -3784 0 *
Ed
 1e-07 1 1 0
1  299 0 0 0.401393612376615
0

0101000
+3784 0 -3366 0 *
Wi

0101100
-3364 0 +3361 0 +3360 0 *
Fa
0  1e-07 178 0

0101000
+3359 0 *
Ed
 1e-07 1 1 0
1  300 0 0 0.629426863897899
0

0101000
+3766 0 -3366 0 *
Wi

0101100
-3360 0 -3764 0 +3357 0 *
Fa
0  1e-07 179 0

0101000
+3356 0 *
Wi

0101100
-3357 0 -3393 0 -3365 0 *
Fa
0  1e-07 180 0

0101000
+3354 0 *
Ve
1e-07
2.07051277160645 0.125 0.324372947216034
0 0

0101101
*
Ed
 1e-07 1 1 0
1  301 0 0 0.204525148041631
0

0101000
+3352 0 -3374 0 *
Ed
 1e-07 1 1 0
1  302 0 0 0.204525148041631
0

0101000
+3379 0 -3352 0 *
Wi

0101100
+3351 0 -3373 0 +3350 0 *
Fa
0  1e-07 181 0

0101000
+3349 0 *
Ve
1e-07
2.19230771064758 0.25 0.217735439538956
0 0

0101101
*
Ed
 1e-07 1 1 0
1  303 0 0 0.323762571651071
0

0101000
+3379 0 -3347 0 *
Ed
 1e-07 1 1 0
1  304 0 0 0.204525219030841
0

0101000
+3347 0 -3352 0 *
Wi

0101100
-3350 0 +3346 0 +3345 0 *
Fa
0  1e-07 182 0

0101000
+3344 0 *
Ve
1e-07
2.19230771064758 0 0.217735439538956
0 0

0101101
*
Ed
 1e-07 1 1 0
1  305 0 0 0.25
0

0101000
+3347 0 -3342 0 *
Ed
 1e-07 1 1 0
1  306 0 0 0.204525219030841
0

0101000
+3342 0 -3352 0 *
Wi

0101100
-3345 0 +3341 0 +3340 0 *
Fa
0  1e-07 183 0

0101000
+3339 0 *
Ed
 1e-07 1 1 0
1  307 0 0 0.323762571651071
0

0101000
+3342 0 -3374 0 *
Wi

0101100
-3340 0 +3337 0 -3351 0 *
Fa
0  1e-07 184 0

0101000
+3336 0 *
Ve
1e-07
2.07051277160645 0 0.824372947216034
0 0

0101101
*
Ed
 1e-07 1 1 0
1  308 0 0 0.41178638698283
0

0101000
+3334 0 -3374 0 *
Ed
 1e-07 1 1 0
1  309 0 0 0.618743139676467
0

0101000
+3342 0 -3334 0 *
Wi

0101100
+3333 0 -3337 0 +3332 0 *
Fa
0  1e-07 185 0

0101000
+3331 0 *
Ed
 1e-07 1 1 0
1  310 0 0 0.999999970197678
0

0101000
+3342 0 -3802 0 *
Ed
 1e-07 1 1 0
1  311 0 0 0.411786393772675
0

0101000
+3802 0 -3334 0 *
Wi

0101100
-3332 0 +3329 0 +3328 0 *
Fa
0  1e-07 186 0

0101000
+3327 0 *
Ed
 1e-07 1 1 0
1  312 0 0 0.618743145430269
0

0101000
+3784 0 -3334 0 *
Wi

0101100
-3328 0 -3782 0 +3325 0 *
Fa
0  1e-07 187 0

0101000
+3324 0 *
Wi

0101100
-3325 0 -3361 0 -3333 0 *
Fa
0  1e-07 188 0

0101000
+3322 0 *
Ve
1e-07
2.31410264968872 0.125 0.128287300467491
0 0

0101101
*
Ed
 1e-07 1 1 0
1  313 0 0 0.196112153522882
0

0101000
+3320 0 -3342 0 *
Ed
 1e-07 1 1 0
1  314 0 0 0.196112153522882
0

0101000
+3347 0 -3320 0 *
Wi

0101100
+3319 0 -3341 0 +3318 0 *
Fa
0  1e-07 189 0

0101000
+3317 0 *
Ve
1e-07
2.43589735031128 0.25 0.0388391576707363
0 0

0101101
*
Ed
 1e-07 1 1 0
1  315 0 0 0.302224737931498
0

0101000
+3347 0 -3315 0 *
Ed
 1e-07 1 1 0
1  316 0 0 0.19611200715287
0

0101000
+3315 0 -3320 0 *
Wi

0101100
-3318 0 +3314 0 +3313 0 *
Fa
0  1e-07 190 0

0101000
+3312 0 *
Ve
1e-07
2.43589735031128 0 0.0388391576707363
0 0

0101101
*
Ed
 1e-07 1 1 0
1  317 0 0 0.25
0

0101000
+3315 0 -3310 0 *
Ed
 1e-07 1 1 0
1  318 0 0 0.19611200715287
0

0101000
+3310 0 -3320 0 *
Wi

0101100
-3313 0 +3309 0 +3308 0 *
Fa
0  1e-07 191 0

0101000
+3307 0 *
Ed
 1e-07 1 1 0
1  319 0 0 0.302224737931498
0

0101000
+3310 0 -3342 0 *
Wi

0101100
-3308 0 +3305 0 -3319 0 *
Fa
0  1e-07 192 0

0101000
+3304 0 *
Ve
1e-07
2.31410264968872 0 0.628287315368652
0 0

0101101
*
Ed
 1e-07 1 1 0
1  320 0 0 0.428236908642071
0

0101000
+3302 0 -3342 0 *
Ed
 1e-07 1 1 0
1  321 0 0 0.601899559489128
0

0101000
+3310 0 -3302 0 *
Wi

0101100
+3301 0 -3305 0 +3300 0 *
Fa
0  1e-07 193 0

0101000
+3299 0 *
Ed
 1e-07 1 1 0
1  322 0 0 0.999999944120646
0

0101000
+3310 0 -3820 0 *
Ed
 1e-07 1 1 0
1  323 0 0 0.428236755118746
0

0101000
+3820 0 -3302 0 *
Wi

0101100
-3300 0 +3297 0 +3296 0 *
Fa
0  1e-07 194 0

0101000
+3295 0 *
Ed
 1e-07 1 1 0
1  324 0 0 0.601899545713468
0

0101000
+3802 0 -3302 0 *
Wi

0101100
-3296 0 -3800 0 +3293 0 *
Fa
0  1e-07 195 0

0101000
+3292 0 *
Wi

0101100
-3293 0 -3329 0 -3301 0 *
Fa
0  1e-07 196 0

0101000
+3290 0 *
Ve
1e-07
2.55769228935242 0.125 -0.0281383171677589
0 0

0101101
*
Ed
 1e-07 1 1 0
1  325 0 0 0.186935789274755
0

0101000
+3288 0 -3310 0 *
Ed
 1e-07 1 1 0
1  326 0 0 0.186935789274755
0

0101000
+3315 0 -3288 0 *
Wi

0101100
+3287 0 -3309 0 +3286 0 *
Fa
0  1e-07 197 0

0101000
+3285 0 *
Ve
1e-07
2.67948722839355 0.25 -0.0951157882809639
0 0

0101101
*
Ed
 1e-07 1 1 0
1  327 0 0 0.277992726971518
0

0101000
+3315 0 -3283 0 *
Ed
 1e-07 1 1 0
1  328 0 0 0.186935787940016
0

0101000
+3283 0 -3288 0 *
Wi

0101100
-3286 0 +3282 0 +3281 0 *
Fa
0  1e-07 198 0

0101000
+3280 0 *
Ve
1e-07
2.67948722839355 0 -0.0951157882809639
0 0

0101101
*
Ed
 1e-07 1 1 0
1  329 0 0 0.25
0

0101000
+3283 0 -3278 0 *
Ed
 1e-07 1 1 0
1  330 0 0 0.186935787940016
0

0101000
+3278 0 -3288 0 *
Wi

0101100
-3281 0 +3277 0 +3276 0 *
Fa
0  1e-07 199 0

0101000
+3275 0 *
Ed
 1e-07 1 1 0
1  331 0 0 0.277992726971518
0

0101000
+3278 0 -3310 0 *
Wi

0101100
-3276 0 +3273 0 -3287 0 *
Fa
0  1e-07 200 0

0101000
+3272 0 *
Ve
1e-07
2.55769228935242 0 0.471861690282822
0 0

0101101
*
Ed
 1e-07 1 1 0
1  332 0 0 0.449824989218939
0

0101000
+3270 0 -3310 0 *
Ed
 1e-07 1 1 0
1  333 0 0 0.579911603931653
0

0101000
+3278 0 -3270 0 *
Wi

0101100
+3269 0 -3273 0 +3268 0 *
Fa
0  1e-07 201 0

0101000
+3267 0 *
Ed
 1e-07 1 1 0
1  334 0 0 1.00000000745058
0

0101000
+3278 0 -3838 0 *
Ed
 1e-07 1 1 0
1  335 0 0 0.449824985632801
0

0101000
+3838 0 -3270 0 *
Wi

0101100
-3268 0 +3265 0 +3264 0 *
Fa
0  1e-07 202 0

0101000
+3263 0 *
Ed
 1e-07 1 1 0
1  336 0 0 0.579911538372002
0

0101000
+3820 0 -3270 0 *
Wi

0101100
-3264 0 -3818 0 +3261 0 *
Fa
0  1e-07 203 0

0101000
+3260 0 *
Wi

0101100
-3261 0 -3297 0 -3269 0 *
Fa
0  1e-07 204 0

0101000
+3258 0 *
Ve
1e-07
2.80128216743469 0.125 -0.135668039321899
0 0

0101101
*
Ed
 1e-07 1 1 0
1  337 0 0 0.179174474299554
0

0101000
+3256 0 -3278 0 *
Ed
 1e-07 1 1 0
1  338 0 0 0.179174474299554
0

0101000
+3283 0 -3256 0 *
Wi

0101100
+3255 0 -3277 0 +3254 0 *
Fa
0  1e-07 205 0

0101000
+3253 0 *
Ve
1e-07
2.92307686805725 0.25 -0.176220282912254
0 0

0101101
*
Ed
 1e-07 1 1 0
1  339 0 0 0.256736930730439
0

0101000
+3283 0 -3251 0 *
Ed
 1e-07 1 1 0
1  340 0 0 0.179174310546881
0

0101000
+3251 0 -3256 0 *
Wi

0101100
-3254 0 +3250 0 +3249 0 *
Fa
0  1e-07 206 0

0101000
+3248 0 *
Ve
1e-07
2.92307686805725 0 -0.176220282912254
0 0

0101101
*
Ed
 1e-07 1 1 0
1  341 0 0 0.25
0

0101000
+3251 0 -3246 0 *
Ed
 1e-07 1 1 0
1  342 0 0 0.179174310546881
0

0101000
+3246 0 -3256 0 *
Wi

0101100
-3249 0 +3245 0 +3244 0 *
Fa
0  1e-07 207 0

0101000
+3243 0 *
Ed
 1e-07 1 1 0
1  343 0 0 0.256736930730439
0

0101000
+3246 0 -3278 0 *
Wi

0101100
-3244 0 +3241 0 -3255 0 *
Fa
0  1e-07 208 0

0101000
+3240 0 *
Ve
1e-07
2.80128216743469 0 0.364331960678101
0 0

0101101
*
Ed
 1e-07 1 1 0
1  344 0 0 0.475316990228191
0

0101000
+3238 0 -3278 0 *
Ed
 1e-07 1 1 0
1  345 0 0 0.554103489566981
0

0101000
+3246 0 -3238 0 *
Wi

0101100
+3237 0 -3241 0 +3236 0 *
Fa
0  1e-07 209 0

0101000
+3235 0 *
Ed
 1e-07 1 1 0
1  346 0 0 0.999999985098839
0

0101000
+3246 0 -3856 0 *
Ed
 1e-07 1 1 0
1  347 0 0 0.475316921934182
0

0101000
+3856 0 -3238 0 *
Wi

0101100
-3236 0 +3233 0 +3232 0 *
Fa
0  1e-07 210 0

0101000
+3231 0 *
Ed
 1e-07 1 1 0
1  348 0 0 0.554103556509353
0

0101000
+3838 0 -3238 0 *
Wi

0101100
-3232 0 -3836 0 +3229 0 *
Fa
0  1e-07 211 0

0101000
+3228 0 *
Wi

0101100
-3229 0 -3265 0 -3237 0 *
Fa
0  1e-07 212 0

0101000
+3226 0 *
Ve
1e-07
3.04487180709839 0.125 -0.187952980399132
0 0

0101101
*
Ed
 1e-07 1 1 0
1  349 0 0 0.174919019452869
0

0101000
+3224 0 -3246 0 *
Ed
 1e-07 1 1 0
1  350 0 0 0.174919019452869
0

0101000
+3251 0 -3224 0 *
Wi

0101100
+3223 0 -3245 0 +3222 0 *
Fa
0  1e-07 213 0

0101000
+3221 0 *
Ve
1e-07
3.16666674613953 0.25 -0.199685662984848
0 0

0101101
*
Ed
 1e-07 1 1 0
1  351 0 0 0.2447174958316
0

0101000
+3251 0 -3219 0 *
Ed
 1e-07 1 1 0
1  352 0 0 0.174919018453373
0

0101000
+3219 0 -3224 0 *
Wi

0101100
-3222 0 +3218 0 +3217 0 *
Fa
0  1e-07 214 0

0101000
+3216 0 *
Ve
1e-07
3.16666674613953 0 -0.199685662984848
0 0

0101101
*
Ed
 1e-07 1 1 0
1  353 0 0 0.25
0

0101000
+3219 0 -3214 0 *
Ed
 1e-07 1 1 0
1  354 0 0 0.174919018453373
0

0101000
+3214 0 -3224 0 *
Wi

0101100
-3217 0 +3213 0 +3212 0 *
Fa
0  1e-07 215 0

0101000
+3211 0 *
Ed
 1e-07 1 1 0
1  355 0 0 0.2447174958316
0

0101000
+3214 0 -3246 0 *
Wi

0101100
-3212 0 +3209 0 -3223 0 *
Fa
0  1e-07 216 0

0101000
+3208 0 *
Ve
1e-07
3.04487180709839 0 0.312047034502029
0 0

0101101
*
Ed
 1e-07 1 1 0
1  356 0 0 0.503228556851631
0

0101000
+3206 0 -3246 0 *
Ed
 1e-07 1 1 0
1  357 0 0 0.526026958295134
0

0101000
+3214 0 -3206 0 *
Wi

0101100
+3205 0 -3209 0 +3204 0 *
Fa
0  1e-07 217 0

0101000
+3203 0 *
Ed
 1e-07 1 1 0
1  358 0 0 0.999999970197678
0

0101000
+3214 0 -3874 0 *
Ed
 1e-07 1 1 0
1  359 0 0 0.503228513477205
0

0101000
+3874 0 -3206 0 *
Wi

0101100
-3204 0 +3201 0 +3200 0 *
Fa
0  1e-07 218 0

0101000
+3199 0 *
Ed
 1e-07 1 1 0
1  360 0 0 0.52602692930266
0

0101000
+3856 0 -3206 0 *
Wi

0101100
-3200 0 -3854 0 +3197 0 *
Fa
0  1e-07 219 0

0101000
+3196 0 *
Wi

0101100
-3197 0 -3233 0 -3205 0 *
Fa
0  1e-07 220 0

0101000
+3194 0 *
Ve
1e-07
3.28846144676208 0.125 -0.181906059384346
0 0

0101101
*
Ed
 1e-07 1 1 0
1  361 0 0 0.17542822864046
0

0101000
+3192 0 -3214 0 *
Ed
 1e-07 1 1 0
1  362 0 0 0.17542822864046
0

0101000
+3219 0 -3192 0 *
Wi

0101100
+3191 0 -3213 0 +3190 0 *
Fa
0  1e-07 221 0

0101000
+3189 0 *
Ve
1e-07
3.41025638580322 0.25 -0.164126455783844
0 0

0101101
*
Ed
 1e-07 1 1 0
1  363 0 0 0.246171423541103
0

0101000
+3219 0 -3187 0 *
Ed
 1e-07 1 1 0
1  364 0 0 0.175428394167607
0

0101000
+3187 0 -3192 0 *
Wi

0101100
-3190 0 +3186 0 +3185 0 *
Fa
0  1e-07 222 0

0101000
+3184 0 *
Ve
1e-07
3.41025638580322 0 -0.164126455783844
0 0

0101101
*
Ed
 1e-07 1 1 0
1  365 0 0 0.25
0

0101000
+3187 0 -3182 0 *
Ed
 1e-07 1 1 0
1  366 0 0 0.175428394167607
0

0101000
+3182 0 -3192 0 *
Wi

0101100
-3185 0 +3181 0 +3180 0 *
Fa
0  1e-07 223 0

0101000
+3179 0 *
Ed
 1e-07 1 1 0
1  367 0 0 0.246171423541103
0

0101000
+3182 0 -3214 0 *
Wi

0101100
-3180 0 +3177 0 -3191 0 *
Fa
0  1e-07 224 0

0101000
+3176 0 *
Ve
1e-07
3.28846144676208 0 0.318093955516815
0 0

0101101
*
Ed
 1e-07 1 1 0
1  368 0 0 0.531911348286034
0

0101000
+3174 0 -3214 0 *
Ed
 1e-07 1 1 0
1  369 0 0 0.497363581548761
0

0101000
+3182 0 -3174 0 *
Wi

0101100
+3173 0 -3177 0 +3172 0 *
Fa
0  1e-07 225 0

0101000
+3171 0 *
Ed
 1e-07 1 1 0
1  370 0 0 1
0

0101000
+3182 0 -3892 0 *
Ed
 1e-07 1 1 0
1  371 0 0 0.531911373867577
0

0101000
+3892 0 -3174 0 *
Wi

0101100
-3172 0 +3169 0 +3168 0 *
Fa
0  1e-07 226 0

0101000
+3167 0 *
Ed
 1e-07 1 1 0
1  372 0 0 0.497363465374736
0

0101000
+3874 0 -3174 0 *
Wi

0101100
-3168 0 -3872 0 +3165 0 *
Fa
0  1e-07 227 0

0101000
+3164 0 *
Wi

0101100
-3165 0 -3201 0 -3173 0 *
Fa
0  1e-07 228 0

0101000
+3162 0 *
Ve
1e-07
3.53205132484436 0.125 -0.117884323000908
0 0

0101101
*
Ed
 1e-07 1 1 0
1  373 0 0 0.180547340108762
0

0101000
+3160 0 -3182 0 *
Ed
 1e-07 1 1 0
1  374 0 0 0.180547340108762
0

0101000
+3187 0 -3160 0 *
Wi

0101100
+3159 0 -3181 0 +3158 0 *
Fa
0  1e-07 229 0

0101000
+3157 0 *
Ve
1e-07
3.6538462638855 0.25 -0.0716421827673912
0 0

0101101
*
Ed
 1e-07 1 1 0
1  375 0 0 0.260555885482404
0

0101000
+3187 0 -3155 0 *
Ed
 1e-07 1 1 0
1  376 0 0 0.18054734201702
0

0101000
+3155 0 -3160 0 *
Wi

0101100
-3158 0 +3154 0 +3153 0 *
Fa
0  1e-07 230 0

0101000
+3152 0 *
Ve
1e-07
3.6538462638855 0 -0.0716421827673912
0 0

0101101
*
Ed
 1e-07 1 1 0
1  377 0 0 0.25
0

0101000
+3155 0 -3150 0 *
Ed
 1e-07 1 1 0
1  378 0 0 0.18054734201702
0

0101000
+3150 0 -3160 0 *
Wi

0101100
-3153 0 +3149 0 +3148 0 *
Fa
0  1e-07 231 0

0101000
+3147 0 *
Ed
 1e-07 1 1 0
1  379 0 0 0.260555885482404
0

0101000
+3150 0 -3182 0 *
Wi

0101100
-3148 0 +3145 0 -3159 0 *
Fa
0  1e-07 232 0

0101000
+3144 0 *
Ve
1e-07
3.53205132484436 0 0.382115691900253
0 0

0101101
*
Ed
 1e-07 1 1 0
1  380 0 0 0.559655689761633
0

0101000
+3142 0 -3182 0 *
Ed
 1e-07 1 1 0
1  381 0 0 0.469819344002492
0

0101000
+3150 0 -3142 0 *
Wi

0101100
+3141 0 -3145 0 +3140 0 *
Fa
0  1e-07 233 0

0101000
+3139 0 *
Ed
 1e-07 1 1 0
1  382 0 0 1.00000002235174
0

0101000
+3150 0 -3910 0 *
Ed
 1e-07 1 1 0
1  383 0 0 0.559655689761633
0

0101000
+3910 0 -3142 0 *
Wi

0101100
-3140 0 +3137 0 +3136 0 *
Fa
0  1e-07 234 0

0101000
+3135 0 *
Ed
 1e-07 1 1 0
1  384 0 0 0.469819322414878
0

0101000
+3892 0 -3142 0 *
Wi

0101100
-3136 0 -3890 0 +3133 0 *
Fa
0  1e-07 235 0

0101000
+3132 0 *
Wi

0101100
-3133 0 -3169 0 -3141 0 *
Fa
0  1e-07 236 0

0101000
+3130 0 *
Ve
1e-07
3.77564096450806 0.125 0.000332198047544807
0 0

0101101
*
Ed
 1e-07 1 1 0
1  385 0 0 0.188783634336857
0

0101000
+3128 0 -3150 0 *
Ed
 1e-07 1 1 0
1  386 0 0 0.188783634336857
0

0101000
+3155 0 -3128 0 *
Wi

0101100
+3127 0 -3149 0 +3126 0 *
Fa
0  1e-07 237 0

0101000
+3125 0 *
Ve
1e-07
3.89743590354919 0.25 0.0723065808415413
0 0

0101101
*
Ed
 1e-07 1 1 0
1  387 0 0 0.282943738393395
0

0101000
+3155 0 -3123 0 *
Ed
 1e-07 1 1 0
1  388 0 0 0.1887837889084
0

0101000
+3123 0 -3128 0 *
Wi

0101100
-3126 0 +3122 0 +3121 0 *
Fa
0  1e-07 238 0

0101000
+3120 0 *
Ve
1e-07
3.89743590354919 0 0.0723065808415413
0 0

0101101
*
Ed
 1e-07 1 1 0
1  389 0 0 0.25
0

0101000
+3123 0 -3118 0 *
Ed
 1e-07 1 1 0
1  390 0 0 0.1887837889084
0

0101000
+3118 0 -3128 0 *
Wi

0101100
-3121 0 +3117 0 +3116 0 *
Fa
0  1e-07 239 0

0101000
+3115 0 *
Ed
 1e-07 1 1 0
1  391 0 0 0.282943738393395
0

0101000
+3118 0 -3150 0 *
Wi

0101100
-3116 0 +3113 0 -3127 0 *
Fa
0  1e-07 240 0

0101000
+3112 0 *
Ve
1e-07
3.77564096450806 0 0.500332176685333
0 0

0101101
*
Ed
 1e-07 1 1 0
1  392 0 0 0.584797928323189
0

0101000
+3110 0 -3150 0 *
Ed
 1e-07 1 1 0
1  393 0 0 0.445016761339916
0

0101000
+3118 0 -3110 0 *
Wi

0101100
+3109 0 -3113 0 +3108 0 *
Fa
0  1e-07 241 0

0101000
+3107 0 *
Ed
 1e-07 1 1 0
1  394 0 0 1.00000005215406
0

0101000
+3118 0 -3928 0 *
Ed
 1e-07 1 1 0
1  395 0 0 0.584798072711826
0

0101000
+3928 0 -3110 0 *
Wi

0101100
-3108 0 +3105 0 +3104 0 *
Fa
0  1e-07 242 0

0101000
+3103 0 *
Ed
 1e-07 1 1 0
1  396 0 0 0.445016760583106
0

0101000
+3910 0 -3110 0 *
Wi

0101100
-3104 0 -3908 0 +3101 0 *
Fa
0  1e-07 243 0

0101000
+3100 0 *
Wi

0101100
-3101 0 -3137 0 -3109 0 *
Fa
0  1e-07 244 0

0101000
+3098 0 *
Ve
1e-07
4.01923084259033 0.125 0.16576361656189
0 0

0101101
*
Ed
 1e-07 1 1 0
1  397 0 0 0.197972787780717
0

0101000
+3096 0 -3118 0 *
Ed
 1e-07 1 1 0
1  398 0 0 0.197972787780717
0

0101000
+3123 0 -3096 0 *
Wi

0101100
+3095 0 -3117 0 +3094 0 *
Fa
0  1e-07 245 0

0101000
+3093 0 *
Ve
1e-07
4.14102554321289 0.25 0.259220659732819
0 0

0101101
*
Ed
 1e-07 1 1 0
1  399 0 0 0.307038736056648
0

0101000
+3123 0 -3091 0 *
Ed
 1e-07 1 1 0
1  400 0 0 0.197972644620391
0

0101000
+3091 0 -3096 0 *
Wi

0101100
-3094 0 +3090 0 +3089 0 *
Fa
0  1e-07 246 0

0101000
+3088 0 *
Ve
1e-07
4.14102554321289 0 0.259220659732819
0 0

0101101
*
Ed
 1e-07 1 1 0
1  401 0 0 0.25
0

0101000
+3091 0 -3086 0 *
Ed
 1e-07 1 1 0
1  402 0 0 0.197972644620391
0

0101000
+3086 0 -3096 0 *
Wi

0101100
-3089 0 +3085 0 +3084 0 *
Fa
0  1e-07 247 0

0101000
+3083 0 *
Ed
 1e-07 1 1 0
1  403 0 0 0.307038736056648
0

0101000
+3086 0 -3118 0 *
Wi

0101100
-3084 0 +3081 0 -3095 0 *
Fa
0  1e-07 248 0

0101000
+3080 0 *
Ve
1e-07
4.01923084259033 0 0.66576361656189
0 0

0101101
*
Ed
 1e-07 1 1 0
1  404 0 0 0.605826097508202
0

0101000
+3078 0 -3118 0 *
Ed
 1e-07 1 1 0
1  405 0 0 0.424395010393693
0

0101000
+3086 0 -3078 0 *
Wi

0101100
+3077 0 -3081 0 +3076 0 *
Fa
0  1e-07 249 0

0101000
+3075 0 *
Ed
 1e-07 1 1 0
1  406 0 0 0.999999940395355
0

0101000
+3086 0 -3946 0 *
Ed
 1e-07 1 1 0
1  407 0 0 0.605825998487463
0

0101000
+3946 0 -3078 0 *
Wi

0101100
-3076 0 +3073 0 +3072 0 *
Fa
0  1e-07 250 0

0101000
+3071 0 *
Ed
 1e-07 1 1 0
1  408 0 0 0.424395135913525
0

0101000
+3928 0 -3078 0 *
Wi

0101100
-3072 0 -3926 0 +3069 0 *
Fa
0  1e-07 251 0

0101000
+3068 0 *
Wi

0101100
-3069 0 -3105 0 -3077 0 *
Fa
0  1e-07 252 0

0101000
+3066 0 *
Ve
1e-07
4.26282072067261 0.125 0.368642359972
0 0

0101101
*
Ed
 1e-07 1 1 0
1  409 0 0 0.20599071274132
0

0101000
+3064 0 -3086 0 *
Ed
 1e-07 1 1 0
1  410 0 0 0.20599071274132
0

0101000
+3091 0 -3064 0 *
Wi

0101100
+3063 0 -3085 0 +3062 0 *
Fa
0  1e-07 253 0

0101000
+3061 0 *
Ve
1e-07
4.38461542129517 0.25 0.478064060211182
0 0

0101101
*
Ed
 1e-07 1 1 0
1  411 0 0 0.327457573797081
0

0101000
+3091 0 -3059 0 *
Ed
 1e-07 1 1 0
1  412 0 0 0.205990430804375
0

0101000
+3059 0 -3064 0 *
Wi

0101100
-3062 0 +3058 0 +3057 0 *
Fa
0  1e-07 254 0

0101000
+3056 0 *
Ve
1e-07
4.38461542129517 0 0.478064060211182
0 0

0101101
*
Ed
 1e-07 1 1 0
1  413 0 0 0.25
0

0101000
+3059 0 -3054 0 *
Ed
 1e-07 1 1 0
1  414 0 0 0.205990430804375
0

0101000
+3054 0 -3064 0 *
Wi

0101100
-3057 0 +3053 0 +3052 0 *
Fa
0  1e-07 255 0

0101000
+3051 0 *
Ed
 1e-07 1 1 0
1  415 0 0 0.327457573797081
0

0101000
+3054 0 -3086 0 *
Wi

0101100
-3052 0 +3049 0 -3063 0 *
Fa
0  1e-07 256 0

0101000
+3048 0 *
Ve
1e-07
4.26282072067261 0 0.868642330169678
0 0

0101101
*
Ed
 1e-07 1 1 0
1  416 0 0 0.621473119008776
0

0101000
+3046 0 -3086 0 *
Ed
 1e-07 1 1 0
1  417 0 0 0.409127527873047
0

0101000
+3054 0 -3046 0 *
Wi

0101100
+3045 0 -3049 0 +3044 0 *
Fa
0  1e-07 257 0

0101000
+3043 0 *
Ed
 1e-07 1 1 0
1  418 0 0 1
0

0101000
+3054 0 -3964 0 *
Ed
 1e-07 1 1 0
1  419 0 0 0.621473084008083
0

0101000
+3964 0 -3046 0 *
Wi

0101100
-3044 0 +3041 0 +3040 0 *
Fa
0  1e-07 258 0

0101000
+3039 0 *
Ed
 1e-07 1 1 0
1  420 0 0 0.409127669824733
0

0101000
+3946 0 -3046 0 *
Wi

0101100
-3040 0 -3944 0 +3037 0 *
Fa
0  1e-07 259 0

0101000
+3036 0 *
Wi

0101100
-3037 0 -3073 0 -3045 0 *
Fa
0  1e-07 260 0

0101000
+3034 0 *
Ve
1e-07
4.50641012191772 0.125 0.596989810466766
0 0

0101101
*
Ed
 1e-07 1 1 0
1  421 0 0 0.211192526320399
0

0101000
+3032 0 -3054 0 *
Ed
 1e-07 1 1 0
1  422 0 0 0.211192526320399
0

0101000
+3059 0 -3032 0 *
Wi

0101100
+3031 0 -3053 0 +3030 0 *
Fa
0  1e-07 261 0

0101000
+3029 0 *
Ve
1e-07
4.62820529937744 0.25 0.715915560722351
0 0

0101101
*
Ed
 1e-07 1 1 0
1  423 0 0 0.340454644555707
0

0101000
+3059 0 -3027 0 *
Ed
 1e-07 1 1 0
1  424 0 0 0.211192801312681
0

0101000
+3027 0 -3032 0 *
Wi

0101100
-3030 0 +3026 0 +3025 0 *
Fa
0  1e-07 262 0

0101000
+3024 0 *
Ve
1e-07
4.62820529937744 0 0.715915560722351
0 0

0101101
*
Ed
 1e-07 1 1 0
1  425 0 0 0.25
0

0101000
+3027 0 -3022 0 *
Ed
 1e-07 1 1 0
1  426 0 0 0.211192801312681
0

0101000
+3022 0 -3032 0 *
Wi

0101100
-3025 0 +3021 0 +3020 0 *
Fa
0  1e-07 263 0

0101000
+3019 0 *
Ed
 1e-07 1 1 0
1  427 0 0 0.340454644555707
0

0101000
+3022 0 -3054 0 *
Wi

0101100
-3020 0 +3017 0 -3031 0 *
Fa
0  1e-07 264 0

0101000
+3016 0 *
Ve
1e-07
4.50641012191772 0 1.09698975086212
0 0

0101101
*
Ed
 1e-07 1 1 0
1  428 0 0 0.630795497485105
0

0101000
+3014 0 -3054 0 *
Ed
 1e-07 1 1 0
1  429 0 0 0.400064499353699
0

0101000
+3022 0 -3014 0 *
Wi

0101100
+3013 0 -3017 0 +3012 0 *
Fa
0  1e-07 265 0

0101000
+3011 0 *
Ed
 1e-07 1 1 0
1  430 0 0 1
0

0101000
+3022 0 -3982 0 *
Ed
 1e-07 1 1 0
1  431 0 0 0.630795706519619
0

0101000
+3982 0 -3014 0 *
Wi

0101100
-3012 0 +3009 0 +3008 0 *
Fa
0  1e-07 266 0

0101000
+3007 0 *
Ed
 1e-07 1 1 0
1  432 0 0 0.400064467736891
0

0101000
+3964 0 -3014 0 *
Wi

0101100
-3008 0 -3962 0 +3005 0 *
Fa
0  1e-07 267 0

0101000
+3004 0 *
Wi

0101100
-3005 0 -3041 0 -3013 0 *
Fa
0  1e-07 268 0

0101000
+3002 0 *
Ve
1e-07
4.75 0.125 0.837323606014252
0 0

0101101
*
Ed
 1e-07 1 1 0
1  433 0 0 0.212600241207151
0

0101000
+3000 0 -3022 0 *
Ed
 1e-07 1 1 0
1  434 0 0 0.212600241207151
0

0101000
+3027 0 -3000 0 *
Wi

0101100
+2999 0 -3021 0 +2998 0 *
Fa
0  1e-07 269 0

0101000
+2997 0 *
Ve
1e-07
4.87179470062256 0.25 0.958731651306152
0 0

0101101
*
Ed
 1e-07 1 1 0
1  435 0 0 0.343941056353201
0

0101000
+3027 0 -2995 0 *
Ed
 1e-07 1 1 0
1  436 0 0 0.212600241207151
0

0101000
+2995 0 -3000 0 *
Wi

0101100
-2998 0 +2994 0 +2993 0 *
Fa
0  1e-07 270 0

0101000
+2992 0 *
Ve
1e-07
4.87179470062256 0 0.958731651306152
0 0

0101101
*
Ed
 1e-07 1 1 0
1  437 0 0 0.25
0

0101000
+2995 0 -2990 0 *
Ed
 1e-07 1 1 0
1  438 0 0 0.212600241207151
0

0101000
+2990 0 -3000 0 *
Wi

0101100
-2993 0 +2989 0 +2988 0 *
Fa
0  1e-07 271 0

0101000
+2987 0 *
Ed
 1e-07 1 1 0
1  439 0 0 0.343941056353201
0

0101000
+2990 0 -3022 0 *
Wi

0101100
-2988 0 +2985 0 -2999 0 *
Fa
0  1e-07 272 0

0101000
+2984 0 *
Ve
1e-07
4.75 0 1.33732354640961
0 0

0101101
*
Ed
 1e-07 1 1 0
1  440 0 0 0.633231264054162
0

0101000
+2982 0 -3022 0 *
Ed
 1e-07 1 1 0
1  441 0 0 0.397700606157149
0

0101000
+2990 0 -2982 0 *
Wi

0101100
+2981 0 -2985 0 +2980 0 *
Fa
0  1e-07 273 0

0101000
+2979 0 *
Ed
 1e-07 1 1 0
1  442 0 0 1
0

0101000
+2990 0 -4000 0 *
Ed
 1e-07 1 1 0
1  443 0 0 0.633231381037654
0

0101000
+4000 0 -2982 0 *
Wi

0101100
-2980 0 +2977 0 +2976 0 *
Fa
0  1e-07 274 0

0101000
+2975 0 *
Ed
 1e-07 1 1 0
1  444 0 0 0.397700719638675
0

0101000
+3982 0 -2982 0 *
Wi

0101100
-2976 0 -3980 0 +2973 0 *
Fa
0  1e-07 275 0

0101000
+2972 0 *
Wi

0101100
-2973 0 -3009 0 -2981 0 *
Fa
0  1e-07 276 0

0101000
+2970 0 *
Ve
1e-07
4.99358987808228 0.125 1.07545375823975
0 0

0101101
*
Ed
 1e-07 1 1 0
1  445 0 0 0.209959794959562
0

0101000
+2968 0 -2990 0 *
Ed
 1e-07 1 1 0
1  446 0 0 0.209959794959562
0

0101000
+2995 0 -2968 0 *
Wi

0101100
+2967 0 -2989 0 +2966 0 *
Fa
0  1e-07 277 0

0101000
+2965 0 *
Ve
1e-07
5.11538457870483 0.25 1.19217574596405
0 0

0101101
*
Ed
 1e-07 1 1 0
1  447 0 0 0.337390239981514
0

0101000
+2995 0 -2963 0 *
Ed
 1e-07 1 1 0
1  448 0 0 0.209959452080756
0

0101000
+2963 0 -2968 0 *
Wi

0101100
-2966 0 +2962 0 +2961 0 *
Fa
0  1e-07 278 0

0101000
+2960 0 *
Ve
1e-07
5.11538457870483 0 1.19217574596405
0 0

0101101
*
Ed
 1e-07 1 1 0
1  449 0 0 0.25
0

0101000
+2963 0 -2958 0 *
Ed
 1e-07 1 1 0
1  450 0 0 0.209959452080756
0

0101000
+2958 0 -2968 0 *
Wi

0101100
-2961 0 +2957 0 +2956 0 *
Fa
0  1e-07 279 0

0101000
+2955 0 *
Ed
 1e-07 1 1 0
1  451 0 0 0.337390239981514
0

0101000
+2958 0 -2990 0 *
Wi

0101100
-2956 0 +2953 0 -2967 0 *
Fa
0  1e-07 280 0

0101000
+2952 0 *
Ve
1e-07
4.99358987808228 0 1.57545375823975
0 0

0101101
*
Ed
 1e-07 1 1 0
1  452 0 0 0.628633615417641
0

0101000
+2950 0 -2990 0 *
Ed
 1e-07 1 1 0
1  453 0 0 0.402164125443515
0

0101000
+2958 0 -2950 0 *
Wi

0101100
+2949 0 -2953 0 +2948 0 *
Fa
0  1e-07 281 0

0101000
+2947 0 *
Ed
 1e-07 1 1 0
1  454 0 0 1.00000011920929
0

0101000
+2958 0 -4018 0 *
Ed
 1e-07 1 1 0
1  455 0 0 0.628633523032577
0

0101000
+4018 0 -2950 0 *
Wi

0101100
-2948 0 +2945 0 +2944 0 *
Fa
0  1e-07 282 0

0101000
+2943 0 *
Ed
 1e-07 1 1 0
1  456 0 0 0.402164156242034
0

0101000
+4000 0 -2950 0 *
Wi

0101100
-2944 0 -3998 0 +2941 0 *
Fa
0  1e-07 283 0

0101000
+2940 0 *
Wi

0101100
-2941 0 -2977 0 -2949 0 *
Fa
0  1e-07 284 0

0101000
+2938 0 *
Ve
1e-07
5.23717927932739 0.125 1.29732012748718
0 0

0101101
*
Ed
 1e-07 1 1 0
1  457 0 0 0.203750558442476
0

0101000
+2936 0 -2958 0 *
Ed
 1e-07 1 1 0
1  458 0 0 0.203750558442476
0

0101000
+2963 0 -2936 0 *
Wi

0101100
+2935 0 -2957 0 +2934 0 *
Fa
0  1e-07 285 0

0101000
+2933 0 *
Ve
1e-07
5.35897445678711 0.25 1.40246450901031
0 0

0101101
*
Ed
 1e-07 1 1 0
1  459 0 0 0.32180334455637
0

0101000
+2963 0 -2931 0 *
Ed
 1e-07 1 1 0
1  460 0 0 0.203750843478808
0

0101000
+2931 0 -2936 0 *
Wi

0101100
-2934 0 +2930 0 +2929 0 *
Fa
0  1e-07 286 0

0101000
+2928 0 *
Ve
1e-07
5.35897445678711 0 1.40246450901031
0 0

0101101
*
Ed
 1e-07 1 1 0
1  461 0 0 0.25
0

0101000
+2931 0 -2926 0 *
Ed
 1e-07 1 1 0
1  462 0 0 0.203750843478808
0

0101000
+2926 0 -2936 0 *
Wi

0101100
-2929 0 +2925 0 +2924 0 *
Fa
0  1e-07 287 0

0101000
+2923 0 *
Ed
 1e-07 1 1 0
1  463 0 0 0.32180334455637
0

0101000
+2926 0 -2958 0 *
Wi

0101100
-2924 0 +2921 0 -2935 0 *
Fa
0  1e-07 288 0

0101000
+2920 0 *
Ve
1e-07
5.23717927932739 0 1.79732012748718
0 0

0101101
*
Ed
 1e-07 1 1 0
1  464 0 0 0.617279249277629
0

0101000
+2918 0 -2958 0 *
Ed
 1e-07 1 1 0
1  465 0 0 0.413213050005918
0

0101000
+2926 0 -2918 0 *
Wi

0101100
+2917 0 -2921 0 +2916 0 *
Fa
0  1e-07 289 0

0101000
+2915 0 *
Ed
 1e-07 1 1 0
1  466 0 0 1.00000011920929
0

0101000
+2926 0 -4036 0 *
Ed
 1e-07 1 1 0
1  467 0 0 0.61727946022781
0

0101000
+4036 0 -2918 0 *
Wi

0101100
-2916 0 +2913 0 +2912 0 *
Fa
0  1e-07 290 0

0101000
+2911 0 *
Ed
 1e-07 1 1 0
1  468 0 0 0.413213023371019
0

0101000
+4018 0 -2918 0 *
Wi

0101100
-2912 0 -4016 0 +2909 0 *
Fa
0  1e-07 291 0

0101000
+2908 0 *
Wi

0101100
-2909 0 -2945 0 -2917 0 *
Fa
0  1e-07 292 0

0101000
+2906 0 *
Ve
1e-07
5.48076915740967 0.125 1.48982322216034
0 0

0101101
*
Ed
 1e-07 1 1 0
1  469 0 0 0.19516786073267
0

0101000
+2904 0 -2926 0 *
Ed
 1e-07 1 1 0
1  470 0 0 0.19516786073267
0

0101000
+2931 0 -2904 0 *
Wi

0101100
+2903 0 -2925 0 +2902 0 *
Fa
0  1e-07 293 0

0101000
+2901 0 *
Ve
1e-07
5.60256433486938 0.25 1.57718193531036
0 0

0101101
*
Ed
 1e-07 1 1 0
1  471 0 0 0.299770258292998
0

0101000
+2931 0 -2899 0 *
Ed
 1e-07 1 1 0
1  472 0 0 0.195168158303736
0

0101000
+2899 0 -2904 0 *
Wi

0101100
-2902 0 +2898 0 +2897 0 *
Fa
0  1e-07 294 0

0101000
+2896 0 *
Ve
1e-07
5.60256433486938 0 1.57718193531036
0 0

0101101
*
Ed
 1e-07 1 1 0
1  473 0 0 0.25
0

0101000
+2899 0 -2894 0 *
Ed
 1e-07 1 1 0
1  474 0 0 0.195168158303736
0

0101000
+2894 0 -2904 0 *
Wi

0101100
-2897 0 +2893 0 +2892 0 *
Fa
0  1e-07 295 0

0101000
+2891 0 *
Ed
 1e-07 1 1 0
1  475 0 0 0.299770258292998
0

0101000
+2894 0 -2926 0 *
Wi

0101100
-2892 0 +2889 0 -2903 0 *
Fa
0  1e-07 296 0

0101000
+2888 0 *
Ve
1e-07
5.48076915740967 0 1.98982322216034
0 0

0101101
*
Ed
 1e-07 1 1 0
1  476 0 0 0.59985348795601
0

0101000
+2886 0 -2926 0 *
Ed
 1e-07 1 1 0
1  477 0 0 0.430240510488782
0

0101000
+2894 0 -2886 0 *
Wi

0101100
+2885 0 -2889 0 +2884 0 *
Fa
0  1e-07 297 0

0101000
+2883 0 *
Ed
 1e-07 1 1 0
1  478 0 0 1.00000011920929
0

0101000
+2894 0 -4054 0 *
Ed
 1e-07 1 1 0
1  479 0 0 0.599853701499741
0

0101000
+4054 0 -2886 0 *
Wi

0101100
-2884 0 +2881 0 +2880 0 *
Fa
0  1e-07 298 0

0101000
+2879 0 *
Ed
 1e-07 1 1 0
1  480 0 0 0.430240489835982
0

0101000
+4036 0 -2886 0 *
Wi

0101100
-2880 0 -4034 0 +2877 0 *
Fa
0  1e-07 299 0

0101000
+2876 0 *
Wi

0101100
-2877 0 -2913 0 -2885 0 *
Fa
0  1e-07 300 0

0101000
+2874 0 *
Ve
1e-07
5.72435903549194 0.125 1.641597032547
0 0

0101101
*
Ed
 1e-07 1 1 0
1  481 0 0 0.186032937545327
0

0101000
+2872 0 -2894 0 *
Ed
 1e-07 1 1 0
1  482 0 0 0.186032937545327
0

0101000
+2899 0 -2872 0 *
Wi

0101100
+2871 0 -2893 0 +2870 0 *
Fa
0  1e-07 301 0

0101000
+2869 0 *
Ve
1e-07
5.8461537361145 0.25 1.70601212978363
0 0

0101101
*
Ed
 1e-07 1 1 0
1  483 0 0 0.275559458932141
0

0101000
+2899 0 -2867 0 *
Ed
 1e-07 1 1 0
1  484 0 0 0.186032937545327
0

0101000
+2867 0 -2872 0 *
Wi

0101100
-2870 0 +2866 0 +2865 0 *
Fa
0  1e-07 302 0

0101000
+2864 0 *
Ve
1e-07
5.8461537361145 0 1.70601212978363
0 0

0101101
*
Ed
 1e-07 1 1 0
1  485 0 0 0.25
0

0101000
+2867 0 -2862 0 *
Ed
 1e-07 1 1 0
1  486 0 0 0.186032937545327
0

0101000
+2862 0 -2872 0 *
Wi

0101100
-2865 0 +2861 0 +2860 0 *
Fa
0  1e-07 303 0

0101000
+2859 0 *
Ed
 1e-07 1 1 0
1  487 0 0 0.275559458932141
0

0101000
+2862 0 -2894 0 *
Wi

0101100
-2860 0 +2857 0 -2871 0 *
Fa
0  1e-07 304 0

0101000
+2856 0 *
Ve
1e-07
5.72435903549194 0 2.141597032547
0 0

0101101
*
Ed
 1e-07 1 1 0
1  488 0 0 0.577406573471741
0

0101000
+2854 0 -2894 0 *
Ed
 1e-07 1 1 0
1  489 0 0 0.452292114252626
0

0101000
+2862 0 -2854 0 *
Wi

0101100
+2853 0 -2857 0 +2852 0 *
Fa
0  1e-07 305 0

0101000
+2851 0 *
Ed
 1e-07 1 1 0
1  490 0 0 0.99999988079071
0

0101000
+2862 0 -4075 0 *
Ed
 1e-07 1 1 0
1  491 0 0 0.577406456944625
0

0101000
+4075 0 -2854 0 *
Wi

0101100
-2852 0 +2849 0 +2848 0 *
Fa
0  1e-07 306 0

0101000
+2847 0 *
Ed
 1e-07 1 1 0
1  492 0 0 0.452292229058446
0

0101000
+4054 0 -2854 0 *
Wi

0101100
-2848 0 -4052 0 +2845 0 *
Fa
0  1e-07 307 0

0101000
+2844 0 *
Wi

0101100
-2845 0 -2881 0 -2853 0 *
Fa
0  1e-07 308 0

0101000
+2842 0 *
Ve
1e-07
5.96794891357422 0.125 1.74368023872375
0 0

0101101
*
Ed
 1e-07 1 1 0
1  493 0 0 0.178543976889642
0

0101000
+2840 0 -2862 0 *
Ed
 1e-07 1 1 0
1  494 0 0 0.178543976889642
0

0101000
+2867 0 -2840 0 *
Wi

0101100
+2839 0 -2861 0 +2838 0 *
Fa
0  1e-07 309 0

0101000
+2837 0 *
Ve
1e-07
6.08974361419678 0.25 1.78134846687317
0 0

0101101
*
Ed
 1e-07 1 1 0
1  495 0 0 0.254973709213727
0

0101000
+2867 0 -2835 0 *
Ed
 1e-07 1 1 0
1  496 0 0 0.178543676761892
0

0101000
+2835 0 -2840 0 *
Wi

0101100
-2838 0 +2834 0 +2833 0 *
Fa
0  1e-07 310 0

0101000
+2832 0 *
Ve
1e-07
6.08974361419678 0 1.78134846687317
0 0

0101101
*
Ed
 1e-07 1 1 0
1  497 0 0 0.25
0

0101000
+2835 0 -2830 0 *
Ed
 1e-07 1 1 0
1  498 0 0 0.178543676761892
0

0101000
+2830 0 -2840 0 *
Wi

0101100
-2833 0 +2829 0 +2828 0 *
Fa
0  1e-07 311 0

0101000
+2827 0 *
Ed
 1e-07 1 1 0
1  499 0 0 0.254973709213727
0

0101000
+2830 0 -2862 0 *
Wi

0101100
-2828 0 +2825 0 -2839 0 *
Fa
0  1e-07 312 0

0101000
+2824 0 *
Ve
1e-07
5.96794891357422 0 2.24368023872375
0 0

0101101
*
Ed
 1e-07 1 1 0
1  500 0 0 0.551290359632466
0

0101000
+2822 0 -2862 0 *
Ed
 1e-07 1 1 0
1  501 0 0 0.478105235656587
0

0101000
+2830 0 -2822 0 *
Wi

0101100
+2821 0 -2825 0 +2820 0 *
Fa
0  1e-07 313 0

0101000
+2819 0 *
Ed
 1e-07 1 1 0
1  502 0 0 1
0

0101000
+2830 0 -4073 0 *
Ed
 1e-07 1 1 0
1  503 0 0 0.551290370549921
0

0101000
+4073 0 -2822 0 *
Wi

0101100
-2820 0 +2817 0 +2816 0 *
Fa
0  1e-07 314 0

0101000
+2815 0 *
Ed
 1e-07 1 1 0
1  504 0 0 0.478105357128475
0

0101000
+4075 0 -2822 0 *
Wi

0101100
-2816 0 -4072 0 +2813 0 *
Fa
0  1e-07 315 0

0101000
+2812 0 *
Wi

0101100
-2813 0 -2849 0 -2821 0 *
Fa
0  1e-07 316 0

0101000
+2810 0 *
Ve
1e-07
6.08974361419678 0.125 2.28134846687317
0 0

0101101
*
Ed
 1e-07 1 1 0
1  505 0 0 0.515388203202208
0

0101000
+2808 0 -2830 0 *
Ed
 1e-07 1 1 0
1  506 0 0 0.515388203202208
0

0101000
+2835 0 -2808 0 *
Wi

0101100
+2807 0 -2829 0 +2806 0 *
Fa
0  1e-07 317 0

0101000
+2805 0 *
Ed
 1e-07 1 1 0
1  507 0 0 1
0

0101000
+2835 0 -4068 0 *
Ed
 1e-07 1 1 0
1  508 0 0 0.515388203202208
0

0101000
+4068 0 -2808 0 *
Wi

0101100
-2806 0 +2803 0 +2802 0 *
Fa
0  1e-07 318 0

0101000
+2801 0 *
Ed
 1e-07 1 1 0
1  509 0 0 0.515388203202208
0

0101000
+4073 0 -2808 0 *
Wi

0101100
-2802 0 -4067 0 +2799 0 *
Fa
0  1e-07 319 0

0101000
+2798 0 *
Wi

0101100
-2799 0 -2817 0 -2807 0 *
Fa
0  1e-07 320 0

0101000
+2796 0 *
Ve
1e-07
0.121794871985912 0.375 2.78523921966553
0 0

0101101
*
Ed
 1e-07 1 1 0
1  510 0 0 0.175148137502092
0

0101000
+2794 0 -3601 0 *
Ed
 1e-07 1 1 0
1  511 0 0 0.175148137502092
0

0101000
+3649 0 -2794 0 *
Wi

0101100
+2793 0 -3600 0 +2792 0 *
Fa
0  1e-07 321 0

0101000
+2791 0 *
Ve
1e-07
0.243589743971825 0.5 2.77047848701477
0 0

0101101
*
Ed
 1e-07 1 1 0
1  512 0 0 0.25
0

0101000
+3649 0 -2789 0 *
Ed
 1e-07 1 1 0
1  513 0 0 0.175148137502092
0

0101000
+2789 0 -2794 0 *
Wi

0101100
-2792 0 +2788 0 +2787 0 *
Fa
0  1e-07 322 0

0101000
+2786 0 *
Ve
1e-07
0 0.5 2.79999995231628
0 0

0101101
*
Ed
 1e-07 1 1 0
1  514 0 0 0.245372126130511
0

0101000
+2789 0 -2784 0 *
Ed
 1e-07 1 1 0
1  515 0 0 0.175148137502092
0

0101000
+2784 0 -2794 0 *
Wi

0101100
-2787 0 +2783 0 +2782 0 *
Fa
0  1e-07 323 0

0101000
+2781 0 *
Ed
 1e-07 1 1 0
1  516 0 0 0.25
0

0101000
+2784 0 -3601 0 *
Wi

0101100
-2782 0 +2779 0 -2793 0 *
Fa
0  1e-07 324 0

0101000
+2778 0 *
Ve
1e-07
0 0.375 2.29999995231628
0 0

0101101
*
Ed
 1e-07 1 1 0
1  517 0 0 0.515388203202208
0

0101000
+2776 0 -4093 0 *
Ed
 1e-07 1 1 0
1  518 0 0 0.515388203202208
0

0101000
+3601 0 -2776 0 *
Wi

0101100
+2775 0 -3582 0 +2774 0 *
Fa
0  1e-07 325 0

0101000
+2773 0 *
Ed
 1e-07 1 1 0
1  519 0 0 0.515388203202208
0

0101000
+2784 0 -2776 0 *
Wi

0101100
-2774 0 -2779 0 +2771 0 *
Fa
0  1e-07 326 0

0101000
+2770 0 *
Ed
 1e-07 1 1 0
1  520 0 0 1
0

0101000
+2784 0 -4111 0 *
Ed
 1e-07 1 1 0
1  521 0 0 0.515388203202208
0

0101000
+4111 0 -2776 0 *
Wi

0101100
-2771 0 +2768 0 +2767 0 *
Fa
0  1e-07 327 0

0101000
+2766 0 *
Wi

0101100
-2767 0 -4091 0 -2775 0 *
Fa
0  1e-07 328 0

0101000
+2764 0 *
Ve
1e-07
0.365384608507156 0.375 1.72706758975983
0 0

0101101
*
Ed
 1e-07 1 1 0
1  522 0 0 0.179842944475753
0

0101000
+2762 0 -4084 0 *
Ed
 1e-07 1 1 0
1  523 0 0 0.179842944475753
0

0101000
+4102 0 -2762 0 *
Wi

0101100
+2761 0 -4083 0 +2760 0 *
Fa
0  1e-07 329 0

0101000
+2759 0 *
Ve
1e-07
0.487179487943649 0.5 1.68365681171417
0 0

0101101
*
Ed
 1e-07 1 1 0
1  524 0 0 0.258599972873887
0

0101000
+4102 0 -2757 0 *
Ed
 1e-07 1 1 0
1  525 0 0 0.179842954567253
0

0101000
+2757 0 -2762 0 *
Wi

0101100
-2760 0 +2756 0 +2755 0 *
Fa
0  1e-07 330 0

0101000
+2754 0 *
Ed
 1e-07 1 1 0
1  526 0 0 0.25
0

0101000
+2757 0 -3571 0 *
Ed
 1e-07 1 1 0
1  527 0 0 0.179842954567253
0

0101000
+3571 0 -2762 0 *
Wi

0101100
-2755 0 +2752 0 +2751 0 *
Fa
0  1e-07 331 0

0101000
+2750 0 *
Wi

0101100
-2751 0 -3570 0 -2761 0 *
Fa
0  1e-07 332 0

0101000
+2748 0 *
Ve
1e-07
0.365384608507156 0.375 2.72706770896912
0 0

0101101
*
Ed
 1e-07 1 1 0
1  528 0 0 0.179842944475753
0

0101000
+2746 0 -3649 0 *
Ed
 1e-07 1 1 0
1  529 0 0 0.179843012117257
0

0101000
+3667 0 -2746 0 *
Wi

0101100
+2745 0 -3648 0 +2744 0 *
Fa
0  1e-07 333 0

0101000
+2743 0 *
Ve
1e-07
0.487179487943649 0.5 2.68365669250488
0 0

0101101
*
Ed
 1e-07 1 1 0
1  530 0 0 0.25
0

0101000
+3667 0 -2741 0 *
Ed
 1e-07 1 1 0
1  531 0 0 0.179843012117257
0

0101000
+2741 0 -2746 0 *
Wi

0101100
-2744 0 +2740 0 +2739 0 *
Fa
0  1e-07 334 0

0101000
+2738 0 *
Ed
 1e-07 1 1 0
1  532 0 0 0.258600052919902
0

0101000
+2741 0 -2789 0 *
Ed
 1e-07 1 1 0
1  533 0 0 0.179842944475753
0

0101000
+2789 0 -2746 0 *
Wi

0101100
-2739 0 +2736 0 +2735 0 *
Fa
0  1e-07 335 0

0101000
+2734 0 *
Wi

0101100
-2735 0 -2788 0 -2745 0 *
Fa
0  1e-07 336 0

0101000
+2732 0 *
Ve
1e-07
0.60897433757782 0.375 1.61415898799896
0 0

0101101
*
Ed
 1e-07 1 1 0
1  534 0 0 0.187853487853062
0

0101000
+2730 0 -3571 0 *
Ed
 1e-07 1 1 0
1  535 0 0 0.187853487853062
0

0101000
+2757 0 -2730 0 *
Wi

0101100
+2729 0 -2752 0 +2728 0 *
Fa
0  1e-07 337 0

0101000
+2727 0 *
Ve
1e-07
0.730769217014313 0.5 1.54466116428375
0 0

0101101
*
Ed
 1e-07 1 1 0
1  536 0 0 0.280456317656281
0

0101000
+2757 0 -2725 0 *
Ed
 1e-07 1 1 0
1  537 0 0 0.187853507175406
0

0101000
+2725 0 -2730 0 *
Wi

0101100
-2728 0 +2724 0 +2723 0 *
Fa
0  1e-07 338 0

0101000
+2722 0 *
Ed
 1e-07 1 1 0
1  538 0 0 0.25
0

0101000
+2725 0 -3539 0 *
Ed
 1e-07 1 1 0
1  539 0 0 0.187853507175406
0

0101000
+3539 0 -2730 0 *
Wi

0101100
-2723 0 +2720 0 +2719 0 *
Fa
0  1e-07 339 0

0101000
+2718 0 *
Wi

0101100
-2719 0 -3538 0 -2729 0 *
Fa
0  1e-07 340 0

0101000
+2716 0 *
Ve
1e-07
0.60897433757782 0.375 2.61415886878967
0 0

0101101
*
Ed
 1e-07 1 1 0
1  540 0 0 0.187853487853062
0

0101000
+2714 0 -3667 0 *
Ed
 1e-07 1 1 0
1  541 0 0 0.187853418970782
0

0101000
+3685 0 -2714 0 *
Wi

0101100
+2713 0 -3666 0 +2712 0 *
Fa
0  1e-07 341 0

0101000
+2711 0 *
Ve
1e-07
0.730769217014313 0.5 2.54466128349304
0 0

0101101
*
Ed
 1e-07 1 1 0
1  542 0 0 0.25
0

0101000
+3685 0 -2709 0 *
Ed
 1e-07 1 1 0
1  543 0 0 0.187853418970782
0

0101000
+2709 0 -2714 0 *
Wi

0101100
-2712 0 +2708 0 +2707 0 *
Fa
0  1e-07 342 0

0101000
+2706 0 *
Ed
 1e-07 1 1 0
1  544 0 0 0.280456199494838
0

0101000
+2709 0 -2741 0 *
Ed
 1e-07 1 1 0
1  545 0 0 0.187853487853062
0

0101000
+2741 0 -2714 0 *
Wi

0101100
-2707 0 +2704 0 +2703 0 *
Fa
0  1e-07 343 0

0101000
+2702 0 *
Wi

0101100
-2703 0 -2740 0 -2713 0 *
Fa
0  1e-07 344 0

0101000
+2700 0 *
Ve
1e-07
0.852564096450806 0.375 1.45317983627319
0 0

0101101
*
Ed
 1e-07 1 1 0
1  546 0 0 0.197047776012634
0

0101000
+2698 0 -3539 0 *
Ed
 1e-07 1 1 0
1  547 0 0 0.197047776012634
0

0101000
+2725 0 -2698 0 *
Wi

0101100
+2697 0 -2720 0 +2696 0 *
Fa
0  1e-07 345 0

0101000
+2695 0 *
Ve
1e-07
0.974358975887299 0.5 1.36169850826263
0 0

0101101
*
Ed
 1e-07 1 1 0
1  548 0 0 0.30464947747551
0

0101000
+2725 0 -2693 0 *
Ed
 1e-07 1 1 0
1  549 0 0 0.197047776012634
0

0101000
+2693 0 -2698 0 *
Wi

0101100
-2696 0 +2692 0 +2691 0 *
Fa
0  1e-07 346 0

0101000
+2690 0 *
Ed
 1e-07 1 1 0
1  550 0 0 0.25
0

0101000
+2693 0 -3507 0 *
Ed
 1e-07 1 1 0
1  551 0 0 0.197047776012634
0

0101000
+3507 0 -2698 0 *
Wi

0101100
-2691 0 +2688 0 +2687 0 *
Fa
0  1e-07 347 0

0101000
+2686 0 *
Wi

0101100
-2687 0 -3506 0 -2697 0 *
Fa
0  1e-07 348 0

0101000
+2684 0 *
Ve
1e-07
0.852564096450806 0.375 2.45317983627319
0 0

0101101
*
Ed
 1e-07 1 1 0
1  552 0 0 0.197047831356724
0

0101000
+2682 0 -3685 0 *
Ed
 1e-07 1 1 0
1  553 0 0 0.197047720668602
0

0101000
+3703 0 -2682 0 *
Wi

0101100
+2681 0 -3684 0 +2680 0 *
Fa
0  1e-07 349 0

0101000
+2679 0 *
Ve
1e-07
0.974358975887299 0.5 2.36169862747192
0 0

0101101
*
Ed
 1e-07 1 1 0
1  554 0 0 0.25
0

0101000
+3703 0 -2677 0 *
Ed
 1e-07 1 1 0
1  555 0 0 0.197047720668602
0

0101000
+2677 0 -2682 0 *
Wi

0101100
-2680 0 +2676 0 +2675 0 *
Fa
0  1e-07 350 0

0101000
+2674 0 *
Ed
 1e-07 1 1 0
1  556 0 0 0.30464947747551
0

0101000
+2677 0 -2709 0 *
Ed
 1e-07 1 1 0
1  557 0 0 0.197047831356724
0

0101000
+2709 0 -2682 0 *
Wi

0101100
-2675 0 +2672 0 +2671 0 *
Fa
0  1e-07 351 0

0101000
+2670 0 *
Wi

0101100
-2671 0 -2708 0 -2681 0 *
Fa
0  1e-07 352 0

0101000
+2668 0 *
Ve
1e-07
1.09615385532379 0.375 1.25363492965698
0 0

0101101
*
Ed
 1e-07 1 1 0
1  558 0 0 0.205272330522186
0

0101000
+2666 0 -3507 0 *
Ed
 1e-07 1 1 0
1  559 0 0 0.205272330522186
0

0101000
+2693 0 -2666 0 *
Wi

0101100
+2665 0 -2688 0 +2664 0 *
Fa
0  1e-07 353 0

0101000
+2663 0 *
Ve
1e-07
1.21794867515564 0.5 1.14557135105133
0 0

0101101
*
Ed
 1e-07 1 1 0
1  560 0 0 0.325648414204461
0

0101000
+2693 0 -2661 0 *
Ed
 1e-07 1 1 0
1  561 0 0 0.20527229515678
0

0101000
+2661 0 -2666 0 *
Wi

0101100
-2664 0 +2660 0 +2659 0 *
Fa
0  1e-07 354 0

0101000
+2658 0 *
Ed
 1e-07 1 1 0
1  562 0 0 0.25
0

0101000
+2661 0 -3475 0 *
Ed
 1e-07 1 1 0
1  563 0 0 0.20527229515678
0

0101000
+3475 0 -2666 0 *
Wi

0101100
-2659 0 +2656 0 +2655 0 *
Fa
0  1e-07 355 0

0101000
+2654 0 *
Wi

0101100
-2655 0 -3474 0 -2665 0 *
Fa
0  1e-07 356 0

0101000
+2652 0 *
Ve
1e-07
1.09615385532379 0.375 2.25363492965698
0 0

0101101
*
Ed
 1e-07 1 1 0
1  564 0 0 0.205272393278757
0

0101000
+2650 0 -3703 0 *
Ed
 1e-07 1 1 0
1  565 0 0 0.205272232400248
0

0101000
+3721 0 -2650 0 *
Wi

0101100
+2649 0 -3702 0 +2648 0 *
Fa
0  1e-07 357 0

0101000
+2647 0 *
Ve
1e-07
1.21794867515564 0.5 2.14557147026062
0 0

0101101
*
Ed
 1e-07 1 1 0
1  566 0 0 0.25
0

0101000
+3721 0 -2645 0 *
Ed
 1e-07 1 1 0
1  567 0 0 0.205272232400248
0

0101000
+2645 0 -2650 0 *
Wi

0101100
-2648 0 +2644 0 +2643 0 *
Fa
0  1e-07 358 0

0101000
+2642 0 *
Ed
 1e-07 1 1 0
1  568 0 0 0.325648414204461
0

0101000
+2645 0 -2677 0 *
Ed
 1e-07 1 1 0
1  569 0 0 0.205272393278757
0

0101000
+2677 0 -2650 0 *
Wi

0101100
-2643 0 +2640 0 +2639 0 *
Fa
0  1e-07 359 0

0101000
+2638 0 *
Wi

0101100
-2639 0 -2676 0 -2649 0 *
Fa
0  1e-07 360 0

0101000
+2636 0 *
Ve
1e-07
1.33974361419678 0.375 1.02730596065521
0 0

0101101
*
Ed
 1e-07 1 1 0
1  570 0 0 0.210821511572184
0

0101000
+2634 0 -3475 0 *
Ed
 1e-07 1 1 0
1  571 0 0 0.210821511572184
0

0101000
+2661 0 -2634 0 *
Wi

0101100
+2633 0 -2656 0 +2632 0 *
Fa
0  1e-07 361 0

0101000
+2631 0 *
Ve
1e-07
1.46153843402863 0.5 0.909040629863739
0 0

0101101
*
Ed
 1e-07 1 1 0
1  572 0 0 0.339533139315327
0

0101000
+2661 0 -2629 0 *
Ed
 1e-07 1 1 0
1  573 0 0 0.210821409266443
0

0101000
+2629 0 -2634 0 *
Wi

0101100
-2632 0 +2628 0 +2627 0 *
Fa
0  1e-07 362 0

0101000
+2626 0 *
Ed
 1e-07 1 1 0
1  574 0 0 0.25
0

0101000
+2629 0 -3443 0 *
Ed
 1e-07 1 1 0
1  575 0 0 0.210821409266443
0

0101000
+3443 0 -2634 0 *
Wi

0101100
-2627 0 +2624 0 +2623 0 *
Fa
0  1e-07 363 0

0101000
+2622 0 *
Wi

0101100
-2623 0 -3442 0 -2633 0 *
Fa
0  1e-07 364 0

0101000
+2620 0 *
Ve
1e-07
1.33974361419678 0.375 2.0273060798645
0 0

0101101
*
Ed
 1e-07 1 1 0
1  576 0 0 0.210821511572184
0

0101000
+2618 0 -3721 0 *
Ed
 1e-07 1 1 0
1  577 0 0 0.210821509576464
0

0101000
+3739 0 -2618 0 *
Wi

0101100
+2617 0 -3720 0 +2616 0 *
Fa
0  1e-07 365 0

0101000
+2615 0 *
Ve
1e-07
1.46153843402863 0.5 1.90904057025909
0 0

0101101
*
Ed
 1e-07 1 1 0
1  578 0 0 0.25
0

0101000
+3739 0 -2613 0 *
Ed
 1e-07 1 1 0
1  579 0 0 0.210821509576464
0

0101000
+2613 0 -2618 0 *
Wi

0101100
-2616 0 +2612 0 +2611 0 *
Fa
0  1e-07 366 0

0101000
+2610 0 *
Ed
 1e-07 1 1 0
1  580 0 0 0.339533263883425
0

0101000
+2613 0 -2645 0 *
Ed
 1e-07 1 1 0
1  581 0 0 0.210821511572184
0

0101000
+2645 0 -2618 0 *
Wi

0101100
-2611 0 +2608 0 +2607 0 *
Fa
0  1e-07 367 0

0101000
+2606 0 *
Wi

0101100
-2607 0 -2644 0 -2617 0 *
Fa
0  1e-07 368 0

0101000
+2604 0 *
Ve
1e-07
1.58333337306976 0.375 0.787556171417236
0 0

0101101
*
Ed
 1e-07 1 1 0
1  582 0 0 0.212644023711165
0

0101000
+2602 0 -3443 0 *
Ed
 1e-07 1 1 0
1  583 0 0 0.212644023711165
0

0101000
+2629 0 -2602 0 *
Wi

0101100
+2601 0 -2624 0 +2600 0 *
Fa
0  1e-07 369 0

0101000
+2599 0 *
Ve
1e-07
1.70512819290161 0.5 0.666071772575378
0 0

0101101
*
Ed
 1e-07 1 1 0
1  584 0 0 0.344049177066028
0

0101000
+2629 0 -2597 0 *
Ed
 1e-07 1 1 0
1  585 0 0 0.212643921379944
0

0101000
+2597 0 -2602 0 *
Wi

0101100
-2600 0 +2596 0 +2595 0 *
Fa
0  1e-07 370 0

0101000
+2594 0 *
Ed
 1e-07 1 1 0
1  586 0 0 0.25
0

0101000
+2597 0 -3411 0 *
Ed
 1e-07 1 1 0
1  587 0 0 0.212643921379944
0

0101000
+3411 0 -2602 0 *
Wi

0101100
-2595 0 +2592 0 +2591 0 *
Fa
0  1e-07 371 0

0101000
+2590 0 *
Wi

0101100
-2591 0 -3410 0 -2601 0 *
Fa
0  1e-07 372 0

0101000
+2588 0 *
Ve
1e-07
1.58333337306976 0.375 1.78755617141724
0 0

0101101
*
Ed
 1e-07 1 1 0
1  588 0 0 0.212643989658777
0

0101000
+2586 0 -3739 0 *
Ed
 1e-07 1 1 0
1  589 0 0 0.212643921379944
0

0101000
+3757 0 -2586 0 *
Wi

0101100
+2585 0 -3738 0 +2584 0 *
Fa
0  1e-07 373 0

0101000
+2583 0 *
Ve
1e-07
1.70512819290161 0.5 1.66607177257538
0 0

0101101
*
Ed
 1e-07 1 1 0
1  590 0 0 0.25
0

0101000
+3757 0 -2581 0 *
Ed
 1e-07 1 1 0
1  591 0 0 0.212643921379944
0

0101000
+2581 0 -2586 0 *
Wi

0101100
-2584 0 +2580 0 +2579 0 *
Fa
0  1e-07 374 0

0101000
+2578 0 *
Ed
 1e-07 1 1 0
1  592 0 0 0.344049134973
0

0101000
+2581 0 -2613 0 *
Ed
 1e-07 1 1 0
1  593 0 0 0.212643989658777
0

0101000
+2613 0 -2586 0 *
Wi

0101100
-2579 0 +2576 0 +2575 0 *
Fa
0  1e-07 375 0

0101000
+2574 0 *
Wi

0101100
-2575 0 -2612 0 -2585 0 *
Fa
0  1e-07 376 0

0101000
+2572 0 *
Ve
1e-07
1.82692313194275 0.375 0.548541128635406
0 0

0101101
*
Ed
 1e-07 1 1 0
1  594 0 0 0.210410217054636
0

0101000
+2570 0 -3411 0 *
Ed
 1e-07 1 1 0
1  595 0 0 0.210410217054636
0

0101000
+2597 0 -2570 0 *
Wi

0101100
+2569 0 -2592 0 +2568 0 *
Fa
0  1e-07 377 0

0101000
+2567 0 *
Ve
1e-07
1.9487179517746 0.5 0.431010454893112
0 0

0101101
*
Ed
 1e-07 1 1 0
1  596 0 0 0.338511142650168
0

0101000
+2597 0 -2565 0 *
Ed
 1e-07 1 1 0
1  597 0 0 0.210410164697882
0

0101000
+2565 0 -2570 0 *
Wi

0101100
-2568 0 +2564 0 +2563 0 *
Fa
0  1e-07 378 0

0101000
+2562 0 *
Ed
 1e-07 1 1 0
1  598 0 0 0.25
0

0101000
+2565 0 -3379 0 *
Ed
 1e-07 1 1 0
1  599 0 0 0.210410164697882
0

0101000
+3379 0 -2570 0 *
Wi

0101100
-2563 0 +2560 0 +2559 0 *
Fa
0  1e-07 379 0

0101000
+2558 0 *
Wi

0101100
-2559 0 -3378 0 -2569 0 *
Fa
0  1e-07 380 0

0101000
+2556 0 *
Ve
1e-07
1.82692313194275 0.375 1.54854106903076
0 0

0101101
*
Ed
 1e-07 1 1 0
1  600 0 0 0.21041025034852
0

0101000
+2554 0 -3757 0 *
Ed
 1e-07 1 1 0
1  601 0 0 0.210410114757052
0

0101000
+3775 0 -2554 0 *
Wi

0101100
+2553 0 -3756 0 +2552 0 *
Fa
0  1e-07 381 0

0101000
+2551 0 *
Ve
1e-07
1.9487179517746 0.5 1.43101048469543
0 0

0101101
*
Ed
 1e-07 1 1 0
1  602 0 0 0.25
0

0101000
+3775 0 -2549 0 *
Ed
 1e-07 1 1 0
1  603 0 0 0.210410114757052
0

0101000
+2549 0 -2554 0 *
Wi

0101100
-2552 0 +2548 0 +2547 0 *
Fa
0  1e-07 382 0

0101000
+2546 0 *
Ed
 1e-07 1 1 0
1  604 0 0 0.338511121955509
0

0101000
+2549 0 -2581 0 *
Ed
 1e-07 1 1 0
1  605 0 0 0.21041025034852
0

0101000
+2581 0 -2554 0 *
Wi

0101100
-2547 0 +2544 0 +2543 0 *
Fa
0  1e-07 383 0

0101000
+2542 0 *
Wi

0101100
-2543 0 -2580 0 -2553 0 *
Fa
0  1e-07 384 0

0101000
+2540 0 *
Ve
1e-07
2.07051277160645 0.375 0.324372947216034
0 0

0101101
*
Ed
 1e-07 1 1 0
1  606 0 0 0.204525148041631
0

0101000
+2538 0 -3379 0 *
Ed
 1e-07 1 1 0
1  607 0 0 0.204525148041631
0

0101000
+2565 0 -2538 0 *
Wi

0101100
+2537 0 -2560 0 +2536 0 *
Fa
0  1e-07 385 0

0101000
+2535 0 *
Ve
1e-07
2.19230771064758 0.5 0.217735439538956
0 0

0101101
*
Ed
 1e-07 1 1 0
1  608 0 0 0.323762571651071
0

0101000
+2565 0 -2533 0 *
Ed
 1e-07 1 1 0
1  609 0 0 0.204525219030841
0

0101000
+2533 0 -2538 0 *
Wi

0101100
-2536 0 +2532 0 +2531 0 *
Fa
0  1e-07 386 0

0101000
+2530 0 *
Ed
 1e-07 1 1 0
1  610 0 0 0.25
0

0101000
+2533 0 -3347 0 *
Ed
 1e-07 1 1 0
1  611 0 0 0.204525219030841
0

0101000
+3347 0 -2538 0 *
Wi

0101100
-2531 0 +2528 0 +2527 0 *
Fa
0  1e-07 387 0

0101000
+2526 0 *
Wi

0101100
-2527 0 -3346 0 -2537 0 *
Fa
0  1e-07 388 0

0101000
+2524 0 *
Ve
1e-07
2.07051277160645 0.375 1.32437288761139
0 0

0101101
*
Ed
 1e-07 1 1 0
1  612 0 0 0.204525194657606
0

0101000
+2522 0 -3775 0 *
Ed
 1e-07 1 1 0
1  613 0 0 0.204525203492194
0

0101000
+3793 0 -2522 0 *
Wi

0101100
+2521 0 -3774 0 +2520 0 *
Fa
0  1e-07 389 0

0101000
+2519 0 *
Ve
1e-07
2.19230771064758 0.5 1.21773540973663
0 0

0101101
*
Ed
 1e-07 1 1 0
1  614 0 0 0.25
0

0101000
+3793 0 -2517 0 *
Ed
 1e-07 1 1 0
1  615 0 0 0.204525203492194
0

0101000
+2517 0 -2522 0 *
Wi

0101100
-2520 0 +2516 0 +2515 0 *
Fa
0  1e-07 390 0

0101000
+2514 0 *
Ed
 1e-07 1 1 0
1  616 0 0 0.323762610914975
0

0101000
+2517 0 -2549 0 *
Ed
 1e-07 1 1 0
1  617 0 0 0.204525194657606
0

0101000
+2549 0 -2522 0 *
Wi

0101100
-2515 0 +2512 0 +2511 0 *
Fa
0  1e-07 391 0

0101000
+2510 0 *
Wi

0101100
-2511 0 -2548 0 -2521 0 *
Fa
0  1e-07 392 0

0101000
+2508 0 *
Ve
1e-07
2.31410264968872 0.375 0.128287300467491
0 0

0101101
*
Ed
 1e-07 1 1 0
1  618 0 0 0.196112153522882
0

0101000
+2506 0 -3347 0 *
Ed
 1e-07 1 1 0
1  619 0 0 0.196112153522882
0

0101000
+2533 0 -2506 0 *
Wi

0101100
+2505 0 -2528 0 +2504 0 *
Fa
0  1e-07 393 0

0101000
+2503 0 *
Ve
1e-07
2.43589735031128 0.5 0.0388391576707363
0 0

0101101
*
Ed
 1e-07 1 1 0
1  620 0 0 0.302224737931498
0

0101000
+2533 0 -2501 0 *
Ed
 1e-07 1 1 0
1  621 0 0 0.19611200715287
0

0101000
+2501 0 -2506 0 *
Wi

0101100
-2504 0 +2500 0 +2499 0 *
Fa
0  1e-07 394 0

0101000
+2498 0 *
Ed
 1e-07 1 1 0
1  622 0 0 0.25
0

0101000
+2501 0 -3315 0 *
Ed
 1e-07 1 1 0
1  623 0 0 0.19611200715287
0

0101000
+3315 0 -2506 0 *
Wi

0101100
-2499 0 +2496 0 +2495 0 *
Fa
0  1e-07 395 0

0101000
+2494 0 *
Wi

0101100
-2495 0 -3314 0 -2505 0 *
Fa
0  1e-07 396 0

0101000
+2492 0 *
Ve
1e-07
2.31410264968872 0.375 1.12828731536865
0 0

0101101
*
Ed
 1e-07 1 1 0
1  624 0 0 0.196112133133311
0

0101000
+2490 0 -3793 0 *
Ed
 1e-07 1 1 0
1  625 0 0 0.196112039436399
0

0101000
+3811 0 -2490 0 *
Wi

0101100
+2489 0 -3792 0 +2488 0 *
Fa
0  1e-07 397 0

0101000
+2487 0 *
Ve
1e-07
2.43589735031128 0.5 1.03883910179138
0 0

0101101
*
Ed
 1e-07 1 1 0
1  626 0 0 0.25
0

0101000
+3811 0 -2485 0 *
Ed
 1e-07 1 1 0
1  627 0 0 0.196112039436399
0

0101000
+2485 0 -2490 0 *
Wi

0101100
-2488 0 +2484 0 +2483 0 *
Fa
0  1e-07 398 0

0101000
+2482 0 *
Ed
 1e-07 1 1 0
1  628 0 0 0.30222475336731
0

0101000
+2485 0 -2517 0 *
Ed
 1e-07 1 1 0
1  629 0 0 0.196112133133311
0

0101000
+2517 0 -2490 0 *
Wi

0101100
-2483 0 +2480 0 +2479 0 *
Fa
0  1e-07 399 0

0101000
+2478 0 *
Wi

0101100
-2479 0 -2516 0 -2489 0 *
Fa
0  1e-07 400 0

0101000
+2476 0 *
Ve
1e-07
2.55769228935242 0.375 -0.0281383171677589
0 0

0101101
*
Ed
 1e-07 1 1 0
1  630 0 0 0.186935789274755
0

0101000
+2474 0 -3315 0 *
Ed
 1e-07 1 1 0
1  631 0 0 0.186935789274755
0

0101000
+2501 0 -2474 0 *
Wi

0101100
+2473 0 -2496 0 +2472 0 *
Fa
0  1e-07 401 0

0101000
+2471 0 *
Ve
1e-07
2.67948722839355 0.5 -0.0951157882809639
0 0

0101101
*
Ed
 1e-07 1 1 0
1  632 0 0 0.277992726971518
0

0101000
+2501 0 -2469 0 *
Ed
 1e-07 1 1 0
1  633 0 0 0.186935787940016
0

0101000
+2469 0 -2474 0 *
Wi

0101100
-2472 0 +2468 0 +2467 0 *
Fa
0  1e-07 402 0

0101000
+2466 0 *
Ed
 1e-07 1 1 0
1  634 0 0 0.25
0

0101000
+2469 0 -3283 0 *
Ed
 1e-07 1 1 0
1  635 0 0 0.186935787940016
0

0101000
+3283 0 -2474 0 *
Wi

0101100
-2467 0 +2464 0 +2463 0 *
Fa
0  1e-07 403 0

0101000
+2462 0 *
Wi

0101100
-2463 0 -3282 0 -2473 0 *
Fa
0  1e-07 404 0

0101000
+2460 0 *
Ve
1e-07
2.55769228935242 0.375 0.971861660480499
0 0

0101101
*
Ed
 1e-07 1 1 0
1  636 0 0 0.186935777262105
0

0101000
+2458 0 -3811 0 *
Ed
 1e-07 1 1 0
1  637 0 0 0.186935777262105
0

0101000
+3829 0 -2458 0 *
Wi

0101100
+2457 0 -3810 0 +2456 0 *
Fa
0  1e-07 405 0

0101000
+2455 0 *
Ve
1e-07
2.67948722839355 0.5 0.904884219169617
0 0

0101101
*
Ed
 1e-07 1 1 0
1  638 0 0 0.25
0

0101000
+3829 0 -2453 0 *
Ed
 1e-07 1 1 0
1  639 0 0 0.186935777262105
0

0101000
+2453 0 -2458 0 *
Wi

0101100
-2456 0 +2452 0 +2451 0 *
Fa
0  1e-07 406 0

0101000
+2450 0 *
Ed
 1e-07 1 1 0
1  640 0 0 0.277992696455048
0

0101000
+2453 0 -2485 0 *
Ed
 1e-07 1 1 0
1  641 0 0 0.186935777262105
0

0101000
+2485 0 -2458 0 *
Wi

0101100
-2451 0 +2448 0 +2447 0 *
Fa
0  1e-07 407 0

0101000
+2446 0 *
Wi

0101100
-2447 0 -2484 0 -2457 0 *
Fa
0  1e-07 408 0

0101000
+2444 0 *
Ve
1e-07
2.80128216743469 0.375 -0.135668039321899
0 0

0101101
*
Ed
 1e-07 1 1 0
1  642 0 0 0.179174474299554
0

0101000
+2442 0 -3283 0 *
Ed
 1e-07 1 1 0
1  643 0 0 0.179174474299554
0

0101000
+2469 0 -2442 0 *
Wi

0101100
+2441 0 -2464 0 +2440 0 *
Fa
0  1e-07 409 0

0101000
+2439 0 *
Ve
1e-07
2.92307686805725 0.5 -0.176220282912254
0 0

0101101
*
Ed
 1e-07 1 1 0
1  644 0 0 0.256736930730439
0

0101000
+2469 0 -2437 0 *
Ed
 1e-07 1 1 0
1  645 0 0 0.179174310546881
0

0101000
+2437 0 -2442 0 *
Wi

0101100
-2440 0 +2436 0 +2435 0 *
Fa
0  1e-07 410 0

0101000
+2434 0 *
Ed
 1e-07 1 1 0
1  646 0 0 0.25
0

0101000
+2437 0 -3251 0 *
Ed
 1e-07 1 1 0
1  647 0 0 0.179174310546881
0

0101000
+3251 0 -2442 0 *
Wi

0101100
-2435 0 +2432 0 +2431 0 *
Fa
0  1e-07 411 0

0101000
+2430 0 *
Wi

0101100
-2431 0 -3250 0 -2441 0 *
Fa
0  1e-07 412 0

0101000
+2428 0 *
Ve
1e-07
2.80128216743469 0.375 0.864331960678101
0 0

0101101
*
Ed
 1e-07 1 1 0
1  648 0 0 0.179174475985831
0

0101000
+2426 0 -3829 0 *
Ed
 1e-07 1 1 0
1  649 0 0 0.179174313919438
0

0101000
+3847 0 -2426 0 *
Wi

0101100
+2425 0 -3828 0 +2424 0 *
Fa
0  1e-07 413 0

0101000
+2423 0 *
Ve
1e-07
2.92307686805725 0.5 0.823779702186584
0 0

0101101
*
Ed
 1e-07 1 1 0
1  650 0 0 0.25
0

0101000
+3847 0 -2421 0 *
Ed
 1e-07 1 1 0
1  651 0 0 0.179174313919438
0

0101000
+2421 0 -2426 0 *
Wi

0101100
-2424 0 +2420 0 +2419 0 *
Fa
0  1e-07 414 0

0101000
+2418 0 *
Ed
 1e-07 1 1 0
1  652 0 0 0.256736937791469
0

0101000
+2421 0 -2453 0 *
Ed
 1e-07 1 1 0
1  653 0 0 0.179174475985831
0

0101000
+2453 0 -2426 0 *
Wi

0101100
-2419 0 +2416 0 +2415 0 *
Fa
0  1e-07 415 0

0101000
+2414 0 *
Wi

0101100
-2415 0 -2452 0 -2425 0 *
Fa
0  1e-07 416 0

0101000
+2412 0 *
Ve
1e-07
3.04487180709839 0.375 -0.187952980399132
0 0

0101101
*
Ed
 1e-07 1 1 0
1  654 0 0 0.174919019452869
0

0101000
+2410 0 -3251 0 *
Ed
 1e-07 1 1 0
1  655 0 0 0.174919019452869
0

0101000
+2437 0 -2410 0 *
Wi

0101100
+2409 0 -2432 0 +2408 0 *
Fa
0  1e-07 417 0

0101000
+2407 0 *
Ve
1e-07
3.16666674613953 0.5 -0.199685662984848
0 0

0101101
*
Ed
 1e-07 1 1 0
1  656 0 0 0.2447174958316
0

0101000
+2437 0 -2405 0 *
Ed
 1e-07 1 1 0
1  657 0 0 0.174919018453373
0

0101000
+2405 0 -2410 0 *
Wi

0101100
-2408 0 +2404 0 +2403 0 *
Fa
0  1e-07 418 0

0101000
+2402 0 *
Ed
 1e-07 1 1 0
1  658 0 0 0.25
0

0101000
+2405 0 -3219 0 *
Ed
 1e-07 1 1 0
1  659 0 0 0.174919018453373
0

0101000
+3219 0 -2410 0 *
Wi

0101100
-2403 0 +2400 0 +2399 0 *
Fa
0  1e-07 419 0

0101000
+2398 0 *
Wi

0101100
-2399 0 -3218 0 -2409 0 *
Fa
0  1e-07 420 0

0101000
+2396 0 *
Ve
1e-07
3.04487180709839 0.375 0.812047004699707
0 0

0101101
*
Ed
 1e-07 1 1 0
1  660 0 0 0.174919019452869
0

0101000
+2394 0 -3847 0 *
Ed
 1e-07 1 1 0
1  661 0 0 0.174919019452869
0

0101000
+3865 0 -2394 0 *
Wi

0101100
+2393 0 -3846 0 +2392 0 *
Fa
0  1e-07 421 0

0101000
+2391 0 *
Ve
1e-07
3.16666674613953 0.5 0.80031430721283
0 0

0101101
*
Ed
 1e-07 1 1 0
1  662 0 0 0.25
0

0101000
+3865 0 -2389 0 *
Ed
 1e-07 1 1 0
1  663 0 0 0.174919019452869
0

0101000
+2389 0 -2394 0 *
Wi

0101100
-2392 0 +2388 0 +2387 0 *
Fa
0  1e-07 422 0

0101000
+2386 0 *
Ed
 1e-07 1 1 0
1  664 0 0 0.244717497260437
0

0101000
+2389 0 -2421 0 *
Ed
 1e-07 1 1 0
1  665 0 0 0.174919019452869
0

0101000
+2421 0 -2394 0 *
Wi

0101100
-2387 0 +2384 0 +2383 0 *
Fa
0  1e-07 423 0

0101000
+2382 0 *
Wi

0101100
-2383 0 -2420 0 -2393 0 *
Fa
0  1e-07 424 0

0101000
+2380 0 *
Ve
1e-07
3.28846144676208 0.375 -0.181906059384346
0 0

0101101
*
Ed
 1e-07 1 1 0
1  666 0 0 0.17542822864046
0

0101000
+2378 0 -3219 0 *
Ed
 1e-07 1 1 0
1  667 0 0 0.17542822864046
0

0101000
+2405 0 -2378 0 *
Wi

0101100
+2377 0 -2400 0 +2376 0 *
Fa
0  1e-07 425 0

0101000
+2375 0 *
Ve
1e-07
3.41025638580322 0.5 -0.164126455783844
0 0

0101101
*
Ed
 1e-07 1 1 0
1  668 0 0 0.246171423541103
0

0101000
+2405 0 -2373 0 *
Ed
 1e-07 1 1 0
1  669 0 0 0.175428394167607
0

0101000
+2373 0 -2378 0 *
Wi

0101100
-2376 0 +2372 0 +2371 0 *
Fa
0  1e-07 426 0

0101000
+2370 0 *
Ed
 1e-07 1 1 0
1  670 0 0 0.25
0

0101000
+2373 0 -3187 0 *
Ed
 1e-07 1 1 0
1  671 0 0 0.175428394167607
0

0101000
+3187 0 -2378 0 *
Wi

0101100
-2371 0 +2368 0 +2367 0 *
Fa
0  1e-07 427 0

0101000
+2366 0 *
Wi

0101100
-2367 0 -3186 0 -2377 0 *
Fa
0  1e-07 428 0

0101000
+2364 0 *
Ve
1e-07
3.28846144676208 0.375 0.818093955516815
0 0

0101101
*
Ed
 1e-07 1 1 0
1  672 0 0 0.175428233171152
0

0101000
+2362 0 -3865 0 *
Ed
 1e-07 1 1 0
1  673 0 0 0.175428392657381
0

0101000
+3883 0 -2362 0 *
Wi

0101100
+2361 0 -3864 0 +2360 0 *
Fa
0  1e-07 429 0

0101000
+2359 0 *
Ve
1e-07
3.41025638580322 0.5 0.835873544216156
0 0

0101101
*
Ed
 1e-07 1 1 0
1  674 0 0 0.25
0

0101000
+3883 0 -2357 0 *
Ed
 1e-07 1 1 0
1  675 0 0 0.175428392657381
0

0101000
+2357 0 -2362 0 *
Wi

0101100
-2360 0 +2356 0 +2355 0 *
Fa
0  1e-07 430 0

0101000
+2354 0 *
Ed
 1e-07 1 1 0
1  676 0 0 0.24617142784602
0

0101000
+2357 0 -2389 0 *
Ed
 1e-07 1 1 0
1  677 0 0 0.175428233171152
0

0101000
+2389 0 -2362 0 *
Wi

0101100
-2355 0 +2352 0 +2351 0 *
Fa
0  1e-07 431 0

0101000
+2350 0 *
Wi

0101100
-2351 0 -2388 0 -2361 0 *
Fa
0  1e-07 432 0

0101000
+2348 0 *
Ve
1e-07
3.53205132484436 0.375 -0.117884323000908
0 0

0101101
*
Ed
 1e-07 1 1 0
1  678 0 0 0.180547340108762
0

0101000
+2346 0 -3187 0 *
Ed
 1e-07 1 1 0
1  679 0 0 0.180547340108762
0

0101000
+2373 0 -2346 0 *
Wi

0101100
+2345 0 -2368 0 +2344 0 *
Fa
0  1e-07 433 0

0101000
+2343 0 *
Ve
1e-07
3.6538462638855 0.5 -0.0716421827673912
0 0

0101101
*
Ed
 1e-07 1 1 0
1  680 0 0 0.260555885482404
0

0101000
+2373 0 -2341 0 *
Ed
 1e-07 1 1 0
1  681 0 0 0.18054734201702
0

0101000
+2341 0 -2346 0 *
Wi

0101100
-2344 0 +2340 0 +2339 0 *
Fa
0  1e-07 434 0

0101000
+2338 0 *
Ed
 1e-07 1 1 0
1  682 0 0 0.25
0

0101000
+2341 0 -3155 0 *
Ed
 1e-07 1 1 0
1  683 0 0 0.18054734201702
0

0101000
+3155 0 -2346 0 *
Wi

0101100
-2339 0 +2336 0 +2335 0 *
Fa
0  1e-07 435 0

0101000
+2334 0 *
Wi

0101100
-2335 0 -3154 0 -2345 0 *
Fa
0  1e-07 436 0

0101000
+2332 0 *
Ve
1e-07
3.53205132484436 0.375 0.882115662097931
0 0

0101101
*
Ed
 1e-07 1 1 0
1  684 0 0 0.180547336292249
0

0101000
+2330 0 -3883 0 *
Ed
 1e-07 1 1 0
1  685 0 0 0.18054735155831
0

0101000
+3901 0 -2330 0 *
Wi

0101100
+2329 0 -3882 0 +2328 0 *
Fa
0  1e-07 437 0

0101000
+2327 0 *
Ve
1e-07
3.6538462638855 0.5 0.928357839584351
0 0

0101101
*
Ed
 1e-07 1 1 0
1  686 0 0 0.25
0

0101000
+3901 0 -2325 0 *
Ed
 1e-07 1 1 0
1  687 0 0 0.18054735155831
0

0101000
+2325 0 -2330 0 *
Wi

0101100
-2328 0 +2324 0 +2323 0 *
Fa
0  1e-07 438 0

0101000
+2322 0 *
Ed
 1e-07 1 1 0
1  688 0 0 0.260555893416152
0

0101000
+2325 0 -2357 0 *
Ed
 1e-07 1 1 0
1  689 0 0 0.180547336292249
0

0101000
+2357 0 -2330 0 *
Wi

0101100
-2323 0 +2320 0 +2319 0 *
Fa
0  1e-07 439 0

0101000
+2318 0 *
Wi

0101100
-2319 0 -2356 0 -2329 0 *
Fa
0  1e-07 440 0

0101000
+2316 0 *
Ve
1e-07
3.77564096450806 0.375 0.000332198047544807
0 0

0101101
*
Ed
 1e-07 1 1 0
1  690 0 0 0.188783634336857
0

0101000
+2314 0 -3155 0 *
Ed
 1e-07 1 1 0
1  691 0 0 0.188783634336857
0

0101000
+2341 0 -2314 0 *
Wi

0101100
+2313 0 -2336 0 +2312 0 *
Fa
0  1e-07 441 0

0101000
+2311 0 *
Ve
1e-07
3.89743590354919 0.5 0.0723065808415413
0 0

0101101
*
Ed
 1e-07 1 1 0
1  692 0 0 0.282943738393395
0

0101000
+2341 0 -2309 0 *
Ed
 1e-07 1 1 0
1  693 0 0 0.1887837889084
0

0101000
+2309 0 -2314 0 *
Wi

0101100
-2312 0 +2308 0 +2307 0 *
Fa
0  1e-07 442 0

0101000
+2306 0 *
Ed
 1e-07 1 1 0
1  694 0 0 0.25
0

0101000
+2309 0 -3123 0 *
Ed
 1e-07 1 1 0
1  695 0 0 0.1887837889084
0

0101000
+3123 0 -2314 0 *
Wi

0101100
-2307 0 +2304 0 +2303 0 *
Fa
0  1e-07 443 0

0101000
+2302 0 *
Wi

0101100
-2303 0 -3122 0 -2313 0 *
Fa
0  1e-07 444 0

0101000
+2300 0 *
Ve
1e-07
3.77564096450806 0.375 1.00033223628998
0 0

0101101
*
Ed
 1e-07 1 1 0
1  696 0 0 0.188783640395236
0

0101000
+2298 0 -3901 0 *
Ed
 1e-07 1 1 0
1  697 0 0 0.188783794212251
0

0101000
+3919 0 -2298 0 *
Wi

0101100
+2297 0 -3900 0 +2296 0 *
Fa
0  1e-07 445 0

0101000
+2295 0 *
Ve
1e-07
3.89743590354919 0.5 1.07230663299561
0 0

0101101
*
Ed
 1e-07 1 1 0
1  698 0 0 0.25
0

0101000
+3919 0 -2293 0 *
Ed
 1e-07 1 1 0
1  699 0 0 0.188783794212251
0

0101000
+2293 0 -2298 0 *
Wi

0101100
-2296 0 +2292 0 +2291 0 *
Fa
0  1e-07 446 0

0101000
+2290 0 *
Ed
 1e-07 1 1 0
1  700 0 0 0.282943753555447
0

0101000
+2293 0 -2325 0 *
Ed
 1e-07 1 1 0
1  701 0 0 0.188783640395236
0

0101000
+2325 0 -2298 0 *
Wi

0101100
-2291 0 +2288 0 +2287 0 *
Fa
0  1e-07 447 0

0101000
+2286 0 *
Wi

0101100
-2287 0 -2324 0 -2297 0 *
Fa
0  1e-07 448 0

0101000
+2284 0 *
Ve
1e-07
4.01923084259033 0.375 0.16576361656189
0 0

0101101
*
Ed
 1e-07 1 1 0
1  702 0 0 0.197972787780717
0

0101000
+2282 0 -3123 0 *
Ed
 1e-07 1 1 0
1  703 0 0 0.197972787780717
0

0101000
+2309 0 -2282 0 *
Wi

0101100
+2281 0 -2304 0 +2280 0 *
Fa
0  1e-07 449 0

0101000
+2279 0 *
Ve
1e-07
4.14102554321289 0.5 0.259220659732819
0 0

0101101
*
Ed
 1e-07 1 1 0
1  704 0 0 0.307038736056648
0

0101000
+2309 0 -2277 0 *
Ed
 1e-07 1 1 0
1  705 0 0 0.197972644620391
0

0101000
+2277 0 -2282 0 *
Wi

0101100
-2280 0 +2276 0 +2275 0 *
Fa
0  1e-07 450 0

0101000
+2274 0 *
Ed
 1e-07 1 1 0
1  706 0 0 0.25
0

0101000
+2277 0 -3091 0 *
Ed
 1e-07 1 1 0
1  707 0 0 0.197972644620391
0

0101000
+3091 0 -2282 0 *
Wi

0101100
-2275 0 +2272 0 +2271 0 *
Fa
0  1e-07 451 0

0101000
+2270 0 *
Wi

0101100
-2271 0 -3090 0 -2281 0 *
Fa
0  1e-07 452 0

0101000
+2268 0 *
Ve
1e-07
4.01923084259033 0.375 1.16576361656189
0 0

0101101
*
Ed
 1e-07 1 1 0
1  708 0 0 0.197972763160348
0

0101000
+2266 0 -3919 0 *
Ed
 1e-07 1 1 0
1  709 0 0 0.197972616482804
0

0101000
+3937 0 -2266 0 *
Wi

0101100
+2265 0 -3918 0 +2264 0 *
Fa
0  1e-07 453 0

0101000
+2263 0 *
Ve
1e-07
4.14102554321289 0.5 1.25922060012817
0 0

0101101
*
Ed
 1e-07 1 1 0
1  710 0 0 0.25
0

0101000
+3937 0 -2261 0 *
Ed
 1e-07 1 1 0
1  711 0 0 0.197972616482804
0

0101000
+2261 0 -2266 0 *
Wi

0101100
-2264 0 +2260 0 +2259 0 *
Fa
0  1e-07 454 0

0101000
+2258 0 *
Ed
 1e-07 1 1 0
1  712 0 0 0.307038668022001
0

0101000
+2261 0 -2293 0 *
Ed
 1e-07 1 1 0
1  713 0 0 0.197972763160348
0

0101000
+2293 0 -2266 0 *
Wi

0101100
-2259 0 +2256 0 +2255 0 *
Fa
0  1e-07 455 0

0101000
+2254 0 *
Wi

0101100
-2255 0 -2292 0 -2265 0 *
Fa
0  1e-07 456 0

0101000
+2252 0 *
Ve
1e-07
4.26282072067261 0.375 0.368642359972
0 0

0101101
*
Ed
 1e-07 1 1 0
1  714 0 0 0.20599071274132
0

0101000
+2250 0 -3091 0 *
Ed
 1e-07 1 1 0
1  715 0 0 0.20599071274132
0

0101000
+2277 0 -2250 0 *
Wi

0101100
+2249 0 -2272 0 +2248 0 *
Fa
0  1e-07 457 0

0101000
+2247 0 *
Ve
1e-07
4.38461542129517 0.5 0.478064060211182
0 0

0101101
*
Ed
 1e-07 1 1 0
1  716 0 0 0.327457573797081
0

0101000
+2277 0 -2245 0 *
Ed
 1e-07 1 1 0
1  717 0 0 0.205990430804375
0

0101000
+2245 0 -2250 0 *
Wi

0101100
-2248 0 +2244 0 +2243 0 *
Fa
0  1e-07 458 0

0101000
+2242 0 *
Ed
 1e-07 1 1 0
1  718 0 0 0.25
0

0101000
+2245 0 -3059 0 *
Ed
 1e-07 1 1 0
1  719 0 0 0.205990430804375
0

0101000
+3059 0 -2250 0 *
Wi

0101100
-2243 0 +2240 0 +2239 0 *
Fa
0  1e-07 459 0

0101000
+2238 0 *
Wi

0101100
-2239 0 -3058 0 -2249 0 *
Fa
0  1e-07 460 0

0101000
+2236 0 *
Ve
1e-07
4.26282072067261 0.375 1.36864233016968
0 0

0101101
*
Ed
 1e-07 1 1 0
1  720 0 0 0.205990728572234
0

0101000
+2234 0 -3937 0 *
Ed
 1e-07 1 1 0
1  721 0 0 0.20599044663531
0

0101000
+3955 0 -2234 0 *
Wi

0101100
+2233 0 -3936 0 +2232 0 *
Fa
0  1e-07 461 0

0101000
+2231 0 *
Ve
1e-07
4.38461542129517 0.5 1.47806406021118
0 0

0101101
*
Ed
 1e-07 1 1 0
1  722 0 0 0.25
0

0101000
+3955 0 -2229 0 *
Ed
 1e-07 1 1 0
1  723 0 0 0.20599044663531
0

0101000
+2229 0 -2234 0 *
Wi

0101100
-2232 0 +2228 0 +2227 0 *
Fa
0  1e-07 462 0

0101000
+2226 0 *
Ed
 1e-07 1 1 0
1  724 0 0 0.327457613631506
0

0101000
+2229 0 -2261 0 *
Ed
 1e-07 1 1 0
1  725 0 0 0.205990728572234
0

0101000
+2261 0 -2234 0 *
Wi

0101100
-2227 0 +2224 0 +2223 0 *
Fa
0  1e-07 463 0

0101000
+2222 0 *
Wi

0101100
-2223 0 -2260 0 -2233 0 *
Fa
0  1e-07 464 0

0101000
+2220 0 *
Ve
1e-07
4.50641012191772 0.375 0.596989810466766
0 0

0101101
*
Ed
 1e-07 1 1 0
1  726 0 0 0.211192526320399
0

0101000
+2218 0 -3059 0 *
Ed
 1e-07 1 1 0
1  727 0 0 0.211192526320399
0

0101000
+2245 0 -2218 0 *
Wi

0101100
+2217 0 -2240 0 +2216 0 *
Fa
0  1e-07 465 0

0101000
+2215 0 *
Ve
1e-07
4.62820529937744 0.5 0.715915560722351
0 0

0101101
*
Ed
 1e-07 1 1 0
1  728 0 0 0.340454644555707
0

0101000
+2245 0 -2213 0 *
Ed
 1e-07 1 1 0
1  729 0 0 0.211192801312681
0

0101000
+2213 0 -2218 0 *
Wi

0101100
-2216 0 +2212 0 +2211 0 *
Fa
0  1e-07 466 0

0101000
+2210 0 *
Ed
 1e-07 1 1 0
1  730 0 0 0.25
0

0101000
+2213 0 -3027 0 *
Ed
 1e-07 1 1 0
1  731 0 0 0.211192801312681
0

0101000
+3027 0 -2218 0 *
Wi

0101100
-2211 0 +2208 0 +2207 0 *
Fa
0  1e-07 467 0

0101000
+2206 0 *
Wi

0101100
-2207 0 -3026 0 -2217 0 *
Fa
0  1e-07 468 0

0101000
+2204 0 *
Ve
1e-07
4.50641012191772 0.375 1.59698975086212
0 0

0101101
*
Ed
 1e-07 1 1 0
1  732 0 0 0.211192492756115
0

0101000
+2202 0 -3955 0 *
Ed
 1e-07 1 1 0
1  733 0 0 0.211192834876933
0

0101000
+3973 0 -2202 0 *
Wi

0101100
+2201 0 -3954 0 +2200 0 *
Fa
0  1e-07 469 0

0101000
+2199 0 *
Ve
1e-07
4.62820529937744 0.5 1.71591556072235
0 0

0101101
*
Ed
 1e-07 1 1 0
1  734 0 0 0.25
0

0101000
+3973 0 -2197 0 *
Ed
 1e-07 1 1 0
1  735 0 0 0.211192834876933
0

0101000
+2197 0 -2202 0 *
Wi

0101100
-2200 0 +2196 0 +2195 0 *
Fa
0  1e-07 470 0

0101000
+2194 0 *
Ed
 1e-07 1 1 0
1  736 0 0 0.340454644555707
0

0101000
+2197 0 -2229 0 *
Ed
 1e-07 1 1 0
1  737 0 0 0.211192492756115
0

0101000
+2229 0 -2202 0 *
Wi

0101100
-2195 0 +2192 0 +2191 0 *
Fa
0  1e-07 471 0

0101000
+2190 0 *
Wi

0101100
-2191 0 -2228 0 -2201 0 *
Fa
0  1e-07 472 0

0101000
+2188 0 *
Ve
1e-07
4.75 0.375 0.837323606014252
0 0

0101101
*
Ed
 1e-07 1 1 0
1  738 0 0 0.212600241207151
0

0101000
+2186 0 -3027 0 *
Ed
 1e-07 1 1 0
1  739 0 0 0.212600241207151
0

0101000
+2213 0 -2186 0 *
Wi

0101100
+2185 0 -2208 0 +2184 0 *
Fa
0  1e-07 473 0

0101000
+2183 0 *
Ve
1e-07
4.87179470062256 0.5 0.958731651306152
0 0

0101101
*
Ed
 1e-07 1 1 0
1  740 0 0 0.343941056353201
0

0101000
+2213 0 -2181 0 *
Ed
 1e-07 1 1 0
1  741 0 0 0.212600241207151
0

0101000
+2181 0 -2186 0 *
Wi

0101100
-2184 0 +2180 0 +2179 0 *
Fa
0  1e-07 474 0

0101000
+2178 0 *
Ed
 1e-07 1 1 0
1  742 0 0 0.25
0

0101000
+2181 0 -2995 0 *
Ed
 1e-07 1 1 0
1  743 0 0 0.212600241207151
0

0101000
+2995 0 -2186 0 *
Wi

0101100
-2179 0 +2176 0 +2175 0 *
Fa
0  1e-07 475 0

0101000
+2174 0 *
Wi

0101100
-2175 0 -2994 0 -2185 0 *
Fa
0  1e-07 476 0

0101000
+2172 0 *
Ve
1e-07
4.75 0.375 1.83732354640961
0 0

0101101
*
Ed
 1e-07 1 1 0
1  744 0 0 0.212600207169174
0

0101000
+2170 0 -3973 0 *
Ed
 1e-07 1 1 0
1  745 0 0 0.21260027524514
0

0101000
+3991 0 -2170 0 *
Wi

0101100
+2169 0 -3972 0 +2168 0 *
Fa
0  1e-07 477 0

0101000
+2167 0 *
Ve
1e-07
4.87179470062256 0.5 1.95873165130615
0 0

0101101
*
Ed
 1e-07 1 1 0
1  746 0 0 0.25
0

0101000
+3991 0 -2165 0 *
Ed
 1e-07 1 1 0
1  747 0 0 0.21260027524514
0

0101000
+2165 0 -2170 0 *
Wi

0101100
-2168 0 +2164 0 +2163 0 *
Fa
0  1e-07 478 0

0101000
+2162 0 *
Ed
 1e-07 1 1 0
1  748 0 0 0.343941056353201
0

0101000
+2165 0 -2197 0 *
Ed
 1e-07 1 1 0
1  749 0 0 0.212600207169174
0

0101000
+2197 0 -2170 0 *
Wi

0101100
-2163 0 +2160 0 +2159 0 *
Fa
0  1e-07 479 0

0101000
+2158 0 *
Wi

0101100
-2159 0 -2196 0 -2169 0 *
Fa
0  1e-07 480 0

0101000
+2156 0 *
Ve
1e-07
4.99358987808228 0.375 1.07545375823975
0 0

0101101
*
Ed
 1e-07 1 1 0
1  750 0 0 0.209959794959562
0

0101000
+2154 0 -2995 0 *
Ed
 1e-07 1 1 0
1  751 0 0 0.209959794959562
0

0101000
+2181 0 -2154 0 *
Wi

0101100
+2153 0 -2176 0 +2152 0 *
Fa
0  1e-07 481 0

0101000
+2151 0 *
Ve
1e-07
5.11538457870483 0.5 1.19217574596405
0 0

0101101
*
Ed
 1e-07 1 1 0
1  752 0 0 0.337390239981514
0

0101000
+2181 0 -2149 0 *
Ed
 1e-07 1 1 0
1  753 0 0 0.209959452080756
0

0101000
+2149 0 -2154 0 *
Wi

0101100
-2152 0 +2148 0 +2147 0 *
Fa
0  1e-07 482 0

0101000
+2146 0 *
Ed
 1e-07 1 1 0
1  754 0 0 0.25
0

0101000
+2149 0 -2963 0 *
Ed
 1e-07 1 1 0
1  755 0 0 0.209959452080756
0

0101000
+2963 0 -2154 0 *
Wi

0101100
-2147 0 +2144 0 +2143 0 *
Fa
0  1e-07 483 0

0101000
+2142 0 *
Wi

0101100
-2143 0 -2962 0 -2153 0 *
Fa
0  1e-07 484 0

0101000
+2140 0 *
Ve
1e-07
4.99358987808228 0.375 2.07545375823975
0 0

0101101
*
Ed
 1e-07 1 1 0
1  756 0 0 0.209959794959562
0

0101000
+2138 0 -3991 0 *
Ed
 1e-07 1 1 0
1  757 0 0 0.209959518352362
0

0101000
+4009 0 -2138 0 *
Wi

0101100
+2137 0 -3990 0 +2136 0 *
Fa
0  1e-07 485 0

0101000
+2135 0 *
Ve
1e-07
5.11538457870483 0.5 2.19217586517334
0 0

0101101
*
Ed
 1e-07 1 1 0
1  758 0 0 0.25
0

0101000
+4009 0 -2133 0 *
Ed
 1e-07 1 1 0
1  759 0 0 0.209959518352362
0

0101000
+2133 0 -2138 0 *
Wi

0101100
-2136 0 +2132 0 +2131 0 *
Fa
0  1e-07 486 0

0101000
+2130 0 *
Ed
 1e-07 1 1 0
1  760 0 0 0.33739032246377
0

0101000
+2133 0 -2165 0 *
Ed
 1e-07 1 1 0
1  761 0 0 0.209959794959562
0

0101000
+2165 0 -2138 0 *
Wi

0101100
-2131 0 +2128 0 +2127 0 *
Fa
0  1e-07 487 0

0101000
+2126 0 *
Wi

0101100
-2127 0 -2164 0 -2137 0 *
Fa
0  1e-07 488 0

0101000
+2124 0 *
Ve
1e-07
5.23717927932739 0.375 1.29732012748718
0 0

0101101
*
Ed
 1e-07 1 1 0
1  762 0 0 0.203750558442476
0

0101000
+2122 0 -2963 0 *
Ed
 1e-07 1 1 0
1  763 0 0 0.203750558442476
0

0101000
+2149 0 -2122 0 *
Wi

0101100
+2121 0 -2144 0 +2120 0 *
Fa
0  1e-07 489 0

0101000
+2119 0 *
Ve
1e-07
5.35897445678711 0.5 1.40246450901031
0 0

0101101
*
Ed
 1e-07 1 1 0
1  764 0 0 0.32180334455637
0

0101000
+2149 0 -2117 0 *
Ed
 1e-07 1 1 0
1  765 0 0 0.203750843478808
0

0101000
+2117 0 -2122 0 *
Wi

0101100
-2120 0 +2116 0 +2115 0 *
Fa
0  1e-07 490 0

0101000
+2114 0 *
Ed
 1e-07 1 1 0
1  766 0 0 0.25
0

0101000
+2117 0 -2931 0 *
Ed
 1e-07 1 1 0
1  767 0 0 0.203750843478808
0

0101000
+2931 0 -2122 0 *
Wi

0101100
-2115 0 +2112 0 +2111 0 *
Fa
0  1e-07 491 0

0101000
+2110 0 *
Wi

0101100
-2111 0 -2930 0 -2121 0 *
Fa
0  1e-07 492 0

0101000
+2108 0 *
Ve
1e-07
5.23717927932739 0.375 2.29732012748718
0 0

0101101
*
Ed
 1e-07 1 1 0
1  768 0 0 0.203750496925188
0

0101000
+2106 0 -4009 0 *
Ed
 1e-07 1 1 0
1  769 0 0 0.203750904996062
0

0101000
+4027 0 -2106 0 *
Wi

0101100
+2105 0 -4008 0 +2104 0 *
Fa
0  1e-07 493 0

0101000
+2103 0 *
Ve
1e-07
5.35897445678711 0.5 2.4024646282196
0 0

0101101
*
Ed
 1e-07 1 1 0
1  770 0 0 0.25
0

0101000
+4027 0 -2101 0 *
Ed
 1e-07 1 1 0
1  771 0 0 0.203750904996062
0

0101000
+2101 0 -2106 0 *
Wi

0101100
-2104 0 +2100 0 +2099 0 *
Fa
0  1e-07 494 0

0101000
+2098 0 *
Ed
 1e-07 1 1 0
1  772 0 0 0.32180334455637
0

0101000
+2101 0 -2133 0 *
Ed
 1e-07 1 1 0
1  773 0 0 0.203750496925188
0

0101000
+2133 0 -2106 0 *
Wi

0101100
-2099 0 +2096 0 +2095 0 *
Fa
0  1e-07 495 0

0101000
+2094 0 *
Wi

0101100
-2095 0 -2132 0 -2105 0 *
Fa
0  1e-07 496 0

0101000
+2092 0 *
Ve
1e-07
5.48076915740967 0.375 1.48982322216034
0 0

0101101
*
Ed
 1e-07 1 1 0
1  774 0 0 0.19516786073267
0

0101000
+2090 0 -2931 0 *
Ed
 1e-07 1 1 0
1  775 0 0 0.19516786073267
0

0101000
+2117 0 -2090 0 *
Wi

0101100
+2089 0 -2112 0 +2088 0 *
Fa
0  1e-07 497 0

0101000
+2087 0 *
Ve
1e-07
5.60256433486938 0.5 1.57718193531036
0 0

0101101
*
Ed
 1e-07 1 1 0
1  776 0 0 0.299770258292998
0

0101000
+2117 0 -2085 0 *
Ed
 1e-07 1 1 0
1  777 0 0 0.195168158303736
0

0101000
+2085 0 -2090 0 *
Wi

0101100
-2088 0 +2084 0 +2083 0 *
Fa
0  1e-07 498 0

0101000
+2082 0 *
Ed
 1e-07 1 1 0
1  778 0 0 0.25
0

0101000
+2085 0 -2899 0 *
Ed
 1e-07 1 1 0
1  779 0 0 0.195168158303736
0

0101000
+2899 0 -2090 0 *
Wi

0101100
-2083 0 +2080 0 +2079 0 *
Fa
0  1e-07 499 0

0101000
+2078 0 *
Wi

0101100
-2079 0 -2898 0 -2089 0 *
Fa
0  1e-07 500 0

0101000
+2076 0 *
Ve
1e-07
5.48076915740967 0.375 2.48982334136963
0 0

0101101
*
Ed
 1e-07 1 1 0
1  780 0 0 0.19516786073267
0

0101000
+2074 0 -4027 0 *
Ed
 1e-07 1 1 0
1  781 0 0 0.195168158303736
0

0101000
+4045 0 -2074 0 *
Wi

0101100
+2073 0 -4026 0 +2072 0 *
Fa
0  1e-07 501 0

0101000
+2071 0 *
Ve
1e-07
5.60256433486938 0.5 2.57718205451965
0 0

0101101
*
Ed
 1e-07 1 1 0
1  782 0 0 0.25
0

0101000
+4045 0 -2069 0 *
Ed
 1e-07 1 1 0
1  783 0 0 0.195168158303736
0

0101000
+2069 0 -2074 0 *
Wi

0101100
-2072 0 +2068 0 +2067 0 *
Fa
0  1e-07 502 0

0101000
+2066 0 *
Ed
 1e-07 1 1 0
1  784 0 0 0.299770258292998
0

0101000
+2069 0 -2101 0 *
Ed
 1e-07 1 1 0
1  785 0 0 0.19516786073267
0

0101000
+2101 0 -2074 0 *
Wi

0101100
-2067 0 +2064 0 +2063 0 *
Fa
0  1e-07 503 0

0101000
+2062 0 *
Wi

0101100
-2063 0 -2100 0 -2073 0 *
Fa
0  1e-07 504 0

0101000
+2060 0 *
Ve
1e-07
5.72435903549194 0.375 1.641597032547
0 0

0101101
*
Ed
 1e-07 1 1 0
1  786 0 0 0.186032937545327
0

0101000
+2058 0 -2899 0 *
Ed
 1e-07 1 1 0
1  787 0 0 0.186032937545327
0

0101000
+2085 0 -2058 0 *
Wi

0101100
+2057 0 -2080 0 +2056 0 *
Fa
0  1e-07 505 0

0101000
+2055 0 *
Ve
1e-07
5.8461537361145 0.5 1.70601212978363
0 0

0101101
*
Ed
 1e-07 1 1 0
1  788 0 0 0.275559458932141
0

0101000
+2085 0 -2053 0 *
Ed
 1e-07 1 1 0
1  789 0 0 0.186032937545327
0

0101000
+2053 0 -2058 0 *
Wi

0101100
-2056 0 +2052 0 +2051 0 *
Fa
0  1e-07 506 0

0101000
+2050 0 *
Ed
 1e-07 1 1 0
1  790 0 0 0.25
0

0101000
+2053 0 -2867 0 *
Ed
 1e-07 1 1 0
1  791 0 0 0.186032937545327
0

0101000
+2867 0 -2058 0 *
Wi

0101100
-2051 0 +2048 0 +2047 0 *
Fa
0  1e-07 507 0

0101000
+2046 0 *
Wi

0101100
-2047 0 -2866 0 -2057 0 *
Fa
0  1e-07 508 0

0101000
+2044 0 *
Ve
1e-07
5.72435903549194 0.375 2.641597032547
0 0

0101101
*
Ed
 1e-07 1 1 0
1  792 0 0 0.18603289626838
0

0101000
+2042 0 -4045 0 *
Ed
 1e-07 1 1 0
1  793 0 0 0.18603289626838
0

0101000
+4063 0 -2042 0 *
Wi

0101100
+2041 0 -4044 0 +2040 0 *
Fa
0  1e-07 509 0

0101000
+2039 0 *
Ve
1e-07
5.8461537361145 0.5 2.70601201057434
0 0

0101101
*
Ed
 1e-07 1 1 0
1  794 0 0 0.25
0

0101000
+4063 0 -2037 0 *
Ed
 1e-07 1 1 0
1  795 0 0 0.18603289626838
0

0101000
+2037 0 -2042 0 *
Wi

0101100
-2040 0 +2036 0 +2035 0 *
Fa
0  1e-07 510 0

0101000
+2034 0 *
Ed
 1e-07 1 1 0
1  796 0 0 0.275559347466217
0

0101000
+2037 0 -2069 0 *
Ed
 1e-07 1 1 0
1  797 0 0 0.18603289626838
0

0101000
+2069 0 -2042 0 *
Wi

0101100
-2035 0 +2032 0 +2031 0 *
Fa
0  1e-07 511 0

0101000
+2030 0 *
Wi

0101100
-2031 0 -2068 0 -2041 0 *
Fa
0  1e-07 512 0

0101000
+2028 0 *
Ve
1e-07
5.96794891357422 0.375 1.74368023872375
0 0

0101101
*
Ed
 1e-07 1 1 0
1  798 0 0 0.178543976889642
0

0101000
+2026 0 -2867 0 *
Ed
 1e-07 1 1 0
1  799 0 0 0.178543976889642
0

0101000
+2053 0 -2026 0 *
Wi

0101100
+2025 0 -2048 0 +2024 0 *
Fa
0  1e-07 513 0

0101000
+2023 0 *
Ve
1e-07
6.08974361419678 0.5 1.78134846687317
0 0

0101101
*
Ed
 1e-07 1 1 0
1  800 0 0 0.254973709213727
0

0101000
+2053 0 -2021 0 *
Ed
 1e-07 1 1 0
1  801 0 0 0.178543676761892
0

0101000
+2021 0 -2026 0 *
Wi

0101100
-2024 0 +2020 0 +2019 0 *
Fa
0  1e-07 514 0

0101000
+2018 0 *
Ed
 1e-07 1 1 0
1  802 0 0 0.25
0

0101000
+2021 0 -2835 0 *
Ed
 1e-07 1 1 0
1  803 0 0 0.178543676761892
0

0101000
+2835 0 -2026 0 *
Wi

0101100
-2019 0 +2016 0 +2015 0 *
Fa
0  1e-07 515 0

0101000
+2014 0 *
Wi

0101100
-2015 0 -2834 0 -2025 0 *
Fa
0  1e-07 516 0

0101000
+2012 0 *
Ve
1e-07
5.96794891357422 0.375 2.74368023872375
0 0

0101101
*
Ed
 1e-07 1 1 0
1  804 0 0 0.178544002039722
0

0101000
+2010 0 -4063 0 *
Ed
 1e-07 1 1 0
1  805 0 0 0.178543676761892
0

0101000
+4068 0 -2010 0 *
Wi

0101100
+2009 0 -4062 0 +2008 0 *
Fa
0  1e-07 517 0

0101000
+2007 0 *
Ve
1e-07
6.08974361419678 0.5 2.78134846687317
0 0

0101101
*
Ed
 1e-07 1 1 0
1  806 0 0 0.25
0

0101000
+4068 0 -2005 0 *
Ed
 1e-07 1 1 0
1  807 0 0 0.178543676761892
0

0101000
+2005 0 -2010 0 *
Wi

0101100
-2008 0 +2004 0 +2003 0 *
Fa
0  1e-07 518 0

0101000
+2002 0 *
Ed
 1e-07 1 1 0
1  808 0 0 0.254973744436173
0

0101000
+2005 0 -2037 0 *
Ed
 1e-07 1 1 0
1  809 0 0 0.178544002039722
0

0101000
+2037 0 -2010 0 *
Wi

0101100
-2003 0 +2000 0 +1999 0 *
Fa
0  1e-07 519 0

0101000
+1998 0 *
Wi

0101100
-1999 0 -2036 0 -2009 0 *
Fa
0  1e-07 520 0

0101000
+1996 0 *
Ve
1e-07
6.08974361419678 0.375 2.28134846687317
0 0

0101101
*
Ed
 1e-07 1 1 0
1  810 0 0 0.515388203202208
0

0101000
+1994 0 -2835 0 *
Ed
 1e-07 1 1 0
1  811 0 0 0.515388203202208
0

0101000
+2021 0 -1994 0 *
Wi

0101100
+1993 0 -2016 0 +1992 0 *
Fa
0  1e-07 521 0

0101000
+1991 0 *
Ed
 1e-07 1 1 0
1  812 0 0 1
0

0101000
+2021 0 -2005 0 *
Ed
 1e-07 1 1 0
1  813 0 0 0.515388203202208
0

0101000
+2005 0 -1994 0 *
Wi

0101100
-1992 0 +1989 0 +1988 0 *
Fa
0  1e-07 522 0

0101000
+1987 0 *
Ed
 1e-07 1 1 0
1  814 0 0 0.515388203202208
0

0101000
+4068 0 -1994 0 *
Wi

0101100
-1988 0 -2004 0 +1985 0 *
Fa
0  1e-07 523 0

0101000
+1984 0 *
Wi

0101100
-1985 0 -2803 0 -1993 0 *
Fa
0  1e-07 524 0

0101000
+1982 0 *
Ve
1e-07
0.121794871985912 0.625 2.78523921966553
0 0

0101101
*
Ed
 1e-07 1 1 0
1  815 0 0 0.175148137502092
0

0101000
+1980 0 -2784 0 *
Ed
 1e-07 1 1 0
1  816 0 0 0.175148137502092
0

0101000
+2789 0 -1980 0 *
Wi

0101100
+1979 0 -2783 0 +1978 0 *
Fa
0  1e-07 525 0

0101000
+1977 0 *
Ve
1e-07
0.243589743971825 0.75 2.77047848701477
0 0

0101101
*
Ed
 1e-07 1 1 0
1  817 0 0 0.25
0

0101000
+2789 0 -1975 0 *
Ed
 1e-07 1 1 0
1  818 0 0 0.175148137502092
0

0101000
+1975 0 -1980 0 *
Wi

0101100
-1978 0 +1974 0 +1973 0 *
Fa
0  1e-07 526 0

0101000
+1972 0 *
Ve
1e-07
0 0.75 2.79999995231628
0 0

0101101
*
Ed
 1e-07 1 1 0
1  819 0 0 0.245372126130511
0

0101000
+1975 0 -1970 0 *
Ed
 1e-07 1 1 0
1  820 0 0 0.175148137502092
0

0101000
+1970 0 -1980 0 *
Wi

0101100
-1973 0 +1969 0 +1968 0 *
Fa
0  1e-07 527 0

0101000
+1967 0 *
Ed
 1e-07 1 1 0
1  821 0 0 0.25
0

0101000
+1970 0 -2784 0 *
Wi

0101100
-1968 0 +1965 0 -1979 0 *
Fa
0  1e-07 528 0

0101000
+1964 0 *
Ve
1e-07
0 0.625 2.29999995231628
0 0

0101101
*
Ed
 1e-07 1 1 0
1  822 0 0 0.515388203202208
0

0101000
+1962 0 -4111 0 *
Ed
 1e-07 1 1 0
1  823 0 0 0.515388203202208
0

0101000
+2784 0 -1962 0 *
Wi

0101100
+1961 0 -2768 0 +1960 0 *
Fa
0  1e-07 529 0

0101000
+1959 0 *
Ed
 1e-07 1 1 0
1  824 0 0 0.515388203202208
0

0101000
+1970 0 -1962 0 *
Wi

0101100
-1960 0 -1965 0 +1957 0 *
Fa
0  1e-07 530 0

0101000
+1956 0 *
Ed
 1e-07 1 1 0
1  825 0 0 1
0

0101000
+1970 0 -4132 0 *
Ed
 1e-07 1 1 0
1  826 0 0 0.515388203202208
0

0101000
+4132 0 -1962 0 *
Wi

0101100
-1957 0 +1954 0 +1953 0 *
Fa
0  1e-07 531 0

0101000
+1952 0 *
Wi

0101100
-1953 0 -4109 0 -1961 0 *
Fa
0  1e-07 532 0

0101000
+1950 0 *
Ve
1e-07
0.365384608507156 0.625 1.72706758975983
0 0

0101101
*
Ed
 1e-07 1 1 0
1  827 0 0 0.179842944475753
0

0101000
+1948 0 -4102 0 *
Ed
 1e-07 1 1 0
1  828 0 0 0.179842944475753
0

0101000
+4120 0 -1948 0 *
Wi

0101100
+1947 0 -4101 0 +1946 0 *
Fa
0  1e-07 533 0

0101000
+1945 0 *
Ve
1e-07
0.487179487943649 0.75 1.68365681171417
0 0

0101101
*
Ed
 1e-07 1 1 0
1  829 0 0 0.258599972873887
0

0101000
+4120 0 -1943 0 *
Ed
 1e-07 1 1 0
1  830 0 0 0.179842954567253
0

0101000
+1943 0 -1948 0 *
Wi

0101100
-1946 0 +1942 0 +1941 0 *
Fa
0  1e-07 534 0

0101000
+1940 0 *
Ed
 1e-07 1 1 0
1  831 0 0 0.25
0

0101000
+1943 0 -2757 0 *
Ed
 1e-07 1 1 0
1  832 0 0 0.179842954567253
0

0101000
+2757 0 -1948 0 *
Wi

0101100
-1941 0 +1938 0 +1937 0 *
Fa
0  1e-07 535 0

0101000
+1936 0 *
Wi

0101100
-1937 0 -2756 0 -1947 0 *
Fa
0  1e-07 536 0

0101000
+1934 0 *
Ve
1e-07
0.365384608507156 0.625 2.72706770896912
0 0

0101101
*
Ed
 1e-07 1 1 0
1  833 0 0 0.179842944475753
0

0101000
+1932 0 -2789 0 *
Ed
 1e-07 1 1 0
1  834 0 0 0.179843012117257
0

0101000
+2741 0 -1932 0 *
Wi

0101100
+1931 0 -2736 0 +1930 0 *
Fa
0  1e-07 537 0

0101000
+1929 0 *
Ve
1e-07
0.487179487943649 0.75 2.68365669250488
0 0

0101101
*
Ed
 1e-07 1 1 0
1  835 0 0 0.25
0

0101000
+2741 0 -1927 0 *
Ed
 1e-07 1 1 0
1  836 0 0 0.179843012117257
0

0101000
+1927 0 -1932 0 *
Wi

0101100
-1930 0 +1926 0 +1925 0 *
Fa
0  1e-07 538 0

0101000
+1924 0 *
Ed
 1e-07 1 1 0
1  837 0 0 0.258600052919902
0

0101000
+1927 0 -1975 0 *
Ed
 1e-07 1 1 0
1  838 0 0 0.179842944475753
0

0101000
+1975 0 -1932 0 *
Wi

0101100
-1925 0 +1922 0 +1921 0 *
Fa
0  1e-07 539 0

0101000
+1920 0 *
Wi

0101100
-1921 0 -1974 0 -1931 0 *
Fa
0  1e-07 540 0

0101000
+1918 0 *
Ve
1e-07
0.60897433757782 0.625 1.61415898799896
0 0

0101101
*
Ed
 1e-07 1 1 0
1  839 0 0 0.187853487853062
0

0101000
+1916 0 -2757 0 *
Ed
 1e-07 1 1 0
1  840 0 0 0.187853487853062
0

0101000
+1943 0 -1916 0 *
Wi

0101100
+1915 0 -1938 0 +1914 0 *
Fa
0  1e-07 541 0

0101000
+1913 0 *
Ve
1e-07
0.730769217014313 0.75 1.54466116428375
0 0

0101101
*
Ed
 1e-07 1 1 0
1  841 0 0 0.280456317656281
0

0101000
+1943 0 -1911 0 *
Ed
 1e-07 1 1 0
1  842 0 0 0.187853507175406
0

0101000
+1911 0 -1916 0 *
Wi

0101100
-1914 0 +1910 0 +1909 0 *
Fa
0  1e-07 542 0

0101000
+1908 0 *
Ed
 1e-07 1 1 0
1  843 0 0 0.25
0

0101000
+1911 0 -2725 0 *
Ed
 1e-07 1 1 0
1  844 0 0 0.187853507175406
0

0101000
+2725 0 -1916 0 *
Wi

0101100
-1909 0 +1906 0 +1905 0 *
Fa
0  1e-07 543 0

0101000
+1904 0 *
Wi

0101100
-1905 0 -2724 0 -1915 0 *
Fa
0  1e-07 544 0

0101000
+1902 0 *
Ve
1e-07
0.60897433757782 0.625 2.61415886878967
0 0

0101101
*
Ed
 1e-07 1 1 0
1  845 0 0 0.187853487853062
0

0101000
+1900 0 -2741 0 *
Ed
 1e-07 1 1 0
1  846 0 0 0.187853418970782
0

0101000
+2709 0 -1900 0 *
Wi

0101100
+1899 0 -2704 0 +1898 0 *
Fa
0  1e-07 545 0

0101000
+1897 0 *
Ve
1e-07
0.730769217014313 0.75 2.54466128349304
0 0

0101101
*
Ed
 1e-07 1 1 0
1  847 0 0 0.25
0

0101000
+2709 0 -1895 0 *
Ed
 1e-07 1 1 0
1  848 0 0 0.187853418970782
0

0101000
+1895 0 -1900 0 *
Wi

0101100
-1898 0 +1894 0 +1893 0 *
Fa
0  1e-07 546 0

0101000
+1892 0 *
Ed
 1e-07 1 1 0
1  849 0 0 0.280456199494838
0

0101000
+1895 0 -1927 0 *
Ed
 1e-07 1 1 0
1  850 0 0 0.187853487853062
0

0101000
+1927 0 -1900 0 *
Wi

0101100
-1893 0 +1890 0 +1889 0 *
Fa
0  1e-07 547 0

0101000
+1888 0 *
Wi

0101100
-1889 0 -1926 0 -1899 0 *
Fa
0  1e-07 548 0

0101000
+1886 0 *
Ve
1e-07
0.852564096450806 0.625 1.45317983627319
0 0

0101101
*
Ed
 1e-07 1 1 0
1  851 0 0 0.197047776012634
0

0101000
+1884 0 -2725 0 *
Ed
 1e-07 1 1 0
1  852 0 0 0.197047776012634
0

0101000
+1911 0 -1884 0 *
Wi

0101100
+1883 0 -1906 0 +1882 0 *
Fa
0  1e-07 549 0

0101000
+1881 0 *
Ve
1e-07
0.974358975887299 0.75 1.36169850826263
0 0

0101101
*
Ed
 1e-07 1 1 0
1  853 0 0 0.30464947747551
0

0101000
+1911 0 -1879 0 *
Ed
 1e-07 1 1 0
1  854 0 0 0.197047776012634
0

0101000
+1879 0 -1884 0 *
Wi

0101100
-1882 0 +1878 0 +1877 0 *
Fa
0  1e-07 550 0

0101000
+1876 0 *
Ed
 1e-07 1 1 0
1  855 0 0 0.25
0

0101000
+1879 0 -2693 0 *
Ed
 1e-07 1 1 0
1  856 0 0 0.197047776012634
0

0101000
+2693 0 -1884 0 *
Wi

0101100
-1877 0 +1874 0 +1873 0 *
Fa
0  1e-07 551 0

0101000
+1872 0 *
Wi

0101100
-1873 0 -2692 0 -1883 0 *
Fa
0  1e-07 552 0

0101000
+1870 0 *
Ve
1e-07
0.852564096450806 0.625 2.45317983627319
0 0

0101101
*
Ed
 1e-07 1 1 0
1  857 0 0 0.197047831356724
0

0101000
+1868 0 -2709 0 *
Ed
 1e-07 1 1 0
1  858 0 0 0.197047720668602
0

0101000
+2677 0 -1868 0 *
Wi

0101100
+1867 0 -2672 0 +1866 0 *
Fa
0  1e-07 553 0

0101000
+1865 0 *
Ve
1e-07
0.974358975887299 0.75 2.36169862747192
0 0

0101101
*
Ed
 1e-07 1 1 0
1  859 0 0 0.25
0

0101000
+2677 0 -1863 0 *
Ed
 1e-07 1 1 0
1  860 0 0 0.197047720668602
0

0101000
+1863 0 -1868 0 *
Wi

0101100
-1866 0 +1862 0 +1861 0 *
Fa
0  1e-07 554 0

0101000
+1860 0 *
Ed
 1e-07 1 1 0
1  861 0 0 0.30464947747551
0

0101000
+1863 0 -1895 0 *
Ed
 1e-07 1 1 0
1  862 0 0 0.197047831356724
0

0101000
+1895 0 -1868 0 *
Wi

0101100
-1861 0 +1858 0 +1857 0 *
Fa
0  1e-07 555 0

0101000
+1856 0 *
Wi

0101100
-1857 0 -1894 0 -1867 0 *
Fa
0  1e-07 556 0

0101000
+1854 0 *
Ve
1e-07
1.09615385532379 0.625 1.25363492965698
0 0

0101101
*
Ed
 1e-07 1 1 0
1  863 0 0 0.205272330522186
0

0101000
+1852 0 -2693 0 *
Ed
 1e-07 1 1 0
1  864 0 0 0.205272330522186
0

0101000
+1879 0 -1852 0 *
Wi

0101100
+1851 0 -1874 0 +1850 0 *
Fa
0  1e-07 557 0

0101000
+1849 0 *
Ve
1e-07
1.21794867515564 0.75 1.14557135105133
0 0

0101101
*
Ed
 1e-07 1 1 0
1  865 0 0 0.325648414204461
0

0101000
+1879 0 -1847 0 *
Ed
 1e-07 1 1 0
1  866 0 0 0.20527229515678
0

0101000
+1847 0 -1852 0 *
Wi

0101100
-1850 0 +1846 0 +1845 0 *
Fa
0  1e-07 558 0

0101000
+1844 0 *
Ed
 1e-07 1 1 0
1  867 0 0 0.25
0

0101000
+1847 0 -2661 0 *
Ed
 1e-07 1 1 0
1  868 0 0 0.20527229515678
0

0101000
+2661 0 -1852 0 *
Wi

0101100
-1845 0 +1842 0 +1841 0 *
Fa
0  1e-07 559 0

0101000
+1840 0 *
Wi

0101100
-1841 0 -2660 0 -1851 0 *
Fa
0  1e-07 560 0

0101000
+1838 0 *
Ve
1e-07
1.09615385532379 0.625 2.25363492965698
0 0

0101101
*
Ed
 1e-07 1 1 0
1  869 0 0 0.205272393278757
0

0101000
+1836 0 -2677 0 *
Ed
 1e-07 1 1 0
1  870 0 0 0.205272232400248
0

0101000
+2645 0 -1836 0 *
Wi

0101100
+1835 0 -2640 0 +1834 0 *
Fa
0  1e-07 561 0

0101000
+1833 0 *
Ve
1e-07
1.21794867515564 0.75 2.14557147026062
0 0

0101101
*
Ed
 1e-07 1 1 0
1  871 0 0 0.25
0

0101000
+2645 0 -1831 0 *
Ed
 1e-07 1 1 0
1  872 0 0 0.205272232400248
0

0101000
+1831 0 -1836 0 *
Wi

0101100
-1834 0 +1830 0 +1829 0 *
Fa
0  1e-07 562 0

0101000
+1828 0 *
Ed
 1e-07 1 1 0
1  873 0 0 0.325648414204461
0

0101000
+1831 0 -1863 0 *
Ed
 1e-07 1 1 0
1  874 0 0 0.205272393278757
0

0101000
+1863 0 -1836 0 *
Wi

0101100
-1829 0 +1826 0 +1825 0 *
Fa
0  1e-07 563 0

0101000
+1824 0 *
Wi

0101100
-1825 0 -1862 0 -1835 0 *
Fa
0  1e-07 564 0

0101000
+1822 0 *
Ve
1e-07
1.33974361419678 0.625 1.02730596065521
0 0

0101101
*
Ed
 1e-07 1 1 0
1  875 0 0 0.210821511572184
0

0101000
+1820 0 -2661 0 *
Ed
 1e-07 1 1 0
1  876 0 0 0.210821511572184
0

0101000
+1847 0 -1820 0 *
Wi

0101100
+1819 0 -1842 0 +1818 0 *
Fa
0  1e-07 565 0

0101000
+1817 0 *
Ve
1e-07
1.46153843402863 0.75 0.909040629863739
0 0

0101101
*
Ed
 1e-07 1 1 0
1  877 0 0 0.339533139315327
0

0101000
+1847 0 -1815 0 *
Ed
 1e-07 1 1 0
1  878 0 0 0.210821409266443
0

0101000
+1815 0 -1820 0 *
Wi

0101100
-1818 0 +1814 0 +1813 0 *
Fa
0  1e-07 566 0

0101000
+1812 0 *
Ed
 1e-07 1 1 0
1  879 0 0 0.25
0

0101000
+1815 0 -2629 0 *
Ed
 1e-07 1 1 0
1  880 0 0 0.210821409266443
0

0101000
+2629 0 -1820 0 *
Wi

0101100
-1813 0 +1810 0 +1809 0 *
Fa
0  1e-07 567 0

0101000
+1808 0 *
Wi

0101100
-1809 0 -2628 0 -1819 0 *
Fa
0  1e-07 568 0

0101000
+1806 0 *
Ve
1e-07
1.33974361419678 0.625 2.0273060798645
0 0

0101101
*
Ed
 1e-07 1 1 0
1  881 0 0 0.210821511572184
0

0101000
+1804 0 -2645 0 *
Ed
 1e-07 1 1 0
1  882 0 0 0.210821509576464
0

0101000
+2613 0 -1804 0 *
Wi

0101100
+1803 0 -2608 0 +1802 0 *
Fa
0  1e-07 569 0

0101000
+1801 0 *
Ve
1e-07
1.46153843402863 0.75 1.90904057025909
0 0

0101101
*
Ed
 1e-07 1 1 0
1  883 0 0 0.25
0

0101000
+2613 0 -1799 0 *
Ed
 1e-07 1 1 0
1  884 0 0 0.210821509576464
0

0101000
+1799 0 -1804 0 *
Wi

0101100
-1802 0 +1798 0 +1797 0 *
Fa
0  1e-07 570 0

0101000
+1796 0 *
Ed
 1e-07 1 1 0
1  885 0 0 0.339533263883425
0

0101000
+1799 0 -1831 0 *
Ed
 1e-07 1 1 0
1  886 0 0 0.210821511572184
0

0101000
+1831 0 -1804 0 *
Wi

0101100
-1797 0 +1794 0 +1793 0 *
Fa
0  1e-07 571 0

0101000
+1792 0 *
Wi

0101100
-1793 0 -1830 0 -1803 0 *
Fa
0  1e-07 572 0

0101000
+1790 0 *
Ve
1e-07
1.58333337306976 0.625 0.787556171417236
0 0

0101101
*
Ed
 1e-07 1 1 0
1  887 0 0 0.212644023711165
0

0101000
+1788 0 -2629 0 *
Ed
 1e-07 1 1 0
1  888 0 0 0.212644023711165
0

0101000
+1815 0 -1788 0 *
Wi

0101100
+1787 0 -1810 0 +1786 0 *
Fa
0  1e-07 573 0

0101000
+1785 0 *
Ve
1e-07
1.70512819290161 0.75 0.666071772575378
0 0

0101101
*
Ed
 1e-07 1 1 0
1  889 0 0 0.344049177066028
0

0101000
+1815 0 -1783 0 *
Ed
 1e-07 1 1 0
1  890 0 0 0.212643921379944
0

0101000
+1783 0 -1788 0 *
Wi

0101100
-1786 0 +1782 0 +1781 0 *
Fa
0  1e-07 574 0

0101000
+1780 0 *
Ed
 1e-07 1 1 0
1  891 0 0 0.25
0

0101000
+1783 0 -2597 0 *
Ed
 1e-07 1 1 0
1  892 0 0 0.212643921379944
0

0101000
+2597 0 -1788 0 *
Wi

0101100
-1781 0 +1778 0 +1777 0 *
Fa
0  1e-07 575 0

0101000
+1776 0 *
Wi

0101100
-1777 0 -2596 0 -1787 0 *
Fa
0  1e-07 576 0

0101000
+1774 0 *
Ve
1e-07
1.58333337306976 0.625 1.78755617141724
0 0

0101101
*
Ed
 1e-07 1 1 0
1  893 0 0 0.212643989658777
0

0101000
+1772 0 -2613 0 *
Ed
 1e-07 1 1 0
1  894 0 0 0.212643921379944
0

0101000
+2581 0 -1772 0 *
Wi

0101100
+1771 0 -2576 0 +1770 0 *
Fa
0  1e-07 577 0

0101000
+1769 0 *
Ve
1e-07
1.70512819290161 0.75 1.66607177257538
0 0

0101101
*
Ed
 1e-07 1 1 0
1  895 0 0 0.25
0

0101000
+2581 0 -1767 0 *
Ed
 1e-07 1 1 0
1  896 0 0 0.212643921379944
0

0101000
+1767 0 -1772 0 *
Wi

0101100
-1770 0 +1766 0 +1765 0 *
Fa
0  1e-07 578 0

0101000
+1764 0 *
Ed
 1e-07 1 1 0
1  897 0 0 0.344049134973
0

0101000
+1767 0 -1799 0 *
Ed
 1e-07 1 1 0
1  898 0 0 0.212643989658777
0

0101000
+1799 0 -1772 0 *
Wi

0101100
-1765 0 +1762 0 +1761 0 *
Fa
0  1e-07 579 0

0101000
+1760 0 *
Wi

0101100
-1761 0 -1798 0 -1771 0 *
Fa
0  1e-07 580 0

0101000
+1758 0 *
Ve
1e-07
1.82692313194275 0.625 0.548541128635406
0 0

0101101
*
Ed
 1e-07 1 1 0
1  899 0 0 0.210410217054636
0

0101000
+1756 0 -2597 0 *
Ed
 1e-07 1 1 0
1  900 0 0 0.210410217054636
0

0101000
+1783 0 -1756 0 *
Wi

0101100
+1755 0 -1778 0 +1754 0 *
Fa
0  1e-07 581 0

0101000
+1753 0 *
Ve
1e-07
1.9487179517746 0.75 0.431010454893112
0 0

0101101
*
Ed
 1e-07 1 1 0
1  901 0 0 0.338511142650168
0

0101000
+1783 0 -1751 0 *
Ed
 1e-07 1 1 0
1  902 0 0 0.210410164697882
0

0101000
+1751 0 -1756 0 *
Wi

0101100
-1754 0 +1750 0 +1749 0 *
Fa
0  1e-07 582 0

0101000
+1748 0 *
Ed
 1e-07 1 1 0
1  903 0 0 0.25
0

0101000
+1751 0 -2565 0 *
Ed
 1e-07 1 1 0
1  904 0 0 0.210410164697882
0

0101000
+2565 0 -1756 0 *
Wi

0101100
-1749 0 +1746 0 +1745 0 *
Fa
0  1e-07 583 0

0101000
+1744 0 *
Wi

0101100
-1745 0 -2564 0 -1755 0 *
Fa
0  1e-07 584 0

0101000
+1742 0 *
Ve
1e-07
1.82692313194275 0.625 1.54854106903076
0 0

0101101
*
Ed
 1e-07 1 1 0
1  905 0 0 0.21041025034852
0

0101000
+1740 0 -2581 0 *
Ed
 1e-07 1 1 0
1  906 0 0 0.210410114757052
0

0101000
+2549 0 -1740 0 *
Wi

0101100
+1739 0 -2544 0 +1738 0 *
Fa
0  1e-07 585 0

0101000
+1737 0 *
Ve
1e-07
1.9487179517746 0.75 1.43101048469543
0 0

0101101
*
Ed
 1e-07 1 1 0
1  907 0 0 0.25
0

0101000
+2549 0 -1735 0 *
Ed
 1e-07 1 1 0
1  908 0 0 0.210410114757052
0

0101000
+1735 0 -1740 0 *
Wi

0101100
-1738 0 +1734 0 +1733 0 *
Fa
0  1e-07 586 0

0101000
+1732 0 *
Ed
 1e-07 1 1 0
1  909 0 0 0.338511121955509
0

0101000
+1735 0 -1767 0 *
Ed
 1e-07 1 1 0
1  910 0 0 0.21041025034852
0

0101000
+1767 0 -1740 0 *
Wi

0101100
-1733 0 +1730 0 +1729 0 *
Fa
0  1e-07 587 0

0101000
+1728 0 *
Wi

0101100
-1729 0 -1766 0 -1739 0 *
Fa
0  1e-07 588 0

0101000
+1726 0 *
Ve
1e-07
2.07051277160645 0.625 0.324372947216034
0 0

0101101
*
Ed
 1e-07 1 1 0
1  911 0 0 0.204525148041631
0

0101000
+1724 0 -2565 0 *
Ed
 1e-07 1 1 0
1  912 0 0 0.204525148041631
0

0101000
+1751 0 -1724 0 *
Wi

0101100
+1723 0 -1746 0 +1722 0 *
Fa
0  1e-07 589 0

0101000
+1721 0 *
Ve
1e-07
2.19230771064758 0.75 0.217735439538956
0 0

0101101
*
Ed
 1e-07 1 1 0
1  913 0 0 0.323762571651071
0

0101000
+1751 0 -1719 0 *
Ed
 1e-07 1 1 0
1  914 0 0 0.204525219030841
0

0101000
+1719 0 -1724 0 *
Wi

0101100
-1722 0 +1718 0 +1717 0 *
Fa
0  1e-07 590 0

0101000
+1716 0 *
Ed
 1e-07 1 1 0
1  915 0 0 0.25
0

0101000
+1719 0 -2533 0 *
Ed
 1e-07 1 1 0
1  916 0 0 0.204525219030841
0

0101000
+2533 0 -1724 0 *
Wi

0101100
-1717 0 +1714 0 +1713 0 *
Fa
0  1e-07 591 0

0101000
+1712 0 *
Wi

0101100
-1713 0 -2532 0 -1723 0 *
Fa
0  1e-07 592 0

0101000
+1710 0 *
Ve
1e-07
2.07051277160645 0.625 1.32437288761139
0 0

0101101
*
Ed
 1e-07 1 1 0
1  917 0 0 0.204525194657606
0

0101000
+1708 0 -2549 0 *
Ed
 1e-07 1 1 0
1  918 0 0 0.204525203492194
0

0101000
+2517 0 -1708 0 *
Wi

0101100
+1707 0 -2512 0 +1706 0 *
Fa
0  1e-07 593 0

0101000
+1705 0 *
Ve
1e-07
2.19230771064758 0.75 1.21773540973663
0 0

0101101
*
Ed
 1e-07 1 1 0
1  919 0 0 0.25
0

0101000
+2517 0 -1703 0 *
Ed
 1e-07 1 1 0
1  920 0 0 0.204525203492194
0

0101000
+1703 0 -1708 0 *
Wi

0101100
-1706 0 +1702 0 +1701 0 *
Fa
0  1e-07 594 0

0101000
+1700 0 *
Ed
 1e-07 1 1 0
1  921 0 0 0.323762610914975
0

0101000
+1703 0 -1735 0 *
Ed
 1e-07 1 1 0
1  922 0 0 0.204525194657606
0

0101000
+1735 0 -1708 0 *
Wi

0101100
-1701 0 +1698 0 +1697 0 *
Fa
0  1e-07 595 0

0101000
+1696 0 *
Wi

0101100
-1697 0 -1734 0 -1707 0 *
Fa
0  1e-07 596 0

0101000
+1694 0 *
Ve
1e-07
2.31410264968872 0.625 0.128287300467491
0 0

0101101
*
Ed
 1e-07 1 1 0
1  923 0 0 0.196112153522882
0

0101000
+1692 0 -2533 0 *
Ed
 1e-07 1 1 0
1  924 0 0 0.196112153522882
0

0101000
+1719 0 -1692 0 *
Wi

0101100
+1691 0 -1714 0 +1690 0 *
Fa
0  1e-07 597 0

0101000
+1689 0 *
Ve
1e-07
2.43589735031128 0.75 0.0388391576707363
0 0

0101101
*
Ed
 1e-07 1 1 0
1  925 0 0 0.302224737931498
0

0101000
+1719 0 -1687 0 *
Ed
 1e-07 1 1 0
1  926 0 0 0.19611200715287
0

0101000
+1687 0 -1692 0 *
Wi

0101100
-1690 0 +1686 0 +1685 0 *
Fa
0  1e-07 598 0

0101000
+1684 0 *
Ed
 1e-07 1 1 0
1  927 0 0 0.25
0

0101000
+1687 0 -2501 0 *
Ed
 1e-07 1 1 0
1  928 0 0 0.19611200715287
0

0101000
+2501 0 -1692 0 *
Wi

0101100
-1685 0 +1682 0 +1681 0 *
Fa
0  1e-07 599 0

0101000
+1680 0 *
Wi

0101100
-1681 0 -2500 0 -1691 0 *
Fa
0  1e-07 600 0

0101000
+1678 0 *
Ve
1e-07
2.31410264968872 0.625 1.12828731536865
0 0

0101101
*
Ed
 1e-07 1 1 0
1  929 0 0 0.196112133133311
0

0101000
+1676 0 -2517 0 *
Ed
 1e-07 1 1 0
1  930 0 0 0.196112039436399
0

0101000
+2485 0 -1676 0 *
Wi

0101100
+1675 0 -2480 0 +1674 0 *
Fa
0  1e-07 601 0

0101000
+1673 0 *
Ve
1e-07
2.43589735031128 0.75 1.03883910179138
0 0

0101101
*
Ed
 1e-07 1 1 0
1  931 0 0 0.25
0

0101000
+2485 0 -1671 0 *
Ed
 1e-07 1 1 0
1  932 0 0 0.196112039436399
0

0101000
+1671 0 -1676 0 *
Wi

0101100
-1674 0 +1670 0 +1669 0 *
Fa
0  1e-07 602 0

0101000
+1668 0 *
Ed
 1e-07 1 1 0
1  933 0 0 0.30222475336731
0

0101000
+1671 0 -1703 0 *
Ed
 1e-07 1 1 0
1  934 0 0 0.196112133133311
0

0101000
+1703 0 -1676 0 *
Wi

0101100
-1669 0 +1666 0 +1665 0 *
Fa
0  1e-07 603 0

0101000
+1664 0 *
Wi

0101100
-1665 0 -1702 0 -1675 0 *
Fa
0  1e-07 604 0

0101000
+1662 0 *
Ve
1e-07
2.55769228935242 0.625 -0.0281383171677589
0 0

0101101
*
Ed
 1e-07 1 1 0
1  935 0 0 0.186935789274755
0

0101000
+1660 0 -2501 0 *
Ed
 1e-07 1 1 0
1  936 0 0 0.186935789274755
0

0101000
+1687 0 -1660 0 *
Wi

0101100
+1659 0 -1682 0 +1658 0 *
Fa
0  1e-07 605 0

0101000
+1657 0 *
Ve
1e-07
2.67948722839355 0.75 -0.0951157882809639
0 0

0101101
*
Ed
 1e-07 1 1 0
1  937 0 0 0.277992726971518
0

0101000
+1687 0 -1655 0 *
Ed
 1e-07 1 1 0
1  938 0 0 0.186935787940016
0

0101000
+1655 0 -1660 0 *
Wi

0101100
-1658 0 +1654 0 +1653 0 *
Fa
0  1e-07 606 0

0101000
+1652 0 *
Ed
 1e-07 1 1 0
1  939 0 0 0.25
0

0101000
+1655 0 -2469 0 *
Ed
 1e-07 1 1 0
1  940 0 0 0.186935787940016
0

0101000
+2469 0 -1660 0 *
Wi

0101100
-1653 0 +1650 0 +1649 0 *
Fa
0  1e-07 607 0

0101000
+1648 0 *
Wi

0101100
-1649 0 -2468 0 -1659 0 *
Fa
0  1e-07 608 0

0101000
+1646 0 *
Ve
1e-07
2.55769228935242 0.625 0.971861660480499
0 0

0101101
*
Ed
 1e-07 1 1 0
1  941 0 0 0.186935777262105
0

0101000
+1644 0 -2485 0 *
Ed
 1e-07 1 1 0
1  942 0 0 0.186935777262105
0

0101000
+2453 0 -1644 0 *
Wi

0101100
+1643 0 -2448 0 +1642 0 *
Fa
0  1e-07 609 0

0101000
+1641 0 *
Ve
1e-07
2.67948722839355 0.75 0.904884219169617
0 0

0101101
*
Ed
 1e-07 1 1 0
1  943 0 0 0.25
0

0101000
+2453 0 -1639 0 *
Ed
 1e-07 1 1 0
1  944 0 0 0.186935777262105
0

0101000
+1639 0 -1644 0 *
Wi

0101100
-1642 0 +1638 0 +1637 0 *
Fa
0  1e-07 610 0

0101000
+1636 0 *
Ed
 1e-07 1 1 0
1  945 0 0 0.277992696455048
0

0101000
+1639 0 -1671 0 *
Ed
 1e-07 1 1 0
1  946 0 0 0.186935777262105
0

0101000
+1671 0 -1644 0 *
Wi

0101100
-1637 0 +1634 0 +1633 0 *
Fa
0  1e-07 611 0

0101000
+1632 0 *
Wi

0101100
-1633 0 -1670 0 -1643 0 *
Fa
0  1e-07 612 0

0101000
+1630 0 *
Ve
1e-07
2.80128216743469 0.625 -0.135668039321899
0 0

0101101
*
Ed
 1e-07 1 1 0
1  947 0 0 0.179174474299554
0

0101000
+1628 0 -2469 0 *
Ed
 1e-07 1 1 0
1  948 0 0 0.179174474299554
0

0101000
+1655 0 -1628 0 *
Wi

0101100
+1627 0 -1650 0 +1626 0 *
Fa
0  1e-07 613 0

0101000
+1625 0 *
Ve
1e-07
2.92307686805725 0.75 -0.176220282912254
0 0

0101101
*
Ed
 1e-07 1 1 0
1  949 0 0 0.256736930730439
0

0101000
+1655 0 -1623 0 *
Ed
 1e-07 1 1 0
1  950 0 0 0.179174310546881
0

0101000
+1623 0 -1628 0 *
Wi

0101100
-1626 0 +1622 0 +1621 0 *
Fa
0  1e-07 614 0

0101000
+1620 0 *
Ed
 1e-07 1 1 0
1  951 0 0 0.25
0

0101000
+1623 0 -2437 0 *
Ed
 1e-07 1 1 0
1  952 0 0 0.179174310546881
0

0101000
+2437 0 -1628 0 *
Wi

0101100
-1621 0 +1618 0 +1617 0 *
Fa
0  1e-07 615 0

0101000
+1616 0 *
Wi

0101100
-1617 0 -2436 0 -1627 0 *
Fa
0  1e-07 616 0

0101000
+1614 0 *
Ve
1e-07
2.80128216743469 0.625 0.864331960678101
0 0

0101101
*
Ed
 1e-07 1 1 0
1  953 0 0 0.179174475985831
0

0101000
+1612 0 -2453 0 *
Ed
 1e-07 1 1 0
1  954 0 0 0.179174313919438
0

0101000
+2421 0 -1612 0 *
Wi

0101100
+1611 0 -2416 0 +1610 0 *
Fa
0  1e-07 617 0

0101000
+1609 0 *
Ve
1e-07
2.92307686805725 0.75 0.823779702186584
0 0

0101101
*
Ed
 1e-07 1 1 0
1  955 0 0 0.25
0

0101000
+2421 0 -1607 0 *
Ed
 1e-07 1 1 0
1  956 0 0 0.179174313919438
0

0101000
+1607 0 -1612 0 *
Wi

0101100
-1610 0 +1606 0 +1605 0 *
Fa
0  1e-07 618 0

0101000
+1604 0 *
Ed
 1e-07 1 1 0
1  957 0 0 0.256736937791469
0

0101000
+1607 0 -1639 0 *
Ed
 1e-07 1 1 0
1  958 0 0 0.179174475985831
0

0101000
+1639 0 -1612 0 *
Wi

0101100
-1605 0 +1602 0 +1601 0 *
Fa
0  1e-07 619 0

0101000
+1600 0 *
Wi

0101100
-1601 0 -1638 0 -1611 0 *
Fa
0  1e-07 620 0

0101000
+1598 0 *
Ve
1e-07
3.04487180709839 0.625 -0.187952980399132
0 0

0101101
*
Ed
 1e-07 1 1 0
1  959 0 0 0.174919019452869
0

0101000
+1596 0 -2437 0 *
Ed
 1e-07 1 1 0
1  960 0 0 0.174919019452869
0

0101000
+1623 0 -1596 0 *
Wi

0101100
+1595 0 -1618 0 +1594 0 *
Fa
0  1e-07 621 0

0101000
+1593 0 *
Ve
1e-07
3.16666674613953 0.75 -0.199685662984848
0 0

0101101
*
Ed
 1e-07 1 1 0
1  961 0 0 0.2447174958316
0

0101000
+1623 0 -1591 0 *
Ed
 1e-07 1 1 0
1  962 0 0 0.174919018453373
0

0101000
+1591 0 -1596 0 *
Wi

0101100
-1594 0 +1590 0 +1589 0 *
Fa
0  1e-07 622 0

0101000
+1588 0 *
Ed
 1e-07 1 1 0
1  963 0 0 0.25
0

0101000
+1591 0 -2405 0 *
Ed
 1e-07 1 1 0
1  964 0 0 0.174919018453373
0

0101000
+2405 0 -1596 0 *
Wi

0101100
-1589 0 +1586 0 +1585 0 *
Fa
0  1e-07 623 0

0101000
+1584 0 *
Wi

0101100
-1585 0 -2404 0 -1595 0 *
Fa
0  1e-07 624 0

0101000
+1582 0 *
Ve
1e-07
3.04487180709839 0.625 0.812047004699707
0 0

0101101
*
Ed
 1e-07 1 1 0
1  965 0 0 0.174919019452869
0

0101000
+1580 0 -2421 0 *
Ed
 1e-07 1 1 0
1  966 0 0 0.174919019452869
0

0101000
+2389 0 -1580 0 *
Wi

0101100
+1579 0 -2384 0 +1578 0 *
Fa
0  1e-07 625 0

0101000
+1577 0 *
Ve
1e-07
3.16666674613953 0.75 0.80031430721283
0 0

0101101
*
Ed
 1e-07 1 1 0
1  967 0 0 0.25
0

0101000
+2389 0 -1575 0 *
Ed
 1e-07 1 1 0
1  968 0 0 0.174919019452869
0

0101000
+1575 0 -1580 0 *
Wi

0101100
-1578 0 +1574 0 +1573 0 *
Fa
0  1e-07 626 0

0101000
+1572 0 *
Ed
 1e-07 1 1 0
1  969 0 0 0.244717497260437
0

0101000
+1575 0 -1607 0 *
Ed
 1e-07 1 1 0
1  970 0 0 0.174919019452869
0

0101000
+1607 0 -1580 0 *
Wi

0101100
-1573 0 +1570 0 +1569 0 *
Fa
0  1e-07 627 0

0101000
+1568 0 *
Wi

0101100
-1569 0 -1606 0 -1579 0 *
Fa
0  1e-07 628 0

0101000
+1566 0 *
Ve
1e-07
3.28846144676208 0.625 -0.181906059384346
0 0

0101101
*
Ed
 1e-07 1 1 0
1  971 0 0 0.17542822864046
0

0101000
+1564 0 -2405 0 *
Ed
 1e-07 1 1 0
1  972 0 0 0.17542822864046
0

0101000
+1591 0 -1564 0 *
Wi

0101100
+1563 0 -1586 0 +1562 0 *
Fa
0  1e-07 629 0

0101000
+1561 0 *
Ve
1e-07
3.41025638580322 0.75 -0.164126455783844
0 0

0101101
*
Ed
 1e-07 1 1 0
1  973 0 0 0.246171423541103
0

0101000
+1591 0 -1559 0 *
Ed
 1e-07 1 1 0
1  974 0 0 0.175428394167607
0

0101000
+1559 0 -1564 0 *
Wi

0101100
-1562 0 +1558 0 +1557 0 *
Fa
0  1e-07 630 0

0101000
+1556 0 *
Ed
 1e-07 1 1 0
1  975 0 0 0.25
0

0101000
+1559 0 -2373 0 *
Ed
 1e-07 1 1 0
1  976 0 0 0.175428394167607
0

0101000
+2373 0 -1564 0 *
Wi

0101100
-1557 0 +1554 0 +1553 0 *
Fa
0  1e-07 631 0

0101000
+1552 0 *
Wi

0101100
-1553 0 -2372 0 -1563 0 *
Fa
0  1e-07 632 0

0101000
+1550 0 *
Ve
1e-07
3.28846144676208 0.625 0.818093955516815
0 0

0101101
*
Ed
 1e-07 1 1 0
1  977 0 0 0.175428233171152
0

0101000
+1548 0 -2389 0 *
Ed
 1e-07 1 1 0
1  978 0 0 0.175428392657381
0

0101000
+2357 0 -1548 0 *
Wi

0101100
+1547 0 -2352 0 +1546 0 *
Fa
0  1e-07 633 0

0101000
+1545 0 *
Ve
1e-07
3.41025638580322 0.75 0.835873544216156
0 0

0101101
*
Ed
 1e-07 1 1 0
1  979 0 0 0.25
0

0101000
+2357 0 -1543 0 *
Ed
 1e-07 1 1 0
1  980 0 0 0.175428392657381
0

0101000
+1543 0 -1548 0 *
Wi

0101100
-1546 0 +1542 0 +1541 0 *
Fa
0  1e-07 634 0

0101000
+1540 0 *
Ed
 1e-07 1 1 0
1  981 0 0 0.24617142784602
0

0101000
+1543 0 -1575 0 *
Ed
 1e-07 1 1 0
1  982 0 0 0.175428233171152
0

0101000
+1575 0 -1548 0 *
Wi

0101100
-1541 0 +1538 0 +1537 0 *
Fa
0  1e-07 635 0

0101000
+1536 0 *
Wi

0101100
-1537 0 -1574 0 -1547 0 *
Fa
0  1e-07 636 0

0101000
+1534 0 *
Ve
1e-07
3.53205132484436 0.625 -0.117884323000908
0 0

0101101
*
Ed
 1e-07 1 1 0
1  983 0 0 0.180547340108762
0

0101000
+1532 0 -2373 0 *
Ed
 1e-07 1 1 0
1  984 0 0 0.180547340108762
0

0101000
+1559 0 -1532 0 *
Wi

0101100
+1531 0 -1554 0 +1530 0 *
Fa
0  1e-07 637 0

0101000
+1529 0 *
Ve
1e-07
3.6538462638855 0.75 -0.0716421827673912
0 0

0101101
*
Ed
 1e-07 1 1 0
1  985 0 0 0.260555885482404
0

0101000
+1559 0 -1527 0 *
Ed
 1e-07 1 1 0
1  986 0 0 0.18054734201702
0

0101000
+1527 0 -1532 0 *
Wi

0101100
-1530 0 +1526 0 +1525 0 *
Fa
0  1e-07 638 0

0101000
+1524 0 *
Ed
 1e-07 1 1 0
1  987 0 0 0.25
0

0101000
+1527 0 -2341 0 *
Ed
 1e-07 1 1 0
1  988 0 0 0.18054734201702
0

0101000
+2341 0 -1532 0 *
Wi

0101100
-1525 0 +1522 0 +1521 0 *
Fa
0  1e-07 639 0

0101000
+1520 0 *
Wi

0101100
-1521 0 -2340 0 -1531 0 *
Fa
0  1e-07 640 0

0101000
+1518 0 *
Ve
1e-07
3.53205132484436 0.625 0.882115662097931
0 0

0101101
*
Ed
 1e-07 1 1 0
1  989 0 0 0.180547336292249
0

0101000
+1516 0 -2357 0 *
Ed
 1e-07 1 1 0
1  990 0 0 0.18054735155831
0

0101000
+2325 0 -1516 0 *
Wi

0101100
+1515 0 -2320 0 +1514 0 *
Fa
0  1e-07 641 0

0101000
+1513 0 *
Ve
1e-07
3.6538462638855 0.75 0.928357839584351
0 0

0101101
*
Ed
 1e-07 1 1 0
1  991 0 0 0.25
0

0101000
+2325 0 -1511 0 *
Ed
 1e-07 1 1 0
1  992 0 0 0.18054735155831
0

0101000
+1511 0 -1516 0 *
Wi

0101100
-1514 0 +1510 0 +1509 0 *
Fa
0  1e-07 642 0

0101000
+1508 0 *
Ed
 1e-07 1 1 0
1  993 0 0 0.260555893416152
0

0101000
+1511 0 -1543 0 *
Ed
 1e-07 1 1 0
1  994 0 0 0.180547336292249
0

0101000
+1543 0 -1516 0 *
Wi

0101100
-1509 0 +1506 0 +1505 0 *
Fa
0  1e-07 643 0

0101000
+1504 0 *
Wi

0101100
-1505 0 -1542 0 -1515 0 *
Fa
0  1e-07 644 0

0101000
+1502 0 *
Ve
1e-07
3.77564096450806 0.625 0.000332198047544807
0 0

0101101
*
Ed
 1e-07 1 1 0
1  995 0 0 0.188783634336857
0

0101000
+1500 0 -2341 0 *
Ed
 1e-07 1 1 0
1  996 0 0 0.188783634336857
0

0101000
+1527 0 -1500 0 *
Wi

0101100
+1499 0 -1522 0 +1498 0 *
Fa
0  1e-07 645 0

0101000
+1497 0 *
Ve
1e-07
3.89743590354919 0.75 0.0723065808415413
0 0

0101101
*
Ed
 1e-07 1 1 0
1  997 0 0 0.282943738393395
0

0101000
+1527 0 -1495 0 *
Ed
 1e-07 1 1 0
1  998 0 0 0.1887837889084
0

0101000
+1495 0 -1500 0 *
Wi

0101100
-1498 0 +1494 0 +1493 0 *
Fa
0  1e-07 646 0

0101000
+1492 0 *
Ed
 1e-07 1 1 0
1  999 0 0 0.25
0

0101000
+1495 0 -2309 0 *
Ed
 1e-07 1 1 0
1  1000 0 0 0.1887837889084
0

0101000
+2309 0 -1500 0 *
Wi

0101100
-1493 0 +1490 0 +1489 0 *
Fa
0  1e-07 647 0

0101000
+1488 0 *
Wi

0101100
-1489 0 -2308 0 -1499 0 *
Fa
0  1e-07 648 0

0101000
+1486 0 *
Ve
1e-07
3.77564096450806 0.625 1.00033223628998
0 0

0101101
*
Ed
 1e-07 1 1 0
1  1001 0 0 0.188783640395236
0

0101000
+1484 0 -2325 0 *
Ed
 1e-07 1 1 0
1  1002 0 0 0.188783794212251
0

0101000
+2293 0 -1484 0 *
Wi

0101100
+1483 0 -2288 0 +1482 0 *
Fa
0  1e-07 649 0

0101000
+1481 0 *
Ve
1e-07
3.89743590354919 0.75 1.07230663299561
0 0

0101101
*
Ed
 1e-07 1 1 0
1  1003 0 0 0.25
0

0101000
+2293 0 -1479 0 *
Ed
 1e-07 1 1 0
1  1004 0 0 0.188783794212251
0

0101000
+1479 0 -1484 0 *
Wi

0101100
-1482 0 +1478 0 +1477 0 *
Fa
0  1e-07 650 0

0101000
+1476 0 *
Ed
 1e-07 1 1 0
1  1005 0 0 0.282943753555447
0

0101000
+1479 0 -1511 0 *
Ed
 1e-07 1 1 0
1  1006 0 0 0.188783640395236
0

0101000
+1511 0 -1484 0 *
Wi

0101100
-1477 0 +1474 0 +1473 0 *
Fa
0  1e-07 651 0

0101000
+1472 0 *
Wi

0101100
-1473 0 -1510 0 -1483 0 *
Fa
0  1e-07 652 0

0101000
+1470 0 *
Ve
1e-07
4.01923084259033 0.625 0.16576361656189
0 0

0101101
*
Ed
 1e-07 1 1 0
1  1007 0 0 0.197972787780717
0

0101000
+1468 0 -2309 0 *
Ed
 1e-07 1 1 0
1  1008 0 0 0.197972787780717
0

0101000
+1495 0 -1468 0 *
Wi

0101100
+1467 0 -1490 0 +1466 0 *
Fa
0  1e-07 653 0

0101000
+1465 0 *
Ve
1e-07
4.14102554321289 0.75 0.259220659732819
0 0

0101101
*
Ed
 1e-07 1 1 0
1  1009 0 0 0.307038736056648
0

0101000
+1495 0 -1463 0 *
Ed
 1e-07 1 1 0
1  1010 0 0 0.197972644620391
0

0101000
+1463 0 -1468 0 *
Wi

0101100
-1466 0 +1462 0 +1461 0 *
Fa
0  1e-07 654 0

0101000
+1460 0 *
Ed
 1e-07 1 1 0
1  1011 0 0 0.25
0

0101000
+1463 0 -2277 0 *
Ed
 1e-07 1 1 0
1  1012 0 0 0.197972644620391
0

0101000
+2277 0 -1468 0 *
Wi

0101100
-1461 0 +1458 0 +1457 0 *
Fa
0  1e-07 655 0

0101000
+1456 0 *
Wi

0101100
-1457 0 -2276 0 -1467 0 *
Fa
0  1e-07 656 0

0101000
+1454 0 *
Ve
1e-07
4.01923084259033 0.625 1.16576361656189
0 0

0101101
*
Ed
 1e-07 1 1 0
1  1013 0 0 0.197972763160348
0

0101000
+1452 0 -2293 0 *
Ed
 1e-07 1 1 0
1  1014 0 0 0.197972616482804
0

0101000
+2261 0 -1452 0 *
Wi

0101100
+1451 0 -2256 0 +1450 0 *
Fa
0  1e-07 657 0

0101000
+1449 0 *
Ve
1e-07
4.14102554321289 0.75 1.25922060012817
0 0

0101101
*
Ed
 1e-07 1 1 0
1  1015 0 0 0.25
0

0101000
+2261 0 -1447 0 *
Ed
 1e-07 1 1 0
1  1016 0 0 0.197972616482804
0

0101000
+1447 0 -1452 0 *
Wi

0101100
-1450 0 +1446 0 +1445 0 *
Fa
0  1e-07 658 0

0101000
+1444 0 *
Ed
 1e-07 1 1 0
1  1017 0 0 0.307038668022001
0

0101000
+1447 0 -1479 0 *
Ed
 1e-07 1 1 0
1  1018 0 0 0.197972763160348
0

0101000
+1479 0 -1452 0 *
Wi

0101100
-1445 0 +1442 0 +1441 0 *
Fa
0  1e-07 659 0

0101000
+1440 0 *
Wi

0101100
-1441 0 -1478 0 -1451 0 *
Fa
0  1e-07 660 0

0101000
+1438 0 *
Ve
1e-07
4.26282072067261 0.625 0.368642359972
0 0

0101101
*
Ed
 1e-07 1 1 0
1  1019 0 0 0.20599071274132
0

0101000
+1436 0 -2277 0 *
Ed
 1e-07 1 1 0
1  1020 0 0 0.20599071274132
0

0101000
+1463 0 -1436 0 *
Wi

0101100
+1435 0 -1458 0 +1434 0 *
Fa
0  1e-07 661 0

0101000
+1433 0 *
Ve
1e-07
4.38461542129517 0.75 0.478064060211182
0 0

0101101
*
Ed
 1e-07 1 1 0
1  1021 0 0 0.327457573797081
0

0101000
+1463 0 -1431 0 *
Ed
 1e-07 1 1 0
1  1022 0 0 0.205990430804375
0

0101000
+1431 0 -1436 0 *
Wi

0101100
-1434 0 +1430 0 +1429 0 *
Fa
0  1e-07 662 0

0101000
+1428 0 *
Ed
 1e-07 1 1 0
1  1023 0 0 0.25
0

0101000
+1431 0 -2245 0 *
Ed
 1e-07 1 1 0
1  1024 0 0 0.205990430804375
0

0101000
+2245 0 -1436 0 *
Wi

0101100
-1429 0 +1426 0 +1425 0 *
Fa
0  1e-07 663 0

0101000
+1424 0 *
Wi

0101100
-1425 0 -2244 0 -1435 0 *
Fa
0  1e-07 664 0

0101000
+1422 0 *
Ve
1e-07
4.26282072067261 0.625 1.36864233016968
0 0

0101101
*
Ed
 1e-07 1 1 0
1  1025 0 0 0.205990728572234
0

0101000
+1420 0 -2261 0 *
Ed
 1e-07 1 1 0
1  1026 0 0 0.20599044663531
0

0101000
+2229 0 -1420 0 *
Wi

0101100
+1419 0 -2224 0 +1418 0 *
Fa
0  1e-07 665 0

0101000
+1417 0 *
Ve
1e-07
4.38461542129517 0.75 1.47806406021118
0 0

0101101
*
Ed
 1e-07 1 1 0
1  1027 0 0 0.25
0

0101000
+2229 0 -1415 0 *
Ed
 1e-07 1 1 0
1  1028 0 0 0.20599044663531
0

0101000
+1415 0 -1420 0 *
Wi

0101100
-1418 0 +1414 0 +1413 0 *
Fa
0  1e-07 666 0

0101000
+1412 0 *
Ed
 1e-07 1 1 0
1  1029 0 0 0.327457613631506
0

0101000
+1415 0 -1447 0 *
Ed
 1e-07 1 1 0
1  1030 0 0 0.205990728572234
0

0101000
+1447 0 -1420 0 *
Wi

0101100
-1413 0 +1410 0 +1409 0 *
Fa
0  1e-07 667 0

0101000
+1408 0 *
Wi

0101100
-1409 0 -1446 0 -1419 0 *
Fa
0  1e-07 668 0

0101000
+1406 0 *
Ve
1e-07
4.50641012191772 0.625 0.596989810466766
0 0

0101101
*
Ed
 1e-07 1 1 0
1  1031 0 0 0.211192526320399
0

0101000
+1404 0 -2245 0 *
Ed
 1e-07 1 1 0
1  1032 0 0 0.211192526320399
0

0101000
+1431 0 -1404 0 *
Wi

0101100
+1403 0 -1426 0 +1402 0 *
Fa
0  1e-07 669 0

0101000
+1401 0 *
Ve
1e-07
4.62820529937744 0.75 0.715915560722351
0 0

0101101
*
Ed
 1e-07 1 1 0
1  1033 0 0 0.340454644555707
0

0101000
+1431 0 -1399 0 *
Ed
 1e-07 1 1 0
1  1034 0 0 0.211192801312681
0

0101000
+1399 0 -1404 0 *
Wi

0101100
-1402 0 +1398 0 +1397 0 *
Fa
0  1e-07 670 0

0101000
+1396 0 *
Ed
 1e-07 1 1 0
1  1035 0 0 0.25
0

0101000
+1399 0 -2213 0 *
Ed
 1e-07 1 1 0
1  1036 0 0 0.211192801312681
0

0101000
+2213 0 -1404 0 *
Wi

0101100
-1397 0 +1394 0 +1393 0 *
Fa
0  1e-07 671 0

0101000
+1392 0 *
Wi

0101100
-1393 0 -2212 0 -1403 0 *
Fa
0  1e-07 672 0

0101000
+1390 0 *
Ve
1e-07
4.50641012191772 0.625 1.59698975086212
0 0

0101101
*
Ed
 1e-07 1 1 0
1  1037 0 0 0.211192492756115
0

0101000
+1388 0 -2229 0 *
Ed
 1e-07 1 1 0
1  1038 0 0 0.211192834876933
0

0101000
+2197 0 -1388 0 *
Wi

0101100
+1387 0 -2192 0 +1386 0 *
Fa
0  1e-07 673 0

0101000
+1385 0 *
Ve
1e-07
4.62820529937744 0.75 1.71591556072235
0 0

0101101
*
Ed
 1e-07 1 1 0
1  1039 0 0 0.25
0

0101000
+2197 0 -1383 0 *
Ed
 1e-07 1 1 0
1  1040 0 0 0.211192834876933
0

0101000
+1383 0 -1388 0 *
Wi

0101100
-1386 0 +1382 0 +1381 0 *
Fa
0  1e-07 674 0

0101000
+1380 0 *
Ed
 1e-07 1 1 0
1  1041 0 0 0.340454644555707
0

0101000
+1383 0 -1415 0 *
Ed
 1e-07 1 1 0
1  1042 0 0 0.211192492756115
0

0101000
+1415 0 -1388 0 *
Wi

0101100
-1381 0 +1378 0 +1377 0 *
Fa
0  1e-07 675 0

0101000
+1376 0 *
Wi

0101100
-1377 0 -1414 0 -1387 0 *
Fa
0  1e-07 676 0

0101000
+1374 0 *
Ve
1e-07
4.75 0.625 0.837323606014252
0 0

0101101
*
Ed
 1e-07 1 1 0
1  1043 0 0 0.212600241207151
0

0101000
+1372 0 -2213 0 *
Ed
 1e-07 1 1 0
1  1044 0 0 0.212600241207151
0

0101000
+1399 0 -1372 0 *
Wi

0101100
+1371 0 -1394 0 +1370 0 *
Fa
0  1e-07 677 0

0101000
+1369 0 *
Ve
1e-07
4.87179470062256 0.75 0.958731651306152
0 0

0101101
*
Ed
 1e-07 1 1 0
1  1045 0 0 0.343941056353201
0

0101000
+1399 0 -1367 0 *
Ed
 1e-07 1 1 0
1  1046 0 0 0.212600241207151
0

0101000
+1367 0 -1372 0 *
Wi

0101100
-1370 0 +1366 0 +1365 0 *
Fa
0  1e-07 678 0

0101000
+1364 0 *
Ed
 1e-07 1 1 0
1  1047 0 0 0.25
0

0101000
+1367 0 -2181 0 *
Ed
 1e-07 1 1 0
1  1048 0 0 0.212600241207151
0

0101000
+2181 0 -1372 0 *
Wi

0101100
-1365 0 +1362 0 +1361 0 *
Fa
0  1e-07 679 0

0101000
+1360 0 *
Wi

0101100
-1361 0 -2180 0 -1371 0 *
Fa
0  1e-07 680 0

0101000
+1358 0 *
Ve
1e-07
4.75 0.625 1.83732354640961
0 0

0101101
*
Ed
 1e-07 1 1 0
1  1049 0 0 0.212600207169174
0

0101000
+1356 0 -2197 0 *
Ed
 1e-07 1 1 0
1  1050 0 0 0.21260027524514
0

0101000
+2165 0 -1356 0 *
Wi

0101100
+1355 0 -2160 0 +1354 0 *
Fa
0  1e-07 681 0

0101000
+1353 0 *
Ve
1e-07
4.87179470062256 0.75 1.95873165130615
0 0

0101101
*
Ed
 1e-07 1 1 0
1  1051 0 0 0.25
0

0101000
+2165 0 -1351 0 *
Ed
 1e-07 1 1 0
1  1052 0 0 0.21260027524514
0

0101000
+1351 0 -1356 0 *
Wi

0101100
-1354 0 +1350 0 +1349 0 *
Fa
0  1e-07 682 0

0101000
+1348 0 *
Ed
 1e-07 1 1 0
1  1053 0 0 0.343941056353201
0

0101000
+1351 0 -1383 0 *
Ed
 1e-07 1 1 0
1  1054 0 0 0.212600207169174
0

0101000
+1383 0 -1356 0 *
Wi

0101100
-1349 0 +1346 0 +1345 0 *
Fa
0  1e-07 683 0

0101000
+1344 0 *
Wi

0101100
-1345 0 -1382 0 -1355 0 *
Fa
0  1e-07 684 0

0101000
+1342 0 *
Ve
1e-07
4.99358987808228 0.625 1.07545375823975
0 0

0101101
*
Ed
 1e-07 1 1 0
1  1055 0 0 0.209959794959562
0

0101000
+1340 0 -2181 0 *
Ed
 1e-07 1 1 0
1  1056 0 0 0.209959794959562
0

0101000
+1367 0 -1340 0 *
Wi

0101100
+1339 0 -1362 0 +1338 0 *
Fa
0  1e-07 685 0

0101000
+1337 0 *
Ve
1e-07
5.11538457870483 0.75 1.19217574596405
0 0

0101101
*
Ed
 1e-07 1 1 0
1  1057 0 0 0.337390239981514
0

0101000
+1367 0 -1335 0 *
Ed
 1e-07 1 1 0
1  1058 0 0 0.209959452080756
0

0101000
+1335 0 -1340 0 *
Wi

0101100
-1338 0 +1334 0 +1333 0 *
Fa
0  1e-07 686 0

0101000
+1332 0 *
Ed
 1e-07 1 1 0
1  1059 0 0 0.25
0

0101000
+1335 0 -2149 0 *
Ed
 1e-07 1 1 0
1  1060 0 0 0.209959452080756
0

0101000
+2149 0 -1340 0 *
Wi

0101100
-1333 0 +1330 0 +1329 0 *
Fa
0  1e-07 687 0

0101000
+1328 0 *
Wi

0101100
-1329 0 -2148 0 -1339 0 *
Fa
0  1e-07 688 0

0101000
+1326 0 *
Ve
1e-07
4.99358987808228 0.625 2.07545375823975
0 0

0101101
*
Ed
 1e-07 1 1 0
1  1061 0 0 0.209959794959562
0

0101000
+1324 0 -2165 0 *
Ed
 1e-07 1 1 0
1  1062 0 0 0.209959518352362
0

0101000
+2133 0 -1324 0 *
Wi

0101100
+1323 0 -2128 0 +1322 0 *
Fa
0  1e-07 689 0

0101000
+1321 0 *
Ve
1e-07
5.11538457870483 0.75 2.19217586517334
0 0

0101101
*
Ed
 1e-07 1 1 0
1  1063 0 0 0.25
0

0101000
+2133 0 -1319 0 *
Ed
 1e-07 1 1 0
1  1064 0 0 0.209959518352362
0

0101000
+1319 0 -1324 0 *
Wi

0101100
-1322 0 +1318 0 +1317 0 *
Fa
0  1e-07 690 0

0101000
+1316 0 *
Ed
 1e-07 1 1 0
1  1065 0 0 0.33739032246377
0

0101000
+1319 0 -1351 0 *
Ed
 1e-07 1 1 0
1  1066 0 0 0.209959794959562
0

0101000
+1351 0 -1324 0 *
Wi

0101100
-1317 0 +1314 0 +1313 0 *
Fa
0  1e-07 691 0

0101000
+1312 0 *
Wi

0101100
-1313 0 -1350 0 -1323 0 *
Fa
0  1e-07 692 0

0101000
+1310 0 *
Ve
1e-07
5.23717927932739 0.625 1.29732012748718
0 0

0101101
*
Ed
 1e-07 1 1 0
1  1067 0 0 0.203750558442476
0

0101000
+1308 0 -2149 0 *
Ed
 1e-07 1 1 0
1  1068 0 0 0.203750558442476
0

0101000
+1335 0 -1308 0 *
Wi

0101100
+1307 0 -1330 0 +1306 0 *
Fa
0  1e-07 693 0

0101000
+1305 0 *
Ve
1e-07
5.35897445678711 0.75 1.40246450901031
0 0

0101101
*
Ed
 1e-07 1 1 0
1  1069 0 0 0.32180334455637
0

0101000
+1335 0 -1303 0 *
Ed
 1e-07 1 1 0
1  1070 0 0 0.203750843478808
0

0101000
+1303 0 -1308 0 *
Wi

0101100
-1306 0 +1302 0 +1301 0 *
Fa
0  1e-07 694 0

0101000
+1300 0 *
Ed
 1e-07 1 1 0
1  1071 0 0 0.25
0

0101000
+1303 0 -2117 0 *
Ed
 1e-07 1 1 0
1  1072 0 0 0.203750843478808
0

0101000
+2117 0 -1308 0 *
Wi

0101100
-1301 0 +1298 0 +1297 0 *
Fa
0  1e-07 695 0

0101000
+1296 0 *
Wi

0101100
-1297 0 -2116 0 -1307 0 *
Fa
0  1e-07 696 0

0101000
+1294 0 *
Ve
1e-07
5.23717927932739 0.625 2.29732012748718
0 0

0101101
*
Ed
 1e-07 1 1 0
1  1073 0 0 0.203750496925188
0

0101000
+1292 0 -2133 0 *
Ed
 1e-07 1 1 0
1  1074 0 0 0.203750904996062
0

0101000
+2101 0 -1292 0 *
Wi

0101100
+1291 0 -2096 0 +1290 0 *
Fa
0  1e-07 697 0

0101000
+1289 0 *
Ve
1e-07
5.35897445678711 0.75 2.4024646282196
0 0

0101101
*
Ed
 1e-07 1 1 0
1  1075 0 0 0.25
0

0101000
+2101 0 -1287 0 *
Ed
 1e-07 1 1 0
1  1076 0 0 0.203750904996062
0

0101000
+1287 0 -1292 0 *
Wi

0101100
-1290 0 +1286 0 +1285 0 *
Fa
0  1e-07 698 0

0101000
+1284 0 *
Ed
 1e-07 1 1 0
1  1077 0 0 0.32180334455637
0

0101000
+1287 0 -1319 0 *
Ed
 1e-07 1 1 0
1  1078 0 0 0.203750496925188
0

0101000
+1319 0 -1292 0 *
Wi

0101100
-1285 0 +1282 0 +1281 0 *
Fa
0  1e-07 699 0

0101000
+1280 0 *
Wi

0101100
-1281 0 -1318 0 -1291 0 *
Fa
0  1e-07 700 0

0101000
+1278 0 *
Ve
1e-07
5.48076915740967 0.625 1.48982322216034
0 0

0101101
*
Ed
 1e-07 1 1 0
1  1079 0 0 0.19516786073267
0

0101000
+1276 0 -2117 0 *
Ed
 1e-07 1 1 0
1  1080 0 0 0.19516786073267
0

0101000
+1303 0 -1276 0 *
Wi

0101100
+1275 0 -1298 0 +1274 0 *
Fa
0  1e-07 701 0

0101000
+1273 0 *
Ve
1e-07
5.60256433486938 0.75 1.57718193531036
0 0

0101101
*
Ed
 1e-07 1 1 0
1  1081 0 0 0.299770258292998
0

0101000
+1303 0 -1271 0 *
Ed
 1e-07 1 1 0
1  1082 0 0 0.195168158303736
0

0101000
+1271 0 -1276 0 *
Wi

0101100
-1274 0 +1270 0 +1269 0 *
Fa
0  1e-07 702 0

0101000
+1268 0 *
Ed
 1e-07 1 1 0
1  1083 0 0 0.25
0

0101000
+1271 0 -2085 0 *
Ed
 1e-07 1 1 0
1  1084 0 0 0.195168158303736
0

0101000
+2085 0 -1276 0 *
Wi

0101100
-1269 0 +1266 0 +1265 0 *
Fa
0  1e-07 703 0

0101000
+1264 0 *
Wi

0101100
-1265 0 -2084 0 -1275 0 *
Fa
0  1e-07 704 0

0101000
+1262 0 *
Ve
1e-07
5.48076915740967 0.625 2.48982334136963
0 0

0101101
*
Ed
 1e-07 1 1 0
1  1085 0 0 0.19516786073267
0

0101000
+1260 0 -2101 0 *
Ed
 1e-07 1 1 0
1  1086 0 0 0.195168158303736
0

0101000
+2069 0 -1260 0 *
Wi

0101100
+1259 0 -2064 0 +1258 0 *
Fa
0  1e-07 705 0

0101000
+1257 0 *
Ve
1e-07
5.60256433486938 0.75 2.57718205451965
0 0

0101101
*
Ed
 1e-07 1 1 0
1  1087 0 0 0.25
0

0101000
+2069 0 -1255 0 *
Ed
 1e-07 1 1 0
1  1088 0 0 0.195168158303736
0

0101000
+1255 0 -1260 0 *
Wi

0101100
-1258 0 +1254 0 +1253 0 *
Fa
0  1e-07 706 0

0101000
+1252 0 *
Ed
 1e-07 1 1 0
1  1089 0 0 0.299770258292998
0

0101000
+1255 0 -1287 0 *
Ed
 1e-07 1 1 0
1  1090 0 0 0.19516786073267
0

0101000
+1287 0 -1260 0 *
Wi

0101100
-1253 0 +1250 0 +1249 0 *
Fa
0  1e-07 707 0

0101000
+1248 0 *
Wi

0101100
-1249 0 -1286 0 -1259 0 *
Fa
0  1e-07 708 0

0101000
+1246 0 *
Ve
1e-07
5.72435903549194 0.625 1.641597032547
0 0

0101101
*
Ed
 1e-07 1 1 0
1  1091 0 0 0.186032937545327
0

0101000
+1244 0 -2085 0 *
Ed
 1e-07 1 1 0
1  1092 0 0 0.186032937545327
0

0101000
+1271 0 -1244 0 *
Wi

0101100
+1243 0 -1266 0 +1242 0 *
Fa
0  1e-07 709 0

0101000
+1241 0 *
Ve
1e-07
5.8461537361145 0.75 1.70601212978363
0 0

0101101
*
Ed
 1e-07 1 1 0
1  1093 0 0 0.275559458932141
0

0101000
+1271 0 -1239 0 *
Ed
 1e-07 1 1 0
1  1094 0 0 0.186032937545327
0

0101000
+1239 0 -1244 0 *
Wi

0101100
-1242 0 +1238 0 +1237 0 *
Fa
0  1e-07 710 0

0101000
+1236 0 *
Ed
 1e-07 1 1 0
1  1095 0 0 0.25
0

0101000
+1239 0 -2053 0 *
Ed
 1e-07 1 1 0
1  1096 0 0 0.186032937545327
0

0101000
+2053 0 -1244 0 *
Wi

0101100
-1237 0 +1234 0 +1233 0 *
Fa
0  1e-07 711 0

0101000
+1232 0 *
Wi

0101100
-1233 0 -2052 0 -1243 0 *
Fa
0  1e-07 712 0

0101000
+1230 0 *
Ve
1e-07
5.72435903549194 0.625 2.641597032547
0 0

0101101
*
Ed
 1e-07 1 1 0
1  1097 0 0 0.18603289626838
0

0101000
+1228 0 -2069 0 *
Ed
 1e-07 1 1 0
1  1098 0 0 0.18603289626838
0

0101000
+2037 0 -1228 0 *
Wi

0101100
+1227 0 -2032 0 +1226 0 *
Fa
0  1e-07 713 0

0101000
+1225 0 *
Ve
1e-07
5.8461537361145 0.75 2.70601201057434
0 0

0101101
*
Ed
 1e-07 1 1 0
1  1099 0 0 0.25
0

0101000
+2037 0 -1223 0 *
Ed
 1e-07 1 1 0
1  1100 0 0 0.18603289626838
0

0101000
+1223 0 -1228 0 *
Wi

0101100
-1226 0 +1222 0 +1221 0 *
Fa
0  1e-07 714 0

0101000
+1220 0 *
Ed
 1e-07 1 1 0
1  1101 0 0 0.275559347466217
0

0101000
+1223 0 -1255 0 *
Ed
 1e-07 1 1 0
1  1102 0 0 0.18603289626838
0

0101000
+1255 0 -1228 0 *
Wi

0101100
-1221 0 +1218 0 +1217 0 *
Fa
0  1e-07 715 0

0101000
+1216 0 *
Wi

0101100
-1217 0 -1254 0 -1227 0 *
Fa
0  1e-07 716 0

0101000
+1214 0 *
Ve
1e-07
5.96794891357422 0.625 1.74368023872375
0 0

0101101
*
Ed
 1e-07 1 1 0
1  1103 0 0 0.178543976889642
0

0101000
+1212 0 -2053 0 *
Ed
 1e-07 1 1 0
1  1104 0 0 0.178543976889642
0

0101000
+1239 0 -1212 0 *
Wi

0101100
+1211 0 -1234 0 +1210 0 *
Fa
0  1e-07 717 0

0101000
+1209 0 *
Ve
1e-07
6.08974361419678 0.75 1.78134846687317
0 0

0101101
*
Ed
 1e-07 1 1 0
1  1105 0 0 0.254973709213727
0

0101000
+1239 0 -1207 0 *
Ed
 1e-07 1 1 0
1  1106 0 0 0.178543676761892
0

0101000
+1207 0 -1212 0 *
Wi

0101100
-1210 0 +1206 0 +1205 0 *
Fa
0  1e-07 718 0

0101000
+1204 0 *
Ed
 1e-07 1 1 0
1  1107 0 0 0.25
0

0101000
+1207 0 -2021 0 *
Ed
 1e-07 1 1 0
1  1108 0 0 0.178543676761892
0

0101000
+2021 0 -1212 0 *
Wi

0101100
-1205 0 +1202 0 +1201 0 *
Fa
0  1e-07 719 0

0101000
+1200 0 *
Wi

0101100
-1201 0 -2020 0 -1211 0 *
Fa
0  1e-07 720 0

0101000
+1198 0 *
Ve
1e-07
5.96794891357422 0.625 2.74368023872375
0 0

0101101
*
Ed
 1e-07 1 1 0
1  1109 0 0 0.178544002039722
0

0101000
+1196 0 -2037 0 *
Ed
 1e-07 1 1 0
1  1110 0 0 0.178543676761892
0

0101000
+2005 0 -1196 0 *
Wi

0101100
+1195 0 -2000 0 +1194 0 *
Fa
0  1e-07 721 0

0101000
+1193 0 *
Ve
1e-07
6.08974361419678 0.75 2.78134846687317
0 0

0101101
*
Ed
 1e-07 1 1 0
1  1111 0 0 0.25
0

0101000
+2005 0 -1191 0 *
Ed
 1e-07 1 1 0
1  1112 0 0 0.178543676761892
0

0101000
+1191 0 -1196 0 *
Wi

0101100
-1194 0 +1190 0 +1189 0 *
Fa
0  1e-07 722 0

0101000
+1188 0 *
Ed
 1e-07 1 1 0
1  1113 0 0 0.254973744436173
0

0101000
+1191 0 -1223 0 *
Ed
 1e-07 1 1 0
1  1114 0 0 0.178544002039722
0

0101000
+1223 0 -1196 0 *
Wi

0101100
-1189 0 +1186 0 +1185 0 *
Fa
0  1e-07 723 0

0101000
+1184 0 *
Wi

0101100
-1185 0 -1222 0 -1195 0 *
Fa
0  1e-07 724 0

0101000
+1182 0 *
Ve
1e-07
6.08974361419678 0.625 2.28134846687317
0 0

0101101
*
Ed
 1e-07 1 1 0
1  1115 0 0 0.515388203202208
0

0101000
+1180 0 -2021 0 *
Ed
 1e-07 1 1 0
1  1116 0 0 0.515388203202208
0

0101000
+1207 0 -1180 0 *
Wi

0101100
+1179 0 -1202 0 +1178 0 *
Fa
0  1e-07 725 0

0101000
+1177 0 *
Ed
 1e-07 1 1 0
1  1117 0 0 1
0

0101000
+1207 0 -1191 0 *
Ed
 1e-07 1 1 0
1  1118 0 0 0.515388203202208
0

0101000
+1191 0 -1180 0 *
Wi

0101100
-1178 0 +1175 0 +1174 0 *
Fa
0  1e-07 726 0

0101000
+1173 0 *
Ed
 1e-07 1 1 0
1  1119 0 0 0.515388203202208
0

0101000
+2005 0 -1180 0 *
Wi

0101100
-1174 0 -1190 0 +1171 0 *
Fa
0  1e-07 727 0

0101000
+1170 0 *
Wi

0101100
-1171 0 -1989 0 -1179 0 *
Fa
0  1e-07 728 0

0101000
+1168 0 *
Ve
1e-07
0.121794871985912 0.875 2.78523921966553
0 0

0101101
*
Ed
 1e-07 1 1 0
1  1120 0 0 0.175148137502092
0

0101000
+1166 0 -1970 0 *
Ed
 1e-07 1 1 0
1  1121 0 0 0.175148137502092
0

0101000
+1975 0 -1166 0 *
Wi

0101100
+1165 0 -1969 0 +1164 0 *
Fa
0  1e-07 729 0

0101000
+1163 0 *
Ve
1e-07
0.243589743971825 1 2.77047848701477
0 0

0101101
*
Ed
 1e-07 1 1 0
1  1122 0 0 0.25
0

0101000
+1975 0 -1161 0 *
Ed
 1e-07 1 1 0
1  1123 0 0 0.175148137502092
0

0101000
+1161 0 -1166 0 *
Wi

0101100
-1164 0 +1160 0 +1159 0 *
Fa
0  1e-07 730 0

0101000
+1158 0 *
Ve
1e-07
0 1 2.79999995231628
0 0

0101101
*
Ed
 1e-07 1 1 0
1  1124 0 0 0.245372126130511
0

0101000
+1161 0 -1156 0 *
Ed
 1e-07 1 1 0
1  1125 0 0 0.175148137502092
0

0101000
+1156 0 -1166 0 *
Wi

0101100
-1159 0 +1155 0 +1154 0 *
Fa
0  1e-07 731 0

0101000
+1153 0 *
Ed
 1e-07 1 1 0
1  1126 0 0 0.25
0

0101000
+1156 0 -1970 0 *
Wi

0101100
-1154 0 +1151 0 -1165 0 *
Fa
0  1e-07 732 0

0101000
+1150 0 *
Ve
1e-07
0.121794871985912 1 2.28523921966553
0 0

0101101
*
Ed
 1e-07 1 1 0
1  1127 0 0 0.528973274797267
0

0101000
+1148 0 -4125 0 *
Ed
 1e-07 1 1 0
1  1128 0 0 0.500291052708016
0

0101000
+4130 0 -1148 0 *
Wi

0101100
+1147 0 -4124 0 +1146 0 *
Fa
0  1e-07 733 0

0101000
+1145 0 *
Ed
 1e-07 1 1 0
1  1129 0 0 1
0

0101000
+4130 0 -1156 0 *
Ed
 1e-07 1 1 0
1  1130 0 0 0.528973158790887
0

0101000
+1156 0 -1148 0 *
Wi

0101100
-1146 0 +1143 0 +1142 0 *
Fa
0  1e-07 734 0

0101000
+1141 0 *
Ed
 1e-07 1 1 0
1  1131 0 0 0.500291052708016
0

0101000
+1161 0 -1148 0 *
Wi

0101100
-1142 0 -1155 0 +1139 0 *
Fa
0  1e-07 735 0

0101000
+1138 0 *
Ed
 1e-07 1 1 0
1  1132 0 0 1.00000011920929
0

0101000
+1161 0 -4125 0 *
Wi

0101100
-1139 0 +1136 0 -1147 0 *
Fa
0  1e-07 736 0

0101000
+1135 0 *
Ve
1e-07
0 0.875 2.29999995231628
0 0

0101101
*
Ed
 1e-07 1 1 0
1  1133 0 0 0.515388203202208
0

0101000
+1133 0 -4132 0 *
Ed
 1e-07 1 1 0
1  1134 0 0 0.515388203202208
0

0101000
+1970 0 -1133 0 *
Wi

0101100
+1132 0 -1954 0 +1131 0 *
Fa
0  1e-07 737 0

0101000
+1130 0 *
Ed
 1e-07 1 1 0
1  1135 0 0 0.515388203202208
0

0101000
+1156 0 -1133 0 *
Wi

0101100
-1131 0 -1151 0 +1128 0 *
Fa
0  1e-07 738 0

0101000
+1127 0 *
Ed
 1e-07 1 1 0
1  1136 0 0 0.515388203202208
0

0101000
+4130 0 -1133 0 *
Wi

0101100
-1128 0 -1143 0 +1125 0 *
Fa
0  1e-07 739 0

0101000
+1124 0 *
Wi

0101100
-1125 0 -4129 0 -1132 0 *
Fa
0  1e-07 740 0

0101000
+1122 0 *
Ve
1e-07
0.365384608507156 0.875 1.72706758975983
0 0

0101101
*
Ed
 1e-07 1 1 0
1  1137 0 0 0.179842944475753
0

0101000
+1120 0 -4120 0 *
Ed
 1e-07 1 1 0
1  1138 0 0 0.179842944475753
0

0101000
+4125 0 -1120 0 *
Wi

0101100
+1119 0 -4119 0 +1118 0 *
Fa
0  1e-07 741 0

0101000
+1117 0 *
Ve
1e-07
0.487179487943649 1 1.68365681171417
0 0

0101101
*
Ed
 1e-07 1 1 0
1  1139 0 0 0.258599972873887
0

0101000
+4125 0 -1115 0 *
Ed
 1e-07 1 1 0
1  1140 0 0 0.179842954567253
0

0101000
+1115 0 -1120 0 *
Wi

0101100
-1118 0 +1114 0 +1113 0 *
Fa
0  1e-07 742 0

0101000
+1112 0 *
Ed
 1e-07 1 1 0
1  1141 0 0 0.25
0

0101000
+1115 0 -1943 0 *
Ed
 1e-07 1 1 0
1  1142 0 0 0.179842954567253
0

0101000
+1943 0 -1120 0 *
Wi

0101100
-1113 0 +1110 0 +1109 0 *
Fa
0  1e-07 743 0

0101000
+1108 0 *
Wi

0101100
-1109 0 -1942 0 -1119 0 *
Fa
0  1e-07 744 0

0101000
+1106 0 *
Ve
1e-07
0.365384608507156 0.875 2.72706770896912
0 0

0101101
*
Ed
 1e-07 1 1 0
1  1143 0 0 0.179842944475753
0

0101000
+1104 0 -1975 0 *
Ed
 1e-07 1 1 0
1  1144 0 0 0.179843012117257
0

0101000
+1927 0 -1104 0 *
Wi

0101100
+1103 0 -1922 0 +1102 0 *
Fa
0  1e-07 745 0

0101000
+1101 0 *
Ve
1e-07
0.487179487943649 1 2.68365669250488
0 0

0101101
*
Ed
 1e-07 1 1 0
1  1145 0 0 0.25
0

0101000
+1927 0 -1099 0 *
Ed
 1e-07 1 1 0
1  1146 0 0 0.179843012117257
0

0101000
+1099 0 -1104 0 *
Wi

0101100
-1102 0 +1098 0 +1097 0 *
Fa
0  1e-07 746 0

0101000
+1096 0 *
Ed
 1e-07 1 1 0
1  1147 0 0 0.258600052919902
0

0101000
+1099 0 -1161 0 *
Ed
 1e-07 1 1 0
1  1148 0 0 0.179842944475753
0

0101000
+1161 0 -1104 0 *
Wi

0101100
-1097 0 +1094 0 +1093 0 *
Fa
0  1e-07 747 0

0101000
+1092 0 *
Wi

0101100
-1093 0 -1160 0 -1103 0 *
Fa
0  1e-07 748 0

0101000
+1090 0 *
Ve
1e-07
0.365384608507156 1 2.22706770896912
0 0

0101101
*
Ed
 1e-07 1 1 0
1  1149 0 0 0.556892625119397
0

0101000
+1088 0 -1115 0 *
Ed
 1e-07 1 1 0
1  1150 0 0 0.472554563507139
0

0101000
+4125 0 -1088 0 *
Wi

0101100
+1087 0 -1114 0 +1086 0 *
Fa
0  1e-07 749 0

0101000
+1085 0 *
Ed
 1e-07 1 1 0
1  1151 0 0 0.556892505537077
0

0101000
+1161 0 -1088 0 *
Wi

0101100
-1086 0 -1136 0 +1083 0 *
Fa
0  1e-07 750 0

0101000
+1082 0 *
Ed
 1e-07 1 1 0
1  1152 0 0 0.472554221802297
0

0101000
+1099 0 -1088 0 *
Wi

0101100
-1083 0 -1094 0 +1080 0 *
Fa
0  1e-07 751 0

0101000
+1079 0 *
Ed
 1e-07 1 1 0
1  1153 0 0 0.99999988079071
0

0101000
+1099 0 -1115 0 *
Wi

0101100
-1080 0 +1077 0 -1087 0 *
Fa
0  1e-07 752 0

0101000
+1076 0 *
Ve
1e-07
0.60897433757782 0.875 1.61415898799896
0 0

0101101
*
Ed
 1e-07 1 1 0
1  1154 0 0 0.187853487853062
0

0101000
+1074 0 -1943 0 *
Ed
 1e-07 1 1 0
1  1155 0 0 0.187853487853062
0

0101000
+1115 0 -1074 0 *
Wi

0101100
+1073 0 -1110 0 +1072 0 *
Fa
0  1e-07 753 0

0101000
+1071 0 *
Ve
1e-07
0.730769217014313 1 1.54466116428375
0 0

0101101
*
Ed
 1e-07 1 1 0
1  1156 0 0 0.280456317656281
0

0101000
+1115 0 -1069 0 *
Ed
 1e-07 1 1 0
1  1157 0 0 0.187853507175406
0

0101000
+1069 0 -1074 0 *
Wi

0101100
-1072 0 +1068 0 +1067 0 *
Fa
0  1e-07 754 0

0101000
+1066 0 *
Ed
 1e-07 1 1 0
1  1158 0 0 0.25
0

0101000
+1069 0 -1911 0 *
Ed
 1e-07 1 1 0
1  1159 0 0 0.187853507175406
0

0101000
+1911 0 -1074 0 *
Wi

0101100
-1067 0 +1064 0 +1063 0 *
Fa
0  1e-07 755 0

0101000
+1062 0 *
Wi

0101100
-1063 0 -1910 0 -1073 0 *
Fa
0  1e-07 756 0

0101000
+1060 0 *
Ve
1e-07
0.60897433757782 0.875 2.61415886878967
0 0

0101101
*
Ed
 1e-07 1 1 0
1  1160 0 0 0.187853487853062
0

0101000
+1058 0 -1927 0 *
Ed
 1e-07 1 1 0
1  1161 0 0 0.187853418970782
0

0101000
+1895 0 -1058 0 *
Wi

0101100
+1057 0 -1890 0 +1056 0 *
Fa
0  1e-07 757 0

0101000
+1055 0 *
Ve
1e-07
0.730769217014313 1 2.54466128349304
0 0

0101101
*
Ed
 1e-07 1 1 0
1  1162 0 0 0.25
0

0101000
+1895 0 -1053 0 *
Ed
 1e-07 1 1 0
1  1163 0 0 0.187853418970782
0

0101000
+1053 0 -1058 0 *
Wi

0101100
-1056 0 +1052 0 +1051 0 *
Fa
0  1e-07 758 0

0101000
+1050 0 *
Ed
 1e-07 1 1 0
1  1164 0 0 0.280456199494838
0

0101000
+1053 0 -1099 0 *
Ed
 1e-07 1 1 0
1  1165 0 0 0.187853487853062
0

0101000
+1099 0 -1058 0 *
Wi

0101100
-1051 0 +1048 0 +1047 0 *
Fa
0  1e-07 759 0

0101000
+1046 0 *
Wi

0101100
-1047 0 -1098 0 -1057 0 *
Fa
0  1e-07 760 0

0101000
+1044 0 *
Ve
1e-07
0.60897433757782 1 2.11415886878967
0 0

0101101
*
Ed
 1e-07 1 1 0
1  1166 0 0 0.582375847794586
0

0101000
+1042 0 -1069 0 *
Ed
 1e-07 1 1 0
1  1167 0 0 0.44739915796037
0

0101000
+1115 0 -1042 0 *
Wi

0101100
+1041 0 -1068 0 +1040 0 *
Fa
0  1e-07 761 0

0101000
+1039 0 *
Ed
 1e-07 1 1 0
1  1168 0 0 0.582375958135096
0

0101000
+1099 0 -1042 0 *
Wi

0101100
-1040 0 -1077 0 +1037 0 *
Fa
0  1e-07 762 0

0101000
+1036 0 *
Ed
 1e-07 1 1 0
1  1169 0 0 0.447399510194615
0

0101000
+1053 0 -1042 0 *
Wi

0101100
-1037 0 -1048 0 +1034 0 *
Fa
0  1e-07 763 0

0101000
+1033 0 *
Ed
 1e-07 1 1 0
1  1170 0 0 1.00000011920929
0

0101000
+1053 0 -1069 0 *
Wi

0101100
-1034 0 +1031 0 -1041 0 *
Fa
0  1e-07 764 0

0101000
+1030 0 *
Ve
1e-07
0.852564096450806 0.875 1.45317983627319
0 0

0101101
*
Ed
 1e-07 1 1 0
1  1171 0 0 0.197047776012634
0

0101000
+1028 0 -1911 0 *
Ed
 1e-07 1 1 0
1  1172 0 0 0.197047776012634
0

0101000
+1069 0 -1028 0 *
Wi

0101100
+1027 0 -1064 0 +1026 0 *
Fa
0  1e-07 765 0

0101000
+1025 0 *
Ve
1e-07
0.974358975887299 1 1.36169850826263
0 0

0101101
*
Ed
 1e-07 1 1 0
1  1173 0 0 0.30464947747551
0

0101000
+1069 0 -1023 0 *
Ed
 1e-07 1 1 0
1  1174 0 0 0.197047776012634
0

0101000
+1023 0 -1028 0 *
Wi

0101100
-1026 0 +1022 0 +1021 0 *
Fa
0  1e-07 766 0

0101000
+1020 0 *
Ed
 1e-07 1 1 0
1  1175 0 0 0.25
0

0101000
+1023 0 -1879 0 *
Ed
 1e-07 1 1 0
1  1176 0 0 0.197047776012634
0

0101000
+1879 0 -1028 0 *
Wi

0101100
-1021 0 +1018 0 +1017 0 *
Fa
0  1e-07 767 0

0101000
+1016 0 *
Wi

0101100
-1017 0 -1878 0 -1027 0 *
Fa
0  1e-07 768 0

0101000
+1014 0 *
Ve
1e-07
0.852564096450806 0.875 2.45317983627319
0 0

0101101
*
Ed
 1e-07 1 1 0
1  1177 0 0 0.197047831356724
0

0101000
+1012 0 -1895 0 *
Ed
 1e-07 1 1 0
1  1178 0 0 0.197047720668602
0

0101000
+1863 0 -1012 0 *
Wi

0101100
+1011 0 -1858 0 +1010 0 *
Fa
0  1e-07 769 0

0101000
+1009 0 *
Ve
1e-07
0.974358975887299 1 2.36169862747192
0 0

0101101
*
Ed
 1e-07 1 1 0
1  1179 0 0 0.25
0

0101000
+1863 0 -1007 0 *
Ed
 1e-07 1 1 0
1  1180 0 0 0.197047720668602
0

0101000
+1007 0 -1012 0 *
Wi

0101100
-1010 0 +1006 0 +1005 0 *
Fa
0  1e-07 770 0

0101000
+1004 0 *
Ed
 1e-07 1 1 0
1  1181 0 0 0.30464947747551
0

0101000
+1007 0 -1053 0 *
Ed
 1e-07 1 1 0
1  1182 0 0 0.197047831356724
0

0101000
+1053 0 -1012 0 *
Wi

0101100
-1005 0 +1002 0 +1001 0 *
Fa
0  1e-07 771 0

0101000
+1000 0 *
Wi

0101100
-1001 0 -1052 0 -1011 0 *
Fa
0  1e-07 772 0

0101000
+998 0 *
Ve
1e-07
0.852564096450806 1 1.95317983627319
0 0

0101101
*
Ed
 1e-07 1 1 0
1  1183 0 0 0.603890846132051
0

0101000
+996 0 -1023 0 *
Ed
 1e-07 1 1 0
1  1184 0 0 0.426288045833995
0

0101000
+1069 0 -996 0 *
Wi

0101100
+995 0 -1022 0 +994 0 *
Fa
0  1e-07 773 0

0101000
+993 0 *
Ed
 1e-07 1 1 0
1  1185 0 0 0.603890962891677
0

0101000
+1053 0 -996 0 *
Wi

0101100
-994 0 -1031 0 +991 0 *
Fa
0  1e-07 774 0

0101000
+990 0 *
Ed
 1e-07 1 1 0
1  1186 0 0 0.426288160074171
0

0101000
+1007 0 -996 0 *
Wi

0101100
-991 0 -1002 0 +988 0 *
Fa
0  1e-07 775 0

0101000
+987 0 *
Ed
 1e-07 1 1 0
1  1187 0 0 1.00000011920929
0

0101000
+1007 0 -1023 0 *
Wi

0101100
-988 0 +985 0 -995 0 *
Fa
0  1e-07 776 0

0101000
+984 0 *
Ve
1e-07
1.09615385532379 0.875 1.25363492965698
0 0

0101101
*
Ed
 1e-07 1 1 0
1  1188 0 0 0.205272330522186
0

0101000
+982 0 -1879 0 *
Ed
 1e-07 1 1 0
1  1189 0 0 0.205272330522186
0

0101000
+1023 0 -982 0 *
Wi

0101100
+981 0 -1018 0 +980 0 *
Fa
0  1e-07 777 0

0101000
+979 0 *
Ve
1e-07
1.21794867515564 1 1.14557135105133
0 0

0101101
*
Ed
 1e-07 1 1 0
1  1190 0 0 0.325648414204461
0

0101000
+1023 0 -977 0 *
Ed
 1e-07 1 1 0
1  1191 0 0 0.20527229515678
0

0101000
+977 0 -982 0 *
Wi

0101100
-980 0 +976 0 +975 0 *
Fa
0  1e-07 778 0

0101000
+974 0 *
Ed
 1e-07 1 1 0
1  1192 0 0 0.25
0

0101000
+977 0 -1847 0 *
Ed
 1e-07 1 1 0
1  1193 0 0 0.20527229515678
0

0101000
+1847 0 -982 0 *
Wi

0101100
-975 0 +972 0 +971 0 *
Fa
0  1e-07 779 0

0101000
+970 0 *
Wi

0101100
-971 0 -1846 0 -981 0 *
Fa
0  1e-07 780 0

0101000
+968 0 *
Ve
1e-07
1.09615385532379 0.875 2.25363492965698
0 0

0101101
*
Ed
 1e-07 1 1 0
1  1194 0 0 0.205272393278757
0

0101000
+966 0 -1863 0 *
Ed
 1e-07 1 1 0
1  1195 0 0 0.205272232400248
0

0101000
+1831 0 -966 0 *
Wi

0101100
+965 0 -1826 0 +964 0 *
Fa
0  1e-07 781 0

0101000
+963 0 *
Ve
1e-07
1.21794867515564 1 2.14557147026062
0 0

0101101
*
Ed
 1e-07 1 1 0
1  1196 0 0 0.25
0

0101000
+1831 0 -961 0 *
Ed
 1e-07 1 1 0
1  1197 0 0 0.205272232400248
0

0101000
+961 0 -966 0 *
Wi

0101100
-964 0 +960 0 +959 0 *
Fa
0  1e-07 782 0

0101000
+958 0 *
Ed
 1e-07 1 1 0
1  1198 0 0 0.325648414204461
0

0101000
+961 0 -1007 0 *
Ed
 1e-07 1 1 0
1  1199 0 0 0.205272393278757
0

0101000
+1007 0 -966 0 *
Wi

0101100
-959 0 +956 0 +955 0 *
Fa
0  1e-07 783 0

0101000
+954 0 *
Wi

0101100
-955 0 -1006 0 -965 0 *
Fa
0  1e-07 784 0

0101000
+952 0 *
Ve
1e-07
1.09615385532379 1 1.75363492965698
0 0

0101101
*
Ed
 1e-07 1 1 0
1  1200 0 0 0.62014134982646
0

0101000
+950 0 -977 0 *
Ed
 1e-07 1 1 0
1  1201 0 0 0.410424354872317
0

0101000
+1023 0 -950 0 *
Wi

0101100
+949 0 -976 0 +948 0 *
Fa
0  1e-07 785 0

0101000
+947 0 *
Ed
 1e-07 1 1 0
1  1202 0 0 0.620141478420312
0

0101000
+1007 0 -950 0 *
Wi

0101100
-948 0 -985 0 +945 0 *
Fa
0  1e-07 786 0

0101000
+944 0 *
Ed
 1e-07 1 1 0
1  1203 0 0 0.410424451023839
0

0101000
+961 0 -950 0 *
Wi

0101100
-945 0 -956 0 +942 0 *
Fa
0  1e-07 787 0

0101000
+941 0 *
Ed
 1e-07 1 1 0
1  1204 0 0 1.00000011920929
0

0101000
+961 0 -977 0 *
Wi

0101100
-942 0 +939 0 -949 0 *
Fa
0  1e-07 788 0

0101000
+938 0 *
Ve
1e-07
1.33974361419678 0.875 1.02730596065521
0 0

0101101
*
Ed
 1e-07 1 1 0
1  1205 0 0 0.210821511572184
0

0101000
+936 0 -1847 0 *
Ed
 1e-07 1 1 0
1  1206 0 0 0.210821511572184
0

0101000
+977 0 -936 0 *
Wi

0101100
+935 0 -972 0 +934 0 *
Fa
0  1e-07 789 0

0101000
+933 0 *
Ve
1e-07
1.46153843402863 1 0.909040629863739
0 0

0101101
*
Ed
 1e-07 1 1 0
1  1207 0 0 0.339533139315327
0

0101000
+977 0 -931 0 *
Ed
 1e-07 1 1 0
1  1208 0 0 0.210821409266443
0

0101000
+931 0 -936 0 *
Wi

0101100
-934 0 +930 0 +929 0 *
Fa
0  1e-07 790 0

0101000
+928 0 *
Ed
 1e-07 1 1 0
1  1209 0 0 0.25
0

0101000
+931 0 -1815 0 *
Ed
 1e-07 1 1 0
1  1210 0 0 0.210821409266443
0

0101000
+1815 0 -936 0 *
Wi

0101100
-929 0 +926 0 +925 0 *
Fa
0  1e-07 791 0

0101000
+924 0 *
Wi

0101100
-925 0 -1814 0 -935 0 *
Fa
0  1e-07 792 0

0101000
+922 0 *
Ve
1e-07
1.33974361419678 0.875 2.0273060798645
0 0

0101101
*
Ed
 1e-07 1 1 0
1  1211 0 0 0.210821511572184
0

0101000
+920 0 -1831 0 *
Ed
 1e-07 1 1 0
1  1212 0 0 0.210821509576464
0

0101000
+1799 0 -920 0 *
Wi

0101100
+919 0 -1794 0 +918 0 *
Fa
0  1e-07 793 0

0101000
+917 0 *
Ve
1e-07
1.46153843402863 1 1.90904057025909
0 0

0101101
*
Ed
 1e-07 1 1 0
1  1213 0 0 0.25
0

0101000
+1799 0 -915 0 *
Ed
 1e-07 1 1 0
1  1214 0 0 0.210821509576464
0

0101000
+915 0 -920 0 *
Wi

0101100
-918 0 +914 0 +913 0 *
Fa
0  1e-07 794 0

0101000
+912 0 *
Ed
 1e-07 1 1 0
1  1215 0 0 0.339533263883425
0

0101000
+915 0 -961 0 *
Ed
 1e-07 1 1 0
1  1216 0 0 0.210821511572184
0

0101000
+961 0 -920 0 *
Wi

0101100
-913 0 +910 0 +909 0 *
Fa
0  1e-07 795 0

0101000
+908 0 *
Wi

0101100
-909 0 -960 0 -919 0 *
Fa
0  1e-07 796 0

0101000
+906 0 *
Ve
1e-07
1.33974361419678 1 1.52730596065521
0 0

0101101
*
Ed
 1e-07 1 1 0
1  1217 0 0 0.630147599691185
0

0101000
+904 0 -931 0 *
Ed
 1e-07 1 1 0
1  1218 0 0 0.40069354792093
0

0101000
+977 0 -904 0 *
Wi

0101100
+903 0 -930 0 +902 0 *
Fa
0  1e-07 797 0

0101000
+901 0 *
Ed
 1e-07 1 1 0
1  1219 0 0 0.630147798174102
0

0101000
+961 0 -904 0 *
Wi

0101100
-902 0 -939 0 +899 0 *
Fa
0  1e-07 798 0

0101000
+898 0 *
Ed
 1e-07 1 1 0
1  1220 0 0 0.400693511686052
0

0101000
+915 0 -904 0 *
Wi

0101100
-899 0 -910 0 +896 0 *
Fa
0  1e-07 799 0

0101000
+895 0 *
Ed
 1e-07 1 1 0
1  1221 0 0 0.999999940395355
0

0101000
+915 0 -931 0 *
Wi

0101100
-896 0 +893 0 -903 0 *
Fa
0  1e-07 800 0

0101000
+892 0 *
Ve
1e-07
1.58333337306976 0.875 0.787556171417236
0 0

0101101
*
Ed
 1e-07 1 1 0
1  1222 0 0 0.212644023711165
0

0101000
+890 0 -1815 0 *
Ed
 1e-07 1 1 0
1  1223 0 0 0.212644023711165
0

0101000
+931 0 -890 0 *
Wi

0101100
+889 0 -926 0 +888 0 *
Fa
0  1e-07 801 0

0101000
+887 0 *
Ve
1e-07
1.70512819290161 1 0.666071772575378
0 0

0101101
*
Ed
 1e-07 1 1 0
1  1224 0 0 0.344049177066028
0

0101000
+931 0 -885 0 *
Ed
 1e-07 1 1 0
1  1225 0 0 0.212643921379944
0

0101000
+885 0 -890 0 *
Wi

0101100
-888 0 +884 0 +883 0 *
Fa
0  1e-07 802 0

0101000
+882 0 *
Ed
 1e-07 1 1 0
1  1226 0 0 0.25
0

0101000
+885 0 -1783 0 *
Ed
 1e-07 1 1 0
1  1227 0 0 0.212643921379944
0

0101000
+1783 0 -890 0 *
Wi

0101100
-883 0 +880 0 +879 0 *
Fa
0  1e-07 803 0

0101000
+878 0 *
Wi

0101100
-879 0 -1782 0 -889 0 *
Fa
0  1e-07 804 0

0101000
+876 0 *
Ve
1e-07
1.58333337306976 0.875 1.78755617141724
0 0

0101101
*
Ed
 1e-07 1 1 0
1  1228 0 0 0.212643989658777
0

0101000
+874 0 -1799 0 *
Ed
 1e-07 1 1 0
1  1229 0 0 0.212643921379944
0

0101000
+1767 0 -874 0 *
Wi

0101100
+873 0 -1762 0 +872 0 *
Fa
0  1e-07 805 0

0101000
+871 0 *
Ve
1e-07
1.70512819290161 1 1.66607177257538
0 0

0101101
*
Ed
 1e-07 1 1 0
1  1230 0 0 0.25
0

0101000
+1767 0 -869 0 *
Ed
 1e-07 1 1 0
1  1231 0 0 0.212643921379944
0

0101000
+869 0 -874 0 *
Wi

0101100
-872 0 +868 0 +867 0 *
Fa
0  1e-07 806 0

0101000
+866 0 *
Ed
 1e-07 1 1 0
1  1232 0 0 0.344049134973
0

0101000
+869 0 -915 0 *
Ed
 1e-07 1 1 0
1  1233 0 0 0.212643989658777
0

0101000
+915 0 -874 0 *
Wi

0101100
-867 0 +864 0 +863 0 *
Fa
0  1e-07 807 0

0101000
+862 0 *
Wi

0101100
-863 0 -914 0 -873 0 *
Fa
0  1e-07 808 0

0101000
+860 0 *
Ve
1e-07
1.58333337306976 1 1.28755617141724
0 0

0101101
*
Ed
 1e-07 1 1 0
1  1234 0 0 0.633306273568877
0

0101000
+858 0 -885 0 *
Ed
 1e-07 1 1 0
1  1235 0 0 0.39762799495706
0

0101000
+931 0 -858 0 *
Wi

0101100
+857 0 -884 0 +856 0 *
Fa
0  1e-07 809 0

0101000
+855 0 *
Ed
 1e-07 1 1 0
1  1236 0 0 0.633306296494721
0

0101000
+915 0 -858 0 *
Wi

0101100
-856 0 -893 0 +853 0 *
Fa
0  1e-07 810 0

0101000
+852 0 *
Ed
 1e-07 1 1 0
1  1237 0 0 0.39762801518251
0

0101000
+869 0 -858 0 *
Wi

0101100
-853 0 -864 0 +850 0 *
Fa
0  1e-07 811 0

0101000
+849 0 *
Ed
 1e-07 1 1 0
1  1238 0 0 1
0

0101000
+869 0 -885 0 *
Wi

0101100
-850 0 +847 0 -857 0 *
Fa
0  1e-07 812 0

0101000
+846 0 *
Ve
1e-07
1.82692313194275 0.875 0.548541128635406
0 0

0101101
*
Ed
 1e-07 1 1 0
1  1239 0 0 0.210410217054636
0

0101000
+844 0 -1783 0 *
Ed
 1e-07 1 1 0
1  1240 0 0 0.210410217054636
0

0101000
+885 0 -844 0 *
Wi

0101100
+843 0 -880 0 +842 0 *
Fa
0  1e-07 813 0

0101000
+841 0 *
Ve
1e-07
1.9487179517746 1 0.431010454893112
0 0

0101101
*
Ed
 1e-07 1 1 0
1  1241 0 0 0.338511142650168
0

0101000
+885 0 -839 0 *
Ed
 1e-07 1 1 0
1  1242 0 0 0.210410164697882
0

0101000
+839 0 -844 0 *
Wi

0101100
-842 0 +838 0 +837 0 *
Fa
0  1e-07 814 0

0101000
+836 0 *
Ed
 1e-07 1 1 0
1  1243 0 0 0.25
0

0101000
+839 0 -1751 0 *
Ed
 1e-07 1 1 0
1  1244 0 0 0.210410164697882
0

0101000
+1751 0 -844 0 *
Wi

0101100
-837 0 +834 0 +833 0 *
Fa
0  1e-07 815 0

0101000
+832 0 *
Wi

0101100
-833 0 -1750 0 -843 0 *
Fa
0  1e-07 816 0

0101000
+830 0 *
Ve
1e-07
1.82692313194275 0.875 1.54854106903076
0 0

0101101
*
Ed
 1e-07 1 1 0
1  1245 0 0 0.21041025034852
0

0101000
+828 0 -1767 0 *
Ed
 1e-07 1 1 0
1  1246 0 0 0.210410114757052
0

0101000
+1735 0 -828 0 *
Wi

0101100
+827 0 -1730 0 +826 0 *
Fa
0  1e-07 817 0

0101000
+825 0 *
Ve
1e-07
1.9487179517746 1 1.43101048469543
0 0

0101101
*
Ed
 1e-07 1 1 0
1  1247 0 0 0.25
0

0101000
+1735 0 -823 0 *
Ed
 1e-07 1 1 0
1  1248 0 0 0.210410114757052
0

0101000
+823 0 -828 0 *
Wi

0101100
-826 0 +822 0 +821 0 *
Fa
0  1e-07 818 0

0101000
+820 0 *
Ed
 1e-07 1 1 0
1  1249 0 0 0.338511121955509
0

0101000
+823 0 -869 0 *
Ed
 1e-07 1 1 0
1  1250 0 0 0.21041025034852
0

0101000
+869 0 -828 0 *
Wi

0101100
-821 0 +818 0 +817 0 *
Fa
0  1e-07 819 0

0101000
+816 0 *
Wi

0101100
-817 0 -868 0 -827 0 *
Fa
0  1e-07 820 0

0101000
+814 0 *
Ve
1e-07
1.82692313194275 1 1.04854106903076
0 0

0101101
*
Ed
 1e-07 1 1 0
1  1251 0 0 0.629426753113573
0

0101000
+812 0 -839 0 *
Ed
 1e-07 1 1 0
1  1252 0 0 0.401393534959284
0

0101000
+885 0 -812 0 *
Wi

0101100
+811 0 -838 0 +810 0 *
Fa
0  1e-07 821 0

0101000
+809 0 *
Ed
 1e-07 1 1 0
1  1253 0 0 0.629426863897899
0

0101000
+869 0 -812 0 *
Wi

0101100
-810 0 -847 0 +807 0 *
Fa
0  1e-07 822 0

0101000
+806 0 *
Ed
 1e-07 1 1 0
1  1254 0 0 0.401393612376615
0

0101000
+823 0 -812 0 *
Wi

0101100
-807 0 -818 0 +804 0 *
Fa
0  1e-07 823 0

0101000
+803 0 *
Ed
 1e-07 1 1 0
1  1255 0 0 1.00000002980232
0

0101000
+823 0 -839 0 *
Wi

0101100
-804 0 +801 0 -811 0 *
Fa
0  1e-07 824 0

0101000
+800 0 *
Ve
1e-07
2.07051277160645 0.875 0.324372947216034
0 0

0101101
*
Ed
 1e-07 1 1 0
1  1256 0 0 0.204525148041631
0

0101000
+798 0 -1751 0 *
Ed
 1e-07 1 1 0
1  1257 0 0 0.204525148041631
0

0101000
+839 0 -798 0 *
Wi

0101100
+797 0 -834 0 +796 0 *
Fa
0  1e-07 825 0

0101000
+795 0 *
Ve
1e-07
2.19230771064758 1 0.217735439538956
0 0

0101101
*
Ed
 1e-07 1 1 0
1  1258 0 0 0.323762571651071
0

0101000
+839 0 -793 0 *
Ed
 1e-07 1 1 0
1  1259 0 0 0.204525219030841
0

0101000
+793 0 -798 0 *
Wi

0101100
-796 0 +792 0 +791 0 *
Fa
0  1e-07 826 0

0101000
+790 0 *
Ed
 1e-07 1 1 0
1  1260 0 0 0.25
0

0101000
+793 0 -1719 0 *
Ed
 1e-07 1 1 0
1  1261 0 0 0.204525219030841
0

0101000
+1719 0 -798 0 *
Wi

0101100
-791 0 +788 0 +787 0 *
Fa
0  1e-07 827 0

0101000
+786 0 *
Wi

0101100
-787 0 -1718 0 -797 0 *
Fa
0  1e-07 828 0

0101000
+784 0 *
Ve
1e-07
2.07051277160645 0.875 1.32437288761139
0 0

0101101
*
Ed
 1e-07 1 1 0
1  1262 0 0 0.204525194657606
0

0101000
+782 0 -1735 0 *
Ed
 1e-07 1 1 0
1  1263 0 0 0.204525203492194
0

0101000
+1703 0 -782 0 *
Wi

0101100
+781 0 -1698 0 +780 0 *
Fa
0  1e-07 829 0

0101000
+779 0 *
Ve
1e-07
2.19230771064758 1 1.21773540973663
0 0

0101101
*
Ed
 1e-07 1 1 0
1  1264 0 0 0.25
0

0101000
+1703 0 -777 0 *
Ed
 1e-07 1 1 0
1  1265 0 0 0.204525203492194
0

0101000
+777 0 -782 0 *
Wi

0101100
-780 0 +776 0 +775 0 *
Fa
0  1e-07 830 0

0101000
+774 0 *
Ed
 1e-07 1 1 0
1  1266 0 0 0.323762610914975
0

0101000
+777 0 -823 0 *
Ed
 1e-07 1 1 0
1  1267 0 0 0.204525194657606
0

0101000
+823 0 -782 0 *
Wi

0101100
-775 0 +772 0 +771 0 *
Fa
0  1e-07 831 0

0101000
+770 0 *
Wi

0101100
-771 0 -822 0 -781 0 *
Fa
0  1e-07 832 0

0101000
+768 0 *
Ve
1e-07
2.07051277160645 1 0.824372947216034
0 0

0101101
*
Ed
 1e-07 1 1 0
1  1268 0 0 0.618743139676467
0

0101000
+766 0 -793 0 *
Ed
 1e-07 1 1 0
1  1269 0 0 0.41178638698283
0

0101000
+839 0 -766 0 *
Wi

0101100
+765 0 -792 0 +764 0 *
Fa
0  1e-07 833 0

0101000
+763 0 *
Ed
 1e-07 1 1 0
1  1270 0 0 0.618743145430269
0

0101000
+823 0 -766 0 *
Wi

0101100
-764 0 -801 0 +761 0 *
Fa
0  1e-07 834 0

0101000
+760 0 *
Ed
 1e-07 1 1 0
1  1271 0 0 0.411786393772675
0

0101000
+777 0 -766 0 *
Wi

0101100
-761 0 -772 0 +758 0 *
Fa
0  1e-07 835 0

0101000
+757 0 *
Ed
 1e-07 1 1 0
1  1272 0 0 0.999999970197678
0

0101000
+777 0 -793 0 *
Wi

0101100
-758 0 +755 0 -765 0 *
Fa
0  1e-07 836 0

0101000
+754 0 *
Ve
1e-07
2.31410264968872 0.875 0.128287300467491
0 0

0101101
*
Ed
 1e-07 1 1 0
1  1273 0 0 0.196112153522882
0

0101000
+752 0 -1719 0 *
Ed
 1e-07 1 1 0
1  1274 0 0 0.196112153522882
0

0101000
+793 0 -752 0 *
Wi

0101100
+751 0 -788 0 +750 0 *
Fa
0  1e-07 837 0

0101000
+749 0 *
Ve
1e-07
2.43589735031128 1 0.0388391576707363
0 0

0101101
*
Ed
 1e-07 1 1 0
1  1275 0 0 0.302224737931498
0

0101000
+793 0 -747 0 *
Ed
 1e-07 1 1 0
1  1276 0 0 0.19611200715287
0

0101000
+747 0 -752 0 *
Wi

0101100
-750 0 +746 0 +745 0 *
Fa
0  1e-07 838 0

0101000
+744 0 *
Ed
 1e-07 1 1 0
1  1277 0 0 0.25
0

0101000
+747 0 -1687 0 *
Ed
 1e-07 1 1 0
1  1278 0 0 0.19611200715287
0

0101000
+1687 0 -752 0 *
Wi

0101100
-745 0 +742 0 +741 0 *
Fa
0  1e-07 839 0

0101000
+740 0 *
Wi

0101100
-741 0 -1686 0 -751 0 *
Fa
0  1e-07 840 0

0101000
+738 0 *
Ve
1e-07
2.31410264968872 0.875 1.12828731536865
0 0

0101101
*
Ed
 1e-07 1 1 0
1  1279 0 0 0.196112133133311
0

0101000
+736 0 -1703 0 *
Ed
 1e-07 1 1 0
1  1280 0 0 0.196112039436399
0

0101000
+1671 0 -736 0 *
Wi

0101100
+735 0 -1666 0 +734 0 *
Fa
0  1e-07 841 0

0101000
+733 0 *
Ve
1e-07
2.43589735031128 1 1.03883910179138
0 0

0101101
*
Ed
 1e-07 1 1 0
1  1281 0 0 0.25
0

0101000
+1671 0 -731 0 *
Ed
 1e-07 1 1 0
1  1282 0 0 0.196112039436399
0

0101000
+731 0 -736 0 *
Wi

0101100
-734 0 +730 0 +729 0 *
Fa
0  1e-07 842 0

0101000
+728 0 *
Ed
 1e-07 1 1 0
1  1283 0 0 0.30222475336731
0

0101000
+731 0 -777 0 *
Ed
 1e-07 1 1 0
1  1284 0 0 0.196112133133311
0

0101000
+777 0 -736 0 *
Wi

0101100
-729 0 +726 0 +725 0 *
Fa
0  1e-07 843 0

0101000
+724 0 *
Wi

0101100
-725 0 -776 0 -735 0 *
Fa
0  1e-07 844 0

0101000
+722 0 *
Ve
1e-07
2.31410264968872 1 0.628287315368652
0 0

0101101
*
Ed
 1e-07 1 1 0
1  1285 0 0 0.601899559489128
0

0101000
+720 0 -747 0 *
Ed
 1e-07 1 1 0
1  1286 0 0 0.428236908642071
0

0101000
+793 0 -720 0 *
Wi

0101100
+719 0 -746 0 +718 0 *
Fa
0  1e-07 845 0

0101000
+717 0 *
Ed
 1e-07 1 1 0
1  1287 0 0 0.601899545713468
0

0101000
+777 0 -720 0 *
Wi

0101100
-718 0 -755 0 +715 0 *
Fa
0  1e-07 846 0

0101000
+714 0 *
Ed
 1e-07 1 1 0
1  1288 0 0 0.428236755118746
0

0101000
+731 0 -720 0 *
Wi

0101100
-715 0 -726 0 +712 0 *
Fa
0  1e-07 847 0

0101000
+711 0 *
Ed
 1e-07 1 1 0
1  1289 0 0 0.999999944120646
0

0101000
+731 0 -747 0 *
Wi

0101100
-712 0 +709 0 -719 0 *
Fa
0  1e-07 848 0

0101000
+708 0 *
Ve
1e-07
2.55769228935242 0.875 -0.0281383171677589
0 0

0101101
*
Ed
 1e-07 1 1 0
1  1290 0 0 0.186935789274755
0

0101000
+706 0 -1687 0 *
Ed
 1e-07 1 1 0
1  1291 0 0 0.186935789274755
0

0101000
+747 0 -706 0 *
Wi

0101100
+705 0 -742 0 +704 0 *
Fa
0  1e-07 849 0

0101000
+703 0 *
Ve
1e-07
2.67948722839355 1 -0.0951157882809639
0 0

0101101
*
Ed
 1e-07 1 1 0
1  1292 0 0 0.277992726971518
0

0101000
+747 0 -701 0 *
Ed
 1e-07 1 1 0
1  1293 0 0 0.186935787940016
0

0101000
+701 0 -706 0 *
Wi

0101100
-704 0 +700 0 +699 0 *
Fa
0  1e-07 850 0

0101000
+698 0 *
Ed
 1e-07 1 1 0
1  1294 0 0 0.25
0

0101000
+701 0 -1655 0 *
Ed
 1e-07 1 1 0
1  1295 0 0 0.186935787940016
0

0101000
+1655 0 -706 0 *
Wi

0101100
-699 0 +696 0 +695 0 *
Fa
0  1e-07 851 0

0101000
+694 0 *
Wi

0101100
-695 0 -1654 0 -705 0 *
Fa
0  1e-07 852 0

0101000
+692 0 *
Ve
1e-07
2.55769228935242 0.875 0.971861660480499
0 0

0101101
*
Ed
 1e-07 1 1 0
1  1296 0 0 0.186935777262105
0

0101000
+690 0 -1671 0 *
Ed
 1e-07 1 1 0
1  1297 0 0 0.186935777262105
0

0101000
+1639 0 -690 0 *
Wi

0101100
+689 0 -1634 0 +688 0 *
Fa
0  1e-07 853 0

0101000
+687 0 *
Ve
1e-07
2.67948722839355 1 0.904884219169617
0 0

0101101
*
Ed
 1e-07 1 1 0
1  1298 0 0 0.25
0

0101000
+1639 0 -685 0 *
Ed
 1e-07 1 1 0
1  1299 0 0 0.186935777262105
0

0101000
+685 0 -690 0 *
Wi

0101100
-688 0 +684 0 +683 0 *
Fa
0  1e-07 854 0

0101000
+682 0 *
Ed
 1e-07 1 1 0
1  1300 0 0 0.277992696455048
0

0101000
+685 0 -731 0 *
Ed
 1e-07 1 1 0
1  1301 0 0 0.186935777262105
0

0101000
+731 0 -690 0 *
Wi

0101100
-683 0 +680 0 +679 0 *
Fa
0  1e-07 855 0

0101000
+678 0 *
Wi

0101100
-679 0 -730 0 -689 0 *
Fa
0  1e-07 856 0

0101000
+676 0 *
Ve
1e-07
2.55769228935242 1 0.471861690282822
0 0

0101101
*
Ed
 1e-07 1 1 0
1  1302 0 0 0.579911603931653
0

0101000
+674 0 -701 0 *
Ed
 1e-07 1 1 0
1  1303 0 0 0.449824989218939
0

0101000
+747 0 -674 0 *
Wi

0101100
+673 0 -700 0 +672 0 *
Fa
0  1e-07 857 0

0101000
+671 0 *
Ed
 1e-07 1 1 0
1  1304 0 0 0.579911538372002
0

0101000
+731 0 -674 0 *
Wi

0101100
-672 0 -709 0 +669 0 *
Fa
0  1e-07 858 0

0101000
+668 0 *
Ed
 1e-07 1 1 0
1  1305 0 0 0.449824985632801
0

0101000
+685 0 -674 0 *
Wi

0101100
-669 0 -680 0 +666 0 *
Fa
0  1e-07 859 0

0101000
+665 0 *
Ed
 1e-07 1 1 0
1  1306 0 0 1.00000000745058
0

0101000
+685 0 -701 0 *
Wi

0101100
-666 0 +663 0 -673 0 *
Fa
0  1e-07 860 0

0101000
+662 0 *
Ve
1e-07
2.80128216743469 0.875 -0.135668039321899
0 0

0101101
*
Ed
 1e-07 1 1 0
1  1307 0 0 0.179174474299554
0

0101000
+660 0 -1655 0 *
Ed
 1e-07 1 1 0
1  1308 0 0 0.179174474299554
0

0101000
+701 0 -660 0 *
Wi

0101100
+659 0 -696 0 +658 0 *
Fa
0  1e-07 861 0

0101000
+657 0 *
Ve
1e-07
2.92307686805725 1 -0.176220282912254
0 0

0101101
*
Ed
 1e-07 1 1 0
1  1309 0 0 0.256736930730439
0

0101000
+701 0 -655 0 *
Ed
 1e-07 1 1 0
1  1310 0 0 0.179174310546881
0

0101000
+655 0 -660 0 *
Wi

0101100
-658 0 +654 0 +653 0 *
Fa
0  1e-07 862 0

0101000
+652 0 *
Ed
 1e-07 1 1 0
1  1311 0 0 0.25
0

0101000
+655 0 -1623 0 *
Ed
 1e-07 1 1 0
1  1312 0 0 0.179174310546881
0

0101000
+1623 0 -660 0 *
Wi

0101100
-653 0 +650 0 +649 0 *
Fa
0  1e-07 863 0

0101000
+648 0 *
Wi

0101100
-649 0 -1622 0 -659 0 *
Fa
0  1e-07 864 0

0101000
+646 0 *
Ve
1e-07
2.80128216743469 0.875 0.864331960678101
0 0

0101101
*
Ed
 1e-07 1 1 0
1  1313 0 0 0.179174475985831
0

0101000
+644 0 -1639 0 *
Ed
 1e-07 1 1 0
1  1314 0 0 0.179174313919438
0

0101000
+1607 0 -644 0 *
Wi

0101100
+643 0 -1602 0 +642 0 *
Fa
0  1e-07 865 0

0101000
+641 0 *
Ve
1e-07
2.92307686805725 1 0.823779702186584
0 0

0101101
*
Ed
 1e-07 1 1 0
1  1315 0 0 0.25
0

0101000
+1607 0 -639 0 *
Ed
 1e-07 1 1 0
1  1316 0 0 0.179174313919438
0

0101000
+639 0 -644 0 *
Wi

0101100
-642 0 +638 0 +637 0 *
Fa
0  1e-07 866 0

0101000
+636 0 *
Ed
 1e-07 1 1 0
1  1317 0 0 0.256736937791469
0

0101000
+639 0 -685 0 *
Ed
 1e-07 1 1 0
1  1318 0 0 0.179174475985831
0

0101000
+685 0 -644 0 *
Wi

0101100
-637 0 +634 0 +633 0 *
Fa
0  1e-07 867 0

0101000
+632 0 *
Wi

0101100
-633 0 -684 0 -643 0 *
Fa
0  1e-07 868 0

0101000
+630 0 *
Ve
1e-07
2.80128216743469 1 0.364331960678101
0 0

0101101
*
Ed
 1e-07 1 1 0
1  1319 0 0 0.554103489566981
0

0101000
+628 0 -655 0 *
Ed
 1e-07 1 1 0
1  1320 0 0 0.475316990228191
0

0101000
+701 0 -628 0 *
Wi

0101100
+627 0 -654 0 +626 0 *
Fa
0  1e-07 869 0

0101000
+625 0 *
Ed
 1e-07 1 1 0
1  1321 0 0 0.554103556509353
0

0101000
+685 0 -628 0 *
Wi

0101100
-626 0 -663 0 +623 0 *
Fa
0  1e-07 870 0

0101000
+622 0 *
Ed
 1e-07 1 1 0
1  1322 0 0 0.475316921934182
0

0101000
+639 0 -628 0 *
Wi

0101100
-623 0 -634 0 +620 0 *
Fa
0  1e-07 871 0

0101000
+619 0 *
Ed
 1e-07 1 1 0
1  1323 0 0 0.999999985098839
0

0101000
+639 0 -655 0 *
Wi

0101100
-620 0 +617 0 -627 0 *
Fa
0  1e-07 872 0

0101000
+616 0 *
Ve
1e-07
3.04487180709839 0.875 -0.187952980399132
0 0

0101101
*
Ed
 1e-07 1 1 0
1  1324 0 0 0.174919019452869
0

0101000
+614 0 -1623 0 *
Ed
 1e-07 1 1 0
1  1325 0 0 0.174919019452869
0

0101000
+655 0 -614 0 *
Wi

0101100
+613 0 -650 0 +612 0 *
Fa
0  1e-07 873 0

0101000
+611 0 *
Ve
1e-07
3.16666674613953 1 -0.199685662984848
0 0

0101101
*
Ed
 1e-07 1 1 0
1  1326 0 0 0.2447174958316
0

0101000
+655 0 -609 0 *
Ed
 1e-07 1 1 0
1  1327 0 0 0.174919018453373
0

0101000
+609 0 -614 0 *
Wi

0101100
-612 0 +608 0 +607 0 *
Fa
0  1e-07 874 0

0101000
+606 0 *
Ed
 1e-07 1 1 0
1  1328 0 0 0.25
0

0101000
+609 0 -1591 0 *
Ed
 1e-07 1 1 0
1  1329 0 0 0.174919018453373
0

0101000
+1591 0 -614 0 *
Wi

0101100
-607 0 +604 0 +603 0 *
Fa
0  1e-07 875 0

0101000
+602 0 *
Wi

0101100
-603 0 -1590 0 -613 0 *
Fa
0  1e-07 876 0

0101000
+600 0 *
Ve
1e-07
3.04487180709839 0.875 0.812047004699707
0 0

0101101
*
Ed
 1e-07 1 1 0
1  1330 0 0 0.174919019452869
0

0101000
+598 0 -1607 0 *
Ed
 1e-07 1 1 0
1  1331 0 0 0.174919019452869
0

0101000
+1575 0 -598 0 *
Wi

0101100
+597 0 -1570 0 +596 0 *
Fa
0  1e-07 877 0

0101000
+595 0 *
Ve
1e-07
3.16666674613953 1 0.80031430721283
0 0

0101101
*
Ed
 1e-07 1 1 0
1  1332 0 0 0.25
0

0101000
+1575 0 -593 0 *
Ed
 1e-07 1 1 0
1  1333 0 0 0.174919019452869
0

0101000
+593 0 -598 0 *
Wi

0101100
-596 0 +592 0 +591 0 *
Fa
0  1e-07 878 0

0101000
+590 0 *
Ed
 1e-07 1 1 0
1  1334 0 0 0.244717497260437
0

0101000
+593 0 -639 0 *
Ed
 1e-07 1 1 0
1  1335 0 0 0.174919019452869
0

0101000
+639 0 -598 0 *
Wi

0101100
-591 0 +588 0 +587 0 *
Fa
0  1e-07 879 0

0101000
+586 0 *
Wi

0101100
-587 0 -638 0 -597 0 *
Fa
0  1e-07 880 0

0101000
+584 0 *
Ve
1e-07
3.04487180709839 1 0.312047034502029
0 0

0101101
*
Ed
 1e-07 1 1 0
1  1336 0 0 0.526026958295134
0

0101000
+582 0 -609 0 *
Ed
 1e-07 1 1 0
1  1337 0 0 0.503228556851631
0

0101000
+655 0 -582 0 *
Wi

0101100
+581 0 -608 0 +580 0 *
Fa
0  1e-07 881 0

0101000
+579 0 *
Ed
 1e-07 1 1 0
1  1338 0 0 0.52602692930266
0

0101000
+639 0 -582 0 *
Wi

0101100
-580 0 -617 0 +577 0 *
Fa
0  1e-07 882 0

0101000
+576 0 *
Ed
 1e-07 1 1 0
1  1339 0 0 0.503228513477205
0

0101000
+593 0 -582 0 *
Wi

0101100
-577 0 -588 0 +574 0 *
Fa
0  1e-07 883 0

0101000
+573 0 *
Ed
 1e-07 1 1 0
1  1340 0 0 0.999999970197678
0

0101000
+593 0 -609 0 *
Wi

0101100
-574 0 +571 0 -581 0 *
Fa
0  1e-07 884 0

0101000
+570 0 *
Ve
1e-07
3.28846144676208 0.875 -0.181906059384346
0 0

0101101
*
Ed
 1e-07 1 1 0
1  1341 0 0 0.17542822864046
0

0101000
+568 0 -1591 0 *
Ed
 1e-07 1 1 0
1  1342 0 0 0.17542822864046
0

0101000
+609 0 -568 0 *
Wi

0101100
+567 0 -604 0 +566 0 *
Fa
0  1e-07 885 0

0101000
+565 0 *
Ve
1e-07
3.41025638580322 1 -0.164126455783844
0 0

0101101
*
Ed
 1e-07 1 1 0
1  1343 0 0 0.246171423541103
0

0101000
+609 0 -563 0 *
Ed
 1e-07 1 1 0
1  1344 0 0 0.175428394167607
0

0101000
+563 0 -568 0 *
Wi

0101100
-566 0 +562 0 +561 0 *
Fa
0  1e-07 886 0

0101000
+560 0 *
Ed
 1e-07 1 1 0
1  1345 0 0 0.25
0

0101000
+563 0 -1559 0 *
Ed
 1e-07 1 1 0
1  1346 0 0 0.175428394167607
0

0101000
+1559 0 -568 0 *
Wi

0101100
-561 0 +558 0 +557 0 *
Fa
0  1e-07 887 0

0101000
+556 0 *
Wi

0101100
-557 0 -1558 0 -567 0 *
Fa
0  1e-07 888 0

0101000
+554 0 *
Ve
1e-07
3.28846144676208 0.875 0.818093955516815
0 0

0101101
*
Ed
 1e-07 1 1 0
1  1347 0 0 0.175428233171152
0

0101000
+552 0 -1575 0 *
Ed
 1e-07 1 1 0
1  1348 0 0 0.175428392657381
0

0101000
+1543 0 -552 0 *
Wi

0101100
+551 0 -1538 0 +550 0 *
Fa
0  1e-07 889 0

0101000
+549 0 *
Ve
1e-07
3.41025638580322 1 0.835873544216156
0 0

0101101
*
Ed
 1e-07 1 1 0
1  1349 0 0 0.25
0

0101000
+1543 0 -547 0 *
Ed
 1e-07 1 1 0
1  1350 0 0 0.175428392657381
0

0101000
+547 0 -552 0 *
Wi

0101100
-550 0 +546 0 +545 0 *
Fa
0  1e-07 890 0

0101000
+544 0 *
Ed
 1e-07 1 1 0
1  1351 0 0 0.24617142784602
0

0101000
+547 0 -593 0 *
Ed
 1e-07 1 1 0
1  1352 0 0 0.175428233171152
0

0101000
+593 0 -552 0 *
Wi

0101100
-545 0 +542 0 +541 0 *
Fa
0  1e-07 891 0

0101000
+540 0 *
Wi

0101100
-541 0 -592 0 -551 0 *
Fa
0  1e-07 892 0

0101000
+538 0 *
Ve
1e-07
3.28846144676208 1 0.318093955516815
0 0

0101101
*
Ed
 1e-07 1 1 0
1  1353 0 0 0.497363581548761
0

0101000
+536 0 -563 0 *
Ed
 1e-07 1 1 0
1  1354 0 0 0.531911348286034
0

0101000
+609 0 -536 0 *
Wi

0101100
+535 0 -562 0 +534 0 *
Fa
0  1e-07 893 0

0101000
+533 0 *
Ed
 1e-07 1 1 0
1  1355 0 0 0.497363465374736
0

0101000
+593 0 -536 0 *
Wi

0101100
-534 0 -571 0 +531 0 *
Fa
0  1e-07 894 0

0101000
+530 0 *
Ed
 1e-07 1 1 0
1  1356 0 0 0.531911373867577
0

0101000
+547 0 -536 0 *
Wi

0101100
-531 0 -542 0 +528 0 *
Fa
0  1e-07 895 0

0101000
+527 0 *
Ed
 1e-07 1 1 0
1  1357 0 0 1
0

0101000
+547 0 -563 0 *
Wi

0101100
-528 0 +525 0 -535 0 *
Fa
0  1e-07 896 0

0101000
+524 0 *
Ve
1e-07
3.53205132484436 0.875 -0.117884323000908
0 0

0101101
*
Ed
 1e-07 1 1 0
1  1358 0 0 0.180547340108762
0

0101000
+522 0 -1559 0 *
Ed
 1e-07 1 1 0
1  1359 0 0 0.180547340108762
0

0101000
+563 0 -522 0 *
Wi

0101100
+521 0 -558 0 +520 0 *
Fa
0  1e-07 897 0

0101000
+519 0 *
Ve
1e-07
3.6538462638855 1 -0.0716421827673912
0 0

0101101
*
Ed
 1e-07 1 1 0
1  1360 0 0 0.260555885482404
0

0101000
+563 0 -517 0 *
Ed
 1e-07 1 1 0
1  1361 0 0 0.18054734201702
0

0101000
+517 0 -522 0 *
Wi

0101100
-520 0 +516 0 +515 0 *
Fa
0  1e-07 898 0

0101000
+514 0 *
Ed
 1e-07 1 1 0
1  1362 0 0 0.25
0

0101000
+517 0 -1527 0 *
Ed
 1e-07 1 1 0
1  1363 0 0 0.18054734201702
0

0101000
+1527 0 -522 0 *
Wi

0101100
-515 0 +512 0 +511 0 *
Fa
0  1e-07 899 0

0101000
+510 0 *
Wi

0101100
-511 0 -1526 0 -521 0 *
Fa
0  1e-07 900 0

0101000
+508 0 *
Ve
1e-07
3.53205132484436 0.875 0.882115662097931
0 0

0101101
*
Ed
 1e-07 1 1 0
1  1364 0 0 0.180547336292249
0

0101000
+506 0 -1543 0 *
Ed
 1e-07 1 1 0
1  1365 0 0 0.18054735155831
0

0101000
+1511 0 -506 0 *
Wi

0101100
+505 0 -1506 0 +504 0 *
Fa
0  1e-07 901 0

0101000
+503 0 *
Ve
1e-07
3.6538462638855 1 0.928357839584351
0 0

0101101
*
Ed
 1e-07 1 1 0
1  1366 0 0 0.25
0

0101000
+1511 0 -501 0 *
Ed
 1e-07 1 1 0
1  1367 0 0 0.18054735155831
0

0101000
+501 0 -506 0 *
Wi

0101100
-504 0 +500 0 +499 0 *
Fa
0  1e-07 902 0

0101000
+498 0 *
Ed
 1e-07 1 1 0
1  1368 0 0 0.260555893416152
0

0101000
+501 0 -547 0 *
Ed
 1e-07 1 1 0
1  1369 0 0 0.180547336292249
0

0101000
+547 0 -506 0 *
Wi

0101100
-499 0 +496 0 +495 0 *
Fa
0  1e-07 903 0

0101000
+494 0 *
Wi

0101100
-495 0 -546 0 -505 0 *
Fa
0  1e-07 904 0

0101000
+492 0 *
Ve
1e-07
3.53205132484436 1 0.382115691900253
0 0

0101101
*
Ed
 1e-07 1 1 0
1  1370 0 0 0.469819344002492
0

0101000
+490 0 -517 0 *
Ed
 1e-07 1 1 0
1  1371 0 0 0.559655689761633
0

0101000
+563 0 -490 0 *
Wi

0101100
+489 0 -516 0 +488 0 *
Fa
0  1e-07 905 0

0101000
+487 0 *
Ed
 1e-07 1 1 0
1  1372 0 0 0.469819322414878
0

0101000
+547 0 -490 0 *
Wi

0101100
-488 0 -525 0 +485 0 *
Fa
0  1e-07 906 0

0101000
+484 0 *
Ed
 1e-07 1 1 0
1  1373 0 0 0.559655689761633
0

0101000
+501 0 -490 0 *
Wi

0101100
-485 0 -496 0 +482 0 *
Fa
0  1e-07 907 0

0101000
+481 0 *
Ed
 1e-07 1 1 0
1  1374 0 0 1.00000002235174
0

0101000
+501 0 -517 0 *
Wi

0101100
-482 0 +479 0 -489 0 *
Fa
0  1e-07 908 0

0101000
+478 0 *
Ve
1e-07
3.77564096450806 0.875 0.000332198047544807
0 0

0101101
*
Ed
 1e-07 1 1 0
1  1375 0 0 0.188783634336857
0

0101000
+476 0 -1527 0 *
Ed
 1e-07 1 1 0
1  1376 0 0 0.188783634336857
0

0101000
+517 0 -476 0 *
Wi

0101100
+475 0 -512 0 +474 0 *
Fa
0  1e-07 909 0

0101000
+473 0 *
Ve
1e-07
3.89743590354919 1 0.0723065808415413
0 0

0101101
*
Ed
 1e-07 1 1 0
1  1377 0 0 0.282943738393395
0

0101000
+517 0 -471 0 *
Ed
 1e-07 1 1 0
1  1378 0 0 0.1887837889084
0

0101000
+471 0 -476 0 *
Wi

0101100
-474 0 +470 0 +469 0 *
Fa
0  1e-07 910 0

0101000
+468 0 *
Ed
 1e-07 1 1 0
1  1379 0 0 0.25
0

0101000
+471 0 -1495 0 *
Ed
 1e-07 1 1 0
1  1380 0 0 0.1887837889084
0

0101000
+1495 0 -476 0 *
Wi

0101100
-469 0 +466 0 +465 0 *
Fa
0  1e-07 911 0

0101000
+464 0 *
Wi

0101100
-465 0 -1494 0 -475 0 *
Fa
0  1e-07 912 0

0101000
+462 0 *
Ve
1e-07
3.77564096450806 0.875 1.00033223628998
0 0

0101101
*
Ed
 1e-07 1 1 0
1  1381 0 0 0.188783640395236
0

0101000
+460 0 -1511 0 *
Ed
 1e-07 1 1 0
1  1382 0 0 0.188783794212251
0

0101000
+1479 0 -460 0 *
Wi

0101100
+459 0 -1474 0 +458 0 *
Fa
0  1e-07 913 0

0101000
+457 0 *
Ve
1e-07
3.89743590354919 1 1.07230663299561
0 0

0101101
*
Ed
 1e-07 1 1 0
1  1383 0 0 0.25
0

0101000
+1479 0 -455 0 *
Ed
 1e-07 1 1 0
1  1384 0 0 0.188783794212251
0

0101000
+455 0 -460 0 *
Wi

0101100
-458 0 +454 0 +453 0 *
Fa
0  1e-07 914 0

0101000
+452 0 *
Ed
 1e-07 1 1 0
1  1385 0 0 0.282943753555447
0

0101000
+455 0 -501 0 *
Ed
 1e-07 1 1 0
1  1386 0 0 0.188783640395236
0

0101000
+501 0 -460 0 *
Wi

0101100
-453 0 +450 0 +449 0 *
Fa
0  1e-07 915 0

0101000
+448 0 *
Wi

0101100
-449 0 -500 0 -459 0 *
Fa
0  1e-07 916 0

0101000
+446 0 *
Ve
1e-07
3.77564096450806 1 0.500332176685333
0 0

0101101
*
Ed
 1e-07 1 1 0
1  1387 0 0 0.445016761339916
0

0101000
+444 0 -471 0 *
Ed
 1e-07 1 1 0
1  1388 0 0 0.584797928323189
0

0101000
+517 0 -444 0 *
Wi

0101100
+443 0 -470 0 +442 0 *
Fa
0  1e-07 917 0

0101000
+441 0 *
Ed
 1e-07 1 1 0
1  1389 0 0 0.445016760583106
0

0101000
+501 0 -444 0 *
Wi

0101100
-442 0 -479 0 +439 0 *
Fa
0  1e-07 918 0

0101000
+438 0 *
Ed
 1e-07 1 1 0
1  1390 0 0 0.584798072711826
0

0101000
+455 0 -444 0 *
Wi

0101100
-439 0 -450 0 +436 0 *
Fa
0  1e-07 919 0

0101000
+435 0 *
Ed
 1e-07 1 1 0
1  1391 0 0 1.00000005215406
0

0101000
+455 0 -471 0 *
Wi

0101100
-436 0 +433 0 -443 0 *
Fa
0  1e-07 920 0

0101000
+432 0 *
Ve
1e-07
4.01923084259033 0.875 0.16576361656189
0 0

0101101
*
Ed
 1e-07 1 1 0
1  1392 0 0 0.197972787780717
0

0101000
+430 0 -1495 0 *
Ed
 1e-07 1 1 0
1  1393 0 0 0.197972787780717
0

0101000
+471 0 -430 0 *
Wi

0101100
+429 0 -466 0 +428 0 *
Fa
0  1e-07 921 0

0101000
+427 0 *
Ve
1e-07
4.14102554321289 1 0.259220659732819
0 0

0101101
*
Ed
 1e-07 1 1 0
1  1394 0 0 0.307038736056648
0

0101000
+471 0 -425 0 *
Ed
 1e-07 1 1 0
1  1395 0 0 0.197972644620391
0

0101000
+425 0 -430 0 *
Wi

0101100
-428 0 +424 0 +423 0 *
Fa
0  1e-07 922 0

0101000
+422 0 *
Ed
 1e-07 1 1 0
1  1396 0 0 0.25
0

0101000
+425 0 -1463 0 *
Ed
 1e-07 1 1 0
1  1397 0 0 0.197972644620391
0

0101000
+1463 0 -430 0 *
Wi

0101100
-423 0 +420 0 +419 0 *
Fa
0  1e-07 923 0

0101000
+418 0 *
Wi

0101100
-419 0 -1462 0 -429 0 *
Fa
0  1e-07 924 0

0101000
+416 0 *
Ve
1e-07
4.01923084259033 0.875 1.16576361656189
0 0

0101101
*
Ed
 1e-07 1 1 0
1  1398 0 0 0.197972763160348
0

0101000
+414 0 -1479 0 *
Ed
 1e-07 1 1 0
1  1399 0 0 0.197972616482804
0

0101000
+1447 0 -414 0 *
Wi

0101100
+413 0 -1442 0 +412 0 *
Fa
0  1e-07 925 0

0101000
+411 0 *
Ve
1e-07
4.14102554321289 1 1.25922060012817
0 0

0101101
*
Ed
 1e-07 1 1 0
1  1400 0 0 0.25
0

0101000
+1447 0 -409 0 *
Ed
 1e-07 1 1 0
1  1401 0 0 0.197972616482804
0

0101000
+409 0 -414 0 *
Wi

0101100
-412 0 +408 0 +407 0 *
Fa
0  1e-07 926 0

0101000
+406 0 *
Ed
 1e-07 1 1 0
1  1402 0 0 0.307038668022001
0

0101000
+409 0 -455 0 *
Ed
 1e-07 1 1 0
1  1403 0 0 0.197972763160348
0

0101000
+455 0 -414 0 *
Wi

0101100
-407 0 +404 0 +403 0 *
Fa
0  1e-07 927 0

0101000
+402 0 *
Wi

0101100
-403 0 -454 0 -413 0 *
Fa
0  1e-07 928 0

0101000
+400 0 *
Ve
1e-07
4.01923084259033 1 0.66576361656189
0 0

0101101
*
Ed
 1e-07 1 1 0
1  1404 0 0 0.424395010393693
0

0101000
+398 0 -425 0 *
Ed
 1e-07 1 1 0
1  1405 0 0 0.605826097508202
0

0101000
+471 0 -398 0 *
Wi

0101100
+397 0 -424 0 +396 0 *
Fa
0  1e-07 929 0

0101000
+395 0 *
Ed
 1e-07 1 1 0
1  1406 0 0 0.424395135913525
0

0101000
+455 0 -398 0 *
Wi

0101100
-396 0 -433 0 +393 0 *
Fa
0  1e-07 930 0

0101000
+392 0 *
Ed
 1e-07 1 1 0
1  1407 0 0 0.605825998487463
0

0101000
+409 0 -398 0 *
Wi

0101100
-393 0 -404 0 +390 0 *
Fa
0  1e-07 931 0

0101000
+389 0 *
Ed
 1e-07 1 1 0
1  1408 0 0 0.999999940395355
0

0101000
+409 0 -425 0 *
Wi

0101100
-390 0 +387 0 -397 0 *
Fa
0  1e-07 932 0

0101000
+386 0 *
Ve
1e-07
4.26282072067261 0.875 0.368642359972
0 0

0101101
*
Ed
 1e-07 1 1 0
1  1409 0 0 0.20599071274132
0

0101000
+384 0 -1463 0 *
Ed
 1e-07 1 1 0
1  1410 0 0 0.20599071274132
0

0101000
+425 0 -384 0 *
Wi

0101100
+383 0 -420 0 +382 0 *
Fa
0  1e-07 933 0

0101000
+381 0 *
Ve
1e-07
4.38461542129517 1 0.478064060211182
0 0

0101101
*
Ed
 1e-07 1 1 0
1  1411 0 0 0.327457573797081
0

0101000
+425 0 -379 0 *
Ed
 1e-07 1 1 0
1  1412 0 0 0.205990430804375
0

0101000
+379 0 -384 0 *
Wi

0101100
-382 0 +378 0 +377 0 *
Fa
0  1e-07 934 0

0101000
+376 0 *
Ed
 1e-07 1 1 0
1  1413 0 0 0.25
0

0101000
+379 0 -1431 0 *
Ed
 1e-07 1 1 0
1  1414 0 0 0.205990430804375
0

0101000
+1431 0 -384 0 *
Wi

0101100
-377 0 +374 0 +373 0 *
Fa
0  1e-07 935 0

0101000
+372 0 *
Wi

0101100
-373 0 -1430 0 -383 0 *
Fa
0  1e-07 936 0

0101000
+370 0 *
Ve
1e-07
4.26282072067261 0.875 1.36864233016968
0 0

0101101
*
Ed
 1e-07 1 1 0
1  1415 0 0 0.205990728572234
0

0101000
+368 0 -1447 0 *
Ed
 1e-07 1 1 0
1  1416 0 0 0.20599044663531
0

0101000
+1415 0 -368 0 *
Wi

0101100
+367 0 -1410 0 +366 0 *
Fa
0  1e-07 937 0

0101000
+365 0 *
Ve
1e-07
4.38461542129517 1 1.47806406021118
0 0

0101101
*
Ed
 1e-07 1 1 0
1  1417 0 0 0.25
0

0101000
+1415 0 -363 0 *
Ed
 1e-07 1 1 0
1  1418 0 0 0.20599044663531
0

0101000
+363 0 -368 0 *
Wi

0101100
-366 0 +362 0 +361 0 *
Fa
0  1e-07 938 0

0101000
+360 0 *
Ed
 1e-07 1 1 0
1  1419 0 0 0.327457613631506
0

0101000
+363 0 -409 0 *
Ed
 1e-07 1 1 0
1  1420 0 0 0.205990728572234
0

0101000
+409 0 -368 0 *
Wi

0101100
-361 0 +358 0 +357 0 *
Fa
0  1e-07 939 0

0101000
+356 0 *
Wi

0101100
-357 0 -408 0 -367 0 *
Fa
0  1e-07 940 0

0101000
+354 0 *
Ve
1e-07
4.26282072067261 1 0.868642330169678
0 0

0101101
*
Ed
 1e-07 1 1 0
1  1421 0 0 0.409127527873047
0

0101000
+352 0 -379 0 *
Ed
 1e-07 1 1 0
1  1422 0 0 0.621473119008776
0

0101000
+425 0 -352 0 *
Wi

0101100
+351 0 -378 0 +350 0 *
Fa
0  1e-07 941 0

0101000
+349 0 *
Ed
 1e-07 1 1 0
1  1423 0 0 0.409127669824733
0

0101000
+409 0 -352 0 *
Wi

0101100
-350 0 -387 0 +347 0 *
Fa
0  1e-07 942 0

0101000
+346 0 *
Ed
 1e-07 1 1 0
1  1424 0 0 0.621473084008083
0

0101000
+363 0 -352 0 *
Wi

0101100
-347 0 -358 0 +344 0 *
Fa
0  1e-07 943 0

0101000
+343 0 *
Ed
 1e-07 1 1 0
1  1425 0 0 1
0

0101000
+363 0 -379 0 *
Wi

0101100
-344 0 +341 0 -351 0 *
Fa
0  1e-07 944 0

0101000
+340 0 *
Ve
1e-07
4.50641012191772 0.875 0.596989810466766
0 0

0101101
*
Ed
 1e-07 1 1 0
1  1426 0 0 0.211192526320399
0

0101000
+338 0 -1431 0 *
Ed
 1e-07 1 1 0
1  1427 0 0 0.211192526320399
0

0101000
+379 0 -338 0 *
Wi

0101100
+337 0 -374 0 +336 0 *
Fa
0  1e-07 945 0

0101000
+335 0 *
Ve
1e-07
4.62820529937744 1 0.715915560722351
0 0

0101101
*
Ed
 1e-07 1 1 0
1  1428 0 0 0.340454644555707
0

0101000
+379 0 -333 0 *
Ed
 1e-07 1 1 0
1  1429 0 0 0.211192801312681
0

0101000
+333 0 -338 0 *
Wi

0101100
-336 0 +332 0 +331 0 *
Fa
0  1e-07 946 0

0101000
+330 0 *
Ed
 1e-07 1 1 0
1  1430 0 0 0.25
0

0101000
+333 0 -1399 0 *
Ed
 1e-07 1 1 0
1  1431 0 0 0.211192801312681
0

0101000
+1399 0 -338 0 *
Wi

0101100
-331 0 +328 0 +327 0 *
Fa
0  1e-07 947 0

0101000
+326 0 *
Wi

0101100
-327 0 -1398 0 -337 0 *
Fa
0  1e-07 948 0

0101000
+324 0 *
Ve
1e-07
4.50641012191772 0.875 1.59698975086212
0 0

0101101
*
Ed
 1e-07 1 1 0
1  1432 0 0 0.211192492756115
0

0101000
+322 0 -1415 0 *
Ed
 1e-07 1 1 0
1  1433 0 0 0.211192834876933
0

0101000
+1383 0 -322 0 *
Wi

0101100
+321 0 -1378 0 +320 0 *
Fa
0  1e-07 949 0

0101000
+319 0 *
Ve
1e-07
4.62820529937744 1 1.71591556072235
0 0

0101101
*
Ed
 1e-07 1 1 0
1  1434 0 0 0.25
0

0101000
+1383 0 -317 0 *
Ed
 1e-07 1 1 0
1  1435 0 0 0.211192834876933
0

0101000
+317 0 -322 0 *
Wi

0101100
-320 0 +316 0 +315 0 *
Fa
0  1e-07 950 0

0101000
+314 0 *
Ed
 1e-07 1 1 0
1  1436 0 0 0.340454644555707
0

0101000
+317 0 -363 0 *
Ed
 1e-07 1 1 0
1  1437 0 0 0.211192492756115
0

0101000
+363 0 -322 0 *
Wi

0101100
-315 0 +312 0 +311 0 *
Fa
0  1e-07 951 0

0101000
+310 0 *
Wi

0101100
-311 0 -362 0 -321 0 *
Fa
0  1e-07 952 0

0101000
+308 0 *
Ve
1e-07
4.50641012191772 1 1.09698975086212
0 0

0101101
*
Ed
 1e-07 1 1 0
1  1438 0 0 0.400064499353699
0

0101000
+306 0 -333 0 *
Ed
 1e-07 1 1 0
1  1439 0 0 0.630795497485105
0

0101000
+379 0 -306 0 *
Wi

0101100
+305 0 -332 0 +304 0 *
Fa
0  1e-07 953 0

0101000
+303 0 *
Ed
 1e-07 1 1 0
1  1440 0 0 0.400064467736891
0

0101000
+363 0 -306 0 *
Wi

0101100
-304 0 -341 0 +301 0 *
Fa
0  1e-07 954 0

0101000
+300 0 *
Ed
 1e-07 1 1 0
1  1441 0 0 0.630795706519619
0

0101000
+317 0 -306 0 *
Wi

0101100
-301 0 -312 0 +298 0 *
Fa
0  1e-07 955 0

0101000
+297 0 *
Ed
 1e-07 1 1 0
1  1442 0 0 1
0

0101000
+317 0 -333 0 *
Wi

0101100
-298 0 +295 0 -305 0 *
Fa
0  1e-07 956 0

0101000
+294 0 *
Ve
1e-07
4.75 0.875 0.837323606014252
0 0

0101101
*
Ed
 1e-07 1 1 0
1  1443 0 0 0.212600241207151
0

0101000
+292 0 -1399 0 *
Ed
 1e-07 1 1 0
1  1444 0 0 0.212600241207151
0

0101000
+333 0 -292 0 *
Wi

0101100
+291 0 -328 0 +290 0 *
Fa
0  1e-07 957 0

0101000
+289 0 *
Ve
1e-07
4.87179470062256 1 0.958731651306152
0 0

0101101
*
Ed
 1e-07 1 1 0
1  1445 0 0 0.343941056353201
0

0101000
+333 0 -287 0 *
Ed
 1e-07 1 1 0
1  1446 0 0 0.212600241207151
0

0101000
+287 0 -292 0 *
Wi

0101100
-290 0 +286 0 +285 0 *
Fa
0  1e-07 958 0

0101000
+284 0 *
Ed
 1e-07 1 1 0
1  1447 0 0 0.25
0

0101000
+287 0 -1367 0 *
Ed
 1e-07 1 1 0
1  1448 0 0 0.212600241207151
0

0101000
+1367 0 -292 0 *
Wi

0101100
-285 0 +282 0 +281 0 *
Fa
0  1e-07 959 0

0101000
+280 0 *
Wi

0101100
-281 0 -1366 0 -291 0 *
Fa
0  1e-07 960 0

0101000
+278 0 *
Ve
1e-07
4.75 0.875 1.83732354640961
0 0

0101101
*
Ed
 1e-07 1 1 0
1  1449 0 0 0.212600207169174
0

0101000
+276 0 -1383 0 *
Ed
 1e-07 1 1 0
1  1450 0 0 0.21260027524514
0

0101000
+1351 0 -276 0 *
Wi

0101100
+275 0 -1346 0 +274 0 *
Fa
0  1e-07 961 0

0101000
+273 0 *
Ve
1e-07
4.87179470062256 1 1.95873165130615
0 0

0101101
*
Ed
 1e-07 1 1 0
1  1451 0 0 0.25
0

0101000
+1351 0 -271 0 *
Ed
 1e-07 1 1 0
1  1452 0 0 0.21260027524514
0

0101000
+271 0 -276 0 *
Wi

0101100
-274 0 +270 0 +269 0 *
Fa
0  1e-07 962 0

0101000
+268 0 *
Ed
 1e-07 1 1 0
1  1453 0 0 0.343941056353201
0

0101000
+271 0 -317 0 *
Ed
 1e-07 1 1 0
1  1454 0 0 0.212600207169174
0

0101000
+317 0 -276 0 *
Wi

0101100
-269 0 +266 0 +265 0 *
Fa
0  1e-07 963 0

0101000
+264 0 *
Wi

0101100
-265 0 -316 0 -275 0 *
Fa
0  1e-07 964 0

0101000
+262 0 *
Ve
1e-07
4.75 1 1.33732354640961
0 0

0101101
*
Ed
 1e-07 1 1 0
1  1455 0 0 0.397700606157149
0

0101000
+260 0 -287 0 *
Ed
 1e-07 1 1 0
1  1456 0 0 0.633231264054162
0

0101000
+333 0 -260 0 *
Wi

0101100
+259 0 -286 0 +258 0 *
Fa
0  1e-07 965 0

0101000
+257 0 *
Ed
 1e-07 1 1 0
1  1457 0 0 0.397700719638675
0

0101000
+317 0 -260 0 *
Wi

0101100
-258 0 -295 0 +255 0 *
Fa
0  1e-07 966 0

0101000
+254 0 *
Ed
 1e-07 1 1 0
1  1458 0 0 0.633231381037654
0

0101000
+271 0 -260 0 *
Wi

0101100
-255 0 -266 0 +252 0 *
Fa
0  1e-07 967 0

0101000
+251 0 *
Ed
 1e-07 1 1 0
1  1459 0 0 1
0

0101000
+271 0 -287 0 *
Wi

0101100
-252 0 +249 0 -259 0 *
Fa
0  1e-07 968 0

0101000
+248 0 *
Ve
1e-07
4.99358987808228 0.875 1.07545375823975
0 0

0101101
*
Ed
 1e-07 1 1 0
1  1460 0 0 0.209959794959562
0

0101000
+246 0 -1367 0 *
Ed
 1e-07 1 1 0
1  1461 0 0 0.209959794959562
0

0101000
+287 0 -246 0 *
Wi

0101100
+245 0 -282 0 +244 0 *
Fa
0  1e-07 969 0

0101000
+243 0 *
Ve
1e-07
5.11538457870483 1 1.19217574596405
0 0

0101101
*
Ed
 1e-07 1 1 0
1  1462 0 0 0.337390239981514
0

0101000
+287 0 -241 0 *
Ed
 1e-07 1 1 0
1  1463 0 0 0.209959452080756
0

0101000
+241 0 -246 0 *
Wi

0101100
-244 0 +240 0 +239 0 *
Fa
0  1e-07 970 0

0101000
+238 0 *
Ed
 1e-07 1 1 0
1  1464 0 0 0.25
0

0101000
+241 0 -1335 0 *
Ed
 1e-07 1 1 0
1  1465 0 0 0.209959452080756
0

0101000
+1335 0 -246 0 *
Wi

0101100
-239 0 +236 0 +235 0 *
Fa
0  1e-07 971 0

0101000
+234 0 *
Wi

0101100
-235 0 -1334 0 -245 0 *
Fa
0  1e-07 972 0

0101000
+232 0 *
Ve
1e-07
4.99358987808228 0.875 2.07545375823975
0 0

0101101
*
Ed
 1e-07 1 1 0
1  1466 0 0 0.209959794959562
0

0101000
+230 0 -1351 0 *
Ed
 1e-07 1 1 0
1  1467 0 0 0.209959518352362
0

0101000
+1319 0 -230 0 *
Wi

0101100
+229 0 -1314 0 +228 0 *
Fa
0  1e-07 973 0

0101000
+227 0 *
Ve
1e-07
5.11538457870483 1 2.19217586517334
0 0

0101101
*
Ed
 1e-07 1 1 0
1  1468 0 0 0.25
0

0101000
+1319 0 -225 0 *
Ed
 1e-07 1 1 0
1  1469 0 0 0.209959518352362
0

0101000
+225 0 -230 0 *
Wi

0101100
-228 0 +224 0 +223 0 *
Fa
0  1e-07 974 0

0101000
+222 0 *
Ed
 1e-07 1 1 0
1  1470 0 0 0.33739032246377
0

0101000
+225 0 -271 0 *
Ed
 1e-07 1 1 0
1  1471 0 0 0.209959794959562
0

0101000
+271 0 -230 0 *
Wi

0101100
-223 0 +220 0 +219 0 *
Fa
0  1e-07 975 0

0101000
+218 0 *
Wi

0101100
-219 0 -270 0 -229 0 *
Fa
0  1e-07 976 0

0101000
+216 0 *
Ve
1e-07
4.99358987808228 1 1.57545375823975
0 0

0101101
*
Ed
 1e-07 1 1 0
1  1472 0 0 0.402164125443515
0

0101000
+214 0 -241 0 *
Ed
 1e-07 1 1 0
1  1473 0 0 0.628633615417641
0

0101000
+287 0 -214 0 *
Wi

0101100
+213 0 -240 0 +212 0 *
Fa
0  1e-07 977 0

0101000
+211 0 *
Ed
 1e-07 1 1 0
1  1474 0 0 0.402164156242034
0

0101000
+271 0 -214 0 *
Wi

0101100
-212 0 -249 0 +209 0 *
Fa
0  1e-07 978 0

0101000
+208 0 *
Ed
 1e-07 1 1 0
1  1475 0 0 0.628633523032577
0

0101000
+225 0 -214 0 *
Wi

0101100
-209 0 -220 0 +206 0 *
Fa
0  1e-07 979 0

0101000
+205 0 *
Ed
 1e-07 1 1 0
1  1476 0 0 1.00000011920929
0

0101000
+225 0 -241 0 *
Wi

0101100
-206 0 +203 0 -213 0 *
Fa
0  1e-07 980 0

0101000
+202 0 *
Ve
1e-07
5.23717927932739 0.875 1.29732012748718
0 0

0101101
*
Ed
 1e-07 1 1 0
1  1477 0 0 0.203750558442476
0

0101000
+200 0 -1335 0 *
Ed
 1e-07 1 1 0
1  1478 0 0 0.203750558442476
0

0101000
+241 0 -200 0 *
Wi

0101100
+199 0 -236 0 +198 0 *
Fa
0  1e-07 981 0

0101000
+197 0 *
Ve
1e-07
5.35897445678711 1 1.40246450901031
0 0

0101101
*
Ed
 1e-07 1 1 0
1  1479 0 0 0.32180334455637
0

0101000
+241 0 -195 0 *
Ed
 1e-07 1 1 0
1  1480 0 0 0.203750843478808
0

0101000
+195 0 -200 0 *
Wi

0101100
-198 0 +194 0 +193 0 *
Fa
0  1e-07 982 0

0101000
+192 0 *
Ed
 1e-07 1 1 0
1  1481 0 0 0.25
0

0101000
+195 0 -1303 0 *
Ed
 1e-07 1 1 0
1  1482 0 0 0.203750843478808
0

0101000
+1303 0 -200 0 *
Wi

0101100
-193 0 +190 0 +189 0 *
Fa
0  1e-07 983 0

0101000
+188 0 *
Wi

0101100
-189 0 -1302 0 -199 0 *
Fa
0  1e-07 984 0

0101000
+186 0 *
Ve
1e-07
5.23717927932739 0.875 2.29732012748718
0 0

0101101
*
Ed
 1e-07 1 1 0
1  1483 0 0 0.203750496925188
0

0101000
+184 0 -1319 0 *
Ed
 1e-07 1 1 0
1  1484 0 0 0.203750904996062
0

0101000
+1287 0 -184 0 *
Wi

0101100
+183 0 -1282 0 +182 0 *
Fa
0  1e-07 985 0

0101000
+181 0 *
Ve
1e-07
5.35897445678711 1 2.4024646282196
0 0

0101101
*
Ed
 1e-07 1 1 0
1  1485 0 0 0.25
0

0101000
+1287 0 -179 0 *
Ed
 1e-07 1 1 0
1  1486 0 0 0.203750904996062
0

0101000
+179 0 -184 0 *
Wi

0101100
-182 0 +178 0 +177 0 *
Fa
0  1e-07 986 0

0101000
+176 0 *
Ed
 1e-07 1 1 0
1  1487 0 0 0.32180334455637
0

0101000
+179 0 -225 0 *
Ed
 1e-07 1 1 0
1  1488 0 0 0.203750496925188
0

0101000
+225 0 -184 0 *
Wi

0101100
-177 0 +174 0 +173 0 *
Fa
0  1e-07 987 0

0101000
+172 0 *
Wi

0101100
-173 0 -224 0 -183 0 *
Fa
0  1e-07 988 0

0101000
+170 0 *
Ve
1e-07
5.23717927932739 1 1.79732012748718
0 0

0101101
*
Ed
 1e-07 1 1 0
1  1489 0 0 0.413213050005918
0

0101000
+168 0 -195 0 *
Ed
 1e-07 1 1 0
1  1490 0 0 0.617279249277629
0

0101000
+241 0 -168 0 *
Wi

0101100
+167 0 -194 0 +166 0 *
Fa
0  1e-07 989 0

0101000
+165 0 *
Ed
 1e-07 1 1 0
1  1491 0 0 0.413213023371019
0

0101000
+225 0 -168 0 *
Wi

0101100
-166 0 -203 0 +163 0 *
Fa
0  1e-07 990 0

0101000
+162 0 *
Ed
 1e-07 1 1 0
1  1492 0 0 0.61727946022781
0

0101000
+179 0 -168 0 *
Wi

0101100
-163 0 -174 0 +160 0 *
Fa
0  1e-07 991 0

0101000
+159 0 *
Ed
 1e-07 1 1 0
1  1493 0 0 1.00000011920929
0

0101000
+179 0 -195 0 *
Wi

0101100
-160 0 +157 0 -167 0 *
Fa
0  1e-07 992 0

0101000
+156 0 *
Ve
1e-07
5.48076915740967 0.875 1.48982322216034
0 0

0101101
*
Ed
 1e-07 1 1 0
1  1494 0 0 0.19516786073267
0

0101000
+154 0 -1303 0 *
Ed
 1e-07 1 1 0
1  1495 0 0 0.19516786073267
0

0101000
+195 0 -154 0 *
Wi

0101100
+153 0 -190 0 +152 0 *
Fa
0  1e-07 993 0

0101000
+151 0 *
Ve
1e-07
5.60256433486938 1 1.57718193531036
0 0

0101101
*
Ed
 1e-07 1 1 0
1  1496 0 0 0.299770258292998
0

0101000
+195 0 -149 0 *
Ed
 1e-07 1 1 0
1  1497 0 0 0.195168158303736
0

0101000
+149 0 -154 0 *
Wi

0101100
-152 0 +148 0 +147 0 *
Fa
0  1e-07 994 0

0101000
+146 0 *
Ed
 1e-07 1 1 0
1  1498 0 0 0.25
0

0101000
+149 0 -1271 0 *
Ed
 1e-07 1 1 0
1  1499 0 0 0.195168158303736
0

0101000
+1271 0 -154 0 *
Wi

0101100
-147 0 +144 0 +143 0 *
Fa
0  1e-07 995 0

0101000
+142 0 *
Wi

0101100
-143 0 -1270 0 -153 0 *
Fa
0  1e-07 996 0

0101000
+140 0 *
Ve
1e-07
5.48076915740967 0.875 2.48982334136963
0 0

0101101
*
Ed
 1e-07 1 1 0
1  1500 0 0 0.19516786073267
0

0101000
+138 0 -1287 0 *
Ed
 1e-07 1 1 0
1  1501 0 0 0.195168158303736
0

0101000
+1255 0 -138 0 *
Wi

0101100
+137 0 -1250 0 +136 0 *
Fa
0  1e-07 997 0

0101000
+135 0 *
Ve
1e-07
5.60256433486938 1 2.57718205451965
0 0

0101101
*
Ed
 1e-07 1 1 0
1  1502 0 0 0.25
0

0101000
+1255 0 -133 0 *
Ed
 1e-07 1 1 0
1  1503 0 0 0.195168158303736
0

0101000
+133 0 -138 0 *
Wi

0101100
-136 0 +132 0 +131 0 *
Fa
0  1e-07 998 0

0101000
+130 0 *
Ed
 1e-07 1 1 0
1  1504 0 0 0.299770258292998
0

0101000
+133 0 -179 0 *
Ed
 1e-07 1 1 0
1  1505 0 0 0.19516786073267
0

0101000
+179 0 -138 0 *
Wi

0101100
-131 0 +128 0 +127 0 *
Fa
0  1e-07 999 0

0101000
+126 0 *
Wi

0101100
-127 0 -178 0 -137 0 *
Fa
0  1e-07 1000 0

0101000
+124 0 *
Ve
1e-07
5.48076915740967 1 1.98982322216034
0 0

0101101
*
Ed
 1e-07 1 1 0
1  1506 0 0 0.430240510488782
0

0101000
+122 0 -149 0 *
Ed
 1e-07 1 1 0
1  1507 0 0 0.59985348795601
0

0101000
+195 0 -122 0 *
Wi

0101100
+121 0 -148 0 +120 0 *
Fa
0  1e-07 1001 0

0101000
+119 0 *
Ed
 1e-07 1 1 0
1  1508 0 0 0.430240489835982
0

0101000
+179 0 -122 0 *
Wi

0101100
-120 0 -157 0 +117 0 *
Fa
0  1e-07 1002 0

0101000
+116 0 *
Ed
 1e-07 1 1 0
1  1509 0 0 0.599853701499741
0

0101000
+133 0 -122 0 *
Wi

0101100
-117 0 -128 0 +114 0 *
Fa
0  1e-07 1003 0

0101000
+113 0 *
Ed
 1e-07 1 1 0
1  1510 0 0 1.00000011920929
0

0101000
+133 0 -149 0 *
Wi

0101100
-114 0 +111 0 -121 0 *
Fa
0  1e-07 1004 0

0101000
+110 0 *
Ve
1e-07
5.72435903549194 0.875 1.641597032547
0 0

0101101
*
Ed
 1e-07 1 1 0
1  1511 0 0 0.186032937545327
0

0101000
+108 0 -1271 0 *
Ed
 1e-07 1 1 0
1  1512 0 0 0.186032937545327
0

0101000
+149 0 -108 0 *
Wi

0101100
+107 0 -144 0 +106 0 *
Fa
0  1e-07 1005 0

0101000
+105 0 *
Ve
1e-07
5.8461537361145 1 1.70601212978363
0 0

0101101
*
Ed
 1e-07 1 1 0
1  1513 0 0 0.275559458932141
0

0101000
+149 0 -103 0 *
Ed
 1e-07 1 1 0
1  1514 0 0 0.186032937545327
0

0101000
+103 0 -108 0 *
Wi

0101100
-106 0 +102 0 +101 0 *
Fa
0  1e-07 1006 0

0101000
+100 0 *
Ed
 1e-07 1 1 0
1  1515 0 0 0.25
0

0101000
+103 0 -1239 0 *
Ed
 1e-07 1 1 0
1  1516 0 0 0.186032937545327
0

0101000
+1239 0 -108 0 *
Wi

0101100
-101 0 +98 0 +97 0 *
Fa
0  1e-07 1007 0

0101000
+96 0 *
Wi

0101100
-97 0 -1238 0 -107 0 *
Fa
0  1e-07 1008 0

0101000
+94 0 *
Ve
1e-07
5.72435903549194 0.875 2.641597032547
0 0

0101101
*
Ed
 1e-07 1 1 0
1  1517 0 0 0.18603289626838
0

0101000
+92 0 -1255 0 *
Ed
 1e-07 1 1 0
1  1518 0 0 0.18603289626838
0

0101000
+1223 0 -92 0 *
Wi

0101100
+91 0 -1218 0 +90 0 *
Fa
0  1e-07 1009 0

0101000
+89 0 *
Ve
1e-07
5.8461537361145 1 2.70601201057434
0 0

0101101
*
Ed
 1e-07 1 1 0
1  1519 0 0 0.25
0

0101000
+1223 0 -87 0 *
Ed
 1e-07 1 1 0
1  1520 0 0 0.18603289626838
0

0101000
+87 0 -92 0 *
Wi

0101100
-90 0 +86 0 +85 0 *
Fa
0  1e-07 1010 0

0101000
+84 0 *
Ed
 1e-07 1 1 0
1  1521 0 0 0.275559347466217
0

0101000
+87 0 -133 0 *
Ed
 1e-07 1 1 0
1  1522 0 0 0.18603289626838
0

0101000
+133 0 -92 0 *
Wi

0101100
-85 0 +82 0 +81 0 *
Fa
0  1e-07 1011 0

0101000
+80 0 *
Wi

0101100
-81 0 -132 0 -91 0 *
Fa
0  1e-07 1012 0

0101000
+78 0 *
Ve
1e-07
5.72435903549194 1 2.141597032547
0 0

0101101
*
Ed
 1e-07 1 1 0
1  1523 0 0 0.452292114252626
0

0101000
+76 0 -103 0 *
Ed
 1e-07 1 1 0
1  1524 0 0 0.577406573471741
0

0101000
+149 0 -76 0 *
Wi

0101100
+75 0 -102 0 +74 0 *
Fa
0  1e-07 1013 0

0101000
+73 0 *
Ed
 1e-07 1 1 0
1  1525 0 0 0.452292229058446
0

0101000
+133 0 -76 0 *
Wi

0101100
-74 0 -111 0 +71 0 *
Fa
0  1e-07 1014 0

0101000
+70 0 *
Ed
 1e-07 1 1 0
1  1526 0 0 0.577406456944625
0

0101000
+87 0 -76 0 *
Wi

0101100
-71 0 -82 0 +68 0 *
Fa
0  1e-07 1015 0

0101000
+67 0 *
Ed
 1e-07 1 1 0
1  1527 0 0 0.99999988079071
0

0101000
+87 0 -103 0 *
Wi

0101100
-68 0 +65 0 -75 0 *
Fa
0  1e-07 1016 0

0101000
+64 0 *
Ve
1e-07
5.96794891357422 0.875 1.74368023872375
0 0

0101101
*
Ed
 1e-07 1 1 0
1  1528 0 0 0.178543976889642
0

0101000
+62 0 -1239 0 *
Ed
 1e-07 1 1 0
1  1529 0 0 0.178543976889642
0

0101000
+103 0 -62 0 *
Wi

0101100
+61 0 -98 0 +60 0 *
Fa
0  1e-07 1017 0

0101000
+59 0 *
Ve
1e-07
6.08974361419678 1 1.78134846687317
0 0

0101101
*
Ed
 1e-07 1 1 0
1  1530 0 0 0.254973709213727
0

0101000
+103 0 -57 0 *
Ed
 1e-07 1 1 0
1  1531 0 0 0.178543676761892
0

0101000
+57 0 -62 0 *
Wi

0101100
-60 0 +56 0 +55 0 *
Fa
0  1e-07 1018 0

0101000
+54 0 *
Ed
 1e-07 1 1 0
1  1532 0 0 0.25
0

0101000
+57 0 -1207 0 *
Ed
 1e-07 1 1 0
1  1533 0 0 0.178543676761892
0

0101000
+1207 0 -62 0 *
Wi

0101100
-55 0 +52 0 +51 0 *
Fa
0  1e-07 1019 0

0101000
+50 0 *
Wi

0101100
-51 0 -1206 0 -61 0 *
Fa
0  1e-07 1020 0

0101000
+48 0 *
Ve
1e-07
5.96794891357422 0.875 2.74368023872375
0 0

0101101
*
Ed
 1e-07 1 1 0
1  1534 0 0 0.178544002039722
0

0101000
+46 0 -1223 0 *
Ed
 1e-07 1 1 0
1  1535 0 0 0.178543676761892
0

0101000
+1191 0 -46 0 *
Wi

0101100
+45 0 -1186 0 +44 0 *
Fa
0  1e-07 1021 0

0101000
+43 0 *
Ve
1e-07
6.08974361419678 1 2.78134846687317
0 0

0101101
*
Ed
 1e-07 1 1 0
1  1536 0 0 0.25
0

0101000
+1191 0 -41 0 *
Ed
 1e-07 1 1 0
1  1537 0 0 0.178543676761892
0

0101000
+41 0 -46 0 *
Wi

0101100
-44 0 +40 0 +39 0 *
Fa
0  1e-07 1022 0

0101000
+38 0 *
Ed
 1e-07 1 1 0
1  1538 0 0 0.254973744436173
0

0101000
+41 0 -87 0 *
Ed
 1e-07 1 1 0
1  1539 0 0 0.178544002039722
0

0101000
+87 0 -46 0 *
Wi

0101100
-39 0 +36 0 +35 0 *
Fa
0  1e-07 1023 0

0101000
+34 0 *
Wi

0101100
-35 0 -86 0 -45 0 *
Fa
0  1e-07 1024 0

0101000
+32 0 *
Ve
1e-07
6.08974361419678 0.875 2.28134846687317
0 0

0101101
*
Ed
 1e-07 1 1 0
1  1540 0 0 0.515388203202208
0

0101000
+30 0 -1207 0 *
Ed
 1e-07 1 1 0
1  1541 0 0 0.515388203202208
0

0101000
+57 0 -30 0 *
Wi

0101100
+29 0 -52 0 +28 0 *
Fa
0  1e-07 1025 0

0101000
+27 0 *
Ed
 1e-07 1 1 0
1  1542 0 0 1
0

0101000
+57 0 -41 0 *
Ed
 1e-07 1 1 0
1  1543 0 0 0.515388203202208
0

0101000
+41 0 -30 0 *
Wi

0101100
-28 0 +25 0 +24 0 *
Fa
0  1e-07 1026 0

0101000
+23 0 *
Ed
 1e-07 1 1 0
1  1544 0 0 0.515388203202208
0

0101000
+1191 0 -30 0 *
Wi

0101100
-24 0 -40 0 +21 0 *
Fa
0  1e-07 1027 0

0101000
+20 0 *
Wi

0101100
-21 0 -1175 0 -29 0 *
Fa
0  1e-07 1028 0

0101000
+18 0 *
Ve
1e-07
5.96794891357422 1 2.24368023872375
0 0

0101101
*
Ed
 1e-07 1 1 0
1  1545 0 0 0.478105235656587
0

0101000
+16 0 -57 0 *
Ed
 1e-07 1 1 0
1  1546 0 0 0.551290359632466
0

0101000
+103 0 -16 0 *
Wi

0101100
+15 0 -56 0 +14 0 *
Fa
0  1e-07 1029 0

0101000
+13 0 *
Ed
 1e-07 1 1 0
1  1547 0 0 0.478105357128475
0

0101000
+87 0 -16 0 *
Wi

0101100
-14 0 -65 0 +11 0 *
Fa
0  1e-07 1030 0

0101000
+10 0 *
Ed
 1e-07 1 1 0
1  1548 0 0 0.551290370549921
0

0101000
+41 0 -16 0 *
Wi

0101100
-11 0 -36 0 +8 0 *
Fa
0  1e-07 1031 0

0101000
+7 0 *
Wi

0101100
-8 0 -25 0 -15 0 *
Fa
0  1e-07 1032 0

0101000
+5 0 *
Sh

0101100
+4126 0 +4121 0 +4116 0 +4113 0 +4106 0 +4103 0 +4098 0 +4095 0 +4088 0 +4085 0 
+4080 0 +4077 0 +4069 0 +4064 0 +4059 0 +4056 0 +4049 0 +4046 0 +4041 0 +4038 0 
+4031 0 +4028 0 +4023 0 +4020 0 +4013 0 +4010 0 +4005 0 +4002 0 +3995 0 +3992 0 
+3987 0 +3984 0 +3977 0 +3974 0 +3969 0 +3966 0 +3959 0 +3956 0 +3951 0 +3948 0 
+3941 0 +3938 0 +3933 0 +3930 0 +3923 0 +3920 0 +3915 0 +3912 0 +3905 0 +3902 0 
+3897 0 +3894 0 +3887 0 +3884 0 +3879 0 +3876 0 +3869 0 +3866 0 +3861 0 +3858 0 
+3851 0 +3848 0 +3843 0 +3840 0 +3833 0 +3830 0 +3825 0 +3822 0 +3815 0 +3812 0 
+3807 0 +3804 0 +3797 0 +3794 0 +3789 0 +3786 0 +3779 0 +3776 0 +3771 0 +3768 0 
+3761 0 +3758 0 +3753 0 +3750 0 +3743 0 +3740 0 +3735 0 +3732 0 +3725 0 +3722 0 
+3717 0 +3714 0 +3707 0 +3704 0 +3699 0 +3696 0 +3689 0 +3686 0 +3681 0 +3678 0 
+3671 0 +3668 0 +3663 0 +3660 0 +3653 0 +3650 0 +3645 0 +3642 0 +3635 0 +3632 0 
+3627 0 +3624 0 +3619 0 +3615 0 +3610 0 +3605 0 +3602 0 +3597 0 +3594 0 +3591 0 
+3586 0 +3583 0 +3579 0 +3577 0 +3572 0 +3567 0 +3562 0 +3559 0 +3554 0 +3550 0 
+3547 0 +3545 0 +3540 0 +3535 0 +3530 0 +3527 0 +3522 0 +3518 0 +3515 0 +3513 0 
+3508 0 +3503 0 +3498 0 +3495 0 +3490 0 +3486 0 +3483 0 +3481 0 +3476 0 +3471 0 
+3466 0 +3463 0 +3458 0 +3454 0 +3451 0 +3449 0 +3444 0 +3439 0 +3434 0 +3431 0 
+3426 0 +3422 0 +3419 0 +3417 0 +3412 0 +3407 0 +3402 0 +3399 0 +3394 0 +3390 0 
+3387 0 +3385 0 +3380 0 +3375 0 +3370 0 +3367 0 +3362 0 +3358 0 +3355 0 +3353 0 
+3348 0 +3343 0 +3338 0 +3335 0 +3330 0 +3326 0 +3323 0 +3321 0 +3316 0 +3311 0 
+3306 0 +3303 0 +3298 0 +3294 0 +3291 0 +3289 0 +3284 0 +3279 0 +3274 0 +3271 0 
+3266 0 +3262 0 +3259 0 +3257 0 +3252 0 +3247 0 +3242 0 +3239 0 +3234 0 +3230 0 
+3227 0 +3225 0 +3220 0 +3215 0 +3210 0 +3207 0 +3202 0 +3198 0 +3195 0 +3193 0 
+3188 0 +3183 0 +3178 0 +3175 0 +3170 0 +3166 0 +3163 0 +3161 0 +3156 0 +3151 0 
+3146 0 +3143 0 +3138 0 +3134 0 +3131 0 +3129 0 +3124 0 +3119 0 +3114 0 +3111 0 
+3106 0 +3102 0 +3099 0 +3097 0 +3092 0 +3087 0 +3082 0 +3079 0 +3074 0 +3070 0 
+3067 0 +3065 0 +3060 0 +3055 0 +3050 0 +3047 0 +3042 0 +3038 0 +3035 0 +3033 0 
+3028 0 +3023 0 +3018 0 +3015 0 +3010 0 +3006 0 +3003 0 +3001 0 +2996 0 +2991 0 
+2986 0 +2983 0 +2978 0 +2974 0 +2971 0 +2969 0 +2964 0 +2959 0 +2954 0 +2951 0 
+2946 0 +2942 0 +2939 0 +2937 0 +2932 0 +2927 0 +2922 0 +2919 0 +2914 0 +2910 0 
+2907 0 +2905 0 +2900 0 +2895 0 +2890 0 +2887 0 +2882 0 +2878 0 +2875 0 +2873 0 
+2868 0 +2863 0 +2858 0 +2855 0 +2850 0 +2846 0 +2843 0 +2841 0 +2836 0 +2831 0 
+2826 0 +2823 0 +2818 0 +2814 0 +2811 0 +2809 0 +2804 0 +2800 0 +2797 0 +2795 0 
+2790 0 +2785 0 +2780 0 +2777 0 +2772 0 +2769 0 +2765 0 +2763 0 +2758 0 +2753 0 
+2749 0 +2747 0 +2742 0 +2737 0 +2733 0 +2731 0 +2726 0 +2721 0 +2717 0 +2715 0 
+2710 0 +2705 0 +2701 0 +2699 0 +2694 0 +2689 0 +2685 0 +2683 0 +2678 0 +2673 0 
+2669 0 +2667 0 +2662 0 +2657 0 +2653 0 +2651 0 +2646 0 +2641 0 +2637 0 +2635 0 
+2630 0 +2625 0 +2621 0 +2619 0 +2614 0 +2609 0 +2605 0 +2603 0 +2598 0 +2593 0 
+2589 0 +2587 0 +2582 0 +2577 0 +2573 0 +2571 0 +2566 0 +2561 0 +2557 0 +2555 0 
+2550 0 +2545 0 +2541 0 +2539 0 +2534 0 +2529 0 +2525 0 +2523 0 +2518 0 +2513 0 
+2509 0 +2507 0 +2502 0 +2497 0 +2493 0 +2491 0 +2486 0 +2481 0 +2477 0 +2475 0 
+2470 0 +2465 0 +2461 0 +2459 0 +2454 0 +2449 0 +2445 0 +2443 0 +2438 0 +2433 0 
+2429 0 +2427 0 +2422 0 +2417 0 +2413 0 +2411 0 +2406 0 +2401 0 +2397 0 +2395 0 
+2390 0 +2385 0 +2381 0 +2379 0 +2374 0 +2369 0 +2365 0 +2363 0 +2358 0 +2353 0 
+2349 0 +2347 0 +2342 0 +2337 0 +2333 0 +2331 0 +2326 0 +2321 0 +2317 0 +2315 0 
+2310 0 +2305 0 +2301 0 +2299 0 +2294 0 +2289 0 +2285 0 +2283 0 +2278 0 +2273 0 
+2269 0 +2267 0 +2262 0 +2257 0 +2253 0 +2251 0 +2246 0 +2241 0 +2237 0 +2235 0 
+2230 0 +2225 0 +2221 0 +2219 0 +2214 0 +2209 0 +2205 0 +2203 0 +2198 0 +2193 0 
+2189 0 +2187 0 +2182 0 +2177 0 +2173 0 +2171 0 +2166 0 +2161 0 +2157 0 +2155 0 
+2150 0 +2145 0 +2141 0 +2139 0 +2134 0 +2129 0 +2125 0 +2123 0 +2118 0 +2113 0 
+2109 0 +2107 0 +2102 0 +2097 0 +2093 0 +2091 0 +2086 0 +2081 0 +2077 0 +2075 0 
+2070 0 +2065 0 +2061 0 +2059 0 +2054 0 +2049 0 +2045 0 +2043 0 +2038 0 +2033 0 
+2029 0 +2027 0 +2022 0 +2017 0 +2013 0 +2011 0 +2006 0 +2001 0 +1997 0 +1995 0 
+1990 0 +1986 0 +1983 0 +1981 0 +1976 0 +1971 0 +1966 0 +1963 0 +1958 0 +1955 0 
+1951 0 +1949 0 +1944 0 +1939 0 +1935 0 +1933 0 +1928 0 +1923 0 +1919 0 +1917 0 
+1912 0 +1907 0 +1903 0 +1901 0 +1896 0 +1891 0 +1887 0 +1885 0 +1880 0 +1875 0 
+1871 0 +1869 0 +1864 0 +1859 0 +1855 0 +1853 0 +1848 0 +1843 0 +1839 0 +1837 0 
+1832 0 +1827 0 +1823 0 +1821 0 +1816 0 +1811 0 +1807 0 +1805 0 +1800 0 +1795 0 
+1791 0 +1789 0 +1784 0 +1779 0 +1775 0 +1773 0 +1768 0 +1763 0 +1759 0 +1757 0 
+1752 0 +1747 0 +1743 0 +1741 0 +1736 0 +1731 0 +1727 0 +1725 0 +1720 0 +1715 0 
+1711 0 +1709 0 +1704 0 +1699 0 +1695 0 +1693 0 +1688 0 +1683 0 +1679 0 +1677 0 
+1672 0 +1667 0 +1663 0 +1661 0 +1656 0 +1651 0 +1647 0 +1645 0 +1640 0 +1635 0 
+1631 0 +1629 0 +1624 0 +1619 0 +1615 0 +1613 0 +1608 0 +1603 0 +1599 0 +1597 0 
+1592 0 +1587 0 +1583 0 +1581 0 +1576 0 +1571 0 +1567 0 +1565 0 +1560 0 +1555 0 
+1551 0 +1549 0 +1544 0 +1539 0 +1535 0 +1533 0 +1528 0 +1523 0 +1519 0 +1517 0 
+1512 0 +1507 0 +1503 0 +1501 0 +1496 0 +1491 0 +1487 0 +1485 0 +1480 0 +1475 0 
+1471 0 +1469 0 +1464 0 +1459 0 +1455 0 +1453 0 +1448 0 +1443 0 +1439 0 +1437 0 
+1432 0 +1427 0 +1423 0 +1421 0 +1416 0 +1411 0 +1407 0 +1405 0 +1400 0 +1395 0 
+1391 0 +1389 0 +1384 0 +1379 0 +1375 0 +1373 0 +1368 0 +1363 0 +1359 0 +1357 0 
+1352 0 +1347 0 +1343 0 +1341 0 +1336 0 +1331 0 +1327 0 +1325 0 +1320 0 +1315 0 
+1311 0 +1309 0 +1304 0 +1299 0 +1295 0 +1293 0 +1288 0 +1283 0 +1279 0 +1277 0 
+1272 0 +1267 0 +1263 0 +1261 0 +1256 0 +1251 0 +1247 0 +1245 0 +1240 0 +1235 0 
+1231 0 +1229 0 +1224 0 +1219 0 +1215 0 +1213 0 +1208 0 +1203 0 +1199 0 +1197 0 
+1192 0 +1187 0 +1183 0 +1181 0 +1176 0 +1172 0 +1169 0 +1167 0 +1162 0 +1157 0 
+1152 0 +1149 0 +1144 0 +1140 0 +1137 0 +1134 0 +1129 0 +1126 0 +1123 0 +1121 0 
+1116 0 +1111 0 +1107 0 +1105 0 +1100 0 +1095 0 +1091 0 +1089 0 +1084 0 +1081 0 
+1078 0 +1075 0 +1070 0 +1065 0 +1061 0 +1059 0 +1054 0 +1049 0 +1045 0 +1043 0 
+1038 0 +1035 0 +1032 0 +1029 0 +1024 0 +1019 0 +1015 0 +1013 0 +1008 0 +1003 0 
+999 0 +997 0 +992 0 +989 0 +986 0 +983 0 +978 0 +973 0 +969 0 +967 0 
+962 0 +957 0 +953 0 +951 0 +946 0 +943 0 +940 0 +937 0 +932 0 +927 0 
+923 0 +921 0 +916 0 +911 0 +907 0 +905 0 +900 0 +897 0 +894 0 +891 0 
+886 0 +881 0 +877 0 +875 0 +870 0 +865 0 +861 0 +859 0 +854 0 +851 0 
+848 0 +845 0 +840 0 +835 0 +831 0 +829 0 +824 0 +819 0 +815 0 +813 0 
+808 0 +805 0 +802 0 +799 0 +794 0 +789 0 +785 0 +783 0 +778 0 +773 0 
+769 0 +767 0 +762 0 +759 0 +756 0 +753 0 +748 0 +743 0 +739 0 +737 0 
+732 0 +727 0 +723 0 +721 0 +716 0 +713 0 +710 0 +707 0 +702 0 +697 0 
+693 0 +691 0 +686 0 +681 0 +677 0 +675 0 +670 0 +667 0 +664 0 +661 0 
+656 0 +651 0 +647 0 +645 0 +640 0 +635 0 +631 0 +629 0 +624 0 +621 0 
+618 0 +615 0 +610 0 +605 0 +601 0 +599 0 +594 0 +589 0 +585 0 +583 0 
+578 0 +575 0 +572 0 +569 0 +564 0 +559 0 +555 0 +553 0 +548 0 +543 0 
+539 0 +537 0 +532 0 +529 0 +526 0 +523 0 +518 0 +513 0 +509 0 +507 0 
+502 0 +497 0 +493 0 +491 0 +486 0 +483 0 +480 0 +477 0 +472 0 +467 0 
+463 0 +461 0 +456 0 +451 0 +447 0 +445 0 +440 0 +437 0 +434 0 +431 0 
+426 0 +421 0 +417 0 +415 0 +410 0 +405 0 +401 0 +399 0 +394 0 +391 0 
+388 0 +385 0 +380 0 +375 0 +371 0 +369 0 +364 0 +359 0 +355 0 +353 0 
+348 0 +345 0 +342 0 +339 0 +334 0 +329 0 +325 0 +323 0 +318 0 +313 0 
+309 0 +307 0 +302 0 +299 0 +296 0 +293 0 +288 0 +283 0 +279 0 +277 0 
+272 0 +267 0 +263 0 +261 0 +256 0 +253 0 +250 0 +247 0 +242 0 +237 0 
+233 0 +231 0 +226 0 +221 0 +217 0 +215 0 +210 0 +207 0 +204 0 +201 0 
+196 0 +191 0 +187 0 +185 0 +180 0 +175 0 +171 0 +169 0 +164 0 +161 0 
+158 0 +155 0 +150 0 +145 0 +141 0 +139 0 +134 0 +129 0 +125 0 +123 0 
+118 0 +115 0 +112 0 +109 0 +104 0 +99 0 +95 0 +93 0 +88 0 +83 0 
+79 0 +77 0 +72 0 +69 0 +66 0 +63 0 +58 0 +53 0 +49 0 +47 0 
+42 0 +37 0 +33 0 +31 0 +26 0 +22 0 +19 0 +17 0 +12 0 +9 0 
+6 0 +4 0 *
So

0100000
+3 0 *
Co

1100000
+2 0 *

+1 0 