ISO-10303-21;
HEADER;
FILE_DESCRIPTION(('FreeCAD Model'),'2;1');
FILE_NAME('Open CASCADE Shape Model','2025-09-18T12:08:36',('FreeCAD'),(
    'FreeCAD'),'Open CASCADE STEP processor 7.8','FreeCAD','Unknown');
FILE_SCHEMA(('AUTOMOTIVE_DESIGN { 1 0 10303 214 1 1 1 1 }'));
ENDSEC;
DATA;
#1 = APPLICATION_PROTOCOL_DEFINITION('international standard',
  'automotive_design',2000,#2);
#2 = APPLICATION_CONTEXT(
  'core data for automotive mechanical design processes');
#3 = SHAPE_DEFINITION_REPRESENTATION(#4,#10);
#4 = PRODUCT_DEFINITION_SHAPE('','',#5);
#5 = PRODUCT_DEFINITION('design','',#6,#9);
#6 = PRODUCT_DEFINITION_FORMATION('','',#7);
#7 = PRODUCT('Open CASCADE STEP translator 7.8 2',
  'Open CASCADE STEP translator 7.8 2','',(#8));
#8 = PRODUCT_CONTEXT('',#2,'mechanical');
#9 = PRODUCT_DEFINITION_CONTEXT('part definition',#2,'design');
#10 = ADVANCED_BREP_SHAPE_REPRESENTATION('',(#11,#15),#12948);
#11 = AXIS2_PLACEMENT_3D('',#12,#13,#14);
#12 = CARTESIAN_POINT('',(0.,0.,0.));
#13 = DIRECTION('',(0.,0.,1.));
#14 = DIRECTION('',(1.,0.,-0.));
#15 = MANIFOLD_SOLID_BREP('',#16);
#16 = CLOSED_SHELL('',(#17,#49,#72,#102,#125,#155,#178,#208,#231,#252,
    #263,#284,#295,#316,#327,#350,#366,#781,#813,#836,#859,#875,#905,
    #921,#944,#960,#990,#1006,#1029,#1045,#1073,#1089,#1110,#1121,#1144,
    #1167,#1188,#1199,#1222,#1245,#1266,#1277,#1300,#1323,#1344,#1355,
    #1378,#1401,#1422,#1433,#1456,#1479,#1500,#1511,#1534,#1557,#1578,
    #1589,#1612,#1635,#1656,#1667,#1690,#1713,#1734,#1745,#1768,#1791,
    #1812,#1823,#1846,#1869,#1890,#1901,#1924,#1947,#1968,#1979,#2002,
    #2025,#2046,#2057,#2080,#2103,#2124,#2135,#2158,#2181,#2202,#2213,
    #2236,#2259,#2280,#2291,#2314,#2337,#2358,#2369,#2392,#2415,#2436,
    #2447,#2470,#2493,#2514,#2525,#2548,#2571,#2592,#2603,#2626,#2649,
    #2670,#2681,#2713,#2736,#2759,#2775,#2805,#2821,#2844,#2860,#2890,
    #2906,#2929,#2945,#2973,#2989,#3010,#3021,#3053,#3076,#3099,#3122,
    #3138,#3168,#3191,#3207,#3230,#3246,#3276,#3299,#3315,#3338,#3354,
    #3382,#3405,#3421,#3442,#3453,#3485,#3508,#3531,#3547,#3577,#3593,
    #3616,#3632,#3662,#3678,#3701,#3717,#3745,#3761,#3782,#3793,#3816,
    #3839,#3860,#3871,#3894,#3917,#3938,#3949,#3972,#3995,#4016,#4027,
    #4050,#4073,#4094,#4105,#4128,#4151,#4172,#4183,#4206,#4229,#4250,
    #4261,#4284,#4307,#4328,#4339,#4362,#4385,#4406,#4417,#4440,#4463,
    #4484,#4495,#4518,#4541,#4562,#4573,#4596,#4619,#4640,#4651,#4674,
    #4697,#4718,#4729,#4761,#4784,#4807,#4823,#4853,#4869,#4892,#4908,
    #4938,#4954,#4977,#4993,#5021,#5037,#5058,#5069,#5092,#5115,#5136,
    #5147,#5170,#5193,#5214,#5225,#5248,#5271,#5292,#5303,#5326,#5349,
    #5370,#5381,#5404,#5427,#5448,#5459,#5482,#5505,#5526,#5537,#5560,
    #5583,#5604,#5615,#5638,#5661,#5682,#5693,#5725,#5748,#5771,#5787,
    #5817,#5833,#5856,#5872,#5902,#5918,#5941,#5957,#5985,#6001,#6022,
    #6033,#6056,#6079,#6102,#6118,#6141,#6164,#6187,#6203,#6226,#6249,
    #6272,#6288,#6311,#6334,#6357,#6373,#6424,#6447,#6470,#6493,#6516,
    #6539,#6562,#6585,#6608,#6631,#6654,#6677,#6700,#6723,#6746,#6769,
    #6792,#6815,#6838,#6861,#6877,#6898,#6909,#6930,#6941,#6962,#6973,
    #6994,#7005,#7026,#7037,#7058,#7069,#7090,#7101,#7122,#7133,#7154,
    #7165,#7188,#7204,#7227,#7250,#7273,#7289,#7312,#7335,#7356,#7367,
    #7390,#7413,#7434,#7445,#7468,#7491,#7512,#7523,#7546,#7569,#7590,
    #7601,#7624,#7647,#7668,#7679,#7702,#7725,#7746,#7757,#7780,#7803,
    #7824,#7835,#7858,#7881,#7902,#7913,#7936,#7952,#7973,#7984,#8007,
    #8030,#8053,#8069,#8092,#8115,#8136,#8147,#8170,#8193,#8214,#8225,
    #8248,#8271,#8292,#8303,#8326,#8349,#8370,#8381,#8404,#8427,#8448,
    #8459,#8482,#8505,#8526,#8537,#8560,#8583,#8604,#8615,#8638,#8661,
    #8682,#8693,#8716,#8732,#8753,#8764,#8787,#8810,#8833,#8849,#8872,
    #8895,#8916,#8927,#8950,#8973,#8994,#9005,#9028,#9051,#9072,#9083,
    #9106,#9129,#9150,#9161,#9184,#9207,#9228,#9239,#9262,#9285,#9306,
    #9317,#9340,#9363,#9384,#9395,#9418,#9441,#9462,#9473,#9496,#9512,
    #9533,#9544,#9595,#9618,#9634,#9657,#9673,#9696,#9712,#9735,#9751,
    #9774,#9790,#9813,#9829,#9852,#9868,#9891,#9907,#9958,#9981,#10004,
    #10027,#10043,#10064,#10075,#10098,#10114,#10137,#10160,#10183,
    #10199,#10222,#10238,#10259,#10270,#10293,#10316,#10339,#10355,
    #10378,#10394,#10415,#10426,#10449,#10472,#10495,#10511,#10534,
    #10550,#10571,#10582,#10633,#10656,#10679,#10702,#10725,#10748,
    #10771,#10794,#10817,#10840,#10863,#10886,#10902,#10923,#10934,
    #10955,#10966,#10987,#10998,#11019,#11030,#11051,#11062,#11085,
    #11101,#11124,#11147,#11170,#11186,#11209,#11232,#11253,#11264,
    #11287,#11310,#11331,#11342,#11365,#11388,#11409,#11420,#11443,
    #11466,#11487,#11498,#11521,#11537,#11558,#11569,#11592,#11615,
    #11638,#11654,#11677,#11700,#11721,#11732,#11755,#11778,#11799,
    #11810,#11833,#11856,#11877,#11888,#11911,#11934,#11955,#11966,
    #11989,#12005,#12026,#12037,#12060,#12083,#12106,#12122,#12145,
    #12168,#12189,#12200,#12223,#12246,#12267,#12278,#12301,#12324,
    #12345,#12356,#12379,#12402,#12423,#12434,#12457,#12473,#12494,
    #12505,#12532,#12552,#12579,#12659,#12675,#12691,#12707,#12723,
    #12746,#12769,#12796,#12819,#12842,#12865,#12888));
#17 = ADVANCED_FACE('',(#18),#44,.T.);
#18 = FACE_BOUND('',#19,.T.);
#19 = EDGE_LOOP('',(#20,#30,#38));
#20 = ORIENTED_EDGE('',*,*,#21,.T.);
#21 = EDGE_CURVE('',#22,#24,#26,.T.);
#22 = VERTEX_POINT('',#23);
#23 = CARTESIAN_POINT('',(0.121794871986,0.125,1.785239219666));
#24 = VERTEX_POINT('',#25);
#25 = CARTESIAN_POINT('',(0.,0.,1.799999952316));
#26 = LINE('',#27,#28);
#27 = CARTESIAN_POINT('',(0.121794871986,0.125,1.785239219666));
#28 = VECTOR('',#29,1.);
#29 = DIRECTION('',(-0.695382056144,-0.713681582817,8.427570433388E-02)
  );
#30 = ORIENTED_EDGE('',*,*,#31,.T.);
#31 = EDGE_CURVE('',#24,#32,#34,.T.);
#32 = VERTEX_POINT('',#33);
#33 = CARTESIAN_POINT('',(0.,0.25,1.799999952316));
#34 = LINE('',#35,#36);
#35 = CARTESIAN_POINT('',(0.,0.,1.799999952316));
#36 = VECTOR('',#37,1.);
#37 = DIRECTION('',(0.,1.,0.));
#38 = ORIENTED_EDGE('',*,*,#39,.T.);
#39 = EDGE_CURVE('',#32,#22,#40,.T.);
#40 = LINE('',#41,#42);
#41 = CARTESIAN_POINT('',(0.,0.25,1.799999952316));
#42 = VECTOR('',#43,1.);
#43 = DIRECTION('',(0.695382056144,-0.713681582817,-8.427570433388E-02)
  );
#44 = PLANE('',#45);
#45 = AXIS2_PLACEMENT_3D('',#46,#47,#48);
#46 = CARTESIAN_POINT('',(3.553602758153E-02,0.125,1.795693220891));
#47 = DIRECTION('',(-0.120313035417,-0.,-0.992736003935));
#48 = DIRECTION('',(-0.992736003935,0.,0.120313035417));
#49 = ADVANCED_FACE('',(#50),#67,.T.);
#50 = FACE_BOUND('',#51,.T.);
#51 = EDGE_LOOP('',(#52,#53,#61));
#52 = ORIENTED_EDGE('',*,*,#39,.F.);
#53 = ORIENTED_EDGE('',*,*,#54,.T.);
#54 = EDGE_CURVE('',#32,#55,#57,.T.);
#55 = VERTEX_POINT('',#56);
#56 = CARTESIAN_POINT('',(0.243589743972,0.25,1.770478367805));
#57 = LINE('',#58,#59);
#58 = CARTESIAN_POINT('',(0.,0.25,1.799999952316));
#59 = VECTOR('',#60,1.);
#60 = DIRECTION('',(0.992735945908,0.,-0.120313514215));
#61 = ORIENTED_EDGE('',*,*,#62,.T.);
#62 = EDGE_CURVE('',#55,#22,#63,.T.);
#63 = LINE('',#64,#65);
#64 = CARTESIAN_POINT('',(0.243589743972,0.25,1.770478367805));
#65 = VECTOR('',#66,1.);
#66 = DIRECTION('',(-0.695382016256,-0.713681541881,8.427638011959E-02)
  );
#67 = PLANE('',#68);
#68 = AXIS2_PLACEMENT_3D('',#69,#70,#71);
#69 = CARTESIAN_POINT('',(0.121794873013,0.213245461942,1.785239177462)
  );
#70 = DIRECTION('',(-0.120313514215,-4.733733872982E-07,-0.992735945908)
  );
#71 = DIRECTION('',(-0.992735945908,1.965729272382E-25,0.120313514215));
#72 = ADVANCED_FACE('',(#73),#97,.T.);
#73 = FACE_BOUND('',#74,.T.);
#74 = EDGE_LOOP('',(#75,#83,#91));
#75 = ORIENTED_EDGE('',*,*,#76,.T.);
#76 = EDGE_CURVE('',#77,#32,#79,.T.);
#77 = VERTEX_POINT('',#78);
#78 = CARTESIAN_POINT('',(0.121794871986,0.375,1.785239219666));
#79 = LINE('',#80,#81);
#80 = CARTESIAN_POINT('',(0.121794871986,0.375,1.785239219666));
#81 = VECTOR('',#82,1.);
#82 = DIRECTION('',(-0.695382056144,-0.713681582817,8.427570433388E-02)
  );
#83 = ORIENTED_EDGE('',*,*,#84,.T.);
#84 = EDGE_CURVE('',#32,#85,#87,.T.);
#85 = VERTEX_POINT('',#86);
#86 = CARTESIAN_POINT('',(0.,0.5,1.799999952316));
#87 = LINE('',#88,#89);
#88 = CARTESIAN_POINT('',(0.,0.25,1.799999952316));
#89 = VECTOR('',#90,1.);
#90 = DIRECTION('',(0.,1.,0.));
#91 = ORIENTED_EDGE('',*,*,#92,.T.);
#92 = EDGE_CURVE('',#85,#77,#93,.T.);
#93 = LINE('',#94,#95);
#94 = CARTESIAN_POINT('',(0.,0.5,1.799999952316));
#95 = VECTOR('',#96,1.);
#96 = DIRECTION('',(0.695382056144,-0.713681582817,-8.427570433388E-02)
  );
#97 = PLANE('',#98);
#98 = AXIS2_PLACEMENT_3D('',#99,#100,#101);
#99 = CARTESIAN_POINT('',(3.553602758153E-02,0.375,1.795693220891));
#100 = DIRECTION('',(-0.120313035417,-0.,-0.992736003935));
#101 = DIRECTION('',(-0.992736003935,0.,0.120313035417));
#102 = ADVANCED_FACE('',(#103),#120,.T.);
#103 = FACE_BOUND('',#104,.T.);
#104 = EDGE_LOOP('',(#105,#106,#114));
#105 = ORIENTED_EDGE('',*,*,#92,.F.);
#106 = ORIENTED_EDGE('',*,*,#107,.T.);
#107 = EDGE_CURVE('',#85,#108,#110,.T.);
#108 = VERTEX_POINT('',#109);
#109 = CARTESIAN_POINT('',(0.243589743972,0.5,1.770478367805));
#110 = LINE('',#111,#112);
#111 = CARTESIAN_POINT('',(0.,0.5,1.799999952316));
#112 = VECTOR('',#113,1.);
#113 = DIRECTION('',(0.992735945908,0.,-0.120313514215));
#114 = ORIENTED_EDGE('',*,*,#115,.T.);
#115 = EDGE_CURVE('',#108,#77,#116,.T.);
#116 = LINE('',#117,#118);
#117 = CARTESIAN_POINT('',(0.243589743972,0.5,1.770478367805));
#118 = VECTOR('',#119,1.);
#119 = DIRECTION('',(-0.695382016256,-0.713681541881,8.427638011959E-02)
  );
#120 = PLANE('',#121);
#121 = AXIS2_PLACEMENT_3D('',#122,#123,#124);
#122 = CARTESIAN_POINT('',(0.121794873013,0.463245461942,1.785239177462)
  );
#123 = DIRECTION('',(-0.120313514215,-4.733733872954E-07,-0.992735945908
    ));
#124 = DIRECTION('',(-0.992735945908,4.414383463906E-24,0.120313514215)
  );
#125 = ADVANCED_FACE('',(#126),#150,.T.);
#126 = FACE_BOUND('',#127,.T.);
#127 = EDGE_LOOP('',(#128,#136,#144));
#128 = ORIENTED_EDGE('',*,*,#129,.T.);
#129 = EDGE_CURVE('',#130,#85,#132,.T.);
#130 = VERTEX_POINT('',#131);
#131 = CARTESIAN_POINT('',(0.121794871986,0.625,1.785239219666));
#132 = LINE('',#133,#134);
#133 = CARTESIAN_POINT('',(0.121794871986,0.625,1.785239219666));
#134 = VECTOR('',#135,1.);
#135 = DIRECTION('',(-0.695382056144,-0.713681582817,8.427570433388E-02)
  );
#136 = ORIENTED_EDGE('',*,*,#137,.T.);
#137 = EDGE_CURVE('',#85,#138,#140,.T.);
#138 = VERTEX_POINT('',#139);
#139 = CARTESIAN_POINT('',(0.,0.75,1.799999952316));
#140 = LINE('',#141,#142);
#141 = CARTESIAN_POINT('',(0.,0.5,1.799999952316));
#142 = VECTOR('',#143,1.);
#143 = DIRECTION('',(0.,1.,0.));
#144 = ORIENTED_EDGE('',*,*,#145,.T.);
#145 = EDGE_CURVE('',#138,#130,#146,.T.);
#146 = LINE('',#147,#148);
#147 = CARTESIAN_POINT('',(0.,0.75,1.799999952316));
#148 = VECTOR('',#149,1.);
#149 = DIRECTION('',(0.695382056144,-0.713681582817,-8.427570433388E-02)
  );
#150 = PLANE('',#151);
#151 = AXIS2_PLACEMENT_3D('',#152,#153,#154);
#152 = CARTESIAN_POINT('',(3.553602758153E-02,0.625,1.795693220891));
#153 = DIRECTION('',(-0.120313035417,-0.,-0.992736003935));
#154 = DIRECTION('',(-0.992736003935,0.,0.120313035417));
#155 = ADVANCED_FACE('',(#156),#173,.T.);
#156 = FACE_BOUND('',#157,.T.);
#157 = EDGE_LOOP('',(#158,#159,#167));
#158 = ORIENTED_EDGE('',*,*,#145,.F.);
#159 = ORIENTED_EDGE('',*,*,#160,.T.);
#160 = EDGE_CURVE('',#138,#161,#163,.T.);
#161 = VERTEX_POINT('',#162);
#162 = CARTESIAN_POINT('',(0.243589743972,0.75,1.770478367805));
#163 = LINE('',#164,#165);
#164 = CARTESIAN_POINT('',(0.,0.75,1.799999952316));
#165 = VECTOR('',#166,1.);
#166 = DIRECTION('',(0.992735945908,0.,-0.120313514215));
#167 = ORIENTED_EDGE('',*,*,#168,.T.);
#168 = EDGE_CURVE('',#161,#130,#169,.T.);
#169 = LINE('',#170,#171);
#170 = CARTESIAN_POINT('',(0.243589743972,0.75,1.770478367805));
#171 = VECTOR('',#172,1.);
#172 = DIRECTION('',(-0.695382016256,-0.713681541881,8.427638011959E-02)
  );
#173 = PLANE('',#174);
#174 = AXIS2_PLACEMENT_3D('',#175,#176,#177);
#175 = CARTESIAN_POINT('',(0.121794873013,0.713245461942,1.785239177462)
  );
#176 = DIRECTION('',(-0.120313514215,-4.733733872929E-07,-0.992735945908
    ));
#177 = DIRECTION('',(-0.992735945908,7.050575946921E-24,0.120313514215)
  );
#178 = ADVANCED_FACE('',(#179),#203,.T.);
#179 = FACE_BOUND('',#180,.T.);
#180 = EDGE_LOOP('',(#181,#189,#197));
#181 = ORIENTED_EDGE('',*,*,#182,.T.);
#182 = EDGE_CURVE('',#183,#138,#185,.T.);
#183 = VERTEX_POINT('',#184);
#184 = CARTESIAN_POINT('',(0.121794871986,0.875,1.785239219666));
#185 = LINE('',#186,#187);
#186 = CARTESIAN_POINT('',(0.121794871986,0.875,1.785239219666));
#187 = VECTOR('',#188,1.);
#188 = DIRECTION('',(-0.695382056144,-0.713681582817,8.427570433388E-02)
  );
#189 = ORIENTED_EDGE('',*,*,#190,.T.);
#190 = EDGE_CURVE('',#138,#191,#193,.T.);
#191 = VERTEX_POINT('',#192);
#192 = CARTESIAN_POINT('',(0.,1.,1.799999952316));
#193 = LINE('',#194,#195);
#194 = CARTESIAN_POINT('',(0.,0.75,1.799999952316));
#195 = VECTOR('',#196,1.);
#196 = DIRECTION('',(0.,1.,0.));
#197 = ORIENTED_EDGE('',*,*,#198,.T.);
#198 = EDGE_CURVE('',#191,#183,#199,.T.);
#199 = LINE('',#200,#201);
#200 = CARTESIAN_POINT('',(0.,1.,1.799999952316));
#201 = VECTOR('',#202,1.);
#202 = DIRECTION('',(0.695382056144,-0.713681582817,-8.427570433388E-02)
  );
#203 = PLANE('',#204);
#204 = AXIS2_PLACEMENT_3D('',#205,#206,#207);
#205 = CARTESIAN_POINT('',(3.553602758153E-02,0.875,1.795693220891));
#206 = DIRECTION('',(-0.120313035417,-0.,-0.992736003935));
#207 = DIRECTION('',(-0.992736003935,0.,0.120313035417));
#208 = ADVANCED_FACE('',(#209),#226,.T.);
#209 = FACE_BOUND('',#210,.T.);
#210 = EDGE_LOOP('',(#211,#212,#220));
#211 = ORIENTED_EDGE('',*,*,#198,.F.);
#212 = ORIENTED_EDGE('',*,*,#213,.T.);
#213 = EDGE_CURVE('',#191,#214,#216,.T.);
#214 = VERTEX_POINT('',#215);
#215 = CARTESIAN_POINT('',(0.243589743972,1.,1.770478367805));
#216 = LINE('',#217,#218);
#217 = CARTESIAN_POINT('',(0.,1.,1.799999952316));
#218 = VECTOR('',#219,1.);
#219 = DIRECTION('',(0.992735945908,0.,-0.120313514215));
#220 = ORIENTED_EDGE('',*,*,#221,.T.);
#221 = EDGE_CURVE('',#214,#183,#222,.T.);
#222 = LINE('',#223,#224);
#223 = CARTESIAN_POINT('',(0.243589743972,1.,1.770478367805));
#224 = VECTOR('',#225,1.);
#225 = DIRECTION('',(-0.695382016256,-0.713681541881,8.427638011959E-02)
  );
#226 = PLANE('',#227);
#227 = AXIS2_PLACEMENT_3D('',#228,#229,#230);
#228 = CARTESIAN_POINT('',(0.121794873013,0.963245461942,1.785239177462)
  );
#229 = DIRECTION('',(-0.120313514215,-4.733733872911E-07,-0.992735945908
    ));
#230 = DIRECTION('',(-0.992735945908,7.439009957954E-24,0.120313514215)
  );
#231 = ADVANCED_FACE('',(#232),#247,.T.);
#232 = FACE_BOUND('',#233,.T.);
#233 = EDGE_LOOP('',(#234,#235,#241));
#234 = ORIENTED_EDGE('',*,*,#221,.F.);
#235 = ORIENTED_EDGE('',*,*,#236,.T.);
#236 = EDGE_CURVE('',#214,#161,#237,.T.);
#237 = LINE('',#238,#239);
#238 = CARTESIAN_POINT('',(0.243589743972,1.,1.770478367805));
#239 = VECTOR('',#240,1.);
#240 = DIRECTION('',(0.,-1.,0.));
#241 = ORIENTED_EDGE('',*,*,#242,.T.);
#242 = EDGE_CURVE('',#161,#183,#243,.T.);
#243 = LINE('',#244,#245);
#244 = CARTESIAN_POINT('',(0.243589743972,0.75,1.770478367805));
#245 = VECTOR('',#246,1.);
#246 = DIRECTION('',(-0.695382016256,0.713681541881,8.427638011959E-02)
  );
#247 = PLANE('',#248);
#248 = AXIS2_PLACEMENT_3D('',#249,#250,#251);
#249 = CARTESIAN_POINT('',(0.208053715541,0.875,1.774785134115));
#250 = DIRECTION('',(-0.120313993013,-0.,-0.99273588788));
#251 = DIRECTION('',(-0.99273588788,0.,0.120313993013));
#252 = ADVANCED_FACE('',(#253),#258,.T.);
#253 = FACE_BOUND('',#254,.T.);
#254 = EDGE_LOOP('',(#255,#256,#257));
#255 = ORIENTED_EDGE('',*,*,#242,.F.);
#256 = ORIENTED_EDGE('',*,*,#160,.F.);
#257 = ORIENTED_EDGE('',*,*,#182,.F.);
#258 = PLANE('',#259);
#259 = AXIS2_PLACEMENT_3D('',#260,#261,#262);
#260 = CARTESIAN_POINT('',(0.121794873013,0.786754538058,1.785239177462)
  );
#261 = DIRECTION('',(-0.120313514215,4.733733872941E-07,-0.992735945908)
  );
#262 = DIRECTION('',(-0.992735945908,-3.384787216273E-24,0.120313514215)
  );
#263 = ADVANCED_FACE('',(#264),#279,.T.);
#264 = FACE_BOUND('',#265,.T.);
#265 = EDGE_LOOP('',(#266,#267,#273));
#266 = ORIENTED_EDGE('',*,*,#168,.F.);
#267 = ORIENTED_EDGE('',*,*,#268,.T.);
#268 = EDGE_CURVE('',#161,#108,#269,.T.);
#269 = LINE('',#270,#271);
#270 = CARTESIAN_POINT('',(0.243589743972,0.75,1.770478367805));
#271 = VECTOR('',#272,1.);
#272 = DIRECTION('',(0.,-1.,0.));
#273 = ORIENTED_EDGE('',*,*,#274,.T.);
#274 = EDGE_CURVE('',#108,#130,#275,.T.);
#275 = LINE('',#276,#277);
#276 = CARTESIAN_POINT('',(0.243589743972,0.5,1.770478367805));
#277 = VECTOR('',#278,1.);
#278 = DIRECTION('',(-0.695382016256,0.713681541881,8.427638011959E-02)
  );
#279 = PLANE('',#280);
#280 = AXIS2_PLACEMENT_3D('',#281,#282,#283);
#281 = CARTESIAN_POINT('',(0.208053715541,0.625,1.774785134115));
#282 = DIRECTION('',(-0.120313993013,-0.,-0.99273588788));
#283 = DIRECTION('',(-0.99273588788,0.,0.120313993013));
#284 = ADVANCED_FACE('',(#285),#290,.T.);
#285 = FACE_BOUND('',#286,.T.);
#286 = EDGE_LOOP('',(#287,#288,#289));
#287 = ORIENTED_EDGE('',*,*,#274,.F.);
#288 = ORIENTED_EDGE('',*,*,#107,.F.);
#289 = ORIENTED_EDGE('',*,*,#129,.F.);
#290 = PLANE('',#291);
#291 = AXIS2_PLACEMENT_3D('',#292,#293,#294);
#292 = CARTESIAN_POINT('',(0.121794873013,0.536754538058,1.785239177462)
  );
#293 = DIRECTION('',(-0.120313514215,4.733733872959E-07,-0.992735945908)
  );
#294 = DIRECTION('',(-0.992735945908,-9.421520194823E-24,0.120313514215)
  );
#295 = ADVANCED_FACE('',(#296),#311,.T.);
#296 = FACE_BOUND('',#297,.T.);
#297 = EDGE_LOOP('',(#298,#299,#305));
#298 = ORIENTED_EDGE('',*,*,#115,.F.);
#299 = ORIENTED_EDGE('',*,*,#300,.T.);
#300 = EDGE_CURVE('',#108,#55,#301,.T.);
#301 = LINE('',#302,#303);
#302 = CARTESIAN_POINT('',(0.243589743972,0.5,1.770478367805));
#303 = VECTOR('',#304,1.);
#304 = DIRECTION('',(0.,-1.,0.));
#305 = ORIENTED_EDGE('',*,*,#306,.T.);
#306 = EDGE_CURVE('',#55,#77,#307,.T.);
#307 = LINE('',#308,#309);
#308 = CARTESIAN_POINT('',(0.243589743972,0.25,1.770478367805));
#309 = VECTOR('',#310,1.);
#310 = DIRECTION('',(-0.695382016256,0.713681541881,8.427638011959E-02)
  );
#311 = PLANE('',#312);
#312 = AXIS2_PLACEMENT_3D('',#313,#314,#315);
#313 = CARTESIAN_POINT('',(0.208053715541,0.375,1.774785134115));
#314 = DIRECTION('',(-0.120313993013,-0.,-0.99273588788));
#315 = DIRECTION('',(-0.99273588788,0.,0.120313993013));
#316 = ADVANCED_FACE('',(#317),#322,.T.);
#317 = FACE_BOUND('',#318,.T.);
#318 = EDGE_LOOP('',(#319,#320,#321));
#319 = ORIENTED_EDGE('',*,*,#306,.F.);
#320 = ORIENTED_EDGE('',*,*,#54,.F.);
#321 = ORIENTED_EDGE('',*,*,#76,.F.);
#322 = PLANE('',#323);
#323 = AXIS2_PLACEMENT_3D('',#324,#325,#326);
#324 = CARTESIAN_POINT('',(0.121794873013,0.286754538058,1.785239177462)
  );
#325 = DIRECTION('',(-0.120313514215,4.733733872934E-07,-0.992735945908)
  );
#326 = DIRECTION('',(-0.992735945908,-5.007642478019E-24,0.120313514215)
  );
#327 = ADVANCED_FACE('',(#328),#345,.T.);
#328 = FACE_BOUND('',#329,.T.);
#329 = EDGE_LOOP('',(#330,#331,#339));
#330 = ORIENTED_EDGE('',*,*,#62,.F.);
#331 = ORIENTED_EDGE('',*,*,#332,.T.);
#332 = EDGE_CURVE('',#55,#333,#335,.T.);
#333 = VERTEX_POINT('',#334);
#334 = CARTESIAN_POINT('',(0.243589743972,0.,1.770478367805));
#335 = LINE('',#336,#337);
#336 = CARTESIAN_POINT('',(0.243589743972,0.25,1.770478367805));
#337 = VECTOR('',#338,1.);
#338 = DIRECTION('',(0.,-1.,0.));
#339 = ORIENTED_EDGE('',*,*,#340,.T.);
#340 = EDGE_CURVE('',#333,#22,#341,.T.);
#341 = LINE('',#342,#343);
#342 = CARTESIAN_POINT('',(0.243589743972,0.,1.770478367805));
#343 = VECTOR('',#344,1.);
#344 = DIRECTION('',(-0.695382016256,0.713681541881,8.427638011959E-02)
  );
#345 = PLANE('',#346);
#346 = AXIS2_PLACEMENT_3D('',#347,#348,#349);
#347 = CARTESIAN_POINT('',(0.208053715541,0.125,1.774785134115));
#348 = DIRECTION('',(-0.120313993013,-0.,-0.99273588788));
#349 = DIRECTION('',(-0.99273588788,0.,0.120313993013));
#350 = ADVANCED_FACE('',(#351),#361,.T.);
#351 = FACE_BOUND('',#352,.T.);
#352 = EDGE_LOOP('',(#353,#354,#360));
#353 = ORIENTED_EDGE('',*,*,#340,.F.);
#354 = ORIENTED_EDGE('',*,*,#355,.T.);
#355 = EDGE_CURVE('',#333,#24,#356,.T.);
#356 = LINE('',#357,#358);
#357 = CARTESIAN_POINT('',(0.243589743972,0.,1.770478367805));
#358 = VECTOR('',#359,1.);
#359 = DIRECTION('',(-0.992735945908,0.,0.120313514215));
#360 = ORIENTED_EDGE('',*,*,#21,.F.);
#361 = PLANE('',#362);
#362 = AXIS2_PLACEMENT_3D('',#363,#364,#365);
#363 = CARTESIAN_POINT('',(0.121794873013,3.675453805768E-02,
    1.785239177462));
#364 = DIRECTION('',(-0.120313514215,4.733733872935E-07,-0.992735945908)
  );
#365 = DIRECTION('',(-0.992735945908,-3.455074133358E-24,0.120313514215)
  );
#366 = ADVANCED_FACE('',(#367),#776,.T.);
#367 = FACE_BOUND('',#368,.T.);
#368 = EDGE_LOOP('',(#369,#370,#378,#386,#394,#402,#410,#418,#426,#434,
    #442,#450,#458,#466,#474,#482,#490,#498,#506,#514,#522,#530,#538,
    #546,#554,#562,#570,#578,#586,#594,#602,#610,#618,#626,#634,#642,
    #650,#658,#666,#674,#682,#690,#698,#706,#714,#722,#730,#738,#746,
    #754,#762,#770));
#369 = ORIENTED_EDGE('',*,*,#355,.F.);
#370 = ORIENTED_EDGE('',*,*,#371,.F.);
#371 = EDGE_CURVE('',#372,#333,#374,.T.);
#372 = VERTEX_POINT('',#373);
#373 = CARTESIAN_POINT('',(0.487179487944,0.,1.683656811714));
#374 = LINE('',#375,#376);
#375 = CARTESIAN_POINT('',(0.487179487944,0.,1.683656811714));
#376 = VECTOR('',#377,1.);
#377 = DIRECTION('',(-0.941955798621,0.,0.335736911054));
#378 = ORIENTED_EDGE('',*,*,#379,.F.);
#379 = EDGE_CURVE('',#380,#372,#382,.T.);
#380 = VERTEX_POINT('',#381);
#381 = CARTESIAN_POINT('',(0.730769217014,0.,1.544661164284));
#382 = LINE('',#383,#384);
#383 = CARTESIAN_POINT('',(0.730769217014,0.,1.544661164284));
#384 = VECTOR('',#385,1.);
#385 = DIRECTION('',(-0.868547840556,0.,0.49560533559));
#386 = ORIENTED_EDGE('',*,*,#387,.F.);
#387 = EDGE_CURVE('',#388,#380,#390,.T.);
#388 = VERTEX_POINT('',#389);
#389 = CARTESIAN_POINT('',(0.974358975887,0.,1.361698508263));
#390 = LINE('',#391,#392);
#391 = CARTESIAN_POINT('',(0.974358975887,0.,1.361698508263));
#392 = VECTOR('',#393,1.);
#393 = DIRECTION('',(-0.799573860725,0.,0.600567765739));
#394 = ORIENTED_EDGE('',*,*,#395,.F.);
#395 = EDGE_CURVE('',#396,#388,#398,.T.);
#396 = VERTEX_POINT('',#397);
#397 = CARTESIAN_POINT('',(1.217948675156,0.,1.145571351051));
#398 = LINE('',#399,#400);
#399 = CARTESIAN_POINT('',(1.217948675156,0.,1.145571351051));
#400 = VECTOR('',#401,1.);
#401 = DIRECTION('',(-0.748014388043,0.,0.663682510905));
#402 = ORIENTED_EDGE('',*,*,#403,.F.);
#403 = EDGE_CURVE('',#404,#396,#406,.T.);
#404 = VERTEX_POINT('',#405);
#405 = CARTESIAN_POINT('',(1.461538434029,0.,0.909040629864));
#406 = LINE('',#407,#408);
#407 = CARTESIAN_POINT('',(1.461538434029,0.,0.909040629864));
#408 = VECTOR('',#409,1.);
#409 = DIRECTION('',(-0.71742557844,0.,0.696635155156));
#410 = ORIENTED_EDGE('',*,*,#411,.F.);
#411 = EDGE_CURVE('',#412,#404,#414,.T.);
#412 = VERTEX_POINT('',#413);
#413 = CARTESIAN_POINT('',(1.705128192902,0.,0.666071772575));
#414 = LINE('',#415,#416);
#415 = CARTESIAN_POINT('',(1.705128192902,0.,0.666071772575));
#416 = VECTOR('',#417,1.);
#417 = DIRECTION('',(-0.70800854968,0.,0.706203861205));
#418 = ORIENTED_EDGE('',*,*,#419,.F.);
#419 = EDGE_CURVE('',#420,#412,#422,.T.);
#420 = VERTEX_POINT('',#421);
#421 = CARTESIAN_POINT('',(1.948717951775,0.,0.431010454893));
#422 = LINE('',#423,#424);
#423 = CARTESIAN_POINT('',(1.948717951775,0.,0.431010454893));
#424 = VECTOR('',#425,1.);
#425 = DIRECTION('',(-0.719591553075,0.,0.694397578295));
#426 = ORIENTED_EDGE('',*,*,#427,.F.);
#427 = EDGE_CURVE('',#428,#420,#430,.T.);
#428 = VERTEX_POINT('',#429);
#429 = CARTESIAN_POINT('',(2.192307710648,0.,0.217735439539));
#430 = LINE('',#431,#432);
#431 = CARTESIAN_POINT('',(2.192307710648,0.,0.217735439539));
#432 = VECTOR('',#433,1.);
#433 = DIRECTION('',(-0.752371584,0.,0.658738946465));
#434 = ORIENTED_EDGE('',*,*,#435,.F.);
#435 = EDGE_CURVE('',#436,#428,#438,.T.);
#436 = VERTEX_POINT('',#437);
#437 = CARTESIAN_POINT('',(2.435897350311,0.,3.883915767074E-02));
#438 = LINE('',#439,#440);
#439 = CARTESIAN_POINT('',(2.435897350311,0.,3.883915767074E-02));
#440 = VECTOR('',#441,1.);
#441 = DIRECTION('',(-0.805988422162,0.,0.591931299511));
#442 = ORIENTED_EDGE('',*,*,#443,.F.);
#443 = EDGE_CURVE('',#444,#436,#446,.T.);
#444 = VERTEX_POINT('',#445);
#445 = CARTESIAN_POINT('',(2.679487228394,0.,-9.511578828096E-02));
#446 = LINE('',#447,#448);
#447 = CARTESIAN_POINT('',(2.679487228394,0.,-9.511578828096E-02));
#448 = VECTOR('',#449,1.);
#449 = DIRECTION('',(-0.876245507341,0.,0.481864930105));
#450 = ORIENTED_EDGE('',*,*,#451,.F.);
#451 = EDGE_CURVE('',#452,#444,#454,.T.);
#452 = VERTEX_POINT('',#453);
#453 = CARTESIAN_POINT('',(2.923076868057,0.,-0.176220282912));
#454 = LINE('',#455,#456);
#455 = CARTESIAN_POINT('',(2.923076868057,0.,-0.176220282912));
#456 = VECTOR('',#457,1.);
#457 = DIRECTION('',(-0.94879080688,0.,0.315905056591));
#458 = ORIENTED_EDGE('',*,*,#459,.F.);
#459 = EDGE_CURVE('',#460,#452,#462,.T.);
#460 = VERTEX_POINT('',#461);
#461 = CARTESIAN_POINT('',(3.16666674614,0.,-0.199685662985));
#462 = LINE('',#463,#464);
#463 = CARTESIAN_POINT('',(3.16666674614,0.,-0.199685662985));
#464 = VECTOR('',#465,1.);
#465 = DIRECTION('',(-0.99539216538,0.,9.588762745734E-02));
#466 = ORIENTED_EDGE('',*,*,#467,.F.);
#467 = EDGE_CURVE('',#468,#460,#470,.T.);
#468 = VERTEX_POINT('',#469);
#469 = CARTESIAN_POINT('',(3.410256385803,0.,-0.164126455784));
#470 = LINE('',#471,#472);
#471 = CARTESIAN_POINT('',(3.410256385803,0.,-0.164126455784));
#472 = VECTOR('',#473,1.);
#473 = DIRECTION('',(-0.989512251909,0.,-0.144448964423));
#474 = ORIENTED_EDGE('',*,*,#475,.F.);
#475 = EDGE_CURVE('',#476,#468,#478,.T.);
#476 = VERTEX_POINT('',#477);
#477 = CARTESIAN_POINT('',(3.653846263885,0.,-7.164218276739E-02));
#478 = LINE('',#479,#480);
#479 = CARTESIAN_POINT('',(3.653846263885,0.,-7.164218276739E-02));
#480 = VECTOR('',#481,1.);
#481 = DIRECTION('',(-0.934885341896,0.,-0.354949852103));
#482 = ORIENTED_EDGE('',*,*,#483,.F.);
#483 = EDGE_CURVE('',#484,#476,#486,.T.);
#484 = VERTEX_POINT('',#485);
#485 = CARTESIAN_POINT('',(3.897435903549,0.,7.230658084154E-02));
#486 = LINE('',#487,#488);
#487 = CARTESIAN_POINT('',(3.897435903549,0.,7.230658084154E-02));
#488 = VECTOR('',#489,1.);
#489 = DIRECTION('',(-0.860911929159,0.,-0.508754017411));
#490 = ORIENTED_EDGE('',*,*,#491,.F.);
#491 = EDGE_CURVE('',#492,#484,#494,.T.);
#492 = VERTEX_POINT('',#493);
#493 = CARTESIAN_POINT('',(4.141025543213,0.,0.259220659733));
#494 = LINE('',#495,#496);
#495 = CARTESIAN_POINT('',(4.141025543213,0.,0.259220659733));
#496 = VECTOR('',#497,1.);
#497 = DIRECTION('',(-0.793351493014,0.,-0.60876383642));
#498 = ORIENTED_EDGE('',*,*,#499,.F.);
#499 = EDGE_CURVE('',#500,#492,#502,.T.);
#500 = VERTEX_POINT('',#501);
#501 = CARTESIAN_POINT('',(4.384615421295,0.,0.478064060211));
#502 = LINE('',#503,#504);
#503 = CARTESIAN_POINT('',(4.384615421295,0.,0.478064060211));
#504 = VECTOR('',#505,1.);
#505 = DIRECTION('',(-0.74388225399,0.,-0.668310700347));
#506 = ORIENTED_EDGE('',*,*,#507,.F.);
#507 = EDGE_CURVE('',#508,#500,#510,.T.);
#508 = VERTEX_POINT('',#509);
#509 = CARTESIAN_POINT('',(4.628205299377,0.,0.715915560722));
#510 = LINE('',#511,#512);
#511 = CARTESIAN_POINT('',(4.628205299377,0.,0.715915560722));
#512 = VECTOR('',#513,1.);
#513 = DIRECTION('',(-0.715484079826,0.,-0.698629037126));
#514 = ORIENTED_EDGE('',*,*,#515,.F.);
#515 = EDGE_CURVE('',#516,#508,#518,.T.);
#516 = VERTEX_POINT('',#517);
#517 = CARTESIAN_POINT('',(4.871794700623,0.,0.958731651306));
#518 = LINE('',#519,#520);
#519 = CARTESIAN_POINT('',(4.871794700623,0.,0.958731651306));
#520 = VECTOR('',#521,1.);
#521 = DIRECTION('',(-0.708230078223,0.,-0.705981696859));
#522 = ORIENTED_EDGE('',*,*,#523,.F.);
#523 = EDGE_CURVE('',#524,#516,#526,.T.);
#524 = VERTEX_POINT('',#525);
#525 = CARTESIAN_POINT('',(5.115384578705,0.,1.192175745964));
#526 = LINE('',#527,#528);
#527 = CARTESIAN_POINT('',(5.115384578705,0.,1.192175745964));
#528 = VECTOR('',#529,1.);
#529 = DIRECTION('',(-0.721982586383,0.,-0.691911226213));
#530 = ORIENTED_EDGE('',*,*,#531,.F.);
#531 = EDGE_CURVE('',#532,#524,#534,.T.);
#532 = VERTEX_POINT('',#533);
#533 = CARTESIAN_POINT('',(5.358974456787,0.,1.40246450901));
#534 = LINE('',#535,#536);
#535 = CARTESIAN_POINT('',(5.358974456787,0.,1.40246450901));
#536 = VECTOR('',#537,1.);
#537 = DIRECTION('',(-0.756952599166,0.,-0.653469787072));
#538 = ORIENTED_EDGE('',*,*,#539,.F.);
#539 = EDGE_CURVE('',#540,#532,#542,.T.);
#540 = VERTEX_POINT('',#541);
#541 = CARTESIAN_POINT('',(5.602564334869,0.,1.57718193531));
#542 = LINE('',#543,#544);
#543 = CARTESIAN_POINT('',(5.602564334869,0.,1.57718193531));
#544 = VECTOR('',#545,1.);
#545 = DIRECTION('',(-0.812588545206,0.,-0.582837761474));
#546 = ORIENTED_EDGE('',*,*,#547,.F.);
#547 = EDGE_CURVE('',#548,#540,#550,.T.);
#548 = VERTEX_POINT('',#549);
#549 = CARTESIAN_POINT('',(5.846153736115,0.,1.706012129784));
#550 = LINE('',#551,#552);
#551 = CARTESIAN_POINT('',(5.846153736115,0.,1.706012129784));
#552 = VECTOR('',#553,1.);
#553 = DIRECTION('',(-0.883981272823,0.,-0.467522308879));
#554 = ORIENTED_EDGE('',*,*,#555,.F.);
#555 = EDGE_CURVE('',#556,#548,#558,.T.);
#556 = VERTEX_POINT('',#557);
#557 = CARTESIAN_POINT('',(6.089743614197,0.,1.781348466873));
#558 = LINE('',#559,#560);
#559 = CARTESIAN_POINT('',(6.089743614197,0.,1.781348466873));
#560 = VECTOR('',#561,1.);
#561 = DIRECTION('',(-0.955352921811,0.,-0.295467079025));
#562 = ORIENTED_EDGE('',*,*,#563,.T.);
#563 = EDGE_CURVE('',#556,#564,#566,.T.);
#564 = VERTEX_POINT('',#565);
#565 = CARTESIAN_POINT('',(6.089743614197,0.,2.781348466873));
#566 = LINE('',#567,#568);
#567 = CARTESIAN_POINT('',(6.089743614197,0.,1.781348466873));
#568 = VECTOR('',#569,1.);
#569 = DIRECTION('',(0.,0.,1.));
#570 = ORIENTED_EDGE('',*,*,#571,.F.);
#571 = EDGE_CURVE('',#572,#564,#574,.T.);
#572 = VERTEX_POINT('',#573);
#573 = CARTESIAN_POINT('',(5.846153736115,0.,2.706012010574));
#574 = LINE('',#575,#576);
#575 = CARTESIAN_POINT('',(5.846153736115,0.,2.706012010574));
#576 = VECTOR('',#577,1.);
#577 = DIRECTION('',(0.955352789837,0.,0.295467505744));
#578 = ORIENTED_EDGE('',*,*,#579,.F.);
#579 = EDGE_CURVE('',#580,#572,#582,.T.);
#580 = VERTEX_POINT('',#581);
#581 = CARTESIAN_POINT('',(5.602564334869,0.,2.57718205452));
#582 = LINE('',#583,#584);
#583 = CARTESIAN_POINT('',(5.602564334869,0.,2.57718205452));
#584 = VECTOR('',#585,1.);
#585 = DIRECTION('',(0.8839816304,0.,0.467521632778));
#586 = ORIENTED_EDGE('',*,*,#587,.F.);
#587 = EDGE_CURVE('',#588,#580,#590,.T.);
#588 = VERTEX_POINT('',#589);
#589 = CARTESIAN_POINT('',(5.358974456787,0.,2.40246462822));
#590 = LINE('',#591,#592);
#591 = CARTESIAN_POINT('',(5.358974456787,0.,2.40246462822));
#592 = VECTOR('',#593,1.);
#593 = DIRECTION('',(0.812588545206,0.,0.582837761474));
#594 = ORIENTED_EDGE('',*,*,#595,.F.);
#595 = EDGE_CURVE('',#596,#588,#598,.T.);
#596 = VERTEX_POINT('',#597);
#597 = CARTESIAN_POINT('',(5.115384578705,0.,2.192175865173));
#598 = LINE('',#599,#600);
#599 = CARTESIAN_POINT('',(5.115384578705,0.,2.192175865173));
#600 = VECTOR('',#601,1.);
#601 = DIRECTION('',(0.756952599166,0.,0.653469787072));
#602 = ORIENTED_EDGE('',*,*,#603,.F.);
#603 = EDGE_CURVE('',#604,#596,#606,.T.);
#604 = VERTEX_POINT('',#605);
#605 = CARTESIAN_POINT('',(4.871794700623,0.,1.958731651306));
#606 = LINE('',#607,#608);
#607 = CARTESIAN_POINT('',(4.871794700623,0.,1.958731651306));
#608 = VECTOR('',#609,1.);
#609 = DIRECTION('',(0.721982409879,0.,0.691911410388));
#610 = ORIENTED_EDGE('',*,*,#611,.F.);
#611 = EDGE_CURVE('',#612,#604,#614,.T.);
#612 = VERTEX_POINT('',#613);
#613 = CARTESIAN_POINT('',(4.628205299377,0.,1.715915560722));
#614 = LINE('',#615,#616);
#615 = CARTESIAN_POINT('',(4.628205299377,0.,1.715915560722));
#616 = VECTOR('',#617,1.);
#617 = DIRECTION('',(0.708230078223,0.,0.705981696859));
#618 = ORIENTED_EDGE('',*,*,#619,.F.);
#619 = EDGE_CURVE('',#620,#612,#622,.T.);
#620 = VERTEX_POINT('',#621);
#621 = CARTESIAN_POINT('',(4.384615421295,0.,1.478064060211));
#622 = LINE('',#623,#624);
#623 = CARTESIAN_POINT('',(4.384615421295,0.,1.478064060211));
#624 = VECTOR('',#625,1.);
#625 = DIRECTION('',(0.715484079826,0.,0.698629037126));
#626 = ORIENTED_EDGE('',*,*,#627,.F.);
#627 = EDGE_CURVE('',#628,#620,#630,.T.);
#628 = VERTEX_POINT('',#629);
#629 = CARTESIAN_POINT('',(4.141025543213,0.,1.259220600128));
#630 = LINE('',#631,#632);
#631 = CARTESIAN_POINT('',(4.141025543213,0.,1.259220600128));
#632 = VECTOR('',#633,1.);
#633 = DIRECTION('',(0.743882163499,0.,0.668310801071));
#634 = ORIENTED_EDGE('',*,*,#635,.F.);
#635 = EDGE_CURVE('',#636,#628,#638,.T.);
#636 = VERTEX_POINT('',#637);
#637 = CARTESIAN_POINT('',(3.897435903549,0.,1.072306632996));
#638 = LINE('',#639,#640);
#639 = CARTESIAN_POINT('',(3.897435903549,0.,1.072306632996));
#640 = VECTOR('',#641,1.);
#641 = DIRECTION('',(0.793351668808,0.,0.608763607322));
#642 = ORIENTED_EDGE('',*,*,#643,.F.);
#643 = EDGE_CURVE('',#644,#636,#646,.T.);
#644 = VERTEX_POINT('',#645);
#645 = CARTESIAN_POINT('',(3.653846263885,0.,0.928357839584));
#646 = LINE('',#647,#648);
#647 = CARTESIAN_POINT('',(3.653846263885,0.,0.928357839584));
#648 = VECTOR('',#649,1.);
#649 = DIRECTION('',(0.860911883025,0.,0.508754095478));
#650 = ORIENTED_EDGE('',*,*,#651,.F.);
#651 = EDGE_CURVE('',#652,#644,#654,.T.);
#652 = VERTEX_POINT('',#653);
#653 = CARTESIAN_POINT('',(3.410256385803,0.,0.835873544216));
#654 = LINE('',#655,#656);
#655 = CARTESIAN_POINT('',(3.410256385803,0.,0.835873544216));
#656 = VECTOR('',#657,1.);
#657 = DIRECTION('',(0.93488531343,0.,0.354949927079));
#658 = ORIENTED_EDGE('',*,*,#659,.F.);
#659 = EDGE_CURVE('',#660,#652,#662,.T.);
#660 = VERTEX_POINT('',#661);
#661 = CARTESIAN_POINT('',(3.16666674614,0.,0.800314307213));
#662 = LINE('',#663,#664);
#663 = CARTESIAN_POINT('',(3.16666674614,0.,0.800314307213));
#664 = VECTOR('',#665,1.);
#665 = DIRECTION('',(0.989512234605,0.,0.14444908296));
#666 = ORIENTED_EDGE('',*,*,#667,.F.);
#667 = EDGE_CURVE('',#668,#660,#670,.T.);
#668 = VERTEX_POINT('',#669);
#669 = CARTESIAN_POINT('',(2.923076868057,0.,0.823779702187));
#670 = LINE('',#671,#672);
#671 = CARTESIAN_POINT('',(2.923076868057,0.,0.823779702187));
#672 = VECTOR('',#673,1.);
#673 = DIRECTION('',(0.995392159569,0.,-9.588768778876E-02));
#674 = ORIENTED_EDGE('',*,*,#675,.F.);
#675 = EDGE_CURVE('',#676,#668,#678,.T.);
#676 = VERTEX_POINT('',#677);
#677 = CARTESIAN_POINT('',(2.679487228394,0.,0.90488421917));
#678 = LINE('',#679,#680);
#679 = CARTESIAN_POINT('',(2.679487228394,0.,0.90488421917));
#680 = VECTOR('',#681,1.);
#681 = DIRECTION('',(0.948790780786,0.,-0.315905134963));
#682 = ORIENTED_EDGE('',*,*,#683,.F.);
#683 = EDGE_CURVE('',#684,#676,#686,.T.);
#684 = VERTEX_POINT('',#685);
#685 = CARTESIAN_POINT('',(2.435897350311,0.,1.038839101791));
#686 = LINE('',#687,#688);
#687 = CARTESIAN_POINT('',(2.435897350311,0.,1.038839101791));
#688 = VECTOR('',#689,1.);
#689 = DIRECTION('',(0.87624560353,0.,-0.481864755189));
#690 = ORIENTED_EDGE('',*,*,#691,.F.);
#691 = EDGE_CURVE('',#692,#684,#694,.T.);
#692 = VERTEX_POINT('',#693);
#693 = CARTESIAN_POINT('',(2.192307710648,0.,1.217735409737));
#694 = LINE('',#695,#696);
#695 = CARTESIAN_POINT('',(2.192307710648,0.,1.217735409737));
#696 = VECTOR('',#697,1.);
#697 = DIRECTION('',(0.805988380997,0.,-0.591931355562));
#698 = ORIENTED_EDGE('',*,*,#699,.F.);
#699 = EDGE_CURVE('',#700,#692,#702,.T.);
#700 = VERTEX_POINT('',#701);
#701 = CARTESIAN_POINT('',(1.948717951775,0.,1.431010484695));
#702 = LINE('',#703,#704);
#703 = CARTESIAN_POINT('',(1.948717951775,0.,1.431010484695));
#704 = VECTOR('',#705,1.);
#705 = DIRECTION('',(0.752371492757,0.,-0.658739050677));
#706 = ORIENTED_EDGE('',*,*,#707,.F.);
#707 = EDGE_CURVE('',#708,#700,#710,.T.);
#708 = VERTEX_POINT('',#709);
#709 = CARTESIAN_POINT('',(1.705128192902,0.,1.666071772575));
#710 = LINE('',#711,#712);
#711 = CARTESIAN_POINT('',(1.705128192902,0.,1.666071772575));
#712 = VECTOR('',#713,1.);
#713 = DIRECTION('',(0.719591597067,0.,-0.694397532707));
#714 = ORIENTED_EDGE('',*,*,#715,.F.);
#715 = EDGE_CURVE('',#716,#708,#718,.T.);
#716 = VERTEX_POINT('',#717);
#717 = CARTESIAN_POINT('',(1.461538434029,0.,1.909040570259));
#718 = LINE('',#719,#720);
#719 = CARTESIAN_POINT('',(1.461538434029,0.,1.909040570259));
#720 = VECTOR('',#721,1.);
#721 = DIRECTION('',(0.708008636302,0.,-0.706203774361));
#722 = ORIENTED_EDGE('',*,*,#723,.F.);
#723 = EDGE_CURVE('',#724,#716,#726,.T.);
#724 = VERTEX_POINT('',#725);
#725 = CARTESIAN_POINT('',(1.217948675156,0.,2.145571470261));
#726 = LINE('',#727,#728);
#727 = CARTESIAN_POINT('',(1.217948675156,0.,2.145571470261));
#728 = VECTOR('',#729,1.);
#729 = DIRECTION('',(0.717425315231,0.,-0.696635426221));
#730 = ORIENTED_EDGE('',*,*,#731,.F.);
#731 = EDGE_CURVE('',#732,#724,#734,.T.);
#732 = VERTEX_POINT('',#733);
#733 = CARTESIAN_POINT('',(0.974358975887,0.,2.361698627472));
#734 = LINE('',#735,#736);
#735 = CARTESIAN_POINT('',(0.974358975887,0.,2.361698627472));
#736 = VECTOR('',#737,1.);
#737 = DIRECTION('',(0.748014388043,0.,-0.663682510905));
#738 = ORIENTED_EDGE('',*,*,#739,.F.);
#739 = EDGE_CURVE('',#740,#732,#742,.T.);
#740 = VERTEX_POINT('',#741);
#741 = CARTESIAN_POINT('',(0.730769217014,0.,2.544661283493));
#742 = LINE('',#743,#744);
#743 = CARTESIAN_POINT('',(0.730769217014,0.,2.544661283493));
#744 = VECTOR('',#745,1.);
#745 = DIRECTION('',(0.799573860725,0.,-0.600567765739));
#746 = ORIENTED_EDGE('',*,*,#747,.F.);
#747 = EDGE_CURVE('',#748,#740,#750,.T.);
#748 = VERTEX_POINT('',#749);
#749 = CARTESIAN_POINT('',(0.487179487944,0.,2.683656692505));
#750 = LINE('',#751,#752);
#751 = CARTESIAN_POINT('',(0.487179487944,0.,2.683656692505));
#752 = VECTOR('',#753,1.);
#753 = DIRECTION('',(0.868548206491,0.,-0.495604694288));
#754 = ORIENTED_EDGE('',*,*,#755,.F.);
#755 = EDGE_CURVE('',#756,#748,#758,.T.);
#756 = VERTEX_POINT('',#757);
#757 = CARTESIAN_POINT('',(0.243589743972,0.,2.770478487015));
#758 = LINE('',#759,#760);
#759 = CARTESIAN_POINT('',(0.243589743972,0.,2.770478487015));
#760 = VECTOR('',#761,1.);
#761 = DIRECTION('',(0.941955507052,0.,-0.33573772909));
#762 = ORIENTED_EDGE('',*,*,#763,.F.);
#763 = EDGE_CURVE('',#764,#756,#766,.T.);
#764 = VERTEX_POINT('',#765);
#765 = CARTESIAN_POINT('',(0.,0.,2.799999952316));
#766 = LINE('',#767,#768);
#767 = CARTESIAN_POINT('',(0.,0.,2.799999952316));
#768 = VECTOR('',#769,1.);
#769 = DIRECTION('',(0.992736003935,0.,-0.120313035417));
#770 = ORIENTED_EDGE('',*,*,#771,.T.);
#771 = EDGE_CURVE('',#764,#24,#772,.T.);
#772 = LINE('',#773,#774);
#773 = CARTESIAN_POINT('',(0.,0.,2.799999952316));
#774 = VECTOR('',#775,1.);
#775 = DIRECTION('',(0.,0.,-1.));
#776 = PLANE('',#777);
#777 = AXIS2_PLACEMENT_3D('',#778,#779,#780);
#778 = CARTESIAN_POINT('',(3.060083317255,0.,1.394625644201));
#779 = DIRECTION('',(-0.,-1.,-0.));
#780 = DIRECTION('',(0.,0.,-1.));
#781 = ADVANCED_FACE('',(#782),#808,.T.);
#782 = FACE_BOUND('',#783,.T.);
#783 = EDGE_LOOP('',(#784,#794,#802));
#784 = ORIENTED_EDGE('',*,*,#785,.T.);
#785 = EDGE_CURVE('',#786,#788,#790,.T.);
#786 = VERTEX_POINT('',#787);
#787 = CARTESIAN_POINT('',(1.096153855324,0.875,1.253634929657));
#788 = VERTEX_POINT('',#789);
#789 = CARTESIAN_POINT('',(0.974358975887,0.75,1.361698508263));
#790 = LINE('',#791,#792);
#791 = CARTESIAN_POINT('',(1.096153855324,0.875,1.253634929657));
#792 = VECTOR('',#793,1.);
#793 = DIRECTION('',(-0.593333154676,-0.608947146856,0.526440062968));
#794 = ORIENTED_EDGE('',*,*,#795,.F.);
#795 = EDGE_CURVE('',#796,#788,#798,.T.);
#796 = VERTEX_POINT('',#797);
#797 = CARTESIAN_POINT('',(0.974358975887,1.,1.361698508263));
#798 = LINE('',#799,#800);
#799 = CARTESIAN_POINT('',(0.974358975887,1.,1.361698508263));
#800 = VECTOR('',#801,1.);
#801 = DIRECTION('',(0.,-1.,0.));
#802 = ORIENTED_EDGE('',*,*,#803,.T.);
#803 = EDGE_CURVE('',#796,#786,#804,.T.);
#804 = LINE('',#805,#806);
#805 = CARTESIAN_POINT('',(0.974358975887,1.,1.361698508263));
#806 = VECTOR('',#807,1.);
#807 = DIRECTION('',(0.593333154676,-0.608947146856,-0.526440062968));
#808 = PLANE('',#809);
#809 = AXIS2_PLACEMENT_3D('',#810,#811,#812);
#810 = CARTESIAN_POINT('',(1.012208223973,0.875,1.328116429816));
#811 = DIRECTION('',(-0.663682420039,-0.,-0.748014468665));
#812 = DIRECTION('',(-0.748014468665,0.,0.663682420039));
#813 = ADVANCED_FACE('',(#814),#831,.T.);
#814 = FACE_BOUND('',#815,.T.);
#815 = EDGE_LOOP('',(#816,#817,#825));
#816 = ORIENTED_EDGE('',*,*,#803,.F.);
#817 = ORIENTED_EDGE('',*,*,#818,.T.);
#818 = EDGE_CURVE('',#796,#819,#821,.T.);
#819 = VERTEX_POINT('',#820);
#820 = CARTESIAN_POINT('',(1.217948675156,1.,1.145571351051));
#821 = LINE('',#822,#823);
#822 = CARTESIAN_POINT('',(0.974358975887,1.,1.361698508263));
#823 = VECTOR('',#824,1.);
#824 = DIRECTION('',(0.748014388043,0.,-0.663682510905));
#825 = ORIENTED_EDGE('',*,*,#826,.T.);
#826 = EDGE_CURVE('',#819,#786,#827,.T.);
#827 = LINE('',#828,#829);
#828 = CARTESIAN_POINT('',(1.217948675156,1.,1.145571351051));
#829 = VECTOR('',#830,1.);
#830 = DIRECTION('',(-0.59333296653,-0.608947251769,0.526440153666));
#831 = PLANE('',#832);
#832 = AXIS2_PLACEMENT_3D('',#833,#834,#835);
#833 = CARTESIAN_POINT('',(1.096153830906,0.965146316639,1.253634932253)
  );
#834 = DIRECTION('',(-0.663682510905,-1.582342412296E-07,-0.748014388043
    ));
#835 = DIRECTION('',(-0.748014388043,6.597022216811E-24,0.663682510905)
  );
#836 = ADVANCED_FACE('',(#837),#854,.T.);
#837 = FACE_BOUND('',#838,.T.);
#838 = EDGE_LOOP('',(#839,#840,#848));
#839 = ORIENTED_EDGE('',*,*,#826,.F.);
#840 = ORIENTED_EDGE('',*,*,#841,.T.);
#841 = EDGE_CURVE('',#819,#842,#844,.T.);
#842 = VERTEX_POINT('',#843);
#843 = CARTESIAN_POINT('',(1.217948675156,0.75,1.145571351051));
#844 = LINE('',#845,#846);
#845 = CARTESIAN_POINT('',(1.217948675156,1.,1.145571351051));
#846 = VECTOR('',#847,1.);
#847 = DIRECTION('',(0.,-1.,0.));
#848 = ORIENTED_EDGE('',*,*,#849,.T.);
#849 = EDGE_CURVE('',#842,#786,#850,.T.);
#850 = LINE('',#851,#852);
#851 = CARTESIAN_POINT('',(1.217948675156,0.75,1.145571351051));
#852 = VECTOR('',#853,1.);
#853 = DIRECTION('',(-0.59333296653,0.608947251769,0.526440153666));
#854 = PLANE('',#855);
#855 = AXIS2_PLACEMENT_3D('',#856,#857,#858);
#856 = CARTESIAN_POINT('',(1.180099448061,0.875,1.179153427309));
#857 = DIRECTION('',(-0.663682601771,-0.,-0.748014307421));
#858 = DIRECTION('',(-0.748014307421,0.,0.663682601771));
#859 = ADVANCED_FACE('',(#860),#870,.T.);
#860 = FACE_BOUND('',#861,.T.);
#861 = EDGE_LOOP('',(#862,#863,#869));
#862 = ORIENTED_EDGE('',*,*,#849,.F.);
#863 = ORIENTED_EDGE('',*,*,#864,.F.);
#864 = EDGE_CURVE('',#788,#842,#865,.T.);
#865 = LINE('',#866,#867);
#866 = CARTESIAN_POINT('',(0.974358975887,0.75,1.361698508263));
#867 = VECTOR('',#868,1.);
#868 = DIRECTION('',(0.748014388043,0.,-0.663682510905));
#869 = ORIENTED_EDGE('',*,*,#785,.F.);
#870 = PLANE('',#871);
#871 = AXIS2_PLACEMENT_3D('',#872,#873,#874);
#872 = CARTESIAN_POINT('',(1.096153830906,0.784853683361,1.253634932253)
  );
#873 = DIRECTION('',(-0.663682510905,1.582342412256E-07,-0.748014388043)
  );
#874 = DIRECTION('',(-0.748014388043,-1.126040547583E-23,0.663682510905)
  );
#875 = ADVANCED_FACE('',(#876),#900,.T.);
#876 = FACE_BOUND('',#877,.T.);
#877 = EDGE_LOOP('',(#878,#888,#894));
#878 = ORIENTED_EDGE('',*,*,#879,.T.);
#879 = EDGE_CURVE('',#880,#882,#884,.T.);
#880 = VERTEX_POINT('',#881);
#881 = CARTESIAN_POINT('',(1.096153855324,0.625,1.253634929657));
#882 = VERTEX_POINT('',#883);
#883 = CARTESIAN_POINT('',(0.974358975887,0.5,1.361698508263));
#884 = LINE('',#885,#886);
#885 = CARTESIAN_POINT('',(1.096153855324,0.625,1.253634929657));
#886 = VECTOR('',#887,1.);
#887 = DIRECTION('',(-0.593333154676,-0.608947146856,0.526440062968));
#888 = ORIENTED_EDGE('',*,*,#889,.F.);
#889 = EDGE_CURVE('',#788,#882,#890,.T.);
#890 = LINE('',#891,#892);
#891 = CARTESIAN_POINT('',(0.974358975887,0.75,1.361698508263));
#892 = VECTOR('',#893,1.);
#893 = DIRECTION('',(0.,-1.,0.));
#894 = ORIENTED_EDGE('',*,*,#895,.T.);
#895 = EDGE_CURVE('',#788,#880,#896,.T.);
#896 = LINE('',#897,#898);
#897 = CARTESIAN_POINT('',(0.974358975887,0.75,1.361698508263));
#898 = VECTOR('',#899,1.);
#899 = DIRECTION('',(0.593333154676,-0.608947146856,-0.526440062968));
#900 = PLANE('',#901);
#901 = AXIS2_PLACEMENT_3D('',#902,#903,#904);
#902 = CARTESIAN_POINT('',(1.012208223973,0.625,1.328116429816));
#903 = DIRECTION('',(-0.663682420039,-0.,-0.748014468665));
#904 = DIRECTION('',(-0.748014468665,0.,0.663682420039));
#905 = ADVANCED_FACE('',(#906),#916,.T.);
#906 = FACE_BOUND('',#907,.T.);
#907 = EDGE_LOOP('',(#908,#909,#910));
#908 = ORIENTED_EDGE('',*,*,#895,.F.);
#909 = ORIENTED_EDGE('',*,*,#864,.T.);
#910 = ORIENTED_EDGE('',*,*,#911,.T.);
#911 = EDGE_CURVE('',#842,#880,#912,.T.);
#912 = LINE('',#913,#914);
#913 = CARTESIAN_POINT('',(1.217948675156,0.75,1.145571351051));
#914 = VECTOR('',#915,1.);
#915 = DIRECTION('',(-0.59333296653,-0.608947251769,0.526440153666));
#916 = PLANE('',#917);
#917 = AXIS2_PLACEMENT_3D('',#918,#919,#920);
#918 = CARTESIAN_POINT('',(1.096153830906,0.715146316639,1.253634932253)
  );
#919 = DIRECTION('',(-0.663682510905,-1.582342412591E-07,-0.748014388043
    ));
#920 = DIRECTION('',(-0.748014388043,1.073655454198E-23,0.663682510905)
  );
#921 = ADVANCED_FACE('',(#922),#939,.T.);
#922 = FACE_BOUND('',#923,.T.);
#923 = EDGE_LOOP('',(#924,#925,#933));
#924 = ORIENTED_EDGE('',*,*,#911,.F.);
#925 = ORIENTED_EDGE('',*,*,#926,.T.);
#926 = EDGE_CURVE('',#842,#927,#929,.T.);
#927 = VERTEX_POINT('',#928);
#928 = CARTESIAN_POINT('',(1.217948675156,0.5,1.145571351051));
#929 = LINE('',#930,#931);
#930 = CARTESIAN_POINT('',(1.217948675156,0.75,1.145571351051));
#931 = VECTOR('',#932,1.);
#932 = DIRECTION('',(0.,-1.,0.));
#933 = ORIENTED_EDGE('',*,*,#934,.T.);
#934 = EDGE_CURVE('',#927,#880,#935,.T.);
#935 = LINE('',#936,#937);
#936 = CARTESIAN_POINT('',(1.217948675156,0.5,1.145571351051));
#937 = VECTOR('',#938,1.);
#938 = DIRECTION('',(-0.59333296653,0.608947251769,0.526440153666));
#939 = PLANE('',#940);
#940 = AXIS2_PLACEMENT_3D('',#941,#942,#943);
#941 = CARTESIAN_POINT('',(1.180099448061,0.625,1.179153427309));
#942 = DIRECTION('',(-0.663682601771,-0.,-0.748014307421));
#943 = DIRECTION('',(-0.748014307421,0.,0.663682601771));
#944 = ADVANCED_FACE('',(#945),#955,.T.);
#945 = FACE_BOUND('',#946,.T.);
#946 = EDGE_LOOP('',(#947,#948,#954));
#947 = ORIENTED_EDGE('',*,*,#934,.F.);
#948 = ORIENTED_EDGE('',*,*,#949,.F.);
#949 = EDGE_CURVE('',#882,#927,#950,.T.);
#950 = LINE('',#951,#952);
#951 = CARTESIAN_POINT('',(0.974358975887,0.5,1.361698508263));
#952 = VECTOR('',#953,1.);
#953 = DIRECTION('',(0.748014388043,0.,-0.663682510905));
#954 = ORIENTED_EDGE('',*,*,#879,.F.);
#955 = PLANE('',#956);
#956 = AXIS2_PLACEMENT_3D('',#957,#958,#959);
#957 = CARTESIAN_POINT('',(1.096153830906,0.534853683361,1.253634932253)
  );
#958 = DIRECTION('',(-0.663682510905,1.582342412164E-07,-0.748014388043)
  );
#959 = DIRECTION('',(-0.748014388043,-1.5928740889E-23,0.663682510905));
#960 = ADVANCED_FACE('',(#961),#985,.T.);
#961 = FACE_BOUND('',#962,.T.);
#962 = EDGE_LOOP('',(#963,#973,#979));
#963 = ORIENTED_EDGE('',*,*,#964,.T.);
#964 = EDGE_CURVE('',#965,#967,#969,.T.);
#965 = VERTEX_POINT('',#966);
#966 = CARTESIAN_POINT('',(1.096153855324,0.375,1.253634929657));
#967 = VERTEX_POINT('',#968);
#968 = CARTESIAN_POINT('',(0.974358975887,0.25,1.361698508263));
#969 = LINE('',#970,#971);
#970 = CARTESIAN_POINT('',(1.096153855324,0.375,1.253634929657));
#971 = VECTOR('',#972,1.);
#972 = DIRECTION('',(-0.593333154676,-0.608947146856,0.526440062968));
#973 = ORIENTED_EDGE('',*,*,#974,.F.);
#974 = EDGE_CURVE('',#882,#967,#975,.T.);
#975 = LINE('',#976,#977);
#976 = CARTESIAN_POINT('',(0.974358975887,0.5,1.361698508263));
#977 = VECTOR('',#978,1.);
#978 = DIRECTION('',(0.,-1.,0.));
#979 = ORIENTED_EDGE('',*,*,#980,.T.);
#980 = EDGE_CURVE('',#882,#965,#981,.T.);
#981 = LINE('',#982,#983);
#982 = CARTESIAN_POINT('',(0.974358975887,0.5,1.361698508263));
#983 = VECTOR('',#984,1.);
#984 = DIRECTION('',(0.593333154676,-0.608947146856,-0.526440062968));
#985 = PLANE('',#986);
#986 = AXIS2_PLACEMENT_3D('',#987,#988,#989);
#987 = CARTESIAN_POINT('',(1.012208223973,0.375,1.328116429816));
#988 = DIRECTION('',(-0.663682420039,-0.,-0.748014468665));
#989 = DIRECTION('',(-0.748014468665,0.,0.663682420039));
#990 = ADVANCED_FACE('',(#991),#1001,.T.);
#991 = FACE_BOUND('',#992,.T.);
#992 = EDGE_LOOP('',(#993,#994,#995));
#993 = ORIENTED_EDGE('',*,*,#980,.F.);
#994 = ORIENTED_EDGE('',*,*,#949,.T.);
#995 = ORIENTED_EDGE('',*,*,#996,.T.);
#996 = EDGE_CURVE('',#927,#965,#997,.T.);
#997 = LINE('',#998,#999);
#998 = CARTESIAN_POINT('',(1.217948675156,0.5,1.145571351051));
#999 = VECTOR('',#1000,1.);
#1000 = DIRECTION('',(-0.59333296653,-0.608947251769,0.526440153666));
#1001 = PLANE('',#1002);
#1002 = AXIS2_PLACEMENT_3D('',#1003,#1004,#1005);
#1003 = CARTESIAN_POINT('',(1.096153830906,0.465146316639,1.253634932253
    ));
#1004 = DIRECTION('',(-0.663682510905,-1.582342412448E-07,
    -0.748014388043));
#1005 = DIRECTION('',(-0.748014388043,3.138725647207E-24,0.663682510905)
  );
#1006 = ADVANCED_FACE('',(#1007),#1024,.T.);
#1007 = FACE_BOUND('',#1008,.T.);
#1008 = EDGE_LOOP('',(#1009,#1010,#1018));
#1009 = ORIENTED_EDGE('',*,*,#996,.F.);
#1010 = ORIENTED_EDGE('',*,*,#1011,.T.);
#1011 = EDGE_CURVE('',#927,#1012,#1014,.T.);
#1012 = VERTEX_POINT('',#1013);
#1013 = CARTESIAN_POINT('',(1.217948675156,0.25,1.145571351051));
#1014 = LINE('',#1015,#1016);
#1015 = CARTESIAN_POINT('',(1.217948675156,0.5,1.145571351051));
#1016 = VECTOR('',#1017,1.);
#1017 = DIRECTION('',(0.,-1.,0.));
#1018 = ORIENTED_EDGE('',*,*,#1019,.T.);
#1019 = EDGE_CURVE('',#1012,#965,#1020,.T.);
#1020 = LINE('',#1021,#1022);
#1021 = CARTESIAN_POINT('',(1.217948675156,0.25,1.145571351051));
#1022 = VECTOR('',#1023,1.);
#1023 = DIRECTION('',(-0.59333296653,0.608947251769,0.526440153666));
#1024 = PLANE('',#1025);
#1025 = AXIS2_PLACEMENT_3D('',#1026,#1027,#1028);
#1026 = CARTESIAN_POINT('',(1.180099448061,0.375,1.179153427309));
#1027 = DIRECTION('',(-0.663682601771,-0.,-0.748014307421));
#1028 = DIRECTION('',(-0.748014307421,0.,0.663682601771));
#1029 = ADVANCED_FACE('',(#1030),#1040,.T.);
#1030 = FACE_BOUND('',#1031,.T.);
#1031 = EDGE_LOOP('',(#1032,#1033,#1039));
#1032 = ORIENTED_EDGE('',*,*,#1019,.F.);
#1033 = ORIENTED_EDGE('',*,*,#1034,.F.);
#1034 = EDGE_CURVE('',#967,#1012,#1035,.T.);
#1035 = LINE('',#1036,#1037);
#1036 = CARTESIAN_POINT('',(0.974358975887,0.25,1.361698508263));
#1037 = VECTOR('',#1038,1.);
#1038 = DIRECTION('',(0.748014388043,0.,-0.663682510905));
#1039 = ORIENTED_EDGE('',*,*,#964,.F.);
#1040 = PLANE('',#1041);
#1041 = AXIS2_PLACEMENT_3D('',#1042,#1043,#1044);
#1042 = CARTESIAN_POINT('',(1.096153830906,0.284853683361,1.253634932253
    ));
#1043 = DIRECTION('',(-0.663682510905,1.582342412256E-07,-0.748014388043
    ));
#1044 = DIRECTION('',(-0.748014388043,-1.126040547583E-23,0.663682510905
    ));
#1045 = ADVANCED_FACE('',(#1046),#1068,.T.);
#1046 = FACE_BOUND('',#1047,.T.);
#1047 = EDGE_LOOP('',(#1048,#1056,#1062));
#1048 = ORIENTED_EDGE('',*,*,#1049,.T.);
#1049 = EDGE_CURVE('',#1050,#388,#1052,.T.);
#1050 = VERTEX_POINT('',#1051);
#1051 = CARTESIAN_POINT('',(1.096153855324,0.125,1.253634929657));
#1052 = LINE('',#1053,#1054);
#1053 = CARTESIAN_POINT('',(1.096153855324,0.125,1.253634929657));
#1054 = VECTOR('',#1055,1.);
#1055 = DIRECTION('',(-0.593333154676,-0.608947146856,0.526440062968));
#1056 = ORIENTED_EDGE('',*,*,#1057,.F.);
#1057 = EDGE_CURVE('',#967,#388,#1058,.T.);
#1058 = LINE('',#1059,#1060);
#1059 = CARTESIAN_POINT('',(0.974358975887,0.25,1.361698508263));
#1060 = VECTOR('',#1061,1.);
#1061 = DIRECTION('',(0.,-1.,0.));
#1062 = ORIENTED_EDGE('',*,*,#1063,.T.);
#1063 = EDGE_CURVE('',#967,#1050,#1064,.T.);
#1064 = LINE('',#1065,#1066);
#1065 = CARTESIAN_POINT('',(0.974358975887,0.25,1.361698508263));
#1066 = VECTOR('',#1067,1.);
#1067 = DIRECTION('',(0.593333154676,-0.608947146856,-0.526440062968));
#1068 = PLANE('',#1069);
#1069 = AXIS2_PLACEMENT_3D('',#1070,#1071,#1072);
#1070 = CARTESIAN_POINT('',(1.012208223973,0.125,1.328116429816));
#1071 = DIRECTION('',(-0.663682420039,-0.,-0.748014468665));
#1072 = DIRECTION('',(-0.748014468665,0.,0.663682420039));
#1073 = ADVANCED_FACE('',(#1074),#1084,.T.);
#1074 = FACE_BOUND('',#1075,.T.);
#1075 = EDGE_LOOP('',(#1076,#1077,#1078));
#1076 = ORIENTED_EDGE('',*,*,#1063,.F.);
#1077 = ORIENTED_EDGE('',*,*,#1034,.T.);
#1078 = ORIENTED_EDGE('',*,*,#1079,.T.);
#1079 = EDGE_CURVE('',#1012,#1050,#1080,.T.);
#1080 = LINE('',#1081,#1082);
#1081 = CARTESIAN_POINT('',(1.217948675156,0.25,1.145571351051));
#1082 = VECTOR('',#1083,1.);
#1083 = DIRECTION('',(-0.59333296653,-0.608947251769,0.526440153666));
#1084 = PLANE('',#1085);
#1085 = AXIS2_PLACEMENT_3D('',#1086,#1087,#1088);
#1086 = CARTESIAN_POINT('',(1.096153830906,0.215146316639,1.253634932253
    ));
#1087 = DIRECTION('',(-0.663682510905,-1.582342412448E-07,
    -0.748014388043));
#1088 = DIRECTION('',(-0.748014388043,3.138725647207E-24,0.663682510905)
  );
#1089 = ADVANCED_FACE('',(#1090),#1105,.T.);
#1090 = FACE_BOUND('',#1091,.T.);
#1091 = EDGE_LOOP('',(#1092,#1093,#1099));
#1092 = ORIENTED_EDGE('',*,*,#1079,.F.);
#1093 = ORIENTED_EDGE('',*,*,#1094,.T.);
#1094 = EDGE_CURVE('',#1012,#396,#1095,.T.);
#1095 = LINE('',#1096,#1097);
#1096 = CARTESIAN_POINT('',(1.217948675156,0.25,1.145571351051));
#1097 = VECTOR('',#1098,1.);
#1098 = DIRECTION('',(0.,-1.,0.));
#1099 = ORIENTED_EDGE('',*,*,#1100,.T.);
#1100 = EDGE_CURVE('',#396,#1050,#1101,.T.);
#1101 = LINE('',#1102,#1103);
#1102 = CARTESIAN_POINT('',(1.217948675156,0.,1.145571351051));
#1103 = VECTOR('',#1104,1.);
#1104 = DIRECTION('',(-0.59333296653,0.608947251769,0.526440153666));
#1105 = PLANE('',#1106);
#1106 = AXIS2_PLACEMENT_3D('',#1107,#1108,#1109);
#1107 = CARTESIAN_POINT('',(1.180099448061,0.125,1.179153427309));
#1108 = DIRECTION('',(-0.663682601771,-0.,-0.748014307421));
#1109 = DIRECTION('',(-0.748014307421,0.,0.663682601771));
#1110 = ADVANCED_FACE('',(#1111),#1116,.T.);
#1111 = FACE_BOUND('',#1112,.T.);
#1112 = EDGE_LOOP('',(#1113,#1114,#1115));
#1113 = ORIENTED_EDGE('',*,*,#1100,.F.);
#1114 = ORIENTED_EDGE('',*,*,#395,.T.);
#1115 = ORIENTED_EDGE('',*,*,#1049,.F.);
#1116 = PLANE('',#1117);
#1117 = AXIS2_PLACEMENT_3D('',#1118,#1119,#1120);
#1118 = CARTESIAN_POINT('',(1.096153830906,3.485368336136E-02,
    1.253634932253));
#1119 = DIRECTION('',(-0.663682510905,1.582342411813E-07,-0.748014388043
    ));
#1120 = DIRECTION('',(-0.748014388043,2.280104023791E-24,0.663682510905)
  );
#1121 = ADVANCED_FACE('',(#1122),#1139,.T.);
#1122 = FACE_BOUND('',#1123,.T.);
#1123 = EDGE_LOOP('',(#1124,#1132,#1133));
#1124 = ORIENTED_EDGE('',*,*,#1125,.T.);
#1125 = EDGE_CURVE('',#1126,#396,#1128,.T.);
#1126 = VERTEX_POINT('',#1127);
#1127 = CARTESIAN_POINT('',(1.339743614197,0.125,1.027305960655));
#1128 = LINE('',#1129,#1130);
#1129 = CARTESIAN_POINT('',(1.339743614197,0.125,1.027305960655));
#1130 = VECTOR('',#1131,1.);
#1131 = DIRECTION('',(-0.577715898785,-0.592918621387,0.560974017851));
#1132 = ORIENTED_EDGE('',*,*,#1094,.F.);
#1133 = ORIENTED_EDGE('',*,*,#1134,.T.);
#1134 = EDGE_CURVE('',#1012,#1126,#1135,.T.);
#1135 = LINE('',#1136,#1137);
#1136 = CARTESIAN_POINT('',(1.217948675156,0.25,1.145571351051));
#1137 = VECTOR('',#1138,1.);
#1138 = DIRECTION('',(0.577715898785,-0.592918621387,-0.560974017851));
#1139 = PLANE('',#1140);
#1140 = AXIS2_PLACEMENT_3D('',#1141,#1142,#1143);
#1141 = CARTESIAN_POINT('',(1.256178794826,0.125,1.108449118689));
#1142 = DIRECTION('',(-0.696635070038,-0.,-0.717425661092));
#1143 = DIRECTION('',(-0.717425661092,0.,0.696635070038));
#1144 = ADVANCED_FACE('',(#1145),#1162,.T.);
#1145 = FACE_BOUND('',#1146,.T.);
#1146 = EDGE_LOOP('',(#1147,#1148,#1156));
#1147 = ORIENTED_EDGE('',*,*,#1134,.F.);
#1148 = ORIENTED_EDGE('',*,*,#1149,.T.);
#1149 = EDGE_CURVE('',#1012,#1150,#1152,.T.);
#1150 = VERTEX_POINT('',#1151);
#1151 = CARTESIAN_POINT('',(1.461538434029,0.25,0.909040629864));
#1152 = LINE('',#1153,#1154);
#1153 = CARTESIAN_POINT('',(1.217948675156,0.25,1.145571351051));
#1154 = VECTOR('',#1155,1.);
#1155 = DIRECTION('',(0.71742557844,0.,-0.696635155156));
#1156 = ORIENTED_EDGE('',*,*,#1157,.T.);
#1157 = EDGE_CURVE('',#1150,#1126,#1158,.T.);
#1158 = LINE('',#1159,#1160);
#1159 = CARTESIAN_POINT('',(1.461538434029,0.25,0.909040629864));
#1160 = VECTOR('',#1161,1.);
#1161 = DIRECTION('',(-0.577715613683,-0.592918909113,0.56097400735));
#1162 = PLANE('',#1163);
#1163 = AXIS2_PLACEMENT_3D('',#1164,#1165,#1166);
#1164 = CARTESIAN_POINT('',(1.339743562916,0.215378991889,1.027305990151
    ));
#1165 = DIRECTION('',(-0.696635155156,-1.611339406851E-07,-0.71742557844
    ));
#1166 = DIRECTION('',(-0.71742557844,-1.835037611357E-24,0.696635155156)
  );
#1167 = ADVANCED_FACE('',(#1168),#1183,.T.);
#1168 = FACE_BOUND('',#1169,.T.);
#1169 = EDGE_LOOP('',(#1170,#1171,#1177));
#1170 = ORIENTED_EDGE('',*,*,#1157,.F.);
#1171 = ORIENTED_EDGE('',*,*,#1172,.T.);
#1172 = EDGE_CURVE('',#1150,#404,#1173,.T.);
#1173 = LINE('',#1174,#1175);
#1174 = CARTESIAN_POINT('',(1.461538434029,0.25,0.909040629864));
#1175 = VECTOR('',#1176,1.);
#1176 = DIRECTION('',(0.,-1.,0.));
#1177 = ORIENTED_EDGE('',*,*,#1178,.T.);
#1178 = EDGE_CURVE('',#404,#1126,#1179,.T.);
#1179 = LINE('',#1180,#1181);
#1180 = CARTESIAN_POINT('',(1.461538434029,0.,0.909040629864));
#1181 = VECTOR('',#1182,1.);
#1182 = DIRECTION('',(-0.577715613683,0.592918909113,0.56097400735));
#1183 = PLANE('',#1184);
#1184 = AXIS2_PLACEMENT_3D('',#1185,#1186,#1187);
#1185 = CARTESIAN_POINT('',(1.423308358682,0.125,0.946162836812));
#1186 = DIRECTION('',(-0.696635240274,-0.,-0.717425495789));
#1187 = DIRECTION('',(-0.717425495789,0.,0.696635240274));
#1188 = ADVANCED_FACE('',(#1189),#1194,.T.);
#1189 = FACE_BOUND('',#1190,.T.);
#1190 = EDGE_LOOP('',(#1191,#1192,#1193));
#1191 = ORIENTED_EDGE('',*,*,#1178,.F.);
#1192 = ORIENTED_EDGE('',*,*,#403,.T.);
#1193 = ORIENTED_EDGE('',*,*,#1125,.F.);
#1194 = PLANE('',#1195);
#1195 = AXIS2_PLACEMENT_3D('',#1196,#1197,#1198);
#1196 = CARTESIAN_POINT('',(1.339743562916,3.46210081109E-02,
    1.027305990151));
#1197 = DIRECTION('',(-0.696635155156,1.611339407112E-07,-0.71742557844)
  );
#1198 = DIRECTION('',(-0.71742557844,-1.524417072158E-24,0.696635155156)
  );
#1199 = ADVANCED_FACE('',(#1200),#1217,.T.);
#1200 = FACE_BOUND('',#1201,.T.);
#1201 = EDGE_LOOP('',(#1202,#1210,#1211));
#1202 = ORIENTED_EDGE('',*,*,#1203,.T.);
#1203 = EDGE_CURVE('',#1204,#404,#1206,.T.);
#1204 = VERTEX_POINT('',#1205);
#1205 = CARTESIAN_POINT('',(1.58333337307,0.125,0.787556171417));
#1206 = LINE('',#1207,#1208);
#1207 = CARTESIAN_POINT('',(1.58333337307,0.125,0.787556171417));
#1208 = VECTOR('',#1209,1.);
#1209 = DIRECTION('',(-0.572764458251,-0.587836882591,0.571304362692));
#1210 = ORIENTED_EDGE('',*,*,#1172,.F.);
#1211 = ORIENTED_EDGE('',*,*,#1212,.T.);
#1212 = EDGE_CURVE('',#1150,#1204,#1213,.T.);
#1213 = LINE('',#1214,#1215);
#1214 = CARTESIAN_POINT('',(1.461538434029,0.25,0.909040629864));
#1215 = VECTOR('',#1216,1.);
#1216 = DIRECTION('',(0.572764458251,-0.587836882591,-0.571304362692));
#1217 = PLANE('',#1218);
#1218 = AXIS2_PLACEMENT_3D('',#1219,#1220,#1221);
#1219 = CARTESIAN_POINT('',(1.499890905991,0.125,0.870785926318));
#1220 = DIRECTION('',(-0.706203774804,-0.,-0.70800863586));
#1221 = DIRECTION('',(-0.70800863586,0.,0.706203774804));
#1222 = ADVANCED_FACE('',(#1223),#1240,.T.);
#1223 = FACE_BOUND('',#1224,.T.);
#1224 = EDGE_LOOP('',(#1225,#1226,#1234));
#1225 = ORIENTED_EDGE('',*,*,#1212,.F.);
#1226 = ORIENTED_EDGE('',*,*,#1227,.T.);
#1227 = EDGE_CURVE('',#1150,#1228,#1230,.T.);
#1228 = VERTEX_POINT('',#1229);
#1229 = CARTESIAN_POINT('',(1.705128192902,0.25,0.666071772575));
#1230 = LINE('',#1231,#1232);
#1231 = CARTESIAN_POINT('',(1.461538434029,0.25,0.909040629864));
#1232 = VECTOR('',#1233,1.);
#1233 = DIRECTION('',(0.70800854968,0.,-0.706203861205));
#1234 = ORIENTED_EDGE('',*,*,#1235,.T.);
#1235 = EDGE_CURVE('',#1228,#1204,#1236,.T.);
#1236 = LINE('',#1237,#1238);
#1237 = CARTESIAN_POINT('',(1.705128192902,0.25,0.666071772575));
#1238 = VECTOR('',#1239,1.);
#1239 = DIRECTION('',(-0.572764173278,-0.587837165477,0.571304357319));
#1240 = PLANE('',#1241);
#1241 = AXIS2_PLACEMENT_3D('',#1242,#1243,#1244);
#1242 = CARTESIAN_POINT('',(1.58333332184,0.215450131285,0.787556201062)
  );
#1243 = DIRECTION('',(-0.706203861205,-1.679418499361E-07,-0.70800854968
    ));
#1244 = DIRECTION('',(-0.70800854968,6.125866460481E-25,0.706203861205)
  );
#1245 = ADVANCED_FACE('',(#1246),#1261,.T.);
#1246 = FACE_BOUND('',#1247,.T.);
#1247 = EDGE_LOOP('',(#1248,#1249,#1255));
#1248 = ORIENTED_EDGE('',*,*,#1235,.F.);
#1249 = ORIENTED_EDGE('',*,*,#1250,.T.);
#1250 = EDGE_CURVE('',#1228,#412,#1251,.T.);
#1251 = LINE('',#1252,#1253);
#1252 = CARTESIAN_POINT('',(1.705128192902,0.25,0.666071772575));
#1253 = VECTOR('',#1254,1.);
#1254 = DIRECTION('',(0.,-1.,0.));
#1255 = ORIENTED_EDGE('',*,*,#1256,.T.);
#1256 = EDGE_CURVE('',#412,#1204,#1257,.T.);
#1257 = LINE('',#1258,#1259);
#1258 = CARTESIAN_POINT('',(1.705128192902,0.,0.666071772575));
#1259 = VECTOR('',#1260,1.);
#1260 = DIRECTION('',(-0.572764173278,0.587837165477,0.571304357319));
#1261 = PLANE('',#1262);
#1262 = AXIS2_PLACEMENT_3D('',#1263,#1264,#1265);
#1263 = CARTESIAN_POINT('',(1.66677576531,0.125,0.704326450537));
#1264 = DIRECTION('',(-0.706203947605,-0.,-0.708008463499));
#1265 = DIRECTION('',(-0.708008463499,0.,0.706203947605));
#1266 = ADVANCED_FACE('',(#1267),#1272,.T.);
#1267 = FACE_BOUND('',#1268,.T.);
#1268 = EDGE_LOOP('',(#1269,#1270,#1271));
#1269 = ORIENTED_EDGE('',*,*,#1256,.F.);
#1270 = ORIENTED_EDGE('',*,*,#411,.T.);
#1271 = ORIENTED_EDGE('',*,*,#1203,.F.);
#1272 = PLANE('',#1273);
#1273 = AXIS2_PLACEMENT_3D('',#1274,#1275,#1276);
#1274 = CARTESIAN_POINT('',(1.58333332184,3.454986871512E-02,
    0.787556201062));
#1275 = DIRECTION('',(-0.706203861205,1.679418498408E-07,-0.70800854968)
  );
#1276 = DIRECTION('',(-0.70800854968,3.531262868356E-24,0.706203861205)
  );
#1277 = ADVANCED_FACE('',(#1278),#1295,.T.);
#1278 = FACE_BOUND('',#1279,.T.);
#1279 = EDGE_LOOP('',(#1280,#1288,#1289));
#1280 = ORIENTED_EDGE('',*,*,#1281,.T.);
#1281 = EDGE_CURVE('',#1282,#412,#1284,.T.);
#1282 = VERTEX_POINT('',#1283);
#1283 = CARTESIAN_POINT('',(1.826923131943,0.125,0.548541128635));
#1284 = LINE('',#1285,#1286);
#1285 = CARTESIAN_POINT('',(1.826923131943,0.125,0.548541128635));
#1286 = VECTOR('',#1287,1.);
#1287 = DIRECTION('',(-0.57884517561,-0.594077615383,0.55857859749));
#1288 = ORIENTED_EDGE('',*,*,#1250,.F.);
#1289 = ORIENTED_EDGE('',*,*,#1290,.T.);
#1290 = EDGE_CURVE('',#1228,#1282,#1291,.T.);
#1291 = LINE('',#1292,#1293);
#1292 = CARTESIAN_POINT('',(1.705128192902,0.25,0.666071772575));
#1293 = VECTOR('',#1294,1.);
#1294 = DIRECTION('',(0.57884517561,-0.594077615383,-0.55857859749));
#1295 = PLANE('',#1296);
#1296 = AXIS2_PLACEMENT_3D('',#1297,#1298,#1299);
#1297 = CARTESIAN_POINT('',(1.743330516887,0.125,0.629206991712));
#1298 = DIRECTION('',(-0.69439735674,-0.,-0.719591766873));
#1299 = DIRECTION('',(-0.719591766873,0.,0.69439735674));
#1300 = ADVANCED_FACE('',(#1301),#1318,.T.);
#1301 = FACE_BOUND('',#1302,.T.);
#1302 = EDGE_LOOP('',(#1303,#1304,#1312));
#1303 = ORIENTED_EDGE('',*,*,#1290,.F.);
#1304 = ORIENTED_EDGE('',*,*,#1305,.T.);
#1305 = EDGE_CURVE('',#1228,#1306,#1308,.T.);
#1306 = VERTEX_POINT('',#1307);
#1307 = CARTESIAN_POINT('',(1.948717951775,0.25,0.431010454893));
#1308 = LINE('',#1309,#1310);
#1309 = CARTESIAN_POINT('',(1.705128192902,0.25,0.666071772575));
#1310 = VECTOR('',#1311,1.);
#1311 = DIRECTION('',(0.719591553075,0.,-0.694397578295));
#1312 = ORIENTED_EDGE('',*,*,#1313,.T.);
#1313 = EDGE_CURVE('',#1306,#1282,#1314,.T.);
#1314 = LINE('',#1315,#1316);
#1315 = CARTESIAN_POINT('',(1.948717951775,0.25,0.431010454893));
#1316 = VECTOR('',#1317,1.);
#1317 = DIRECTION('',(-0.578844753088,-0.594077763208,0.558578878121));
#1318 = PLANE('',#1319);
#1319 = AXIS2_PLACEMENT_3D('',#1320,#1321,#1322);
#1320 = CARTESIAN_POINT('',(1.826923084656,0.215362594579,0.548541121915
    ));
#1321 = DIRECTION('',(-0.694397578295,-4.168965656836E-07,
    -0.719591553075));
#1322 = DIRECTION('',(-0.719591553075,-1.440085061763E-23,0.694397578295
    ));
#1323 = ADVANCED_FACE('',(#1324),#1339,.T.);
#1324 = FACE_BOUND('',#1325,.T.);
#1325 = EDGE_LOOP('',(#1326,#1327,#1333));
#1326 = ORIENTED_EDGE('',*,*,#1313,.F.);
#1327 = ORIENTED_EDGE('',*,*,#1328,.T.);
#1328 = EDGE_CURVE('',#1306,#420,#1329,.T.);
#1329 = LINE('',#1330,#1331);
#1330 = CARTESIAN_POINT('',(1.948717951775,0.25,0.431010454893));
#1331 = VECTOR('',#1332,1.);
#1332 = DIRECTION('',(0.,-1.,0.));
#1333 = ORIENTED_EDGE('',*,*,#1334,.T.);
#1334 = EDGE_CURVE('',#420,#1282,#1335,.T.);
#1335 = LINE('',#1336,#1337);
#1336 = CARTESIAN_POINT('',(1.948717951775,0.,0.431010454893));
#1337 = VECTOR('',#1338,1.);
#1338 = DIRECTION('',(-0.578844753088,0.594077763208,0.558578878121));
#1339 = PLANE('',#1340);
#1340 = AXIS2_PLACEMENT_3D('',#1341,#1342,#1343);
#1341 = CARTESIAN_POINT('',(1.910515668723,0.125,0.467875241685));
#1342 = DIRECTION('',(-0.69439779985,-0.,-0.719591339277));
#1343 = DIRECTION('',(-0.719591339277,0.,0.69439779985));
#1344 = ADVANCED_FACE('',(#1345),#1350,.T.);
#1345 = FACE_BOUND('',#1346,.T.);
#1346 = EDGE_LOOP('',(#1347,#1348,#1349));
#1347 = ORIENTED_EDGE('',*,*,#1334,.F.);
#1348 = ORIENTED_EDGE('',*,*,#419,.T.);
#1349 = ORIENTED_EDGE('',*,*,#1281,.F.);
#1350 = PLANE('',#1351);
#1351 = AXIS2_PLACEMENT_3D('',#1352,#1353,#1354);
#1352 = CARTESIAN_POINT('',(1.826923084656,3.46374054208E-02,
    0.548541121915));
#1353 = DIRECTION('',(-0.694397578295,4.16896565722E-07,-0.719591553075)
  );
#1354 = DIRECTION('',(-0.719591553075,3.70225816063E-23,0.694397578295)
  );
#1355 = ADVANCED_FACE('',(#1356),#1373,.T.);
#1356 = FACE_BOUND('',#1357,.T.);
#1357 = EDGE_LOOP('',(#1358,#1366,#1367));
#1358 = ORIENTED_EDGE('',*,*,#1359,.T.);
#1359 = EDGE_CURVE('',#1360,#420,#1362,.T.);
#1360 = VERTEX_POINT('',#1361);
#1361 = CARTESIAN_POINT('',(2.070512771606,0.125,0.324372947216));
#1362 = LINE('',#1363,#1364);
#1363 = CARTESIAN_POINT('',(2.070512771606,0.125,0.324372947216));
#1364 = VECTOR('',#1365,1.);
#1365 = DIRECTION('',(-0.595500460447,-0.611171785949,0.521390688129));
#1366 = ORIENTED_EDGE('',*,*,#1328,.F.);
#1367 = ORIENTED_EDGE('',*,*,#1368,.T.);
#1368 = EDGE_CURVE('',#1306,#1360,#1369,.T.);
#1369 = LINE('',#1370,#1371);
#1370 = CARTESIAN_POINT('',(1.948717951775,0.25,0.431010454893));
#1371 = VECTOR('',#1372,1.);
#1372 = DIRECTION('',(0.595500460447,-0.611171785949,-0.521390688129));
#1373 = PLANE('',#1374);
#1374 = AXIS2_PLACEMENT_3D('',#1375,#1376,#1377);
#1375 = CARTESIAN_POINT('',(1.986514920693,0.125,0.397917302255));
#1376 = DIRECTION('',(-0.658739128951,-0.,-0.752371424224));
#1377 = DIRECTION('',(-0.752371424224,0.,0.658739128951));
#1378 = ADVANCED_FACE('',(#1379),#1396,.T.);
#1379 = FACE_BOUND('',#1380,.T.);
#1380 = EDGE_LOOP('',(#1381,#1382,#1390));
#1381 = ORIENTED_EDGE('',*,*,#1368,.F.);
#1382 = ORIENTED_EDGE('',*,*,#1383,.T.);
#1383 = EDGE_CURVE('',#1306,#1384,#1386,.T.);
#1384 = VERTEX_POINT('',#1385);
#1385 = CARTESIAN_POINT('',(2.192307710648,0.25,0.217735439539));
#1386 = LINE('',#1387,#1388);
#1387 = CARTESIAN_POINT('',(1.948717951775,0.25,0.431010454893));
#1388 = VECTOR('',#1389,1.);
#1389 = DIRECTION('',(0.752371584,0.,-0.658738946465));
#1390 = ORIENTED_EDGE('',*,*,#1391,.T.);
#1391 = EDGE_CURVE('',#1384,#1360,#1392,.T.);
#1392 = LINE('',#1393,#1394);
#1393 = CARTESIAN_POINT('',(2.192307710648,0.25,0.217735439539));
#1394 = VECTOR('',#1395,1.);
#1395 = DIRECTION('',(-0.595500836612,-0.611171573815,0.521390507158));
#1396 = PLANE('',#1397);
#1397 = AXIS2_PLACEMENT_3D('',#1398,#1399,#1400);
#1398 = CARTESIAN_POINT('',(2.070512820475,0.215112995976,0.324372942051
    ));
#1399 = DIRECTION('',(-0.658738946465,3.141112072593E-07,-0.752371584));
#1400 = DIRECTION('',(-0.752371584,-1.33168613104E-23,0.658738946465));
#1401 = ADVANCED_FACE('',(#1402),#1417,.T.);
#1402 = FACE_BOUND('',#1403,.T.);
#1403 = EDGE_LOOP('',(#1404,#1405,#1411));
#1404 = ORIENTED_EDGE('',*,*,#1391,.F.);
#1405 = ORIENTED_EDGE('',*,*,#1406,.T.);
#1406 = EDGE_CURVE('',#1384,#428,#1407,.T.);
#1407 = LINE('',#1408,#1409);
#1408 = CARTESIAN_POINT('',(2.192307710648,0.25,0.217735439539));
#1409 = VECTOR('',#1410,1.);
#1410 = DIRECTION('',(0.,-1.,0.));
#1411 = ORIENTED_EDGE('',*,*,#1412,.T.);
#1412 = EDGE_CURVE('',#428,#1360,#1413,.T.);
#1413 = LINE('',#1414,#1415);
#1414 = CARTESIAN_POINT('',(2.192307710648,0.,0.217735439539));
#1415 = VECTOR('',#1416,1.);
#1416 = DIRECTION('',(-0.595500836612,0.611171573815,0.521390507158));
#1417 = PLANE('',#1418);
#1418 = AXIS2_PLACEMENT_3D('',#1419,#1420,#1421);
#1419 = CARTESIAN_POINT('',(2.154510699758,0.125,0.250828596534));
#1420 = DIRECTION('',(-0.658738763979,-0.,-0.752371743775));
#1421 = DIRECTION('',(-0.752371743775,0.,0.658738763979));
#1422 = ADVANCED_FACE('',(#1423),#1428,.T.);
#1423 = FACE_BOUND('',#1424,.T.);
#1424 = EDGE_LOOP('',(#1425,#1426,#1427));
#1425 = ORIENTED_EDGE('',*,*,#1412,.F.);
#1426 = ORIENTED_EDGE('',*,*,#427,.T.);
#1427 = ORIENTED_EDGE('',*,*,#1359,.F.);
#1428 = PLANE('',#1429);
#1429 = AXIS2_PLACEMENT_3D('',#1430,#1431,#1432);
#1430 = CARTESIAN_POINT('',(2.070512820475,3.488700402392E-02,
    0.324372942051));
#1431 = DIRECTION('',(-0.658738946465,-3.141112072365E-07,-0.752371584)
  );
#1432 = DIRECTION('',(-0.752371584,1.765953563767E-23,0.658738946465));
#1433 = ADVANCED_FACE('',(#1434),#1451,.T.);
#1434 = FACE_BOUND('',#1435,.T.);
#1435 = EDGE_LOOP('',(#1436,#1444,#1445));
#1436 = ORIENTED_EDGE('',*,*,#1437,.T.);
#1437 = EDGE_CURVE('',#1438,#428,#1440,.T.);
#1438 = VERTEX_POINT('',#1439);
#1439 = CARTESIAN_POINT('',(2.314102649689,0.125,0.128287300467));
#1440 = LINE('',#1441,#1442);
#1441 = CARTESIAN_POINT('',(2.314102649689,0.125,0.128287300467));
#1442 = VECTOR('',#1443,1.);
#1443 = DIRECTION('',(-0.621047379539,-0.637390379712,0.456107066618));
#1444 = ORIENTED_EDGE('',*,*,#1406,.F.);
#1445 = ORIENTED_EDGE('',*,*,#1446,.T.);
#1446 = EDGE_CURVE('',#1384,#1438,#1447,.T.);
#1447 = LINE('',#1448,#1449);
#1448 = CARTESIAN_POINT('',(2.192307710648,0.25,0.217735439539));
#1449 = VECTOR('',#1450,1.);
#1450 = DIRECTION('',(0.621047379539,-0.637390379712,-0.456107066618));
#1451 = PLANE('',#1452);
#1452 = AXIS2_PLACEMENT_3D('',#1453,#1454,#1455);
#1453 = CARTESIAN_POINT('',(2.229499494766,0.125,0.190421202146));
#1454 = DIRECTION('',(-0.591930915138,-0.,-0.805988704452));
#1455 = DIRECTION('',(-0.805988704452,0.,0.591930915138));
#1456 = ADVANCED_FACE('',(#1457),#1474,.T.);
#1457 = FACE_BOUND('',#1458,.T.);
#1458 = EDGE_LOOP('',(#1459,#1460,#1468));
#1459 = ORIENTED_EDGE('',*,*,#1446,.F.);
#1460 = ORIENTED_EDGE('',*,*,#1461,.T.);
#1461 = EDGE_CURVE('',#1384,#1462,#1464,.T.);
#1462 = VERTEX_POINT('',#1463);
#1463 = CARTESIAN_POINT('',(2.435897350311,0.25,3.883915767074E-02));
#1464 = LINE('',#1465,#1466);
#1465 = CARTESIAN_POINT('',(2.192307710648,0.25,0.217735439539));
#1466 = VECTOR('',#1467,1.);
#1467 = DIRECTION('',(0.805988422162,0.,-0.591931299511));
#1468 = ORIENTED_EDGE('',*,*,#1469,.T.);
#1469 = EDGE_CURVE('',#1462,#1438,#1470,.T.);
#1470 = LINE('',#1471,#1472);
#1471 = CARTESIAN_POINT('',(2.435897350311,0.25,3.883915767074E-02));
#1472 = VECTOR('',#1473,1.);
#1473 = DIRECTION('',(-0.621046627337,-0.637390855434,0.456107426033));
#1474 = PLANE('',#1475);
#1475 = AXIS2_PLACEMENT_3D('',#1476,#1477,#1478);
#1476 = CARTESIAN_POINT('',(2.314102551309,0.214700051953,0.128287308557
    ));
#1477 = DIRECTION('',(-0.591931299511,-5.76519840787E-07,-0.805988422162
    ));
#1478 = DIRECTION('',(-0.805988422162,1.785233499873E-23,0.591931299511)
  );
#1479 = ADVANCED_FACE('',(#1480),#1495,.T.);
#1480 = FACE_BOUND('',#1481,.T.);
#1481 = EDGE_LOOP('',(#1482,#1483,#1489));
#1482 = ORIENTED_EDGE('',*,*,#1469,.F.);
#1483 = ORIENTED_EDGE('',*,*,#1484,.T.);
#1484 = EDGE_CURVE('',#1462,#436,#1485,.T.);
#1485 = LINE('',#1486,#1487);
#1486 = CARTESIAN_POINT('',(2.435897350311,0.25,3.883915767074E-02));
#1487 = VECTOR('',#1488,1.);
#1488 = DIRECTION('',(0.,-1.,0.));
#1489 = ORIENTED_EDGE('',*,*,#1490,.T.);
#1490 = EDGE_CURVE('',#436,#1438,#1491,.T.);
#1491 = LINE('',#1492,#1493);
#1492 = CARTESIAN_POINT('',(2.435897350311,0.,3.883915767074E-02));
#1493 = VECTOR('',#1494,1.);
#1494 = DIRECTION('',(-0.621046627337,0.637390855434,0.456107426033));
#1495 = PLANE('',#1496);
#1496 = AXIS2_PLACEMENT_3D('',#1497,#1498,#1499);
#1497 = CARTESIAN_POINT('',(2.398705649802,0.125,6.615338826507E-02));
#1498 = DIRECTION('',(-0.591931683885,-0.,-0.805988139872));
#1499 = DIRECTION('',(-0.805988139872,0.,0.591931683885));
#1500 = ADVANCED_FACE('',(#1501),#1506,.T.);
#1501 = FACE_BOUND('',#1502,.T.);
#1502 = EDGE_LOOP('',(#1503,#1504,#1505));
#1503 = ORIENTED_EDGE('',*,*,#1490,.F.);
#1504 = ORIENTED_EDGE('',*,*,#435,.T.);
#1505 = ORIENTED_EDGE('',*,*,#1437,.F.);
#1506 = PLANE('',#1507);
#1507 = AXIS2_PLACEMENT_3D('',#1508,#1509,#1510);
#1508 = CARTESIAN_POINT('',(2.314102551309,3.529994804715E-02,
    0.128287308557));
#1509 = DIRECTION('',(-0.591931299511,5.765198408712E-07,-0.805988422162
    ));
#1510 = DIRECTION('',(-0.805988422162,2.328780484595E-23,0.591931299511)
  );
#1511 = ADVANCED_FACE('',(#1512),#1529,.T.);
#1512 = FACE_BOUND('',#1513,.T.);
#1513 = EDGE_LOOP('',(#1514,#1522,#1523));
#1514 = ORIENTED_EDGE('',*,*,#1515,.T.);
#1515 = EDGE_CURVE('',#1516,#1012,#1518,.T.);
#1516 = VERTEX_POINT('',#1517);
#1517 = CARTESIAN_POINT('',(1.339743614197,0.375,1.027305960655));
#1518 = LINE('',#1519,#1520);
#1519 = CARTESIAN_POINT('',(1.339743614197,0.375,1.027305960655));
#1520 = VECTOR('',#1521,1.);
#1521 = DIRECTION('',(-0.577715898785,-0.592918621387,0.560974017851));
#1522 = ORIENTED_EDGE('',*,*,#1011,.F.);
#1523 = ORIENTED_EDGE('',*,*,#1524,.T.);
#1524 = EDGE_CURVE('',#927,#1516,#1525,.T.);
#1525 = LINE('',#1526,#1527);
#1526 = CARTESIAN_POINT('',(1.217948675156,0.5,1.145571351051));
#1527 = VECTOR('',#1528,1.);
#1528 = DIRECTION('',(0.577715898785,-0.592918621387,-0.560974017851));
#1529 = PLANE('',#1530);
#1530 = AXIS2_PLACEMENT_3D('',#1531,#1532,#1533);
#1531 = CARTESIAN_POINT('',(1.256178794826,0.375,1.108449118689));
#1532 = DIRECTION('',(-0.696635070038,-0.,-0.717425661092));
#1533 = DIRECTION('',(-0.717425661092,0.,0.696635070038));
#1534 = ADVANCED_FACE('',(#1535),#1552,.T.);
#1535 = FACE_BOUND('',#1536,.T.);
#1536 = EDGE_LOOP('',(#1537,#1538,#1546));
#1537 = ORIENTED_EDGE('',*,*,#1524,.F.);
#1538 = ORIENTED_EDGE('',*,*,#1539,.T.);
#1539 = EDGE_CURVE('',#927,#1540,#1542,.T.);
#1540 = VERTEX_POINT('',#1541);
#1541 = CARTESIAN_POINT('',(1.461538434029,0.5,0.909040629864));
#1542 = LINE('',#1543,#1544);
#1543 = CARTESIAN_POINT('',(1.217948675156,0.5,1.145571351051));
#1544 = VECTOR('',#1545,1.);
#1545 = DIRECTION('',(0.71742557844,0.,-0.696635155156));
#1546 = ORIENTED_EDGE('',*,*,#1547,.T.);
#1547 = EDGE_CURVE('',#1540,#1516,#1548,.T.);
#1548 = LINE('',#1549,#1550);
#1549 = CARTESIAN_POINT('',(1.461538434029,0.5,0.909040629864));
#1550 = VECTOR('',#1551,1.);
#1551 = DIRECTION('',(-0.577715613683,-0.592918909113,0.56097400735));
#1552 = PLANE('',#1553);
#1553 = AXIS2_PLACEMENT_3D('',#1554,#1555,#1556);
#1554 = CARTESIAN_POINT('',(1.339743562916,0.465378991889,1.027305990151
    ));
#1555 = DIRECTION('',(-0.696635155156,-1.611339406611E-07,-0.71742557844
    ));
#1556 = DIRECTION('',(-0.71742557844,-4.465804924646E-24,0.696635155156)
  );
#1557 = ADVANCED_FACE('',(#1558),#1573,.T.);
#1558 = FACE_BOUND('',#1559,.T.);
#1559 = EDGE_LOOP('',(#1560,#1561,#1567));
#1560 = ORIENTED_EDGE('',*,*,#1547,.F.);
#1561 = ORIENTED_EDGE('',*,*,#1562,.T.);
#1562 = EDGE_CURVE('',#1540,#1150,#1563,.T.);
#1563 = LINE('',#1564,#1565);
#1564 = CARTESIAN_POINT('',(1.461538434029,0.5,0.909040629864));
#1565 = VECTOR('',#1566,1.);
#1566 = DIRECTION('',(0.,-1.,0.));
#1567 = ORIENTED_EDGE('',*,*,#1568,.T.);
#1568 = EDGE_CURVE('',#1150,#1516,#1569,.T.);
#1569 = LINE('',#1570,#1571);
#1570 = CARTESIAN_POINT('',(1.461538434029,0.25,0.909040629864));
#1571 = VECTOR('',#1572,1.);
#1572 = DIRECTION('',(-0.577715613683,0.592918909113,0.56097400735));
#1573 = PLANE('',#1574);
#1574 = AXIS2_PLACEMENT_3D('',#1575,#1576,#1577);
#1575 = CARTESIAN_POINT('',(1.423308358682,0.375,0.946162836812));
#1576 = DIRECTION('',(-0.696635240274,-0.,-0.717425495789));
#1577 = DIRECTION('',(-0.717425495789,0.,0.696635240274));
#1578 = ADVANCED_FACE('',(#1579),#1584,.T.);
#1579 = FACE_BOUND('',#1580,.T.);
#1580 = EDGE_LOOP('',(#1581,#1582,#1583));
#1581 = ORIENTED_EDGE('',*,*,#1568,.F.);
#1582 = ORIENTED_EDGE('',*,*,#1149,.F.);
#1583 = ORIENTED_EDGE('',*,*,#1515,.F.);
#1584 = PLANE('',#1585);
#1585 = AXIS2_PLACEMENT_3D('',#1586,#1587,#1588);
#1586 = CARTESIAN_POINT('',(1.339743562916,0.284621008111,1.027305990151
    ));
#1587 = DIRECTION('',(-0.696635155156,1.611339407067E-07,-0.71742557844)
  );
#1588 = DIRECTION('',(-0.71742557844,1.204074451319E-23,0.696635155156)
  );
#1589 = ADVANCED_FACE('',(#1590),#1607,.T.);
#1590 = FACE_BOUND('',#1591,.T.);
#1591 = EDGE_LOOP('',(#1592,#1600,#1601));
#1592 = ORIENTED_EDGE('',*,*,#1593,.T.);
#1593 = EDGE_CURVE('',#1594,#1150,#1596,.T.);
#1594 = VERTEX_POINT('',#1595);
#1595 = CARTESIAN_POINT('',(1.58333337307,0.375,0.787556171417));
#1596 = LINE('',#1597,#1598);
#1597 = CARTESIAN_POINT('',(1.58333337307,0.375,0.787556171417));
#1598 = VECTOR('',#1599,1.);
#1599 = DIRECTION('',(-0.572764458251,-0.587836882591,0.571304362692));
#1600 = ORIENTED_EDGE('',*,*,#1562,.F.);
#1601 = ORIENTED_EDGE('',*,*,#1602,.T.);
#1602 = EDGE_CURVE('',#1540,#1594,#1603,.T.);
#1603 = LINE('',#1604,#1605);
#1604 = CARTESIAN_POINT('',(1.461538434029,0.5,0.909040629864));
#1605 = VECTOR('',#1606,1.);
#1606 = DIRECTION('',(0.572764458251,-0.587836882591,-0.571304362692));
#1607 = PLANE('',#1608);
#1608 = AXIS2_PLACEMENT_3D('',#1609,#1610,#1611);
#1609 = CARTESIAN_POINT('',(1.499890905991,0.375,0.870785926318));
#1610 = DIRECTION('',(-0.706203774804,-0.,-0.70800863586));
#1611 = DIRECTION('',(-0.70800863586,0.,0.706203774804));
#1612 = ADVANCED_FACE('',(#1613),#1630,.T.);
#1613 = FACE_BOUND('',#1614,.T.);
#1614 = EDGE_LOOP('',(#1615,#1616,#1624));
#1615 = ORIENTED_EDGE('',*,*,#1602,.F.);
#1616 = ORIENTED_EDGE('',*,*,#1617,.T.);
#1617 = EDGE_CURVE('',#1540,#1618,#1620,.T.);
#1618 = VERTEX_POINT('',#1619);
#1619 = CARTESIAN_POINT('',(1.705128192902,0.5,0.666071772575));
#1620 = LINE('',#1621,#1622);
#1621 = CARTESIAN_POINT('',(1.461538434029,0.5,0.909040629864));
#1622 = VECTOR('',#1623,1.);
#1623 = DIRECTION('',(0.70800854968,0.,-0.706203861205));
#1624 = ORIENTED_EDGE('',*,*,#1625,.T.);
#1625 = EDGE_CURVE('',#1618,#1594,#1626,.T.);
#1626 = LINE('',#1627,#1628);
#1627 = CARTESIAN_POINT('',(1.705128192902,0.5,0.666071772575));
#1628 = VECTOR('',#1629,1.);
#1629 = DIRECTION('',(-0.572764173278,-0.587837165477,0.571304357319));
#1630 = PLANE('',#1631);
#1631 = AXIS2_PLACEMENT_3D('',#1632,#1633,#1634);
#1632 = CARTESIAN_POINT('',(1.58333332184,0.465450131285,0.787556201062)
  );
#1633 = DIRECTION('',(-0.706203861205,-1.679418498885E-07,-0.70800854968
    ));
#1634 = DIRECTION('',(-0.70800854968,-7.401646308921E-24,0.706203861205)
  );
#1635 = ADVANCED_FACE('',(#1636),#1651,.T.);
#1636 = FACE_BOUND('',#1637,.T.);
#1637 = EDGE_LOOP('',(#1638,#1639,#1645));
#1638 = ORIENTED_EDGE('',*,*,#1625,.F.);
#1639 = ORIENTED_EDGE('',*,*,#1640,.T.);
#1640 = EDGE_CURVE('',#1618,#1228,#1641,.T.);
#1641 = LINE('',#1642,#1643);
#1642 = CARTESIAN_POINT('',(1.705128192902,0.5,0.666071772575));
#1643 = VECTOR('',#1644,1.);
#1644 = DIRECTION('',(0.,-1.,0.));
#1645 = ORIENTED_EDGE('',*,*,#1646,.T.);
#1646 = EDGE_CURVE('',#1228,#1594,#1647,.T.);
#1647 = LINE('',#1648,#1649);
#1648 = CARTESIAN_POINT('',(1.705128192902,0.25,0.666071772575));
#1649 = VECTOR('',#1650,1.);
#1650 = DIRECTION('',(-0.572764173278,0.587837165477,0.571304357319));
#1651 = PLANE('',#1652);
#1652 = AXIS2_PLACEMENT_3D('',#1653,#1654,#1655);
#1653 = CARTESIAN_POINT('',(1.66677576531,0.375,0.704326450537));
#1654 = DIRECTION('',(-0.706203947605,-0.,-0.708008463499));
#1655 = DIRECTION('',(-0.708008463499,0.,0.706203947605));
#1656 = ADVANCED_FACE('',(#1657),#1662,.T.);
#1657 = FACE_BOUND('',#1658,.T.);
#1658 = EDGE_LOOP('',(#1659,#1660,#1661));
#1659 = ORIENTED_EDGE('',*,*,#1646,.F.);
#1660 = ORIENTED_EDGE('',*,*,#1227,.F.);
#1661 = ORIENTED_EDGE('',*,*,#1593,.F.);
#1662 = PLANE('',#1663);
#1663 = AXIS2_PLACEMENT_3D('',#1664,#1665,#1666);
#1664 = CARTESIAN_POINT('',(1.58333332184,0.284549868715,0.787556201062)
  );
#1665 = DIRECTION('',(-0.706203861205,1.67941849868E-07,-0.70800854968)
  );
#1666 = DIRECTION('',(-0.70800854968,4.404007928415E-24,0.706203861205)
  );
#1667 = ADVANCED_FACE('',(#1668),#1685,.T.);
#1668 = FACE_BOUND('',#1669,.T.);
#1669 = EDGE_LOOP('',(#1670,#1678,#1679));
#1670 = ORIENTED_EDGE('',*,*,#1671,.T.);
#1671 = EDGE_CURVE('',#1672,#1228,#1674,.T.);
#1672 = VERTEX_POINT('',#1673);
#1673 = CARTESIAN_POINT('',(1.826923131943,0.375,0.548541128635));
#1674 = LINE('',#1675,#1676);
#1675 = CARTESIAN_POINT('',(1.826923131943,0.375,0.548541128635));
#1676 = VECTOR('',#1677,1.);
#1677 = DIRECTION('',(-0.57884517561,-0.594077615383,0.55857859749));
#1678 = ORIENTED_EDGE('',*,*,#1640,.F.);
#1679 = ORIENTED_EDGE('',*,*,#1680,.T.);
#1680 = EDGE_CURVE('',#1618,#1672,#1681,.T.);
#1681 = LINE('',#1682,#1683);
#1682 = CARTESIAN_POINT('',(1.705128192902,0.5,0.666071772575));
#1683 = VECTOR('',#1684,1.);
#1684 = DIRECTION('',(0.57884517561,-0.594077615383,-0.55857859749));
#1685 = PLANE('',#1686);
#1686 = AXIS2_PLACEMENT_3D('',#1687,#1688,#1689);
#1687 = CARTESIAN_POINT('',(1.743330516887,0.375,0.629206991712));
#1688 = DIRECTION('',(-0.69439735674,-0.,-0.719591766873));
#1689 = DIRECTION('',(-0.719591766873,0.,0.69439735674));
#1690 = ADVANCED_FACE('',(#1691),#1708,.T.);
#1691 = FACE_BOUND('',#1692,.T.);
#1692 = EDGE_LOOP('',(#1693,#1694,#1702));
#1693 = ORIENTED_EDGE('',*,*,#1680,.F.);
#1694 = ORIENTED_EDGE('',*,*,#1695,.T.);
#1695 = EDGE_CURVE('',#1618,#1696,#1698,.T.);
#1696 = VERTEX_POINT('',#1697);
#1697 = CARTESIAN_POINT('',(1.948717951775,0.5,0.431010454893));
#1698 = LINE('',#1699,#1700);
#1699 = CARTESIAN_POINT('',(1.705128192902,0.5,0.666071772575));
#1700 = VECTOR('',#1701,1.);
#1701 = DIRECTION('',(0.719591553075,0.,-0.694397578295));
#1702 = ORIENTED_EDGE('',*,*,#1703,.T.);
#1703 = EDGE_CURVE('',#1696,#1672,#1704,.T.);
#1704 = LINE('',#1705,#1706);
#1705 = CARTESIAN_POINT('',(1.948717951775,0.5,0.431010454893));
#1706 = VECTOR('',#1707,1.);
#1707 = DIRECTION('',(-0.578844753088,-0.594077763208,0.558578878121));
#1708 = PLANE('',#1709);
#1709 = AXIS2_PLACEMENT_3D('',#1710,#1711,#1712);
#1710 = CARTESIAN_POINT('',(1.826923084656,0.465362594579,0.548541121915
    ));
#1711 = DIRECTION('',(-0.694397578295,-4.168965657092E-07,
    -0.719591553075));
#1712 = DIRECTION('',(-0.719591553075,-4.165197986666E-23,0.694397578295
    ));
#1713 = ADVANCED_FACE('',(#1714),#1729,.T.);
#1714 = FACE_BOUND('',#1715,.T.);
#1715 = EDGE_LOOP('',(#1716,#1717,#1723));
#1716 = ORIENTED_EDGE('',*,*,#1703,.F.);
#1717 = ORIENTED_EDGE('',*,*,#1718,.T.);
#1718 = EDGE_CURVE('',#1696,#1306,#1719,.T.);
#1719 = LINE('',#1720,#1721);
#1720 = CARTESIAN_POINT('',(1.948717951775,0.5,0.431010454893));
#1721 = VECTOR('',#1722,1.);
#1722 = DIRECTION('',(0.,-1.,0.));
#1723 = ORIENTED_EDGE('',*,*,#1724,.T.);
#1724 = EDGE_CURVE('',#1306,#1672,#1725,.T.);
#1725 = LINE('',#1726,#1727);
#1726 = CARTESIAN_POINT('',(1.948717951775,0.25,0.431010454893));
#1727 = VECTOR('',#1728,1.);
#1728 = DIRECTION('',(-0.578844753088,0.594077763208,0.558578878121));
#1729 = PLANE('',#1730);
#1730 = AXIS2_PLACEMENT_3D('',#1731,#1732,#1733);
#1731 = CARTESIAN_POINT('',(1.910515668723,0.375,0.467875241685));
#1732 = DIRECTION('',(-0.69439779985,-0.,-0.719591339277));
#1733 = DIRECTION('',(-0.719591339277,0.,0.69439779985));
#1734 = ADVANCED_FACE('',(#1735),#1740,.T.);
#1735 = FACE_BOUND('',#1736,.T.);
#1736 = EDGE_LOOP('',(#1737,#1738,#1739));
#1737 = ORIENTED_EDGE('',*,*,#1724,.F.);
#1738 = ORIENTED_EDGE('',*,*,#1305,.F.);
#1739 = ORIENTED_EDGE('',*,*,#1671,.F.);
#1740 = PLANE('',#1741);
#1741 = AXIS2_PLACEMENT_3D('',#1742,#1743,#1744);
#1742 = CARTESIAN_POINT('',(1.826923084656,0.284637405421,0.548541121915
    ));
#1743 = DIRECTION('',(-0.694397578295,4.168965657353E-07,-0.719591553075
    ));
#1744 = DIRECTION('',(-0.719591553075,2.544054369833E-23,0.694397578295)
  );
#1745 = ADVANCED_FACE('',(#1746),#1763,.T.);
#1746 = FACE_BOUND('',#1747,.T.);
#1747 = EDGE_LOOP('',(#1748,#1756,#1757));
#1748 = ORIENTED_EDGE('',*,*,#1749,.T.);
#1749 = EDGE_CURVE('',#1750,#1306,#1752,.T.);
#1750 = VERTEX_POINT('',#1751);
#1751 = CARTESIAN_POINT('',(2.070512771606,0.375,0.324372947216));
#1752 = LINE('',#1753,#1754);
#1753 = CARTESIAN_POINT('',(2.070512771606,0.375,0.324372947216));
#1754 = VECTOR('',#1755,1.);
#1755 = DIRECTION('',(-0.595500460447,-0.611171785949,0.521390688129));
#1756 = ORIENTED_EDGE('',*,*,#1718,.F.);
#1757 = ORIENTED_EDGE('',*,*,#1758,.T.);
#1758 = EDGE_CURVE('',#1696,#1750,#1759,.T.);
#1759 = LINE('',#1760,#1761);
#1760 = CARTESIAN_POINT('',(1.948717951775,0.5,0.431010454893));
#1761 = VECTOR('',#1762,1.);
#1762 = DIRECTION('',(0.595500460447,-0.611171785949,-0.521390688129));
#1763 = PLANE('',#1764);
#1764 = AXIS2_PLACEMENT_3D('',#1765,#1766,#1767);
#1765 = CARTESIAN_POINT('',(1.986514920693,0.375,0.397917302255));
#1766 = DIRECTION('',(-0.658739128951,-0.,-0.752371424224));
#1767 = DIRECTION('',(-0.752371424224,0.,0.658739128951));
#1768 = ADVANCED_FACE('',(#1769),#1786,.T.);
#1769 = FACE_BOUND('',#1770,.T.);
#1770 = EDGE_LOOP('',(#1771,#1772,#1780));
#1771 = ORIENTED_EDGE('',*,*,#1758,.F.);
#1772 = ORIENTED_EDGE('',*,*,#1773,.T.);
#1773 = EDGE_CURVE('',#1696,#1774,#1776,.T.);
#1774 = VERTEX_POINT('',#1775);
#1775 = CARTESIAN_POINT('',(2.192307710648,0.5,0.217735439539));
#1776 = LINE('',#1777,#1778);
#1777 = CARTESIAN_POINT('',(1.948717951775,0.5,0.431010454893));
#1778 = VECTOR('',#1779,1.);
#1779 = DIRECTION('',(0.752371584,0.,-0.658738946465));
#1780 = ORIENTED_EDGE('',*,*,#1781,.T.);
#1781 = EDGE_CURVE('',#1774,#1750,#1782,.T.);
#1782 = LINE('',#1783,#1784);
#1783 = CARTESIAN_POINT('',(2.192307710648,0.5,0.217735439539));
#1784 = VECTOR('',#1785,1.);
#1785 = DIRECTION('',(-0.595500836612,-0.611171573815,0.521390507158));
#1786 = PLANE('',#1787);
#1787 = AXIS2_PLACEMENT_3D('',#1788,#1789,#1790);
#1788 = CARTESIAN_POINT('',(2.070512820475,0.465112995976,0.324372942051
    ));
#1789 = DIRECTION('',(-0.658738946465,3.141112072823E-07,-0.752371584));
#1790 = DIRECTION('',(-0.752371584,3.162477145102E-24,0.658738946465));
#1791 = ADVANCED_FACE('',(#1792),#1807,.T.);
#1792 = FACE_BOUND('',#1793,.T.);
#1793 = EDGE_LOOP('',(#1794,#1795,#1801));
#1794 = ORIENTED_EDGE('',*,*,#1781,.F.);
#1795 = ORIENTED_EDGE('',*,*,#1796,.T.);
#1796 = EDGE_CURVE('',#1774,#1384,#1797,.T.);
#1797 = LINE('',#1798,#1799);
#1798 = CARTESIAN_POINT('',(2.192307710648,0.5,0.217735439539));
#1799 = VECTOR('',#1800,1.);
#1800 = DIRECTION('',(0.,-1.,0.));
#1801 = ORIENTED_EDGE('',*,*,#1802,.T.);
#1802 = EDGE_CURVE('',#1384,#1750,#1803,.T.);
#1803 = LINE('',#1804,#1805);
#1804 = CARTESIAN_POINT('',(2.192307710648,0.25,0.217735439539));
#1805 = VECTOR('',#1806,1.);
#1806 = DIRECTION('',(-0.595500836612,0.611171573815,0.521390507158));
#1807 = PLANE('',#1808);
#1808 = AXIS2_PLACEMENT_3D('',#1809,#1810,#1811);
#1809 = CARTESIAN_POINT('',(2.154510699758,0.375,0.250828596534));
#1810 = DIRECTION('',(-0.658738763979,-0.,-0.752371743775));
#1811 = DIRECTION('',(-0.752371743775,0.,0.658738763979));
#1812 = ADVANCED_FACE('',(#1813),#1818,.T.);
#1813 = FACE_BOUND('',#1814,.T.);
#1814 = EDGE_LOOP('',(#1815,#1816,#1817));
#1815 = ORIENTED_EDGE('',*,*,#1802,.F.);
#1816 = ORIENTED_EDGE('',*,*,#1383,.F.);
#1817 = ORIENTED_EDGE('',*,*,#1749,.F.);
#1818 = PLANE('',#1819);
#1819 = AXIS2_PLACEMENT_3D('',#1820,#1821,#1822);
#1820 = CARTESIAN_POINT('',(2.070512820475,0.284887004024,0.324372942051
    ));
#1821 = DIRECTION('',(-0.658738946465,-3.141112072733E-07,-0.752371584)
  );
#1822 = DIRECTION('',(-0.752371584,2.253479382481E-23,0.658738946465));
#1823 = ADVANCED_FACE('',(#1824),#1841,.T.);
#1824 = FACE_BOUND('',#1825,.T.);
#1825 = EDGE_LOOP('',(#1826,#1834,#1835));
#1826 = ORIENTED_EDGE('',*,*,#1827,.T.);
#1827 = EDGE_CURVE('',#1828,#1384,#1830,.T.);
#1828 = VERTEX_POINT('',#1829);
#1829 = CARTESIAN_POINT('',(2.314102649689,0.375,0.128287300467));
#1830 = LINE('',#1831,#1832);
#1831 = CARTESIAN_POINT('',(2.314102649689,0.375,0.128287300467));
#1832 = VECTOR('',#1833,1.);
#1833 = DIRECTION('',(-0.621047379539,-0.637390379712,0.456107066618));
#1834 = ORIENTED_EDGE('',*,*,#1796,.F.);
#1835 = ORIENTED_EDGE('',*,*,#1836,.T.);
#1836 = EDGE_CURVE('',#1774,#1828,#1837,.T.);
#1837 = LINE('',#1838,#1839);
#1838 = CARTESIAN_POINT('',(2.192307710648,0.5,0.217735439539));
#1839 = VECTOR('',#1840,1.);
#1840 = DIRECTION('',(0.621047379539,-0.637390379712,-0.456107066618));
#1841 = PLANE('',#1842);
#1842 = AXIS2_PLACEMENT_3D('',#1843,#1844,#1845);
#1843 = CARTESIAN_POINT('',(2.229499494766,0.375,0.190421202146));
#1844 = DIRECTION('',(-0.591930915138,-0.,-0.805988704452));
#1845 = DIRECTION('',(-0.805988704452,0.,0.591930915138));
#1846 = ADVANCED_FACE('',(#1847),#1864,.T.);
#1847 = FACE_BOUND('',#1848,.T.);
#1848 = EDGE_LOOP('',(#1849,#1850,#1858));
#1849 = ORIENTED_EDGE('',*,*,#1836,.F.);
#1850 = ORIENTED_EDGE('',*,*,#1851,.T.);
#1851 = EDGE_CURVE('',#1774,#1852,#1854,.T.);
#1852 = VERTEX_POINT('',#1853);
#1853 = CARTESIAN_POINT('',(2.435897350311,0.5,3.883915767074E-02));
#1854 = LINE('',#1855,#1856);
#1855 = CARTESIAN_POINT('',(2.192307710648,0.5,0.217735439539));
#1856 = VECTOR('',#1857,1.);
#1857 = DIRECTION('',(0.805988422162,0.,-0.591931299511));
#1858 = ORIENTED_EDGE('',*,*,#1859,.T.);
#1859 = EDGE_CURVE('',#1852,#1828,#1860,.T.);
#1860 = LINE('',#1861,#1862);
#1861 = CARTESIAN_POINT('',(2.435897350311,0.5,3.883915767074E-02));
#1862 = VECTOR('',#1863,1.);
#1863 = DIRECTION('',(-0.621046627337,-0.637390855434,0.456107426033));
#1864 = PLANE('',#1865);
#1865 = AXIS2_PLACEMENT_3D('',#1866,#1867,#1868);
#1866 = CARTESIAN_POINT('',(2.314102551309,0.464700051953,0.128287308557
    ));
#1867 = DIRECTION('',(-0.591931299511,-5.765198407583E-07,
    -0.805988422162));
#1868 = DIRECTION('',(-0.805988422162,3.045134722427E-23,0.591931299511)
  );
#1869 = ADVANCED_FACE('',(#1870),#1885,.T.);
#1870 = FACE_BOUND('',#1871,.T.);
#1871 = EDGE_LOOP('',(#1872,#1873,#1879));
#1872 = ORIENTED_EDGE('',*,*,#1859,.F.);
#1873 = ORIENTED_EDGE('',*,*,#1874,.T.);
#1874 = EDGE_CURVE('',#1852,#1462,#1875,.T.);
#1875 = LINE('',#1876,#1877);
#1876 = CARTESIAN_POINT('',(2.435897350311,0.5,3.883915767074E-02));
#1877 = VECTOR('',#1878,1.);
#1878 = DIRECTION('',(0.,-1.,0.));
#1879 = ORIENTED_EDGE('',*,*,#1880,.T.);
#1880 = EDGE_CURVE('',#1462,#1828,#1881,.T.);
#1881 = LINE('',#1882,#1883);
#1882 = CARTESIAN_POINT('',(2.435897350311,0.25,3.883915767074E-02));
#1883 = VECTOR('',#1884,1.);
#1884 = DIRECTION('',(-0.621046627337,0.637390855434,0.456107426033));
#1885 = PLANE('',#1886);
#1886 = AXIS2_PLACEMENT_3D('',#1887,#1888,#1889);
#1887 = CARTESIAN_POINT('',(2.398705649802,0.375,6.615338826507E-02));
#1888 = DIRECTION('',(-0.591931683885,-0.,-0.805988139872));
#1889 = DIRECTION('',(-0.805988139872,0.,0.591931683885));
#1890 = ADVANCED_FACE('',(#1891),#1896,.T.);
#1891 = FACE_BOUND('',#1892,.T.);
#1892 = EDGE_LOOP('',(#1893,#1894,#1895));
#1893 = ORIENTED_EDGE('',*,*,#1880,.F.);
#1894 = ORIENTED_EDGE('',*,*,#1461,.F.);
#1895 = ORIENTED_EDGE('',*,*,#1827,.F.);
#1896 = PLANE('',#1897);
#1897 = AXIS2_PLACEMENT_3D('',#1898,#1899,#1900);
#1898 = CARTESIAN_POINT('',(2.314102551309,0.285299948047,0.128287308557
    ));
#1899 = DIRECTION('',(-0.591931299511,5.765198408047E-07,-0.805988422162
    ));
#1900 = DIRECTION('',(-0.805988422162,-2.548930104315E-23,0.591931299511
    ));
#1901 = ADVANCED_FACE('',(#1902),#1919,.T.);
#1902 = FACE_BOUND('',#1903,.T.);
#1903 = EDGE_LOOP('',(#1904,#1912,#1913));
#1904 = ORIENTED_EDGE('',*,*,#1905,.T.);
#1905 = EDGE_CURVE('',#1906,#927,#1908,.T.);
#1906 = VERTEX_POINT('',#1907);
#1907 = CARTESIAN_POINT('',(1.339743614197,0.625,1.027305960655));
#1908 = LINE('',#1909,#1910);
#1909 = CARTESIAN_POINT('',(1.339743614197,0.625,1.027305960655));
#1910 = VECTOR('',#1911,1.);
#1911 = DIRECTION('',(-0.577715898785,-0.592918621387,0.560974017851));
#1912 = ORIENTED_EDGE('',*,*,#926,.F.);
#1913 = ORIENTED_EDGE('',*,*,#1914,.T.);
#1914 = EDGE_CURVE('',#842,#1906,#1915,.T.);
#1915 = LINE('',#1916,#1917);
#1916 = CARTESIAN_POINT('',(1.217948675156,0.75,1.145571351051));
#1917 = VECTOR('',#1918,1.);
#1918 = DIRECTION('',(0.577715898785,-0.592918621387,-0.560974017851));
#1919 = PLANE('',#1920);
#1920 = AXIS2_PLACEMENT_3D('',#1921,#1922,#1923);
#1921 = CARTESIAN_POINT('',(1.256178794826,0.625,1.108449118689));
#1922 = DIRECTION('',(-0.696635070038,-0.,-0.717425661092));
#1923 = DIRECTION('',(-0.717425661092,0.,0.696635070038));
#1924 = ADVANCED_FACE('',(#1925),#1942,.T.);
#1925 = FACE_BOUND('',#1926,.T.);
#1926 = EDGE_LOOP('',(#1927,#1928,#1936));
#1927 = ORIENTED_EDGE('',*,*,#1914,.F.);
#1928 = ORIENTED_EDGE('',*,*,#1929,.T.);
#1929 = EDGE_CURVE('',#842,#1930,#1932,.T.);
#1930 = VERTEX_POINT('',#1931);
#1931 = CARTESIAN_POINT('',(1.461538434029,0.75,0.909040629864));
#1932 = LINE('',#1933,#1934);
#1933 = CARTESIAN_POINT('',(1.217948675156,0.75,1.145571351051));
#1934 = VECTOR('',#1935,1.);
#1935 = DIRECTION('',(0.71742557844,0.,-0.696635155156));
#1936 = ORIENTED_EDGE('',*,*,#1937,.T.);
#1937 = EDGE_CURVE('',#1930,#1906,#1938,.T.);
#1938 = LINE('',#1939,#1940);
#1939 = CARTESIAN_POINT('',(1.461538434029,0.75,0.909040629864));
#1940 = VECTOR('',#1941,1.);
#1941 = DIRECTION('',(-0.577715613683,-0.592918909113,0.56097400735));
#1942 = PLANE('',#1943);
#1943 = AXIS2_PLACEMENT_3D('',#1944,#1945,#1946);
#1944 = CARTESIAN_POINT('',(1.339743562916,0.715378991889,1.027305990151
    ));
#1945 = DIRECTION('',(-0.696635155156,-1.611339406693E-07,-0.71742557844
    ));
#1946 = DIRECTION('',(-0.71742557844,-1.310774295098E-25,0.696635155156)
  );
#1947 = ADVANCED_FACE('',(#1948),#1963,.T.);
#1948 = FACE_BOUND('',#1949,.T.);
#1949 = EDGE_LOOP('',(#1950,#1951,#1957));
#1950 = ORIENTED_EDGE('',*,*,#1937,.F.);
#1951 = ORIENTED_EDGE('',*,*,#1952,.T.);
#1952 = EDGE_CURVE('',#1930,#1540,#1953,.T.);
#1953 = LINE('',#1954,#1955);
#1954 = CARTESIAN_POINT('',(1.461538434029,0.75,0.909040629864));
#1955 = VECTOR('',#1956,1.);
#1956 = DIRECTION('',(0.,-1.,0.));
#1957 = ORIENTED_EDGE('',*,*,#1958,.T.);
#1958 = EDGE_CURVE('',#1540,#1906,#1959,.T.);
#1959 = LINE('',#1960,#1961);
#1960 = CARTESIAN_POINT('',(1.461538434029,0.5,0.909040629864));
#1961 = VECTOR('',#1962,1.);
#1962 = DIRECTION('',(-0.577715613683,0.592918909113,0.56097400735));
#1963 = PLANE('',#1964);
#1964 = AXIS2_PLACEMENT_3D('',#1965,#1966,#1967);
#1965 = CARTESIAN_POINT('',(1.423308358682,0.625,0.946162836812));
#1966 = DIRECTION('',(-0.696635240274,-0.,-0.717425495789));
#1967 = DIRECTION('',(-0.717425495789,0.,0.696635240274));
#1968 = ADVANCED_FACE('',(#1969),#1974,.T.);
#1969 = FACE_BOUND('',#1970,.T.);
#1970 = EDGE_LOOP('',(#1971,#1972,#1973));
#1971 = ORIENTED_EDGE('',*,*,#1958,.F.);
#1972 = ORIENTED_EDGE('',*,*,#1539,.F.);
#1973 = ORIENTED_EDGE('',*,*,#1905,.F.);
#1974 = PLANE('',#1975);
#1975 = AXIS2_PLACEMENT_3D('',#1976,#1977,#1978);
#1976 = CARTESIAN_POINT('',(1.339743562916,0.534621008111,1.027305990151
    ));
#1977 = DIRECTION('',(-0.696635155156,1.611339407239E-07,-0.71742557844)
  );
#1978 = DIRECTION('',(-0.71742557844,-3.537093361424E-24,0.696635155156)
  );
#1979 = ADVANCED_FACE('',(#1980),#1997,.T.);
#1980 = FACE_BOUND('',#1981,.T.);
#1981 = EDGE_LOOP('',(#1982,#1990,#1991));
#1982 = ORIENTED_EDGE('',*,*,#1983,.T.);
#1983 = EDGE_CURVE('',#1984,#1540,#1986,.T.);
#1984 = VERTEX_POINT('',#1985);
#1985 = CARTESIAN_POINT('',(1.58333337307,0.625,0.787556171417));
#1986 = LINE('',#1987,#1988);
#1987 = CARTESIAN_POINT('',(1.58333337307,0.625,0.787556171417));
#1988 = VECTOR('',#1989,1.);
#1989 = DIRECTION('',(-0.572764458251,-0.587836882591,0.571304362692));
#1990 = ORIENTED_EDGE('',*,*,#1952,.F.);
#1991 = ORIENTED_EDGE('',*,*,#1992,.T.);
#1992 = EDGE_CURVE('',#1930,#1984,#1993,.T.);
#1993 = LINE('',#1994,#1995);
#1994 = CARTESIAN_POINT('',(1.461538434029,0.75,0.909040629864));
#1995 = VECTOR('',#1996,1.);
#1996 = DIRECTION('',(0.572764458251,-0.587836882591,-0.571304362692));
#1997 = PLANE('',#1998);
#1998 = AXIS2_PLACEMENT_3D('',#1999,#2000,#2001);
#1999 = CARTESIAN_POINT('',(1.499890905991,0.625,0.870785926318));
#2000 = DIRECTION('',(-0.706203774804,-0.,-0.70800863586));
#2001 = DIRECTION('',(-0.70800863586,0.,0.706203774804));
#2002 = ADVANCED_FACE('',(#2003),#2020,.T.);
#2003 = FACE_BOUND('',#2004,.T.);
#2004 = EDGE_LOOP('',(#2005,#2006,#2014));
#2005 = ORIENTED_EDGE('',*,*,#1992,.F.);
#2006 = ORIENTED_EDGE('',*,*,#2007,.T.);
#2007 = EDGE_CURVE('',#1930,#2008,#2010,.T.);
#2008 = VERTEX_POINT('',#2009);
#2009 = CARTESIAN_POINT('',(1.705128192902,0.75,0.666071772575));
#2010 = LINE('',#2011,#2012);
#2011 = CARTESIAN_POINT('',(1.461538434029,0.75,0.909040629864));
#2012 = VECTOR('',#2013,1.);
#2013 = DIRECTION('',(0.70800854968,0.,-0.706203861205));
#2014 = ORIENTED_EDGE('',*,*,#2015,.T.);
#2015 = EDGE_CURVE('',#2008,#1984,#2016,.T.);
#2016 = LINE('',#2017,#2018);
#2017 = CARTESIAN_POINT('',(1.705128192902,0.75,0.666071772575));
#2018 = VECTOR('',#2019,1.);
#2019 = DIRECTION('',(-0.572764173278,-0.587837165477,0.571304357319));
#2020 = PLANE('',#2021);
#2021 = AXIS2_PLACEMENT_3D('',#2022,#2023,#2024);
#2022 = CARTESIAN_POINT('',(1.58333332184,0.715450131285,0.787556201062)
  );
#2023 = DIRECTION('',(-0.706203861205,-1.679418499342E-07,-0.70800854968
    ));
#2024 = DIRECTION('',(-0.70800854968,4.111277191908E-25,0.706203861205)
  );
#2025 = ADVANCED_FACE('',(#2026),#2041,.T.);
#2026 = FACE_BOUND('',#2027,.T.);
#2027 = EDGE_LOOP('',(#2028,#2029,#2035));
#2028 = ORIENTED_EDGE('',*,*,#2015,.F.);
#2029 = ORIENTED_EDGE('',*,*,#2030,.T.);
#2030 = EDGE_CURVE('',#2008,#1618,#2031,.T.);
#2031 = LINE('',#2032,#2033);
#2032 = CARTESIAN_POINT('',(1.705128192902,0.75,0.666071772575));
#2033 = VECTOR('',#2034,1.);
#2034 = DIRECTION('',(0.,-1.,0.));
#2035 = ORIENTED_EDGE('',*,*,#2036,.T.);
#2036 = EDGE_CURVE('',#1618,#1984,#2037,.T.);
#2037 = LINE('',#2038,#2039);
#2038 = CARTESIAN_POINT('',(1.705128192902,0.5,0.666071772575));
#2039 = VECTOR('',#2040,1.);
#2040 = DIRECTION('',(-0.572764173278,0.587837165477,0.571304357319));
#2041 = PLANE('',#2042);
#2042 = AXIS2_PLACEMENT_3D('',#2043,#2044,#2045);
#2043 = CARTESIAN_POINT('',(1.66677576531,0.625,0.704326450537));
#2044 = DIRECTION('',(-0.706203947605,-0.,-0.708008463499));
#2045 = DIRECTION('',(-0.708008463499,0.,0.706203947605));
#2046 = ADVANCED_FACE('',(#2047),#2052,.T.);
#2047 = FACE_BOUND('',#2048,.T.);
#2048 = EDGE_LOOP('',(#2049,#2050,#2051));
#2049 = ORIENTED_EDGE('',*,*,#2036,.F.);
#2050 = ORIENTED_EDGE('',*,*,#1617,.F.);
#2051 = ORIENTED_EDGE('',*,*,#1983,.F.);
#2052 = PLANE('',#2053);
#2053 = AXIS2_PLACEMENT_3D('',#2054,#2055,#2056);
#2054 = CARTESIAN_POINT('',(1.58333332184,0.534549868715,0.787556201062)
  );
#2055 = DIRECTION('',(-0.706203861205,1.67941849868E-07,-0.70800854968)
  );
#2056 = DIRECTION('',(-0.70800854968,4.404007928415E-24,0.706203861205)
  );
#2057 = ADVANCED_FACE('',(#2058),#2075,.T.);
#2058 = FACE_BOUND('',#2059,.T.);
#2059 = EDGE_LOOP('',(#2060,#2068,#2069));
#2060 = ORIENTED_EDGE('',*,*,#2061,.T.);
#2061 = EDGE_CURVE('',#2062,#1618,#2064,.T.);
#2062 = VERTEX_POINT('',#2063);
#2063 = CARTESIAN_POINT('',(1.826923131943,0.625,0.548541128635));
#2064 = LINE('',#2065,#2066);
#2065 = CARTESIAN_POINT('',(1.826923131943,0.625,0.548541128635));
#2066 = VECTOR('',#2067,1.);
#2067 = DIRECTION('',(-0.57884517561,-0.594077615383,0.55857859749));
#2068 = ORIENTED_EDGE('',*,*,#2030,.F.);
#2069 = ORIENTED_EDGE('',*,*,#2070,.T.);
#2070 = EDGE_CURVE('',#2008,#2062,#2071,.T.);
#2071 = LINE('',#2072,#2073);
#2072 = CARTESIAN_POINT('',(1.705128192902,0.75,0.666071772575));
#2073 = VECTOR('',#2074,1.);
#2074 = DIRECTION('',(0.57884517561,-0.594077615383,-0.55857859749));
#2075 = PLANE('',#2076);
#2076 = AXIS2_PLACEMENT_3D('',#2077,#2078,#2079);
#2077 = CARTESIAN_POINT('',(1.743330516887,0.625,0.629206991712));
#2078 = DIRECTION('',(-0.69439735674,-0.,-0.719591766873));
#2079 = DIRECTION('',(-0.719591766873,0.,0.69439735674));
#2080 = ADVANCED_FACE('',(#2081),#2098,.T.);
#2081 = FACE_BOUND('',#2082,.T.);
#2082 = EDGE_LOOP('',(#2083,#2084,#2092));
#2083 = ORIENTED_EDGE('',*,*,#2070,.F.);
#2084 = ORIENTED_EDGE('',*,*,#2085,.T.);
#2085 = EDGE_CURVE('',#2008,#2086,#2088,.T.);
#2086 = VERTEX_POINT('',#2087);
#2087 = CARTESIAN_POINT('',(1.948717951775,0.75,0.431010454893));
#2088 = LINE('',#2089,#2090);
#2089 = CARTESIAN_POINT('',(1.705128192902,0.75,0.666071772575));
#2090 = VECTOR('',#2091,1.);
#2091 = DIRECTION('',(0.719591553075,0.,-0.694397578295));
#2092 = ORIENTED_EDGE('',*,*,#2093,.T.);
#2093 = EDGE_CURVE('',#2086,#2062,#2094,.T.);
#2094 = LINE('',#2095,#2096);
#2095 = CARTESIAN_POINT('',(1.948717951775,0.75,0.431010454893));
#2096 = VECTOR('',#2097,1.);
#2097 = DIRECTION('',(-0.578844753088,-0.594077763208,0.558578878121));
#2098 = PLANE('',#2099);
#2099 = AXIS2_PLACEMENT_3D('',#2100,#2101,#2102);
#2100 = CARTESIAN_POINT('',(1.826923084656,0.715362594579,0.548541121915
    ));
#2101 = DIRECTION('',(-0.694397578295,-4.168965656745E-07,
    -0.719591553075));
#2102 = DIRECTION('',(-0.719591553075,-5.363331456689E-23,0.694397578295
    ));
#2103 = ADVANCED_FACE('',(#2104),#2119,.T.);
#2104 = FACE_BOUND('',#2105,.T.);
#2105 = EDGE_LOOP('',(#2106,#2107,#2113));
#2106 = ORIENTED_EDGE('',*,*,#2093,.F.);
#2107 = ORIENTED_EDGE('',*,*,#2108,.T.);
#2108 = EDGE_CURVE('',#2086,#1696,#2109,.T.);
#2109 = LINE('',#2110,#2111);
#2110 = CARTESIAN_POINT('',(1.948717951775,0.75,0.431010454893));
#2111 = VECTOR('',#2112,1.);
#2112 = DIRECTION('',(0.,-1.,0.));
#2113 = ORIENTED_EDGE('',*,*,#2114,.T.);
#2114 = EDGE_CURVE('',#1696,#2062,#2115,.T.);
#2115 = LINE('',#2116,#2117);
#2116 = CARTESIAN_POINT('',(1.948717951775,0.5,0.431010454893));
#2117 = VECTOR('',#2118,1.);
#2118 = DIRECTION('',(-0.578844753088,0.594077763208,0.558578878121));
#2119 = PLANE('',#2120);
#2120 = AXIS2_PLACEMENT_3D('',#2121,#2122,#2123);
#2121 = CARTESIAN_POINT('',(1.910515668723,0.625,0.467875241685));
#2122 = DIRECTION('',(-0.69439779985,-0.,-0.719591339277));
#2123 = DIRECTION('',(-0.719591339277,0.,0.69439779985));
#2124 = ADVANCED_FACE('',(#2125),#2130,.T.);
#2125 = FACE_BOUND('',#2126,.T.);
#2126 = EDGE_LOOP('',(#2127,#2128,#2129));
#2127 = ORIENTED_EDGE('',*,*,#2114,.F.);
#2128 = ORIENTED_EDGE('',*,*,#1695,.F.);
#2129 = ORIENTED_EDGE('',*,*,#2061,.F.);
#2130 = PLANE('',#2131);
#2131 = AXIS2_PLACEMENT_3D('',#2132,#2133,#2134);
#2132 = CARTESIAN_POINT('',(1.826923084656,0.534637405421,0.548541121915
    ));
#2133 = DIRECTION('',(-0.694397578295,4.16896565719E-07,-0.719591553075)
  );
#2134 = DIRECTION('',(-0.719591553075,2.352158972804E-23,0.694397578295)
  );
#2135 = ADVANCED_FACE('',(#2136),#2153,.T.);
#2136 = FACE_BOUND('',#2137,.T.);
#2137 = EDGE_LOOP('',(#2138,#2146,#2147));
#2138 = ORIENTED_EDGE('',*,*,#2139,.T.);
#2139 = EDGE_CURVE('',#2140,#1696,#2142,.T.);
#2140 = VERTEX_POINT('',#2141);
#2141 = CARTESIAN_POINT('',(2.070512771606,0.625,0.324372947216));
#2142 = LINE('',#2143,#2144);
#2143 = CARTESIAN_POINT('',(2.070512771606,0.625,0.324372947216));
#2144 = VECTOR('',#2145,1.);
#2145 = DIRECTION('',(-0.595500460447,-0.611171785949,0.521390688129));
#2146 = ORIENTED_EDGE('',*,*,#2108,.F.);
#2147 = ORIENTED_EDGE('',*,*,#2148,.T.);
#2148 = EDGE_CURVE('',#2086,#2140,#2149,.T.);
#2149 = LINE('',#2150,#2151);
#2150 = CARTESIAN_POINT('',(1.948717951775,0.75,0.431010454893));
#2151 = VECTOR('',#2152,1.);
#2152 = DIRECTION('',(0.595500460447,-0.611171785949,-0.521390688129));
#2153 = PLANE('',#2154);
#2154 = AXIS2_PLACEMENT_3D('',#2155,#2156,#2157);
#2155 = CARTESIAN_POINT('',(1.986514920693,0.625,0.397917302255));
#2156 = DIRECTION('',(-0.658739128951,-0.,-0.752371424224));
#2157 = DIRECTION('',(-0.752371424224,0.,0.658739128951));
#2158 = ADVANCED_FACE('',(#2159),#2176,.T.);
#2159 = FACE_BOUND('',#2160,.T.);
#2160 = EDGE_LOOP('',(#2161,#2162,#2170));
#2161 = ORIENTED_EDGE('',*,*,#2148,.F.);
#2162 = ORIENTED_EDGE('',*,*,#2163,.T.);
#2163 = EDGE_CURVE('',#2086,#2164,#2166,.T.);
#2164 = VERTEX_POINT('',#2165);
#2165 = CARTESIAN_POINT('',(2.192307710648,0.75,0.217735439539));
#2166 = LINE('',#2167,#2168);
#2167 = CARTESIAN_POINT('',(1.948717951775,0.75,0.431010454893));
#2168 = VECTOR('',#2169,1.);
#2169 = DIRECTION('',(0.752371584,0.,-0.658738946465));
#2170 = ORIENTED_EDGE('',*,*,#2171,.T.);
#2171 = EDGE_CURVE('',#2164,#2140,#2172,.T.);
#2172 = LINE('',#2173,#2174);
#2173 = CARTESIAN_POINT('',(2.192307710648,0.75,0.217735439539));
#2174 = VECTOR('',#2175,1.);
#2175 = DIRECTION('',(-0.595500836612,-0.611171573815,0.521390507158));
#2176 = PLANE('',#2177);
#2177 = AXIS2_PLACEMENT_3D('',#2178,#2179,#2180);
#2178 = CARTESIAN_POINT('',(2.070512820475,0.715112995976,0.324372942051
    ));
#2179 = DIRECTION('',(-0.658738946465,3.141112072698E-07,-0.752371584));
#2180 = DIRECTION('',(-0.752371584,1.769851382243E-24,0.658738946465));
#2181 = ADVANCED_FACE('',(#2182),#2197,.T.);
#2182 = FACE_BOUND('',#2183,.T.);
#2183 = EDGE_LOOP('',(#2184,#2185,#2191));
#2184 = ORIENTED_EDGE('',*,*,#2171,.F.);
#2185 = ORIENTED_EDGE('',*,*,#2186,.T.);
#2186 = EDGE_CURVE('',#2164,#1774,#2187,.T.);
#2187 = LINE('',#2188,#2189);
#2188 = CARTESIAN_POINT('',(2.192307710648,0.75,0.217735439539));
#2189 = VECTOR('',#2190,1.);
#2190 = DIRECTION('',(0.,-1.,0.));
#2191 = ORIENTED_EDGE('',*,*,#2192,.T.);
#2192 = EDGE_CURVE('',#1774,#2140,#2193,.T.);
#2193 = LINE('',#2194,#2195);
#2194 = CARTESIAN_POINT('',(2.192307710648,0.5,0.217735439539));
#2195 = VECTOR('',#2196,1.);
#2196 = DIRECTION('',(-0.595500836612,0.611171573815,0.521390507158));
#2197 = PLANE('',#2198);
#2198 = AXIS2_PLACEMENT_3D('',#2199,#2200,#2201);
#2199 = CARTESIAN_POINT('',(2.154510699758,0.625,0.250828596534));
#2200 = DIRECTION('',(-0.658738763979,-0.,-0.752371743775));
#2201 = DIRECTION('',(-0.752371743775,0.,0.658738763979));
#2202 = ADVANCED_FACE('',(#2203),#2208,.T.);
#2203 = FACE_BOUND('',#2204,.T.);
#2204 = EDGE_LOOP('',(#2205,#2206,#2207));
#2205 = ORIENTED_EDGE('',*,*,#2192,.F.);
#2206 = ORIENTED_EDGE('',*,*,#1773,.F.);
#2207 = ORIENTED_EDGE('',*,*,#2139,.F.);
#2208 = PLANE('',#2209);
#2209 = AXIS2_PLACEMENT_3D('',#2210,#2211,#2212);
#2210 = CARTESIAN_POINT('',(2.070512820475,0.534887004024,0.324372942051
    ));
#2211 = DIRECTION('',(-0.658738946465,-3.141112072885E-07,-0.752371584)
  );
#2212 = DIRECTION('',(-0.752371584,5.039090622393E-25,0.658738946465));
#2213 = ADVANCED_FACE('',(#2214),#2231,.T.);
#2214 = FACE_BOUND('',#2215,.T.);
#2215 = EDGE_LOOP('',(#2216,#2224,#2225));
#2216 = ORIENTED_EDGE('',*,*,#2217,.T.);
#2217 = EDGE_CURVE('',#2218,#1774,#2220,.T.);
#2218 = VERTEX_POINT('',#2219);
#2219 = CARTESIAN_POINT('',(2.314102649689,0.625,0.128287300467));
#2220 = LINE('',#2221,#2222);
#2221 = CARTESIAN_POINT('',(2.314102649689,0.625,0.128287300467));
#2222 = VECTOR('',#2223,1.);
#2223 = DIRECTION('',(-0.621047379539,-0.637390379712,0.456107066618));
#2224 = ORIENTED_EDGE('',*,*,#2186,.F.);
#2225 = ORIENTED_EDGE('',*,*,#2226,.T.);
#2226 = EDGE_CURVE('',#2164,#2218,#2227,.T.);
#2227 = LINE('',#2228,#2229);
#2228 = CARTESIAN_POINT('',(2.192307710648,0.75,0.217735439539));
#2229 = VECTOR('',#2230,1.);
#2230 = DIRECTION('',(0.621047379539,-0.637390379712,-0.456107066618));
#2231 = PLANE('',#2232);
#2232 = AXIS2_PLACEMENT_3D('',#2233,#2234,#2235);
#2233 = CARTESIAN_POINT('',(2.229499494766,0.625,0.190421202146));
#2234 = DIRECTION('',(-0.591930915138,-0.,-0.805988704452));
#2235 = DIRECTION('',(-0.805988704452,0.,0.591930915138));
#2236 = ADVANCED_FACE('',(#2237),#2254,.T.);
#2237 = FACE_BOUND('',#2238,.T.);
#2238 = EDGE_LOOP('',(#2239,#2240,#2248));
#2239 = ORIENTED_EDGE('',*,*,#2226,.F.);
#2240 = ORIENTED_EDGE('',*,*,#2241,.T.);
#2241 = EDGE_CURVE('',#2164,#2242,#2244,.T.);
#2242 = VERTEX_POINT('',#2243);
#2243 = CARTESIAN_POINT('',(2.435897350311,0.75,3.883915767074E-02));
#2244 = LINE('',#2245,#2246);
#2245 = CARTESIAN_POINT('',(2.192307710648,0.75,0.217735439539));
#2246 = VECTOR('',#2247,1.);
#2247 = DIRECTION('',(0.805988422162,0.,-0.591931299511));
#2248 = ORIENTED_EDGE('',*,*,#2249,.T.);
#2249 = EDGE_CURVE('',#2242,#2218,#2250,.T.);
#2250 = LINE('',#2251,#2252);
#2251 = CARTESIAN_POINT('',(2.435897350311,0.75,3.883915767074E-02));
#2252 = VECTOR('',#2253,1.);
#2253 = DIRECTION('',(-0.621046627337,-0.637390855434,0.456107426033));
#2254 = PLANE('',#2255);
#2255 = AXIS2_PLACEMENT_3D('',#2256,#2257,#2258);
#2256 = CARTESIAN_POINT('',(2.314102551309,0.714700051953,0.128287308557
    ));
#2257 = DIRECTION('',(-0.591931299511,-5.765198407824E-07,
    -0.805988422162));
#2258 = DIRECTION('',(-0.805988422162,3.320979994671E-23,0.591931299511)
  );
#2259 = ADVANCED_FACE('',(#2260),#2275,.T.);
#2260 = FACE_BOUND('',#2261,.T.);
#2261 = EDGE_LOOP('',(#2262,#2263,#2269));
#2262 = ORIENTED_EDGE('',*,*,#2249,.F.);
#2263 = ORIENTED_EDGE('',*,*,#2264,.T.);
#2264 = EDGE_CURVE('',#2242,#1852,#2265,.T.);
#2265 = LINE('',#2266,#2267);
#2266 = CARTESIAN_POINT('',(2.435897350311,0.75,3.883915767074E-02));
#2267 = VECTOR('',#2268,1.);
#2268 = DIRECTION('',(0.,-1.,0.));
#2269 = ORIENTED_EDGE('',*,*,#2270,.T.);
#2270 = EDGE_CURVE('',#1852,#2218,#2271,.T.);
#2271 = LINE('',#2272,#2273);
#2272 = CARTESIAN_POINT('',(2.435897350311,0.5,3.883915767074E-02));
#2273 = VECTOR('',#2274,1.);
#2274 = DIRECTION('',(-0.621046627337,0.637390855434,0.456107426033));
#2275 = PLANE('',#2276);
#2276 = AXIS2_PLACEMENT_3D('',#2277,#2278,#2279);
#2277 = CARTESIAN_POINT('',(2.398705649802,0.625,6.615338826507E-02));
#2278 = DIRECTION('',(-0.591931683885,-0.,-0.805988139872));
#2279 = DIRECTION('',(-0.805988139872,0.,0.591931683885));
#2280 = ADVANCED_FACE('',(#2281),#2286,.T.);
#2281 = FACE_BOUND('',#2282,.T.);
#2282 = EDGE_LOOP('',(#2283,#2284,#2285));
#2283 = ORIENTED_EDGE('',*,*,#2270,.F.);
#2284 = ORIENTED_EDGE('',*,*,#1851,.F.);
#2285 = ORIENTED_EDGE('',*,*,#2217,.F.);
#2286 = PLANE('',#2287);
#2287 = AXIS2_PLACEMENT_3D('',#2288,#2289,#2290);
#2288 = CARTESIAN_POINT('',(2.314102551309,0.535299948047,0.128287308557
    ));
#2289 = DIRECTION('',(-0.591931299511,5.765198407995E-07,-0.805988422162
    ));
#2290 = DIRECTION('',(-0.805988422162,-4.521502706983E-25,0.591931299511
    ));
#2291 = ADVANCED_FACE('',(#2292),#2309,.T.);
#2292 = FACE_BOUND('',#2293,.T.);
#2293 = EDGE_LOOP('',(#2294,#2302,#2303));
#2294 = ORIENTED_EDGE('',*,*,#2295,.T.);
#2295 = EDGE_CURVE('',#2296,#842,#2298,.T.);
#2296 = VERTEX_POINT('',#2297);
#2297 = CARTESIAN_POINT('',(1.339743614197,0.875,1.027305960655));
#2298 = LINE('',#2299,#2300);
#2299 = CARTESIAN_POINT('',(1.339743614197,0.875,1.027305960655));
#2300 = VECTOR('',#2301,1.);
#2301 = DIRECTION('',(-0.577715898785,-0.592918621387,0.560974017851));
#2302 = ORIENTED_EDGE('',*,*,#841,.F.);
#2303 = ORIENTED_EDGE('',*,*,#2304,.T.);
#2304 = EDGE_CURVE('',#819,#2296,#2305,.T.);
#2305 = LINE('',#2306,#2307);
#2306 = CARTESIAN_POINT('',(1.217948675156,1.,1.145571351051));
#2307 = VECTOR('',#2308,1.);
#2308 = DIRECTION('',(0.577715898785,-0.592918621387,-0.560974017851));
#2309 = PLANE('',#2310);
#2310 = AXIS2_PLACEMENT_3D('',#2311,#2312,#2313);
#2311 = CARTESIAN_POINT('',(1.256178794826,0.875,1.108449118689));
#2312 = DIRECTION('',(-0.696635070038,-0.,-0.717425661092));
#2313 = DIRECTION('',(-0.717425661092,0.,0.696635070038));
#2314 = ADVANCED_FACE('',(#2315),#2332,.T.);
#2315 = FACE_BOUND('',#2316,.T.);
#2316 = EDGE_LOOP('',(#2317,#2318,#2326));
#2317 = ORIENTED_EDGE('',*,*,#2304,.F.);
#2318 = ORIENTED_EDGE('',*,*,#2319,.T.);
#2319 = EDGE_CURVE('',#819,#2320,#2322,.T.);
#2320 = VERTEX_POINT('',#2321);
#2321 = CARTESIAN_POINT('',(1.461538434029,1.,0.909040629864));
#2322 = LINE('',#2323,#2324);
#2323 = CARTESIAN_POINT('',(1.217948675156,1.,1.145571351051));
#2324 = VECTOR('',#2325,1.);
#2325 = DIRECTION('',(0.71742557844,0.,-0.696635155156));
#2326 = ORIENTED_EDGE('',*,*,#2327,.T.);
#2327 = EDGE_CURVE('',#2320,#2296,#2328,.T.);
#2328 = LINE('',#2329,#2330);
#2329 = CARTESIAN_POINT('',(1.461538434029,1.,0.909040629864));
#2330 = VECTOR('',#2331,1.);
#2331 = DIRECTION('',(-0.577715613683,-0.592918909113,0.56097400735));
#2332 = PLANE('',#2333);
#2333 = AXIS2_PLACEMENT_3D('',#2334,#2335,#2336);
#2334 = CARTESIAN_POINT('',(1.339743562916,0.965378991889,1.027305990151
    ));
#2335 = DIRECTION('',(-0.696635155156,-1.611339406788E-07,-0.71742557844
    ));
#2336 = DIRECTION('',(-0.71742557844,-2.075428554226E-24,0.696635155156)
  );
#2337 = ADVANCED_FACE('',(#2338),#2353,.T.);
#2338 = FACE_BOUND('',#2339,.T.);
#2339 = EDGE_LOOP('',(#2340,#2341,#2347));
#2340 = ORIENTED_EDGE('',*,*,#2327,.F.);
#2341 = ORIENTED_EDGE('',*,*,#2342,.T.);
#2342 = EDGE_CURVE('',#2320,#1930,#2343,.T.);
#2343 = LINE('',#2344,#2345);
#2344 = CARTESIAN_POINT('',(1.461538434029,1.,0.909040629864));
#2345 = VECTOR('',#2346,1.);
#2346 = DIRECTION('',(0.,-1.,0.));
#2347 = ORIENTED_EDGE('',*,*,#2348,.T.);
#2348 = EDGE_CURVE('',#1930,#2296,#2349,.T.);
#2349 = LINE('',#2350,#2351);
#2350 = CARTESIAN_POINT('',(1.461538434029,0.75,0.909040629864));
#2351 = VECTOR('',#2352,1.);
#2352 = DIRECTION('',(-0.577715613683,0.592918909113,0.56097400735));
#2353 = PLANE('',#2354);
#2354 = AXIS2_PLACEMENT_3D('',#2355,#2356,#2357);
#2355 = CARTESIAN_POINT('',(1.423308358682,0.875,0.946162836812));
#2356 = DIRECTION('',(-0.696635240274,-0.,-0.717425495789));
#2357 = DIRECTION('',(-0.717425495789,0.,0.696635240274));
#2358 = ADVANCED_FACE('',(#2359),#2364,.T.);
#2359 = FACE_BOUND('',#2360,.T.);
#2360 = EDGE_LOOP('',(#2361,#2362,#2363));
#2361 = ORIENTED_EDGE('',*,*,#2348,.F.);
#2362 = ORIENTED_EDGE('',*,*,#1929,.F.);
#2363 = ORIENTED_EDGE('',*,*,#2295,.F.);
#2364 = PLANE('',#2365);
#2365 = AXIS2_PLACEMENT_3D('',#2366,#2367,#2368);
#2366 = CARTESIAN_POINT('',(1.339743562916,0.784621008111,1.027305990151
    ));
#2367 = DIRECTION('',(-0.696635155156,1.611339407111E-07,-0.71742557844)
  );
#2368 = DIRECTION('',(-0.71742557844,3.183767183275E-24,0.696635155156)
  );
#2369 = ADVANCED_FACE('',(#2370),#2387,.T.);
#2370 = FACE_BOUND('',#2371,.T.);
#2371 = EDGE_LOOP('',(#2372,#2380,#2381));
#2372 = ORIENTED_EDGE('',*,*,#2373,.T.);
#2373 = EDGE_CURVE('',#2374,#1930,#2376,.T.);
#2374 = VERTEX_POINT('',#2375);
#2375 = CARTESIAN_POINT('',(1.58333337307,0.875,0.787556171417));
#2376 = LINE('',#2377,#2378);
#2377 = CARTESIAN_POINT('',(1.58333337307,0.875,0.787556171417));
#2378 = VECTOR('',#2379,1.);
#2379 = DIRECTION('',(-0.572764458251,-0.587836882591,0.571304362692));
#2380 = ORIENTED_EDGE('',*,*,#2342,.F.);
#2381 = ORIENTED_EDGE('',*,*,#2382,.T.);
#2382 = EDGE_CURVE('',#2320,#2374,#2383,.T.);
#2383 = LINE('',#2384,#2385);
#2384 = CARTESIAN_POINT('',(1.461538434029,1.,0.909040629864));
#2385 = VECTOR('',#2386,1.);
#2386 = DIRECTION('',(0.572764458251,-0.587836882591,-0.571304362692));
#2387 = PLANE('',#2388);
#2388 = AXIS2_PLACEMENT_3D('',#2389,#2390,#2391);
#2389 = CARTESIAN_POINT('',(1.499890905991,0.875,0.870785926318));
#2390 = DIRECTION('',(-0.706203774804,-0.,-0.70800863586));
#2391 = DIRECTION('',(-0.70800863586,0.,0.706203774804));
#2392 = ADVANCED_FACE('',(#2393),#2410,.T.);
#2393 = FACE_BOUND('',#2394,.T.);
#2394 = EDGE_LOOP('',(#2395,#2396,#2404));
#2395 = ORIENTED_EDGE('',*,*,#2382,.F.);
#2396 = ORIENTED_EDGE('',*,*,#2397,.T.);
#2397 = EDGE_CURVE('',#2320,#2398,#2400,.T.);
#2398 = VERTEX_POINT('',#2399);
#2399 = CARTESIAN_POINT('',(1.705128192902,1.,0.666071772575));
#2400 = LINE('',#2401,#2402);
#2401 = CARTESIAN_POINT('',(1.461538434029,1.,0.909040629864));
#2402 = VECTOR('',#2403,1.);
#2403 = DIRECTION('',(0.70800854968,0.,-0.706203861205));
#2404 = ORIENTED_EDGE('',*,*,#2405,.T.);
#2405 = EDGE_CURVE('',#2398,#2374,#2406,.T.);
#2406 = LINE('',#2407,#2408);
#2407 = CARTESIAN_POINT('',(1.705128192902,1.,0.666071772575));
#2408 = VECTOR('',#2409,1.);
#2409 = DIRECTION('',(-0.572764173278,-0.587837165477,0.571304357319));
#2410 = PLANE('',#2411);
#2411 = AXIS2_PLACEMENT_3D('',#2412,#2413,#2414);
#2412 = CARTESIAN_POINT('',(1.58333332184,0.965450131285,0.787556201062)
  );
#2413 = DIRECTION('',(-0.706203861205,-1.679418498867E-07,-0.70800854968
    ));
#2414 = DIRECTION('',(-0.70800854968,2.626687869051E-24,0.706203861205)
  );
#2415 = ADVANCED_FACE('',(#2416),#2431,.T.);
#2416 = FACE_BOUND('',#2417,.T.);
#2417 = EDGE_LOOP('',(#2418,#2419,#2425));
#2418 = ORIENTED_EDGE('',*,*,#2405,.F.);
#2419 = ORIENTED_EDGE('',*,*,#2420,.T.);
#2420 = EDGE_CURVE('',#2398,#2008,#2421,.T.);
#2421 = LINE('',#2422,#2423);
#2422 = CARTESIAN_POINT('',(1.705128192902,1.,0.666071772575));
#2423 = VECTOR('',#2424,1.);
#2424 = DIRECTION('',(0.,-1.,0.));
#2425 = ORIENTED_EDGE('',*,*,#2426,.T.);
#2426 = EDGE_CURVE('',#2008,#2374,#2427,.T.);
#2427 = LINE('',#2428,#2429);
#2428 = CARTESIAN_POINT('',(1.705128192902,0.75,0.666071772575));
#2429 = VECTOR('',#2430,1.);
#2430 = DIRECTION('',(-0.572764173278,0.587837165477,0.571304357319));
#2431 = PLANE('',#2432);
#2432 = AXIS2_PLACEMENT_3D('',#2433,#2434,#2435);
#2433 = CARTESIAN_POINT('',(1.66677576531,0.875,0.704326450537));
#2434 = DIRECTION('',(-0.706203947605,-0.,-0.708008463499));
#2435 = DIRECTION('',(-0.708008463499,0.,0.706203947605));
#2436 = ADVANCED_FACE('',(#2437),#2442,.T.);
#2437 = FACE_BOUND('',#2438,.T.);
#2438 = EDGE_LOOP('',(#2439,#2440,#2441));
#2439 = ORIENTED_EDGE('',*,*,#2426,.F.);
#2440 = ORIENTED_EDGE('',*,*,#2007,.F.);
#2441 = ORIENTED_EDGE('',*,*,#2373,.F.);
#2442 = PLANE('',#2443);
#2443 = AXIS2_PLACEMENT_3D('',#2444,#2445,#2446);
#2444 = CARTESIAN_POINT('',(1.58333332184,0.784549868715,0.787556201062)
  );
#2445 = DIRECTION('',(-0.706203861205,1.67941849868E-07,-0.70800854968)
  );
#2446 = DIRECTION('',(-0.70800854968,4.404007928415E-24,0.706203861205)
  );
#2447 = ADVANCED_FACE('',(#2448),#2465,.T.);
#2448 = FACE_BOUND('',#2449,.T.);
#2449 = EDGE_LOOP('',(#2450,#2458,#2459));
#2450 = ORIENTED_EDGE('',*,*,#2451,.T.);
#2451 = EDGE_CURVE('',#2452,#2008,#2454,.T.);
#2452 = VERTEX_POINT('',#2453);
#2453 = CARTESIAN_POINT('',(1.826923131943,0.875,0.548541128635));
#2454 = LINE('',#2455,#2456);
#2455 = CARTESIAN_POINT('',(1.826923131943,0.875,0.548541128635));
#2456 = VECTOR('',#2457,1.);
#2457 = DIRECTION('',(-0.57884517561,-0.594077615383,0.55857859749));
#2458 = ORIENTED_EDGE('',*,*,#2420,.F.);
#2459 = ORIENTED_EDGE('',*,*,#2460,.T.);
#2460 = EDGE_CURVE('',#2398,#2452,#2461,.T.);
#2461 = LINE('',#2462,#2463);
#2462 = CARTESIAN_POINT('',(1.705128192902,1.,0.666071772575));
#2463 = VECTOR('',#2464,1.);
#2464 = DIRECTION('',(0.57884517561,-0.594077615383,-0.55857859749));
#2465 = PLANE('',#2466);
#2466 = AXIS2_PLACEMENT_3D('',#2467,#2468,#2469);
#2467 = CARTESIAN_POINT('',(1.743330516887,0.875,0.629206991712));
#2468 = DIRECTION('',(-0.69439735674,-0.,-0.719591766873));
#2469 = DIRECTION('',(-0.719591766873,0.,0.69439735674));
#2470 = ADVANCED_FACE('',(#2471),#2488,.T.);
#2471 = FACE_BOUND('',#2472,.T.);
#2472 = EDGE_LOOP('',(#2473,#2474,#2482));
#2473 = ORIENTED_EDGE('',*,*,#2460,.F.);
#2474 = ORIENTED_EDGE('',*,*,#2475,.T.);
#2475 = EDGE_CURVE('',#2398,#2476,#2478,.T.);
#2476 = VERTEX_POINT('',#2477);
#2477 = CARTESIAN_POINT('',(1.948717951775,1.,0.431010454893));
#2478 = LINE('',#2479,#2480);
#2479 = CARTESIAN_POINT('',(1.705128192902,1.,0.666071772575));
#2480 = VECTOR('',#2481,1.);
#2481 = DIRECTION('',(0.719591553075,0.,-0.694397578295));
#2482 = ORIENTED_EDGE('',*,*,#2483,.T.);
#2483 = EDGE_CURVE('',#2476,#2452,#2484,.T.);
#2484 = LINE('',#2485,#2486);
#2485 = CARTESIAN_POINT('',(1.948717951775,1.,0.431010454893));
#2486 = VECTOR('',#2487,1.);
#2487 = DIRECTION('',(-0.578844753088,-0.594077763208,0.558578878121));
#2488 = PLANE('',#2489);
#2489 = AXIS2_PLACEMENT_3D('',#2490,#2491,#2492);
#2490 = CARTESIAN_POINT('',(1.826923084656,0.965362594579,0.548541121915
    ));
#2491 = DIRECTION('',(-0.694397578295,-4.168965656745E-07,
    -0.719591553075));
#2492 = DIRECTION('',(-0.719591553075,-5.363331456689E-23,0.694397578295
    ));
#2493 = ADVANCED_FACE('',(#2494),#2509,.T.);
#2494 = FACE_BOUND('',#2495,.T.);
#2495 = EDGE_LOOP('',(#2496,#2497,#2503));
#2496 = ORIENTED_EDGE('',*,*,#2483,.F.);
#2497 = ORIENTED_EDGE('',*,*,#2498,.T.);
#2498 = EDGE_CURVE('',#2476,#2086,#2499,.T.);
#2499 = LINE('',#2500,#2501);
#2500 = CARTESIAN_POINT('',(1.948717951775,1.,0.431010454893));
#2501 = VECTOR('',#2502,1.);
#2502 = DIRECTION('',(0.,-1.,0.));
#2503 = ORIENTED_EDGE('',*,*,#2504,.T.);
#2504 = EDGE_CURVE('',#2086,#2452,#2505,.T.);
#2505 = LINE('',#2506,#2507);
#2506 = CARTESIAN_POINT('',(1.948717951775,0.75,0.431010454893));
#2507 = VECTOR('',#2508,1.);
#2508 = DIRECTION('',(-0.578844753088,0.594077763208,0.558578878121));
#2509 = PLANE('',#2510);
#2510 = AXIS2_PLACEMENT_3D('',#2511,#2512,#2513);
#2511 = CARTESIAN_POINT('',(1.910515668723,0.875,0.467875241685));
#2512 = DIRECTION('',(-0.69439779985,-0.,-0.719591339277));
#2513 = DIRECTION('',(-0.719591339277,0.,0.69439779985));
#2514 = ADVANCED_FACE('',(#2515),#2520,.T.);
#2515 = FACE_BOUND('',#2516,.T.);
#2516 = EDGE_LOOP('',(#2517,#2518,#2519));
#2517 = ORIENTED_EDGE('',*,*,#2504,.F.);
#2518 = ORIENTED_EDGE('',*,*,#2085,.F.);
#2519 = ORIENTED_EDGE('',*,*,#2451,.F.);
#2520 = PLANE('',#2521);
#2521 = AXIS2_PLACEMENT_3D('',#2522,#2523,#2524);
#2522 = CARTESIAN_POINT('',(1.826923084656,0.784637405421,0.548541121915
    ));
#2523 = DIRECTION('',(-0.694397578295,4.16896565719E-07,-0.719591553075)
  );
#2524 = DIRECTION('',(-0.719591553075,2.352158972804E-23,0.694397578295)
  );
#2525 = ADVANCED_FACE('',(#2526),#2543,.T.);
#2526 = FACE_BOUND('',#2527,.T.);
#2527 = EDGE_LOOP('',(#2528,#2536,#2537));
#2528 = ORIENTED_EDGE('',*,*,#2529,.T.);
#2529 = EDGE_CURVE('',#2530,#2086,#2532,.T.);
#2530 = VERTEX_POINT('',#2531);
#2531 = CARTESIAN_POINT('',(2.070512771606,0.875,0.324372947216));
#2532 = LINE('',#2533,#2534);
#2533 = CARTESIAN_POINT('',(2.070512771606,0.875,0.324372947216));
#2534 = VECTOR('',#2535,1.);
#2535 = DIRECTION('',(-0.595500460447,-0.611171785949,0.521390688129));
#2536 = ORIENTED_EDGE('',*,*,#2498,.F.);
#2537 = ORIENTED_EDGE('',*,*,#2538,.T.);
#2538 = EDGE_CURVE('',#2476,#2530,#2539,.T.);
#2539 = LINE('',#2540,#2541);
#2540 = CARTESIAN_POINT('',(1.948717951775,1.,0.431010454893));
#2541 = VECTOR('',#2542,1.);
#2542 = DIRECTION('',(0.595500460447,-0.611171785949,-0.521390688129));
#2543 = PLANE('',#2544);
#2544 = AXIS2_PLACEMENT_3D('',#2545,#2546,#2547);
#2545 = CARTESIAN_POINT('',(1.986514920693,0.875,0.397917302255));
#2546 = DIRECTION('',(-0.658739128951,-0.,-0.752371424224));
#2547 = DIRECTION('',(-0.752371424224,0.,0.658739128951));
#2548 = ADVANCED_FACE('',(#2549),#2566,.T.);
#2549 = FACE_BOUND('',#2550,.T.);
#2550 = EDGE_LOOP('',(#2551,#2552,#2560));
#2551 = ORIENTED_EDGE('',*,*,#2538,.F.);
#2552 = ORIENTED_EDGE('',*,*,#2553,.T.);
#2553 = EDGE_CURVE('',#2476,#2554,#2556,.T.);
#2554 = VERTEX_POINT('',#2555);
#2555 = CARTESIAN_POINT('',(2.192307710648,1.,0.217735439539));
#2556 = LINE('',#2557,#2558);
#2557 = CARTESIAN_POINT('',(1.948717951775,1.,0.431010454893));
#2558 = VECTOR('',#2559,1.);
#2559 = DIRECTION('',(0.752371584,0.,-0.658738946465));
#2560 = ORIENTED_EDGE('',*,*,#2561,.T.);
#2561 = EDGE_CURVE('',#2554,#2530,#2562,.T.);
#2562 = LINE('',#2563,#2564);
#2563 = CARTESIAN_POINT('',(2.192307710648,1.,0.217735439539));
#2564 = VECTOR('',#2565,1.);
#2565 = DIRECTION('',(-0.595500836612,-0.611171573815,0.521390507158));
#2566 = PLANE('',#2567);
#2567 = AXIS2_PLACEMENT_3D('',#2568,#2569,#2570);
#2568 = CARTESIAN_POINT('',(2.070512820475,0.965112995976,0.324372942051
    ));
#2569 = DIRECTION('',(-0.658738946465,3.141112072823E-07,-0.752371584));
#2570 = DIRECTION('',(-0.752371584,3.162477145102E-24,0.658738946465));
#2571 = ADVANCED_FACE('',(#2572),#2587,.T.);
#2572 = FACE_BOUND('',#2573,.T.);
#2573 = EDGE_LOOP('',(#2574,#2575,#2581));
#2574 = ORIENTED_EDGE('',*,*,#2561,.F.);
#2575 = ORIENTED_EDGE('',*,*,#2576,.T.);
#2576 = EDGE_CURVE('',#2554,#2164,#2577,.T.);
#2577 = LINE('',#2578,#2579);
#2578 = CARTESIAN_POINT('',(2.192307710648,1.,0.217735439539));
#2579 = VECTOR('',#2580,1.);
#2580 = DIRECTION('',(0.,-1.,0.));
#2581 = ORIENTED_EDGE('',*,*,#2582,.T.);
#2582 = EDGE_CURVE('',#2164,#2530,#2583,.T.);
#2583 = LINE('',#2584,#2585);
#2584 = CARTESIAN_POINT('',(2.192307710648,0.75,0.217735439539));
#2585 = VECTOR('',#2586,1.);
#2586 = DIRECTION('',(-0.595500836612,0.611171573815,0.521390507158));
#2587 = PLANE('',#2588);
#2588 = AXIS2_PLACEMENT_3D('',#2589,#2590,#2591);
#2589 = CARTESIAN_POINT('',(2.154510699758,0.875,0.250828596534));
#2590 = DIRECTION('',(-0.658738763979,-0.,-0.752371743775));
#2591 = DIRECTION('',(-0.752371743775,0.,0.658738763979));
#2592 = ADVANCED_FACE('',(#2593),#2598,.T.);
#2593 = FACE_BOUND('',#2594,.T.);
#2594 = EDGE_LOOP('',(#2595,#2596,#2597));
#2595 = ORIENTED_EDGE('',*,*,#2582,.F.);
#2596 = ORIENTED_EDGE('',*,*,#2163,.F.);
#2597 = ORIENTED_EDGE('',*,*,#2529,.F.);
#2598 = PLANE('',#2599);
#2599 = AXIS2_PLACEMENT_3D('',#2600,#2601,#2602);
#2600 = CARTESIAN_POINT('',(2.070512820475,0.784887004024,0.324372942051
    ));
#2601 = DIRECTION('',(-0.658738946465,-3.14111207281E-07,-0.752371584));
#2602 = DIRECTION('',(-0.752371584,2.643876153366E-25,0.658738946465));
#2603 = ADVANCED_FACE('',(#2604),#2621,.T.);
#2604 = FACE_BOUND('',#2605,.T.);
#2605 = EDGE_LOOP('',(#2606,#2614,#2615));
#2606 = ORIENTED_EDGE('',*,*,#2607,.T.);
#2607 = EDGE_CURVE('',#2608,#2164,#2610,.T.);
#2608 = VERTEX_POINT('',#2609);
#2609 = CARTESIAN_POINT('',(2.314102649689,0.875,0.128287300467));
#2610 = LINE('',#2611,#2612);
#2611 = CARTESIAN_POINT('',(2.314102649689,0.875,0.128287300467));
#2612 = VECTOR('',#2613,1.);
#2613 = DIRECTION('',(-0.621047379539,-0.637390379712,0.456107066618));
#2614 = ORIENTED_EDGE('',*,*,#2576,.F.);
#2615 = ORIENTED_EDGE('',*,*,#2616,.T.);
#2616 = EDGE_CURVE('',#2554,#2608,#2617,.T.);
#2617 = LINE('',#2618,#2619);
#2618 = CARTESIAN_POINT('',(2.192307710648,1.,0.217735439539));
#2619 = VECTOR('',#2620,1.);
#2620 = DIRECTION('',(0.621047379539,-0.637390379712,-0.456107066618));
#2621 = PLANE('',#2622);
#2622 = AXIS2_PLACEMENT_3D('',#2623,#2624,#2625);
#2623 = CARTESIAN_POINT('',(2.229499494766,0.875,0.190421202146));
#2624 = DIRECTION('',(-0.591930915138,-0.,-0.805988704452));
#2625 = DIRECTION('',(-0.805988704452,0.,0.591930915138));
#2626 = ADVANCED_FACE('',(#2627),#2644,.T.);
#2627 = FACE_BOUND('',#2628,.T.);
#2628 = EDGE_LOOP('',(#2629,#2630,#2638));
#2629 = ORIENTED_EDGE('',*,*,#2616,.F.);
#2630 = ORIENTED_EDGE('',*,*,#2631,.T.);
#2631 = EDGE_CURVE('',#2554,#2632,#2634,.T.);
#2632 = VERTEX_POINT('',#2633);
#2633 = CARTESIAN_POINT('',(2.435897350311,1.,3.883915767074E-02));
#2634 = LINE('',#2635,#2636);
#2635 = CARTESIAN_POINT('',(2.192307710648,1.,0.217735439539));
#2636 = VECTOR('',#2637,1.);
#2637 = DIRECTION('',(0.805988422162,0.,-0.591931299511));
#2638 = ORIENTED_EDGE('',*,*,#2639,.T.);
#2639 = EDGE_CURVE('',#2632,#2608,#2640,.T.);
#2640 = LINE('',#2641,#2642);
#2641 = CARTESIAN_POINT('',(2.435897350311,1.,3.883915767074E-02));
#2642 = VECTOR('',#2643,1.);
#2643 = DIRECTION('',(-0.621046627337,-0.637390855434,0.456107426033));
#2644 = PLANE('',#2645);
#2645 = AXIS2_PLACEMENT_3D('',#2646,#2647,#2648);
#2646 = CARTESIAN_POINT('',(2.314102551309,0.964700051953,0.128287308557
    ));
#2647 = DIRECTION('',(-0.591931299511,-5.765198407583E-07,
    -0.805988422162));
#2648 = DIRECTION('',(-0.805988422162,3.045134722427E-23,0.591931299511)
  );
#2649 = ADVANCED_FACE('',(#2650),#2665,.T.);
#2650 = FACE_BOUND('',#2651,.T.);
#2651 = EDGE_LOOP('',(#2652,#2653,#2659));
#2652 = ORIENTED_EDGE('',*,*,#2639,.F.);
#2653 = ORIENTED_EDGE('',*,*,#2654,.T.);
#2654 = EDGE_CURVE('',#2632,#2242,#2655,.T.);
#2655 = LINE('',#2656,#2657);
#2656 = CARTESIAN_POINT('',(2.435897350311,1.,3.883915767074E-02));
#2657 = VECTOR('',#2658,1.);
#2658 = DIRECTION('',(0.,-1.,0.));
#2659 = ORIENTED_EDGE('',*,*,#2660,.T.);
#2660 = EDGE_CURVE('',#2242,#2608,#2661,.T.);
#2661 = LINE('',#2662,#2663);
#2662 = CARTESIAN_POINT('',(2.435897350311,0.75,3.883915767074E-02));
#2663 = VECTOR('',#2664,1.);
#2664 = DIRECTION('',(-0.621046627337,0.637390855434,0.456107426033));
#2665 = PLANE('',#2666);
#2666 = AXIS2_PLACEMENT_3D('',#2667,#2668,#2669);
#2667 = CARTESIAN_POINT('',(2.398705649802,0.875,6.615338826507E-02));
#2668 = DIRECTION('',(-0.591931683885,-0.,-0.805988139872));
#2669 = DIRECTION('',(-0.805988139872,0.,0.591931683885));
#2670 = ADVANCED_FACE('',(#2671),#2676,.T.);
#2671 = FACE_BOUND('',#2672,.T.);
#2672 = EDGE_LOOP('',(#2673,#2674,#2675));
#2673 = ORIENTED_EDGE('',*,*,#2660,.F.);
#2674 = ORIENTED_EDGE('',*,*,#2241,.F.);
#2675 = ORIENTED_EDGE('',*,*,#2607,.F.);
#2676 = PLANE('',#2677);
#2677 = AXIS2_PLACEMENT_3D('',#2678,#2679,#2680);
#2678 = CARTESIAN_POINT('',(2.314102551309,0.785299948047,0.128287308557
    ));
#2679 = DIRECTION('',(-0.591931299511,5.765198407995E-07,-0.805988422162
    ));
#2680 = DIRECTION('',(-0.805988422162,-4.521502706983E-25,0.591931299511
    ));
#2681 = ADVANCED_FACE('',(#2682),#2708,.T.);
#2682 = FACE_BOUND('',#2683,.T.);
#2683 = EDGE_LOOP('',(#2684,#2694,#2702));
#2684 = ORIENTED_EDGE('',*,*,#2685,.T.);
#2685 = EDGE_CURVE('',#2686,#2688,#2690,.T.);
#2686 = VERTEX_POINT('',#2687);
#2687 = CARTESIAN_POINT('',(2.801282167435,0.875,-0.135668039322));
#2688 = VERTEX_POINT('',#2689);
#2689 = CARTESIAN_POINT('',(2.679487228394,0.75,-9.511578828096E-02));
#2690 = LINE('',#2691,#2692);
#2691 = CARTESIAN_POINT('',(2.801282167435,0.875,-0.135668039322));
#2692 = VECTOR('',#2693,1.);
#2693 = DIRECTION('',(-0.679756084215,-0.697644017032,0.226328282527));
#2694 = ORIENTED_EDGE('',*,*,#2695,.F.);
#2695 = EDGE_CURVE('',#2696,#2688,#2698,.T.);
#2696 = VERTEX_POINT('',#2697);
#2697 = CARTESIAN_POINT('',(2.679487228394,1.,-9.511578828096E-02));
#2698 = LINE('',#2699,#2700);
#2699 = CARTESIAN_POINT('',(2.679487228394,1.,-9.511578828096E-02));
#2700 = VECTOR('',#2701,1.);
#2701 = DIRECTION('',(0.,-1.,0.));
#2702 = ORIENTED_EDGE('',*,*,#2703,.T.);
#2703 = EDGE_CURVE('',#2696,#2686,#2704,.T.);
#2704 = LINE('',#2705,#2706);
#2705 = CARTESIAN_POINT('',(2.679487228394,1.,-9.511578828096E-02));
#2706 = VECTOR('',#2707,1.);
#2707 = DIRECTION('',(0.679756084215,-0.697644017032,-0.226328282527));
#2708 = PLANE('',#2709);
#2709 = AXIS2_PLACEMENT_3D('',#2710,#2711,#2712);
#2710 = CARTESIAN_POINT('',(2.71535898296,0.875,-0.107059473363));
#2711 = DIRECTION('',(-0.315904804373,-0.,-0.948790890857));
#2712 = DIRECTION('',(-0.948790890857,0.,0.315904804373));
#2713 = ADVANCED_FACE('',(#2714),#2731,.T.);
#2714 = FACE_BOUND('',#2715,.T.);
#2715 = EDGE_LOOP('',(#2716,#2717,#2725));
#2716 = ORIENTED_EDGE('',*,*,#2703,.F.);
#2717 = ORIENTED_EDGE('',*,*,#2718,.T.);
#2718 = EDGE_CURVE('',#2696,#2719,#2721,.T.);
#2719 = VERTEX_POINT('',#2720);
#2720 = CARTESIAN_POINT('',(2.923076868057,1.,-0.176220282912));
#2721 = LINE('',#2722,#2723);
#2722 = CARTESIAN_POINT('',(2.679487228394,1.,-9.511578828096E-02));
#2723 = VECTOR('',#2724,1.);
#2724 = DIRECTION('',(0.94879080688,0.,-0.315905056591));
#2725 = ORIENTED_EDGE('',*,*,#2726,.T.);
#2726 = EDGE_CURVE('',#2719,#2686,#2727,.T.);
#2727 = LINE('',#2728,#2729);
#2728 = CARTESIAN_POINT('',(2.923076868057,1.,-0.176220282912));
#2729 = VECTOR('',#2730,1.);
#2730 = DIRECTION('',(-0.679755374812,-0.69764465463,0.226328447792));
#2731 = PLANE('',#2732);
#2732 = AXIS2_PLACEMENT_3D('',#2733,#2734,#2735);
#2733 = CARTESIAN_POINT('',(2.801282066738,0.963587515552,
    -0.135668031284));
#2734 = DIRECTION('',(-0.315905056591,-2.729943693887E-07,-0.94879080688
    ));
#2735 = DIRECTION('',(-0.94879080688,-5.148060933185E-24,0.315905056591)
  );
#2736 = ADVANCED_FACE('',(#2737),#2754,.T.);
#2737 = FACE_BOUND('',#2738,.T.);
#2738 = EDGE_LOOP('',(#2739,#2740,#2748));
#2739 = ORIENTED_EDGE('',*,*,#2726,.F.);
#2740 = ORIENTED_EDGE('',*,*,#2741,.T.);
#2741 = EDGE_CURVE('',#2719,#2742,#2744,.T.);
#2742 = VERTEX_POINT('',#2743);
#2743 = CARTESIAN_POINT('',(2.923076868057,0.75,-0.176220282912));
#2744 = LINE('',#2745,#2746);
#2745 = CARTESIAN_POINT('',(2.923076868057,1.,-0.176220282912));
#2746 = VECTOR('',#2747,1.);
#2747 = DIRECTION('',(0.,-1.,0.));
#2748 = ORIENTED_EDGE('',*,*,#2749,.T.);
#2749 = EDGE_CURVE('',#2742,#2686,#2750,.T.);
#2750 = LINE('',#2751,#2752);
#2751 = CARTESIAN_POINT('',(2.923076868057,0.75,-0.176220282912));
#2752 = VECTOR('',#2753,1.);
#2753 = DIRECTION('',(-0.679755374812,0.69764465463,0.226328447792));
#2754 = PLANE('',#2755);
#2755 = AXIS2_PLACEMENT_3D('',#2756,#2757,#2758);
#2756 = CARTESIAN_POINT('',(2.887205197184,0.875,-0.164276604511));
#2757 = DIRECTION('',(-0.315905308809,-0.,-0.948790722903));
#2758 = DIRECTION('',(-0.948790722903,0.,0.315905308809));
#2759 = ADVANCED_FACE('',(#2760),#2770,.T.);
#2760 = FACE_BOUND('',#2761,.T.);
#2761 = EDGE_LOOP('',(#2762,#2763,#2769));
#2762 = ORIENTED_EDGE('',*,*,#2749,.F.);
#2763 = ORIENTED_EDGE('',*,*,#2764,.F.);
#2764 = EDGE_CURVE('',#2688,#2742,#2765,.T.);
#2765 = LINE('',#2766,#2767);
#2766 = CARTESIAN_POINT('',(2.679487228394,0.75,-9.511578828096E-02));
#2767 = VECTOR('',#2768,1.);
#2768 = DIRECTION('',(0.94879080688,0.,-0.315905056591));
#2769 = ORIENTED_EDGE('',*,*,#2685,.F.);
#2770 = PLANE('',#2771);
#2771 = AXIS2_PLACEMENT_3D('',#2772,#2773,#2774);
#2772 = CARTESIAN_POINT('',(2.801282066738,0.786412484448,
    -0.135668031284));
#2773 = DIRECTION('',(-0.315905056591,2.729943693863E-07,-0.94879080688)
  );
#2774 = DIRECTION('',(-0.94879080688,-3.933007659908E-24,0.315905056591)
  );
#2775 = ADVANCED_FACE('',(#2776),#2800,.T.);
#2776 = FACE_BOUND('',#2777,.T.);
#2777 = EDGE_LOOP('',(#2778,#2788,#2794));
#2778 = ORIENTED_EDGE('',*,*,#2779,.T.);
#2779 = EDGE_CURVE('',#2780,#2782,#2784,.T.);
#2780 = VERTEX_POINT('',#2781);
#2781 = CARTESIAN_POINT('',(2.801282167435,0.625,-0.135668039322));
#2782 = VERTEX_POINT('',#2783);
#2783 = CARTESIAN_POINT('',(2.679487228394,0.5,-9.511578828096E-02));
#2784 = LINE('',#2785,#2786);
#2785 = CARTESIAN_POINT('',(2.801282167435,0.625,-0.135668039322));
#2786 = VECTOR('',#2787,1.);
#2787 = DIRECTION('',(-0.679756084215,-0.697644017032,0.226328282527));
#2788 = ORIENTED_EDGE('',*,*,#2789,.F.);
#2789 = EDGE_CURVE('',#2688,#2782,#2790,.T.);
#2790 = LINE('',#2791,#2792);
#2791 = CARTESIAN_POINT('',(2.679487228394,0.75,-9.511578828096E-02));
#2792 = VECTOR('',#2793,1.);
#2793 = DIRECTION('',(0.,-1.,0.));
#2794 = ORIENTED_EDGE('',*,*,#2795,.T.);
#2795 = EDGE_CURVE('',#2688,#2780,#2796,.T.);
#2796 = LINE('',#2797,#2798);
#2797 = CARTESIAN_POINT('',(2.679487228394,0.75,-9.511578828096E-02));
#2798 = VECTOR('',#2799,1.);
#2799 = DIRECTION('',(0.679756084215,-0.697644017032,-0.226328282527));
#2800 = PLANE('',#2801);
#2801 = AXIS2_PLACEMENT_3D('',#2802,#2803,#2804);
#2802 = CARTESIAN_POINT('',(2.71535898296,0.625,-0.107059473363));
#2803 = DIRECTION('',(-0.315904804373,-0.,-0.948790890857));
#2804 = DIRECTION('',(-0.948790890857,0.,0.315904804373));
#2805 = ADVANCED_FACE('',(#2806),#2816,.T.);
#2806 = FACE_BOUND('',#2807,.T.);
#2807 = EDGE_LOOP('',(#2808,#2809,#2810));
#2808 = ORIENTED_EDGE('',*,*,#2795,.F.);
#2809 = ORIENTED_EDGE('',*,*,#2764,.T.);
#2810 = ORIENTED_EDGE('',*,*,#2811,.T.);
#2811 = EDGE_CURVE('',#2742,#2780,#2812,.T.);
#2812 = LINE('',#2813,#2814);
#2813 = CARTESIAN_POINT('',(2.923076868057,0.75,-0.176220282912));
#2814 = VECTOR('',#2815,1.);
#2815 = DIRECTION('',(-0.679755374812,-0.69764465463,0.226328447792));
#2816 = PLANE('',#2817);
#2817 = AXIS2_PLACEMENT_3D('',#2818,#2819,#2820);
#2818 = CARTESIAN_POINT('',(2.801282066738,0.713587515552,
    -0.135668031284));
#2819 = DIRECTION('',(-0.315905056591,-2.729943693887E-07,-0.94879080688
    ));
#2820 = DIRECTION('',(-0.94879080688,-5.148060933185E-24,0.315905056591)
  );
#2821 = ADVANCED_FACE('',(#2822),#2839,.T.);
#2822 = FACE_BOUND('',#2823,.T.);
#2823 = EDGE_LOOP('',(#2824,#2825,#2833));
#2824 = ORIENTED_EDGE('',*,*,#2811,.F.);
#2825 = ORIENTED_EDGE('',*,*,#2826,.T.);
#2826 = EDGE_CURVE('',#2742,#2827,#2829,.T.);
#2827 = VERTEX_POINT('',#2828);
#2828 = CARTESIAN_POINT('',(2.923076868057,0.5,-0.176220282912));
#2829 = LINE('',#2830,#2831);
#2830 = CARTESIAN_POINT('',(2.923076868057,0.75,-0.176220282912));
#2831 = VECTOR('',#2832,1.);
#2832 = DIRECTION('',(0.,-1.,0.));
#2833 = ORIENTED_EDGE('',*,*,#2834,.T.);
#2834 = EDGE_CURVE('',#2827,#2780,#2835,.T.);
#2835 = LINE('',#2836,#2837);
#2836 = CARTESIAN_POINT('',(2.923076868057,0.5,-0.176220282912));
#2837 = VECTOR('',#2838,1.);
#2838 = DIRECTION('',(-0.679755374812,0.69764465463,0.226328447792));
#2839 = PLANE('',#2840);
#2840 = AXIS2_PLACEMENT_3D('',#2841,#2842,#2843);
#2841 = CARTESIAN_POINT('',(2.887205197184,0.625,-0.164276604511));
#2842 = DIRECTION('',(-0.315905308809,-0.,-0.948790722903));
#2843 = DIRECTION('',(-0.948790722903,0.,0.315905308809));
#2844 = ADVANCED_FACE('',(#2845),#2855,.T.);
#2845 = FACE_BOUND('',#2846,.T.);
#2846 = EDGE_LOOP('',(#2847,#2848,#2854));
#2847 = ORIENTED_EDGE('',*,*,#2834,.F.);
#2848 = ORIENTED_EDGE('',*,*,#2849,.F.);
#2849 = EDGE_CURVE('',#2782,#2827,#2850,.T.);
#2850 = LINE('',#2851,#2852);
#2851 = CARTESIAN_POINT('',(2.679487228394,0.5,-9.511578828096E-02));
#2852 = VECTOR('',#2853,1.);
#2853 = DIRECTION('',(0.94879080688,0.,-0.315905056591));
#2854 = ORIENTED_EDGE('',*,*,#2779,.F.);
#2855 = PLANE('',#2856);
#2856 = AXIS2_PLACEMENT_3D('',#2857,#2858,#2859);
#2857 = CARTESIAN_POINT('',(2.801282066738,0.536412484448,
    -0.135668031284));
#2858 = DIRECTION('',(-0.315905056591,2.729943693807E-07,-0.94879080688)
  );
#2859 = DIRECTION('',(-0.94879080688,-1.44191591616E-24,0.315905056591)
  );
#2860 = ADVANCED_FACE('',(#2861),#2885,.T.);
#2861 = FACE_BOUND('',#2862,.T.);
#2862 = EDGE_LOOP('',(#2863,#2873,#2879));
#2863 = ORIENTED_EDGE('',*,*,#2864,.T.);
#2864 = EDGE_CURVE('',#2865,#2867,#2869,.T.);
#2865 = VERTEX_POINT('',#2866);
#2866 = CARTESIAN_POINT('',(2.801282167435,0.375,-0.135668039322));
#2867 = VERTEX_POINT('',#2868);
#2868 = CARTESIAN_POINT('',(2.679487228394,0.25,-9.511578828096E-02));
#2869 = LINE('',#2870,#2871);
#2870 = CARTESIAN_POINT('',(2.801282167435,0.375,-0.135668039322));
#2871 = VECTOR('',#2872,1.);
#2872 = DIRECTION('',(-0.679756084215,-0.697644017032,0.226328282527));
#2873 = ORIENTED_EDGE('',*,*,#2874,.F.);
#2874 = EDGE_CURVE('',#2782,#2867,#2875,.T.);
#2875 = LINE('',#2876,#2877);
#2876 = CARTESIAN_POINT('',(2.679487228394,0.5,-9.511578828096E-02));
#2877 = VECTOR('',#2878,1.);
#2878 = DIRECTION('',(0.,-1.,0.));
#2879 = ORIENTED_EDGE('',*,*,#2880,.T.);
#2880 = EDGE_CURVE('',#2782,#2865,#2881,.T.);
#2881 = LINE('',#2882,#2883);
#2882 = CARTESIAN_POINT('',(2.679487228394,0.5,-9.511578828096E-02));
#2883 = VECTOR('',#2884,1.);
#2884 = DIRECTION('',(0.679756084215,-0.697644017032,-0.226328282527));
#2885 = PLANE('',#2886);
#2886 = AXIS2_PLACEMENT_3D('',#2887,#2888,#2889);
#2887 = CARTESIAN_POINT('',(2.71535898296,0.375,-0.107059473363));
#2888 = DIRECTION('',(-0.315904804373,-0.,-0.948790890857));
#2889 = DIRECTION('',(-0.948790890857,0.,0.315904804373));
#2890 = ADVANCED_FACE('',(#2891),#2901,.T.);
#2891 = FACE_BOUND('',#2892,.T.);
#2892 = EDGE_LOOP('',(#2893,#2894,#2895));
#2893 = ORIENTED_EDGE('',*,*,#2880,.F.);
#2894 = ORIENTED_EDGE('',*,*,#2849,.T.);
#2895 = ORIENTED_EDGE('',*,*,#2896,.T.);
#2896 = EDGE_CURVE('',#2827,#2865,#2897,.T.);
#2897 = LINE('',#2898,#2899);
#2898 = CARTESIAN_POINT('',(2.923076868057,0.5,-0.176220282912));
#2899 = VECTOR('',#2900,1.);
#2900 = DIRECTION('',(-0.679755374812,-0.69764465463,0.226328447792));
#2901 = PLANE('',#2902);
#2902 = AXIS2_PLACEMENT_3D('',#2903,#2904,#2905);
#2903 = CARTESIAN_POINT('',(2.801282066738,0.463587515552,
    -0.135668031284));
#2904 = DIRECTION('',(-0.315905056591,-2.729943693694E-07,-0.94879080688
    ));
#2905 = DIRECTION('',(-0.94879080688,1.078105799542E-23,0.315905056591)
  );
#2906 = ADVANCED_FACE('',(#2907),#2924,.T.);
#2907 = FACE_BOUND('',#2908,.T.);
#2908 = EDGE_LOOP('',(#2909,#2910,#2918));
#2909 = ORIENTED_EDGE('',*,*,#2896,.F.);
#2910 = ORIENTED_EDGE('',*,*,#2911,.T.);
#2911 = EDGE_CURVE('',#2827,#2912,#2914,.T.);
#2912 = VERTEX_POINT('',#2913);
#2913 = CARTESIAN_POINT('',(2.923076868057,0.25,-0.176220282912));
#2914 = LINE('',#2915,#2916);
#2915 = CARTESIAN_POINT('',(2.923076868057,0.5,-0.176220282912));
#2916 = VECTOR('',#2917,1.);
#2917 = DIRECTION('',(0.,-1.,0.));
#2918 = ORIENTED_EDGE('',*,*,#2919,.T.);
#2919 = EDGE_CURVE('',#2912,#2865,#2920,.T.);
#2920 = LINE('',#2921,#2922);
#2921 = CARTESIAN_POINT('',(2.923076868057,0.25,-0.176220282912));
#2922 = VECTOR('',#2923,1.);
#2923 = DIRECTION('',(-0.679755374812,0.69764465463,0.226328447792));
#2924 = PLANE('',#2925);
#2925 = AXIS2_PLACEMENT_3D('',#2926,#2927,#2928);
#2926 = CARTESIAN_POINT('',(2.887205197184,0.375,-0.164276604511));
#2927 = DIRECTION('',(-0.315905308809,-0.,-0.948790722903));
#2928 = DIRECTION('',(-0.948790722903,0.,0.315905308809));
#2929 = ADVANCED_FACE('',(#2930),#2940,.T.);
#2930 = FACE_BOUND('',#2931,.T.);
#2931 = EDGE_LOOP('',(#2932,#2933,#2939));
#2932 = ORIENTED_EDGE('',*,*,#2919,.F.);
#2933 = ORIENTED_EDGE('',*,*,#2934,.F.);
#2934 = EDGE_CURVE('',#2867,#2912,#2935,.T.);
#2935 = LINE('',#2936,#2937);
#2936 = CARTESIAN_POINT('',(2.679487228394,0.25,-9.511578828096E-02));
#2937 = VECTOR('',#2938,1.);
#2938 = DIRECTION('',(0.94879080688,0.,-0.315905056591));
#2939 = ORIENTED_EDGE('',*,*,#2864,.F.);
#2940 = PLANE('',#2941);
#2941 = AXIS2_PLACEMENT_3D('',#2942,#2943,#2944);
#2942 = CARTESIAN_POINT('',(2.801282066738,0.286412484448,
    -0.135668031284));
#2943 = DIRECTION('',(-0.315905056591,2.729943693615E-07,-0.94879080688)
  );
#2944 = DIRECTION('',(-0.94879080688,-4.136145043918E-24,0.315905056591)
  );
#2945 = ADVANCED_FACE('',(#2946),#2968,.T.);
#2946 = FACE_BOUND('',#2947,.T.);
#2947 = EDGE_LOOP('',(#2948,#2956,#2962));
#2948 = ORIENTED_EDGE('',*,*,#2949,.T.);
#2949 = EDGE_CURVE('',#2950,#444,#2952,.T.);
#2950 = VERTEX_POINT('',#2951);
#2951 = CARTESIAN_POINT('',(2.801282167435,0.125,-0.135668039322));
#2952 = LINE('',#2953,#2954);
#2953 = CARTESIAN_POINT('',(2.801282167435,0.125,-0.135668039322));
#2954 = VECTOR('',#2955,1.);
#2955 = DIRECTION('',(-0.679756084215,-0.697644017032,0.226328282527));
#2956 = ORIENTED_EDGE('',*,*,#2957,.F.);
#2957 = EDGE_CURVE('',#2867,#444,#2958,.T.);
#2958 = LINE('',#2959,#2960);
#2959 = CARTESIAN_POINT('',(2.679487228394,0.25,-9.511578828096E-02));
#2960 = VECTOR('',#2961,1.);
#2961 = DIRECTION('',(0.,-1.,0.));
#2962 = ORIENTED_EDGE('',*,*,#2963,.T.);
#2963 = EDGE_CURVE('',#2867,#2950,#2964,.T.);
#2964 = LINE('',#2965,#2966);
#2965 = CARTESIAN_POINT('',(2.679487228394,0.25,-9.511578828096E-02));
#2966 = VECTOR('',#2967,1.);
#2967 = DIRECTION('',(0.679756084215,-0.697644017032,-0.226328282527));
#2968 = PLANE('',#2969);
#2969 = AXIS2_PLACEMENT_3D('',#2970,#2971,#2972);
#2970 = CARTESIAN_POINT('',(2.71535898296,0.125,-0.107059473363));
#2971 = DIRECTION('',(-0.315904804373,-0.,-0.948790890857));
#2972 = DIRECTION('',(-0.948790890857,0.,0.315904804373));
#2973 = ADVANCED_FACE('',(#2974),#2984,.T.);
#2974 = FACE_BOUND('',#2975,.T.);
#2975 = EDGE_LOOP('',(#2976,#2977,#2978));
#2976 = ORIENTED_EDGE('',*,*,#2963,.F.);
#2977 = ORIENTED_EDGE('',*,*,#2934,.T.);
#2978 = ORIENTED_EDGE('',*,*,#2979,.T.);
#2979 = EDGE_CURVE('',#2912,#2950,#2980,.T.);
#2980 = LINE('',#2981,#2982);
#2981 = CARTESIAN_POINT('',(2.923076868057,0.25,-0.176220282912));
#2982 = VECTOR('',#2983,1.);
#2983 = DIRECTION('',(-0.679755374812,-0.69764465463,0.226328447792));
#2984 = PLANE('',#2985);
#2985 = AXIS2_PLACEMENT_3D('',#2986,#2987,#2988);
#2986 = CARTESIAN_POINT('',(2.801282066738,0.213587515552,
    -0.135668031284));
#2987 = DIRECTION('',(-0.315905056591,-2.729943693887E-07,-0.94879080688
    ));
#2988 = DIRECTION('',(-0.94879080688,-5.148060933185E-24,0.315905056591)
  );
#2989 = ADVANCED_FACE('',(#2990),#3005,.T.);
#2990 = FACE_BOUND('',#2991,.T.);
#2991 = EDGE_LOOP('',(#2992,#2993,#2999));
#2992 = ORIENTED_EDGE('',*,*,#2979,.F.);
#2993 = ORIENTED_EDGE('',*,*,#2994,.T.);
#2994 = EDGE_CURVE('',#2912,#452,#2995,.T.);
#2995 = LINE('',#2996,#2997);
#2996 = CARTESIAN_POINT('',(2.923076868057,0.25,-0.176220282912));
#2997 = VECTOR('',#2998,1.);
#2998 = DIRECTION('',(0.,-1.,0.));
#2999 = ORIENTED_EDGE('',*,*,#3000,.T.);
#3000 = EDGE_CURVE('',#452,#2950,#3001,.T.);
#3001 = LINE('',#3002,#3003);
#3002 = CARTESIAN_POINT('',(2.923076868057,0.,-0.176220282912));
#3003 = VECTOR('',#3004,1.);
#3004 = DIRECTION('',(-0.679755374812,0.69764465463,0.226328447792));
#3005 = PLANE('',#3006);
#3006 = AXIS2_PLACEMENT_3D('',#3007,#3008,#3009);
#3007 = CARTESIAN_POINT('',(2.887205197184,0.125,-0.164276604511));
#3008 = DIRECTION('',(-0.315905308809,-0.,-0.948790722903));
#3009 = DIRECTION('',(-0.948790722903,0.,0.315905308809));
#3010 = ADVANCED_FACE('',(#3011),#3016,.T.);
#3011 = FACE_BOUND('',#3012,.T.);
#3012 = EDGE_LOOP('',(#3013,#3014,#3015));
#3013 = ORIENTED_EDGE('',*,*,#3000,.F.);
#3014 = ORIENTED_EDGE('',*,*,#451,.T.);
#3015 = ORIENTED_EDGE('',*,*,#2949,.F.);
#3016 = PLANE('',#3017);
#3017 = AXIS2_PLACEMENT_3D('',#3018,#3019,#3020);
#3018 = CARTESIAN_POINT('',(2.801282066738,3.641248444844E-02,
    -0.135668031284));
#3019 = DIRECTION('',(-0.315905056591,2.729943693866E-07,-0.94879080688)
  );
#3020 = DIRECTION('',(-0.94879080688,-5.749749926031E-24,0.315905056591)
  );
#3021 = ADVANCED_FACE('',(#3022),#3048,.T.);
#3022 = FACE_BOUND('',#3023,.T.);
#3023 = EDGE_LOOP('',(#3024,#3034,#3042));
#3024 = ORIENTED_EDGE('',*,*,#3025,.F.);
#3025 = EDGE_CURVE('',#3026,#3028,#3030,.T.);
#3026 = VERTEX_POINT('',#3027);
#3027 = CARTESIAN_POINT('',(3.16666674614,1.,-0.199685662985));
#3028 = VERTEX_POINT('',#3029);
#3029 = CARTESIAN_POINT('',(3.044871807098,0.875,-0.187952980399));
#3030 = LINE('',#3031,#3032);
#3031 = CARTESIAN_POINT('',(3.16666674614,1.,-0.199685662985));
#3032 = VECTOR('',#3033,1.);
#3033 = DIRECTION('',(-0.696293291136,-0.714616404238,6.707493953177E-02
    ));
#3034 = ORIENTED_EDGE('',*,*,#3035,.T.);
#3035 = EDGE_CURVE('',#3026,#3036,#3038,.T.);
#3036 = VERTEX_POINT('',#3037);
#3037 = CARTESIAN_POINT('',(3.16666674614,0.75,-0.199685662985));
#3038 = LINE('',#3039,#3040);
#3039 = CARTESIAN_POINT('',(3.16666674614,1.,-0.199685662985));
#3040 = VECTOR('',#3041,1.);
#3041 = DIRECTION('',(0.,-1.,0.));
#3042 = ORIENTED_EDGE('',*,*,#3043,.T.);
#3043 = EDGE_CURVE('',#3036,#3028,#3044,.T.);
#3044 = LINE('',#3045,#3046);
#3045 = CARTESIAN_POINT('',(3.16666674614,0.75,-0.199685662985));
#3046 = VECTOR('',#3047,1.);
#3047 = DIRECTION('',(-0.696293291136,0.714616404238,6.707493953177E-02)
  );
#3048 = PLANE('',#3049);
#3049 = AXIS2_PLACEMENT_3D('',#3050,#3051,#3052);
#3050 = CARTESIAN_POINT('',(3.131150073506,0.875,-0.196264290555));
#3051 = DIRECTION('',(-9.588756712592E-02,-0.,-0.995392171192));
#3052 = DIRECTION('',(-0.995392171192,0.,9.588756712592E-02));
#3053 = ADVANCED_FACE('',(#3054),#3071,.T.);
#3054 = FACE_BOUND('',#3055,.T.);
#3055 = EDGE_LOOP('',(#3056,#3064,#3065));
#3056 = ORIENTED_EDGE('',*,*,#3057,.T.);
#3057 = EDGE_CURVE('',#3058,#3036,#3060,.T.);
#3058 = VERTEX_POINT('',#3059);
#3059 = CARTESIAN_POINT('',(3.288461446762,0.875,-0.181906059384));
#3060 = LINE('',#3061,#3062);
#3061 = CARTESIAN_POINT('',(3.288461446762,0.875,-0.181906059384));
#3062 = VECTOR('',#3063,1.);
#3063 = DIRECTION('',(-0.694270822697,-0.712542108922,-0.101349729962));
#3064 = ORIENTED_EDGE('',*,*,#3035,.F.);
#3065 = ORIENTED_EDGE('',*,*,#3066,.T.);
#3066 = EDGE_CURVE('',#3026,#3058,#3067,.T.);
#3067 = LINE('',#3068,#3069);
#3068 = CARTESIAN_POINT('',(3.16666674614,1.,-0.199685662985));
#3069 = VECTOR('',#3070,1.);
#3070 = DIRECTION('',(0.694270822697,-0.712542108922,0.101349729962));
#3071 = PLANE('',#3072);
#3072 = AXIS2_PLACEMENT_3D('',#3073,#3074,#3075);
#3073 = CARTESIAN_POINT('',(3.202226368291,0.875,-0.194494665488));
#3074 = DIRECTION('',(0.144449102855,0.,-0.9895122317));
#3075 = DIRECTION('',(-0.9895122317,0.,-0.144449102855));
#3076 = ADVANCED_FACE('',(#3077),#3094,.T.);
#3077 = FACE_BOUND('',#3078,.T.);
#3078 = EDGE_LOOP('',(#3079,#3080,#3088));
#3079 = ORIENTED_EDGE('',*,*,#3066,.F.);
#3080 = ORIENTED_EDGE('',*,*,#3081,.T.);
#3081 = EDGE_CURVE('',#3026,#3082,#3084,.T.);
#3082 = VERTEX_POINT('',#3083);
#3083 = CARTESIAN_POINT('',(3.410256385803,1.,-0.164126455784));
#3084 = LINE('',#3085,#3086);
#3085 = CARTESIAN_POINT('',(3.16666674614,1.,-0.199685662985));
#3086 = VECTOR('',#3087,1.);
#3087 = DIRECTION('',(0.989512251909,0.,0.144448964423));
#3088 = ORIENTED_EDGE('',*,*,#3089,.T.);
#3089 = EDGE_CURVE('',#3082,#3058,#3090,.T.);
#3090 = LINE('',#3091,#3092);
#3091 = CARTESIAN_POINT('',(3.410256385803,1.,-0.164126455784));
#3092 = VECTOR('',#3093,1.);
#3093 = DIRECTION('',(-0.694271526676,-0.712541436596,-0.101349634333));
#3094 = PLANE('',#3095);
#3095 = AXIS2_PLACEMENT_3D('',#3096,#3097,#3098);
#3096 = CARTESIAN_POINT('',(3.288461547827,0.963270504527,-0.18190605692
    ));
#3097 = DIRECTION('',(0.144448964423,-1.377572673973E-07,-0.989512251909
    ));
#3098 = DIRECTION('',(-0.989512251909,3.517356574888E-24,-0.144448964423
    ));
#3099 = ADVANCED_FACE('',(#3100),#3117,.T.);
#3100 = FACE_BOUND('',#3101,.T.);
#3101 = EDGE_LOOP('',(#3102,#3103,#3111));
#3102 = ORIENTED_EDGE('',*,*,#3089,.F.);
#3103 = ORIENTED_EDGE('',*,*,#3104,.T.);
#3104 = EDGE_CURVE('',#3082,#3105,#3107,.T.);
#3105 = VERTEX_POINT('',#3106);
#3106 = CARTESIAN_POINT('',(3.410256385803,0.75,-0.164126455784));
#3107 = LINE('',#3108,#3109);
#3108 = CARTESIAN_POINT('',(3.410256385803,1.,-0.164126455784));
#3109 = VECTOR('',#3110,1.);
#3110 = DIRECTION('',(0.,-1.,0.));
#3111 = ORIENTED_EDGE('',*,*,#3112,.T.);
#3112 = EDGE_CURVE('',#3105,#3058,#3113,.T.);
#3113 = LINE('',#3114,#3115);
#3114 = CARTESIAN_POINT('',(3.410256385803,0.75,-0.164126455784));
#3115 = VECTOR('',#3116,1.);
#3116 = DIRECTION('',(-0.694271526676,0.712541436596,-0.101349634333));
#3117 = PLANE('',#3118);
#3118 = AXIS2_PLACEMENT_3D('',#3119,#3120,#3121);
#3119 = CARTESIAN_POINT('',(3.374696680082,0.875,-0.169317455318));
#3120 = DIRECTION('',(0.14444882599,0.,-0.989512272117));
#3121 = DIRECTION('',(-0.989512272117,0.,-0.14444882599));
#3122 = ADVANCED_FACE('',(#3123),#3133,.T.);
#3123 = FACE_BOUND('',#3124,.T.);
#3124 = EDGE_LOOP('',(#3125,#3126,#3132));
#3125 = ORIENTED_EDGE('',*,*,#3112,.F.);
#3126 = ORIENTED_EDGE('',*,*,#3127,.F.);
#3127 = EDGE_CURVE('',#3036,#3105,#3128,.T.);
#3128 = LINE('',#3129,#3130);
#3129 = CARTESIAN_POINT('',(3.16666674614,0.75,-0.199685662985));
#3130 = VECTOR('',#3131,1.);
#3131 = DIRECTION('',(0.989512251909,0.,0.144448964423));
#3132 = ORIENTED_EDGE('',*,*,#3057,.F.);
#3133 = PLANE('',#3134);
#3134 = AXIS2_PLACEMENT_3D('',#3135,#3136,#3137);
#3135 = CARTESIAN_POINT('',(3.288461547827,0.786729495473,-0.18190605692
    ));
#3136 = DIRECTION('',(0.144448964423,1.377572674037E-07,-0.989512251909)
  );
#3137 = DIRECTION('',(-0.989512251909,-1.02989316091E-24,-0.144448964423
    ));
#3138 = ADVANCED_FACE('',(#3139),#3163,.T.);
#3139 = FACE_BOUND('',#3140,.T.);
#3140 = EDGE_LOOP('',(#3141,#3149,#3157));
#3141 = ORIENTED_EDGE('',*,*,#3142,.F.);
#3142 = EDGE_CURVE('',#3036,#3143,#3145,.T.);
#3143 = VERTEX_POINT('',#3144);
#3144 = CARTESIAN_POINT('',(3.044871807098,0.625,-0.187952980399));
#3145 = LINE('',#3146,#3147);
#3146 = CARTESIAN_POINT('',(3.16666674614,0.75,-0.199685662985));
#3147 = VECTOR('',#3148,1.);
#3148 = DIRECTION('',(-0.696293291136,-0.714616404238,6.707493953177E-02
    ));
#3149 = ORIENTED_EDGE('',*,*,#3150,.T.);
#3150 = EDGE_CURVE('',#3036,#3151,#3153,.T.);
#3151 = VERTEX_POINT('',#3152);
#3152 = CARTESIAN_POINT('',(3.16666674614,0.5,-0.199685662985));
#3153 = LINE('',#3154,#3155);
#3154 = CARTESIAN_POINT('',(3.16666674614,0.75,-0.199685662985));
#3155 = VECTOR('',#3156,1.);
#3156 = DIRECTION('',(0.,-1.,0.));
#3157 = ORIENTED_EDGE('',*,*,#3158,.T.);
#3158 = EDGE_CURVE('',#3151,#3143,#3159,.T.);
#3159 = LINE('',#3160,#3161);
#3160 = CARTESIAN_POINT('',(3.16666674614,0.5,-0.199685662985));
#3161 = VECTOR('',#3162,1.);
#3162 = DIRECTION('',(-0.696293291136,0.714616404238,6.707493953177E-02)
  );
#3163 = PLANE('',#3164);
#3164 = AXIS2_PLACEMENT_3D('',#3165,#3166,#3167);
#3165 = CARTESIAN_POINT('',(3.131150073506,0.625,-0.196264290555));
#3166 = DIRECTION('',(-9.588756712592E-02,-0.,-0.995392171192));
#3167 = DIRECTION('',(-0.995392171192,0.,9.588756712592E-02));
#3168 = ADVANCED_FACE('',(#3169),#3186,.T.);
#3169 = FACE_BOUND('',#3170,.T.);
#3170 = EDGE_LOOP('',(#3171,#3179,#3180));
#3171 = ORIENTED_EDGE('',*,*,#3172,.T.);
#3172 = EDGE_CURVE('',#3173,#3151,#3175,.T.);
#3173 = VERTEX_POINT('',#3174);
#3174 = CARTESIAN_POINT('',(3.288461446762,0.625,-0.181906059384));
#3175 = LINE('',#3176,#3177);
#3176 = CARTESIAN_POINT('',(3.288461446762,0.625,-0.181906059384));
#3177 = VECTOR('',#3178,1.);
#3178 = DIRECTION('',(-0.694270822697,-0.712542108922,-0.101349729962));
#3179 = ORIENTED_EDGE('',*,*,#3150,.F.);
#3180 = ORIENTED_EDGE('',*,*,#3181,.T.);
#3181 = EDGE_CURVE('',#3036,#3173,#3182,.T.);
#3182 = LINE('',#3183,#3184);
#3183 = CARTESIAN_POINT('',(3.16666674614,0.75,-0.199685662985));
#3184 = VECTOR('',#3185,1.);
#3185 = DIRECTION('',(0.694270822697,-0.712542108922,0.101349729962));
#3186 = PLANE('',#3187);
#3187 = AXIS2_PLACEMENT_3D('',#3188,#3189,#3190);
#3188 = CARTESIAN_POINT('',(3.202226368291,0.625,-0.194494665488));
#3189 = DIRECTION('',(0.144449102855,0.,-0.9895122317));
#3190 = DIRECTION('',(-0.9895122317,0.,-0.144449102855));
#3191 = ADVANCED_FACE('',(#3192),#3202,.T.);
#3192 = FACE_BOUND('',#3193,.T.);
#3193 = EDGE_LOOP('',(#3194,#3195,#3196));
#3194 = ORIENTED_EDGE('',*,*,#3181,.F.);
#3195 = ORIENTED_EDGE('',*,*,#3127,.T.);
#3196 = ORIENTED_EDGE('',*,*,#3197,.T.);
#3197 = EDGE_CURVE('',#3105,#3173,#3198,.T.);
#3198 = LINE('',#3199,#3200);
#3199 = CARTESIAN_POINT('',(3.410256385803,0.75,-0.164126455784));
#3200 = VECTOR('',#3201,1.);
#3201 = DIRECTION('',(-0.694271526676,-0.712541436596,-0.101349634333));
#3202 = PLANE('',#3203);
#3203 = AXIS2_PLACEMENT_3D('',#3204,#3205,#3206);
#3204 = CARTESIAN_POINT('',(3.288461547827,0.713270504527,-0.18190605692
    ));
#3205 = DIRECTION('',(0.144448964423,-1.377572674112E-07,-0.989512251909
    ));
#3206 = DIRECTION('',(-0.989512251909,2.886739794254E-24,-0.144448964423
    ));
#3207 = ADVANCED_FACE('',(#3208),#3225,.T.);
#3208 = FACE_BOUND('',#3209,.T.);
#3209 = EDGE_LOOP('',(#3210,#3211,#3219));
#3210 = ORIENTED_EDGE('',*,*,#3197,.F.);
#3211 = ORIENTED_EDGE('',*,*,#3212,.T.);
#3212 = EDGE_CURVE('',#3105,#3213,#3215,.T.);
#3213 = VERTEX_POINT('',#3214);
#3214 = CARTESIAN_POINT('',(3.410256385803,0.5,-0.164126455784));
#3215 = LINE('',#3216,#3217);
#3216 = CARTESIAN_POINT('',(3.410256385803,0.75,-0.164126455784));
#3217 = VECTOR('',#3218,1.);
#3218 = DIRECTION('',(0.,-1.,0.));
#3219 = ORIENTED_EDGE('',*,*,#3220,.T.);
#3220 = EDGE_CURVE('',#3213,#3173,#3221,.T.);
#3221 = LINE('',#3222,#3223);
#3222 = CARTESIAN_POINT('',(3.410256385803,0.5,-0.164126455784));
#3223 = VECTOR('',#3224,1.);
#3224 = DIRECTION('',(-0.694271526676,0.712541436596,-0.101349634333));
#3225 = PLANE('',#3226);
#3226 = AXIS2_PLACEMENT_3D('',#3227,#3228,#3229);
#3227 = CARTESIAN_POINT('',(3.374696680082,0.625,-0.169317455318));
#3228 = DIRECTION('',(0.14444882599,0.,-0.989512272117));
#3229 = DIRECTION('',(-0.989512272117,0.,-0.14444882599));
#3230 = ADVANCED_FACE('',(#3231),#3241,.T.);
#3231 = FACE_BOUND('',#3232,.T.);
#3232 = EDGE_LOOP('',(#3233,#3234,#3240));
#3233 = ORIENTED_EDGE('',*,*,#3220,.F.);
#3234 = ORIENTED_EDGE('',*,*,#3235,.F.);
#3235 = EDGE_CURVE('',#3151,#3213,#3236,.T.);
#3236 = LINE('',#3237,#3238);
#3237 = CARTESIAN_POINT('',(3.16666674614,0.5,-0.199685662985));
#3238 = VECTOR('',#3239,1.);
#3239 = DIRECTION('',(0.989512251909,0.,0.144448964423));
#3240 = ORIENTED_EDGE('',*,*,#3172,.F.);
#3241 = PLANE('',#3242);
#3242 = AXIS2_PLACEMENT_3D('',#3243,#3244,#3245);
#3243 = CARTESIAN_POINT('',(3.288461547827,0.536729495473,-0.18190605692
    ));
#3244 = DIRECTION('',(0.144448964423,1.377572674034E-07,-0.989512251909)
  );
#3245 = DIRECTION('',(-0.989512251909,-1.164718542342E-24,
    -0.144448964423));
#3246 = ADVANCED_FACE('',(#3247),#3271,.T.);
#3247 = FACE_BOUND('',#3248,.T.);
#3248 = EDGE_LOOP('',(#3249,#3257,#3265));
#3249 = ORIENTED_EDGE('',*,*,#3250,.F.);
#3250 = EDGE_CURVE('',#3151,#3251,#3253,.T.);
#3251 = VERTEX_POINT('',#3252);
#3252 = CARTESIAN_POINT('',(3.044871807098,0.375,-0.187952980399));
#3253 = LINE('',#3254,#3255);
#3254 = CARTESIAN_POINT('',(3.16666674614,0.5,-0.199685662985));
#3255 = VECTOR('',#3256,1.);
#3256 = DIRECTION('',(-0.696293291136,-0.714616404238,6.707493953177E-02
    ));
#3257 = ORIENTED_EDGE('',*,*,#3258,.T.);
#3258 = EDGE_CURVE('',#3151,#3259,#3261,.T.);
#3259 = VERTEX_POINT('',#3260);
#3260 = CARTESIAN_POINT('',(3.16666674614,0.25,-0.199685662985));
#3261 = LINE('',#3262,#3263);
#3262 = CARTESIAN_POINT('',(3.16666674614,0.5,-0.199685662985));
#3263 = VECTOR('',#3264,1.);
#3264 = DIRECTION('',(0.,-1.,0.));
#3265 = ORIENTED_EDGE('',*,*,#3266,.T.);
#3266 = EDGE_CURVE('',#3259,#3251,#3267,.T.);
#3267 = LINE('',#3268,#3269);
#3268 = CARTESIAN_POINT('',(3.16666674614,0.25,-0.199685662985));
#3269 = VECTOR('',#3270,1.);
#3270 = DIRECTION('',(-0.696293291136,0.714616404238,6.707493953177E-02)
  );
#3271 = PLANE('',#3272);
#3272 = AXIS2_PLACEMENT_3D('',#3273,#3274,#3275);
#3273 = CARTESIAN_POINT('',(3.131150073506,0.375,-0.196264290555));
#3274 = DIRECTION('',(-9.588756712592E-02,-0.,-0.995392171192));
#3275 = DIRECTION('',(-0.995392171192,0.,9.588756712592E-02));
#3276 = ADVANCED_FACE('',(#3277),#3294,.T.);
#3277 = FACE_BOUND('',#3278,.T.);
#3278 = EDGE_LOOP('',(#3279,#3287,#3288));
#3279 = ORIENTED_EDGE('',*,*,#3280,.T.);
#3280 = EDGE_CURVE('',#3281,#3259,#3283,.T.);
#3281 = VERTEX_POINT('',#3282);
#3282 = CARTESIAN_POINT('',(3.288461446762,0.375,-0.181906059384));
#3283 = LINE('',#3284,#3285);
#3284 = CARTESIAN_POINT('',(3.288461446762,0.375,-0.181906059384));
#3285 = VECTOR('',#3286,1.);
#3286 = DIRECTION('',(-0.694270822697,-0.712542108922,-0.101349729962));
#3287 = ORIENTED_EDGE('',*,*,#3258,.F.);
#3288 = ORIENTED_EDGE('',*,*,#3289,.T.);
#3289 = EDGE_CURVE('',#3151,#3281,#3290,.T.);
#3290 = LINE('',#3291,#3292);
#3291 = CARTESIAN_POINT('',(3.16666674614,0.5,-0.199685662985));
#3292 = VECTOR('',#3293,1.);
#3293 = DIRECTION('',(0.694270822697,-0.712542108922,0.101349729962));
#3294 = PLANE('',#3295);
#3295 = AXIS2_PLACEMENT_3D('',#3296,#3297,#3298);
#3296 = CARTESIAN_POINT('',(3.202226368291,0.375,-0.194494665488));
#3297 = DIRECTION('',(0.144449102855,0.,-0.9895122317));
#3298 = DIRECTION('',(-0.9895122317,0.,-0.144449102855));
#3299 = ADVANCED_FACE('',(#3300),#3310,.T.);
#3300 = FACE_BOUND('',#3301,.T.);
#3301 = EDGE_LOOP('',(#3302,#3303,#3304));
#3302 = ORIENTED_EDGE('',*,*,#3289,.F.);
#3303 = ORIENTED_EDGE('',*,*,#3235,.T.);
#3304 = ORIENTED_EDGE('',*,*,#3305,.T.);
#3305 = EDGE_CURVE('',#3213,#3281,#3306,.T.);
#3306 = LINE('',#3307,#3308);
#3307 = CARTESIAN_POINT('',(3.410256385803,0.5,-0.164126455784));
#3308 = VECTOR('',#3309,1.);
#3309 = DIRECTION('',(-0.694271526676,-0.712541436596,-0.101349634333));
#3310 = PLANE('',#3311);
#3311 = AXIS2_PLACEMENT_3D('',#3312,#3313,#3314);
#3312 = CARTESIAN_POINT('',(3.288461547827,0.463270504527,-0.18190605692
    ));
#3313 = DIRECTION('',(0.144448964423,-1.377572674054E-07,-0.989512251909
    ));
#3314 = DIRECTION('',(-0.989512251909,1.126054907496E-24,-0.144448964423
    ));
#3315 = ADVANCED_FACE('',(#3316),#3333,.T.);
#3316 = FACE_BOUND('',#3317,.T.);
#3317 = EDGE_LOOP('',(#3318,#3319,#3327));
#3318 = ORIENTED_EDGE('',*,*,#3305,.F.);
#3319 = ORIENTED_EDGE('',*,*,#3320,.T.);
#3320 = EDGE_CURVE('',#3213,#3321,#3323,.T.);
#3321 = VERTEX_POINT('',#3322);
#3322 = CARTESIAN_POINT('',(3.410256385803,0.25,-0.164126455784));
#3323 = LINE('',#3324,#3325);
#3324 = CARTESIAN_POINT('',(3.410256385803,0.5,-0.164126455784));
#3325 = VECTOR('',#3326,1.);
#3326 = DIRECTION('',(0.,-1.,0.));
#3327 = ORIENTED_EDGE('',*,*,#3328,.T.);
#3328 = EDGE_CURVE('',#3321,#3281,#3329,.T.);
#3329 = LINE('',#3330,#3331);
#3330 = CARTESIAN_POINT('',(3.410256385803,0.25,-0.164126455784));
#3331 = VECTOR('',#3332,1.);
#3332 = DIRECTION('',(-0.694271526676,0.712541436596,-0.101349634333));
#3333 = PLANE('',#3334);
#3334 = AXIS2_PLACEMENT_3D('',#3335,#3336,#3337);
#3335 = CARTESIAN_POINT('',(3.374696680082,0.375,-0.169317455318));
#3336 = DIRECTION('',(0.14444882599,0.,-0.989512272117));
#3337 = DIRECTION('',(-0.989512272117,0.,-0.14444882599));
#3338 = ADVANCED_FACE('',(#3339),#3349,.T.);
#3339 = FACE_BOUND('',#3340,.T.);
#3340 = EDGE_LOOP('',(#3341,#3342,#3348));
#3341 = ORIENTED_EDGE('',*,*,#3328,.F.);
#3342 = ORIENTED_EDGE('',*,*,#3343,.F.);
#3343 = EDGE_CURVE('',#3259,#3321,#3344,.T.);
#3344 = LINE('',#3345,#3346);
#3345 = CARTESIAN_POINT('',(3.16666674614,0.25,-0.199685662985));
#3346 = VECTOR('',#3347,1.);
#3347 = DIRECTION('',(0.989512251909,0.,0.144448964423));
#3348 = ORIENTED_EDGE('',*,*,#3280,.F.);
#3349 = PLANE('',#3350);
#3350 = AXIS2_PLACEMENT_3D('',#3351,#3352,#3353);
#3351 = CARTESIAN_POINT('',(3.288461547827,0.286729495473,-0.18190605692
    ));
#3352 = DIRECTION('',(0.144448964423,1.377572673982E-07,-0.989512251909)
  );
#3353 = DIRECTION('',(-0.989512251909,-2.349457384221E-24,
    -0.144448964423));
#3354 = ADVANCED_FACE('',(#3355),#3377,.T.);
#3355 = FACE_BOUND('',#3356,.T.);
#3356 = EDGE_LOOP('',(#3357,#3365,#3371));
#3357 = ORIENTED_EDGE('',*,*,#3358,.F.);
#3358 = EDGE_CURVE('',#3259,#3359,#3361,.T.);
#3359 = VERTEX_POINT('',#3360);
#3360 = CARTESIAN_POINT('',(3.044871807098,0.125,-0.187952980399));
#3361 = LINE('',#3362,#3363);
#3362 = CARTESIAN_POINT('',(3.16666674614,0.25,-0.199685662985));
#3363 = VECTOR('',#3364,1.);
#3364 = DIRECTION('',(-0.696293291136,-0.714616404238,6.707493953177E-02
    ));
#3365 = ORIENTED_EDGE('',*,*,#3366,.T.);
#3366 = EDGE_CURVE('',#3259,#460,#3367,.T.);
#3367 = LINE('',#3368,#3369);
#3368 = CARTESIAN_POINT('',(3.16666674614,0.25,-0.199685662985));
#3369 = VECTOR('',#3370,1.);
#3370 = DIRECTION('',(0.,-1.,0.));
#3371 = ORIENTED_EDGE('',*,*,#3372,.T.);
#3372 = EDGE_CURVE('',#460,#3359,#3373,.T.);
#3373 = LINE('',#3374,#3375);
#3374 = CARTESIAN_POINT('',(3.16666674614,0.,-0.199685662985));
#3375 = VECTOR('',#3376,1.);
#3376 = DIRECTION('',(-0.696293291136,0.714616404238,6.707493953177E-02)
  );
#3377 = PLANE('',#3378);
#3378 = AXIS2_PLACEMENT_3D('',#3379,#3380,#3381);
#3379 = CARTESIAN_POINT('',(3.131150073506,0.125,-0.196264290555));
#3380 = DIRECTION('',(-9.588756712592E-02,-0.,-0.995392171192));
#3381 = DIRECTION('',(-0.995392171192,0.,9.588756712592E-02));
#3382 = ADVANCED_FACE('',(#3383),#3400,.T.);
#3383 = FACE_BOUND('',#3384,.T.);
#3384 = EDGE_LOOP('',(#3385,#3393,#3394));
#3385 = ORIENTED_EDGE('',*,*,#3386,.T.);
#3386 = EDGE_CURVE('',#3387,#460,#3389,.T.);
#3387 = VERTEX_POINT('',#3388);
#3388 = CARTESIAN_POINT('',(3.288461446762,0.125,-0.181906059384));
#3389 = LINE('',#3390,#3391);
#3390 = CARTESIAN_POINT('',(3.288461446762,0.125,-0.181906059384));
#3391 = VECTOR('',#3392,1.);
#3392 = DIRECTION('',(-0.694270822697,-0.712542108922,-0.101349729962));
#3393 = ORIENTED_EDGE('',*,*,#3366,.F.);
#3394 = ORIENTED_EDGE('',*,*,#3395,.T.);
#3395 = EDGE_CURVE('',#3259,#3387,#3396,.T.);
#3396 = LINE('',#3397,#3398);
#3397 = CARTESIAN_POINT('',(3.16666674614,0.25,-0.199685662985));
#3398 = VECTOR('',#3399,1.);
#3399 = DIRECTION('',(0.694270822697,-0.712542108922,0.101349729962));
#3400 = PLANE('',#3401);
#3401 = AXIS2_PLACEMENT_3D('',#3402,#3403,#3404);
#3402 = CARTESIAN_POINT('',(3.202226368291,0.125,-0.194494665488));
#3403 = DIRECTION('',(0.144449102855,0.,-0.9895122317));
#3404 = DIRECTION('',(-0.9895122317,0.,-0.144449102855));
#3405 = ADVANCED_FACE('',(#3406),#3416,.T.);
#3406 = FACE_BOUND('',#3407,.T.);
#3407 = EDGE_LOOP('',(#3408,#3409,#3410));
#3408 = ORIENTED_EDGE('',*,*,#3395,.F.);
#3409 = ORIENTED_EDGE('',*,*,#3343,.T.);
#3410 = ORIENTED_EDGE('',*,*,#3411,.T.);
#3411 = EDGE_CURVE('',#3321,#3387,#3412,.T.);
#3412 = LINE('',#3413,#3414);
#3413 = CARTESIAN_POINT('',(3.410256385803,0.25,-0.164126455784));
#3414 = VECTOR('',#3415,1.);
#3415 = DIRECTION('',(-0.694271526676,-0.712541436596,-0.101349634333));
#3416 = PLANE('',#3417);
#3417 = AXIS2_PLACEMENT_3D('',#3418,#3419,#3420);
#3418 = CARTESIAN_POINT('',(3.288461547827,0.213270504527,-0.18190605692
    ));
#3419 = DIRECTION('',(0.144448964423,-1.377572674054E-07,-0.989512251909
    ));
#3420 = DIRECTION('',(-0.989512251909,1.126054907496E-24,-0.144448964423
    ));
#3421 = ADVANCED_FACE('',(#3422),#3437,.T.);
#3422 = FACE_BOUND('',#3423,.T.);
#3423 = EDGE_LOOP('',(#3424,#3425,#3431));
#3424 = ORIENTED_EDGE('',*,*,#3411,.F.);
#3425 = ORIENTED_EDGE('',*,*,#3426,.T.);
#3426 = EDGE_CURVE('',#3321,#468,#3427,.T.);
#3427 = LINE('',#3428,#3429);
#3428 = CARTESIAN_POINT('',(3.410256385803,0.25,-0.164126455784));
#3429 = VECTOR('',#3430,1.);
#3430 = DIRECTION('',(0.,-1.,0.));
#3431 = ORIENTED_EDGE('',*,*,#3432,.T.);
#3432 = EDGE_CURVE('',#468,#3387,#3433,.T.);
#3433 = LINE('',#3434,#3435);
#3434 = CARTESIAN_POINT('',(3.410256385803,0.,-0.164126455784));
#3435 = VECTOR('',#3436,1.);
#3436 = DIRECTION('',(-0.694271526676,0.712541436596,-0.101349634333));
#3437 = PLANE('',#3438);
#3438 = AXIS2_PLACEMENT_3D('',#3439,#3440,#3441);
#3439 = CARTESIAN_POINT('',(3.374696680082,0.125,-0.169317455318));
#3440 = DIRECTION('',(0.14444882599,0.,-0.989512272117));
#3441 = DIRECTION('',(-0.989512272117,0.,-0.14444882599));
#3442 = ADVANCED_FACE('',(#3443),#3448,.T.);
#3443 = FACE_BOUND('',#3444,.T.);
#3444 = EDGE_LOOP('',(#3445,#3446,#3447));
#3445 = ORIENTED_EDGE('',*,*,#3432,.F.);
#3446 = ORIENTED_EDGE('',*,*,#467,.T.);
#3447 = ORIENTED_EDGE('',*,*,#3386,.F.);
#3448 = PLANE('',#3449);
#3449 = AXIS2_PLACEMENT_3D('',#3450,#3451,#3452);
#3450 = CARTESIAN_POINT('',(3.288461547827,3.672949547278E-02,
    -0.18190605692));
#3451 = DIRECTION('',(0.144448964423,1.377572674046E-07,-0.989512251909)
  );
#3452 = DIRECTION('',(-0.989512251909,-2.269708234577E-24,
    -0.144448964423));
#3453 = ADVANCED_FACE('',(#3454),#3480,.T.);
#3454 = FACE_BOUND('',#3455,.T.);
#3455 = EDGE_LOOP('',(#3456,#3466,#3474));
#3456 = ORIENTED_EDGE('',*,*,#3457,.T.);
#3457 = EDGE_CURVE('',#3458,#3460,#3462,.T.);
#3458 = VERTEX_POINT('',#3459);
#3459 = CARTESIAN_POINT('',(3.775640964508,0.875,3.321980475448E-04));
#3460 = VERTEX_POINT('',#3461);
#3461 = CARTESIAN_POINT('',(3.653846263885,0.75,-7.164218276739E-02));
#3462 = LINE('',#3463,#3464);
#3463 = CARTESIAN_POINT('',(3.775640964508,0.875,3.321980475448E-04));
#3464 = VECTOR('',#3465,1.);
#3465 = DIRECTION('',(-0.645154973578,-0.662133666613,-0.38125328537));
#3466 = ORIENTED_EDGE('',*,*,#3467,.F.);
#3467 = EDGE_CURVE('',#3468,#3460,#3470,.T.);
#3468 = VERTEX_POINT('',#3469);
#3469 = CARTESIAN_POINT('',(3.653846263885,1.,-7.164218276739E-02));
#3470 = LINE('',#3471,#3472);
#3471 = CARTESIAN_POINT('',(3.653846263885,1.,-7.164218276739E-02));
#3472 = VECTOR('',#3473,1.);
#3473 = DIRECTION('',(0.,-1.,0.));
#3474 = ORIENTED_EDGE('',*,*,#3475,.T.);
#3475 = EDGE_CURVE('',#3468,#3458,#3476,.T.);
#3476 = LINE('',#3477,#3478);
#3477 = CARTESIAN_POINT('',(3.653846263885,1.,-7.164218276739E-02));
#3478 = VECTOR('',#3479,1.);
#3479 = DIRECTION('',(0.645154973578,-0.662133666613,0.38125328537));
#3480 = PLANE('',#3481);
#3481 = AXIS2_PLACEMENT_3D('',#3482,#3483,#3484);
#3482 = CARTESIAN_POINT('',(3.690484322265,0.875,-4.999098158524E-02));
#3483 = DIRECTION('',(0.508754381295,0.,-0.860911714122));
#3484 = DIRECTION('',(-0.860911714122,0.,-0.508754381295));
#3485 = ADVANCED_FACE('',(#3486),#3503,.T.);
#3486 = FACE_BOUND('',#3487,.T.);
#3487 = EDGE_LOOP('',(#3488,#3489,#3497));
#3488 = ORIENTED_EDGE('',*,*,#3475,.F.);
#3489 = ORIENTED_EDGE('',*,*,#3490,.T.);
#3490 = EDGE_CURVE('',#3468,#3491,#3493,.T.);
#3491 = VERTEX_POINT('',#3492);
#3492 = CARTESIAN_POINT('',(3.897435903549,1.,7.230658084154E-02));
#3493 = LINE('',#3494,#3495);
#3494 = CARTESIAN_POINT('',(3.653846263885,1.,-7.164218276739E-02));
#3495 = VECTOR('',#3496,1.);
#3496 = DIRECTION('',(0.860911929159,0.,0.508754017411));
#3497 = ORIENTED_EDGE('',*,*,#3498,.T.);
#3498 = EDGE_CURVE('',#3491,#3458,#3499,.T.);
#3499 = LINE('',#3500,#3501);
#3500 = CARTESIAN_POINT('',(3.897435903549,1.,7.230658084154E-02));
#3501 = VECTOR('',#3502,1.);
#3502 = DIRECTION('',(-0.64515570826,-0.662133124474,-0.381252983692));
#3503 = PLANE('',#3504);
#3504 = AXIS2_PLACEMENT_3D('',#3505,#3506,#3507);
#3505 = CARTESIAN_POINT('',(3.775641063897,0.964273179133,
    3.322071759056E-04));
#3506 = DIRECTION('',(0.508754017411,-4.783704526832E-07,-0.860911929159
    ));
#3507 = DIRECTION('',(-0.860911929159,2.210046085251E-23,-0.508754017411
    ));
#3508 = ADVANCED_FACE('',(#3509),#3526,.T.);
#3509 = FACE_BOUND('',#3510,.T.);
#3510 = EDGE_LOOP('',(#3511,#3512,#3520));
#3511 = ORIENTED_EDGE('',*,*,#3498,.F.);
#3512 = ORIENTED_EDGE('',*,*,#3513,.T.);
#3513 = EDGE_CURVE('',#3491,#3514,#3516,.T.);
#3514 = VERTEX_POINT('',#3515);
#3515 = CARTESIAN_POINT('',(3.897435903549,0.75,7.230658084154E-02));
#3516 = LINE('',#3517,#3518);
#3517 = CARTESIAN_POINT('',(3.897435903549,1.,7.230658084154E-02));
#3518 = VECTOR('',#3519,1.);
#3519 = DIRECTION('',(0.,-1.,0.));
#3520 = ORIENTED_EDGE('',*,*,#3521,.T.);
#3521 = EDGE_CURVE('',#3514,#3458,#3522,.T.);
#3522 = LINE('',#3523,#3524);
#3523 = CARTESIAN_POINT('',(3.897435903549,0.75,7.230658084154E-02));
#3524 = VECTOR('',#3525,1.);
#3525 = DIRECTION('',(-0.64515570826,0.662133124474,-0.381252983692));
#3526 = PLANE('',#3527);
#3527 = AXIS2_PLACEMENT_3D('',#3528,#3529,#3530);
#3528 = CARTESIAN_POINT('',(3.860797761499,0.875,5.065537200207E-02));
#3529 = DIRECTION('',(0.508753653527,0.,-0.860912144195));
#3530 = DIRECTION('',(-0.860912144195,0.,-0.508753653527));
#3531 = ADVANCED_FACE('',(#3532),#3542,.T.);
#3532 = FACE_BOUND('',#3533,.T.);
#3533 = EDGE_LOOP('',(#3534,#3535,#3541));
#3534 = ORIENTED_EDGE('',*,*,#3521,.F.);
#3535 = ORIENTED_EDGE('',*,*,#3536,.F.);
#3536 = EDGE_CURVE('',#3460,#3514,#3537,.T.);
#3537 = LINE('',#3538,#3539);
#3538 = CARTESIAN_POINT('',(3.653846263885,0.75,-7.164218276739E-02));
#3539 = VECTOR('',#3540,1.);
#3540 = DIRECTION('',(0.860911929159,0.,0.508754017411));
#3541 = ORIENTED_EDGE('',*,*,#3457,.F.);
#3542 = PLANE('',#3543);
#3543 = AXIS2_PLACEMENT_3D('',#3544,#3545,#3546);
#3544 = CARTESIAN_POINT('',(3.775641063897,0.785726820867,
    3.322071759056E-04));
#3545 = DIRECTION('',(0.508754017411,4.783704526596E-07,-0.860911929159)
  );
#3546 = DIRECTION('',(-0.860911929159,-1.723312261432E-23,
    -0.508754017411));
#3547 = ADVANCED_FACE('',(#3548),#3572,.T.);
#3548 = FACE_BOUND('',#3549,.T.);
#3549 = EDGE_LOOP('',(#3550,#3560,#3566));
#3550 = ORIENTED_EDGE('',*,*,#3551,.T.);
#3551 = EDGE_CURVE('',#3552,#3554,#3556,.T.);
#3552 = VERTEX_POINT('',#3553);
#3553 = CARTESIAN_POINT('',(3.775640964508,0.625,3.321980475448E-04));
#3554 = VERTEX_POINT('',#3555);
#3555 = CARTESIAN_POINT('',(3.653846263885,0.5,-7.164218276739E-02));
#3556 = LINE('',#3557,#3558);
#3557 = CARTESIAN_POINT('',(3.775640964508,0.625,3.321980475448E-04));
#3558 = VECTOR('',#3559,1.);
#3559 = DIRECTION('',(-0.645154973578,-0.662133666613,-0.38125328537));
#3560 = ORIENTED_EDGE('',*,*,#3561,.F.);
#3561 = EDGE_CURVE('',#3460,#3554,#3562,.T.);
#3562 = LINE('',#3563,#3564);
#3563 = CARTESIAN_POINT('',(3.653846263885,0.75,-7.164218276739E-02));
#3564 = VECTOR('',#3565,1.);
#3565 = DIRECTION('',(0.,-1.,0.));
#3566 = ORIENTED_EDGE('',*,*,#3567,.T.);
#3567 = EDGE_CURVE('',#3460,#3552,#3568,.T.);
#3568 = LINE('',#3569,#3570);
#3569 = CARTESIAN_POINT('',(3.653846263885,0.75,-7.164218276739E-02));
#3570 = VECTOR('',#3571,1.);
#3571 = DIRECTION('',(0.645154973578,-0.662133666613,0.38125328537));
#3572 = PLANE('',#3573);
#3573 = AXIS2_PLACEMENT_3D('',#3574,#3575,#3576);
#3574 = CARTESIAN_POINT('',(3.690484322265,0.625,-4.999098158524E-02));
#3575 = DIRECTION('',(0.508754381295,0.,-0.860911714122));
#3576 = DIRECTION('',(-0.860911714122,0.,-0.508754381295));
#3577 = ADVANCED_FACE('',(#3578),#3588,.T.);
#3578 = FACE_BOUND('',#3579,.T.);
#3579 = EDGE_LOOP('',(#3580,#3581,#3582));
#3580 = ORIENTED_EDGE('',*,*,#3567,.F.);
#3581 = ORIENTED_EDGE('',*,*,#3536,.T.);
#3582 = ORIENTED_EDGE('',*,*,#3583,.T.);
#3583 = EDGE_CURVE('',#3514,#3552,#3584,.T.);
#3584 = LINE('',#3585,#3586);
#3585 = CARTESIAN_POINT('',(3.897435903549,0.75,7.230658084154E-02));
#3586 = VECTOR('',#3587,1.);
#3587 = DIRECTION('',(-0.64515570826,-0.662133124474,-0.381252983692));
#3588 = PLANE('',#3589);
#3589 = AXIS2_PLACEMENT_3D('',#3590,#3591,#3592);
#3590 = CARTESIAN_POINT('',(3.775641063897,0.714273179133,
    3.322071759056E-04));
#3591 = DIRECTION('',(0.508754017411,-4.783704526928E-07,-0.860911929159
    ));
#3592 = DIRECTION('',(-0.860911929159,-1.879992031779E-23,
    -0.508754017411));
#3593 = ADVANCED_FACE('',(#3594),#3611,.T.);
#3594 = FACE_BOUND('',#3595,.T.);
#3595 = EDGE_LOOP('',(#3596,#3597,#3605));
#3596 = ORIENTED_EDGE('',*,*,#3583,.F.);
#3597 = ORIENTED_EDGE('',*,*,#3598,.T.);
#3598 = EDGE_CURVE('',#3514,#3599,#3601,.T.);
#3599 = VERTEX_POINT('',#3600);
#3600 = CARTESIAN_POINT('',(3.897435903549,0.5,7.230658084154E-02));
#3601 = LINE('',#3602,#3603);
#3602 = CARTESIAN_POINT('',(3.897435903549,0.75,7.230658084154E-02));
#3603 = VECTOR('',#3604,1.);
#3604 = DIRECTION('',(0.,-1.,0.));
#3605 = ORIENTED_EDGE('',*,*,#3606,.T.);
#3606 = EDGE_CURVE('',#3599,#3552,#3607,.T.);
#3607 = LINE('',#3608,#3609);
#3608 = CARTESIAN_POINT('',(3.897435903549,0.5,7.230658084154E-02));
#3609 = VECTOR('',#3610,1.);
#3610 = DIRECTION('',(-0.64515570826,0.662133124474,-0.381252983692));
#3611 = PLANE('',#3612);
#3612 = AXIS2_PLACEMENT_3D('',#3613,#3614,#3615);
#3613 = CARTESIAN_POINT('',(3.860797761499,0.625,5.065537200207E-02));
#3614 = DIRECTION('',(0.508753653527,0.,-0.860912144195));
#3615 = DIRECTION('',(-0.860912144195,0.,-0.508753653527));
#3616 = ADVANCED_FACE('',(#3617),#3627,.T.);
#3617 = FACE_BOUND('',#3618,.T.);
#3618 = EDGE_LOOP('',(#3619,#3620,#3626));
#3619 = ORIENTED_EDGE('',*,*,#3606,.F.);
#3620 = ORIENTED_EDGE('',*,*,#3621,.F.);
#3621 = EDGE_CURVE('',#3554,#3599,#3622,.T.);
#3622 = LINE('',#3623,#3624);
#3623 = CARTESIAN_POINT('',(3.653846263885,0.5,-7.164218276739E-02));
#3624 = VECTOR('',#3625,1.);
#3625 = DIRECTION('',(0.860911929159,0.,0.508754017411));
#3626 = ORIENTED_EDGE('',*,*,#3551,.F.);
#3627 = PLANE('',#3628);
#3628 = AXIS2_PLACEMENT_3D('',#3629,#3630,#3631);
#3629 = CARTESIAN_POINT('',(3.775641063897,0.535726820867,
    3.322071759056E-04));
#3630 = DIRECTION('',(0.508754017411,4.783704526596E-07,-0.860911929159)
  );
#3631 = DIRECTION('',(-0.860911929159,-1.723312261432E-23,
    -0.508754017411));
#3632 = ADVANCED_FACE('',(#3633),#3657,.T.);
#3633 = FACE_BOUND('',#3634,.T.);
#3634 = EDGE_LOOP('',(#3635,#3645,#3651));
#3635 = ORIENTED_EDGE('',*,*,#3636,.T.);
#3636 = EDGE_CURVE('',#3637,#3639,#3641,.T.);
#3637 = VERTEX_POINT('',#3638);
#3638 = CARTESIAN_POINT('',(3.775640964508,0.375,3.321980475448E-04));
#3639 = VERTEX_POINT('',#3640);
#3640 = CARTESIAN_POINT('',(3.653846263885,0.25,-7.164218276739E-02));
#3641 = LINE('',#3642,#3643);
#3642 = CARTESIAN_POINT('',(3.775640964508,0.375,3.321980475448E-04));
#3643 = VECTOR('',#3644,1.);
#3644 = DIRECTION('',(-0.645154973578,-0.662133666613,-0.38125328537));
#3645 = ORIENTED_EDGE('',*,*,#3646,.F.);
#3646 = EDGE_CURVE('',#3554,#3639,#3647,.T.);
#3647 = LINE('',#3648,#3649);
#3648 = CARTESIAN_POINT('',(3.653846263885,0.5,-7.164218276739E-02));
#3649 = VECTOR('',#3650,1.);
#3650 = DIRECTION('',(0.,-1.,0.));
#3651 = ORIENTED_EDGE('',*,*,#3652,.T.);
#3652 = EDGE_CURVE('',#3554,#3637,#3653,.T.);
#3653 = LINE('',#3654,#3655);
#3654 = CARTESIAN_POINT('',(3.653846263885,0.5,-7.164218276739E-02));
#3655 = VECTOR('',#3656,1.);
#3656 = DIRECTION('',(0.645154973578,-0.662133666613,0.38125328537));
#3657 = PLANE('',#3658);
#3658 = AXIS2_PLACEMENT_3D('',#3659,#3660,#3661);
#3659 = CARTESIAN_POINT('',(3.690484322265,0.375,-4.999098158524E-02));
#3660 = DIRECTION('',(0.508754381295,0.,-0.860911714122));
#3661 = DIRECTION('',(-0.860911714122,0.,-0.508754381295));
#3662 = ADVANCED_FACE('',(#3663),#3673,.T.);
#3663 = FACE_BOUND('',#3664,.T.);
#3664 = EDGE_LOOP('',(#3665,#3666,#3667));
#3665 = ORIENTED_EDGE('',*,*,#3652,.F.);
#3666 = ORIENTED_EDGE('',*,*,#3621,.T.);
#3667 = ORIENTED_EDGE('',*,*,#3668,.T.);
#3668 = EDGE_CURVE('',#3599,#3637,#3669,.T.);
#3669 = LINE('',#3670,#3671);
#3670 = CARTESIAN_POINT('',(3.897435903549,0.5,7.230658084154E-02));
#3671 = VECTOR('',#3672,1.);
#3672 = DIRECTION('',(-0.64515570826,-0.662133124474,-0.381252983692));
#3673 = PLANE('',#3674);
#3674 = AXIS2_PLACEMENT_3D('',#3675,#3676,#3677);
#3675 = CARTESIAN_POINT('',(3.775641063897,0.464273179133,
    3.322071759056E-04));
#3676 = DIRECTION('',(0.508754017411,-4.783704526585E-07,-0.860911929159
    ));
#3677 = DIRECTION('',(-0.860911929159,-1.042722317726E-23,
    -0.508754017411));
#3678 = ADVANCED_FACE('',(#3679),#3696,.T.);
#3679 = FACE_BOUND('',#3680,.T.);
#3680 = EDGE_LOOP('',(#3681,#3682,#3690));
#3681 = ORIENTED_EDGE('',*,*,#3668,.F.);
#3682 = ORIENTED_EDGE('',*,*,#3683,.T.);
#3683 = EDGE_CURVE('',#3599,#3684,#3686,.T.);
#3684 = VERTEX_POINT('',#3685);
#3685 = CARTESIAN_POINT('',(3.897435903549,0.25,7.230658084154E-02));
#3686 = LINE('',#3687,#3688);
#3687 = CARTESIAN_POINT('',(3.897435903549,0.5,7.230658084154E-02));
#3688 = VECTOR('',#3689,1.);
#3689 = DIRECTION('',(0.,-1.,0.));
#3690 = ORIENTED_EDGE('',*,*,#3691,.T.);
#3691 = EDGE_CURVE('',#3684,#3637,#3692,.T.);
#3692 = LINE('',#3693,#3694);
#3693 = CARTESIAN_POINT('',(3.897435903549,0.25,7.230658084154E-02));
#3694 = VECTOR('',#3695,1.);
#3695 = DIRECTION('',(-0.64515570826,0.662133124474,-0.381252983692));
#3696 = PLANE('',#3697);
#3697 = AXIS2_PLACEMENT_3D('',#3698,#3699,#3700);
#3698 = CARTESIAN_POINT('',(3.860797761499,0.375,5.065537200207E-02));
#3699 = DIRECTION('',(0.508753653527,0.,-0.860912144195));
#3700 = DIRECTION('',(-0.860912144195,0.,-0.508753653527));
#3701 = ADVANCED_FACE('',(#3702),#3712,.T.);
#3702 = FACE_BOUND('',#3703,.T.);
#3703 = EDGE_LOOP('',(#3704,#3705,#3711));
#3704 = ORIENTED_EDGE('',*,*,#3691,.F.);
#3705 = ORIENTED_EDGE('',*,*,#3706,.F.);
#3706 = EDGE_CURVE('',#3639,#3684,#3707,.T.);
#3707 = LINE('',#3708,#3709);
#3708 = CARTESIAN_POINT('',(3.653846263885,0.25,-7.164218276739E-02));
#3709 = VECTOR('',#3710,1.);
#3710 = DIRECTION('',(0.860911929159,0.,0.508754017411));
#3711 = ORIENTED_EDGE('',*,*,#3636,.F.);
#3712 = PLANE('',#3713);
#3713 = AXIS2_PLACEMENT_3D('',#3714,#3715,#3716);
#3714 = CARTESIAN_POINT('',(3.775641063897,0.285726820867,
    3.322071759056E-04));
#3715 = DIRECTION('',(0.508754017411,4.783704526643E-07,-0.860911929159)
  );
#3716 = DIRECTION('',(-0.860911929159,2.839731137135E-24,-0.508754017411
    ));
#3717 = ADVANCED_FACE('',(#3718),#3740,.T.);
#3718 = FACE_BOUND('',#3719,.T.);
#3719 = EDGE_LOOP('',(#3720,#3728,#3734));
#3720 = ORIENTED_EDGE('',*,*,#3721,.T.);
#3721 = EDGE_CURVE('',#3722,#476,#3724,.T.);
#3722 = VERTEX_POINT('',#3723);
#3723 = CARTESIAN_POINT('',(3.775640964508,0.125,3.321980475448E-04));
#3724 = LINE('',#3725,#3726);
#3725 = CARTESIAN_POINT('',(3.775640964508,0.125,3.321980475448E-04));
#3726 = VECTOR('',#3727,1.);
#3727 = DIRECTION('',(-0.645154973578,-0.662133666613,-0.38125328537));
#3728 = ORIENTED_EDGE('',*,*,#3729,.F.);
#3729 = EDGE_CURVE('',#3639,#476,#3730,.T.);
#3730 = LINE('',#3731,#3732);
#3731 = CARTESIAN_POINT('',(3.653846263885,0.25,-7.164218276739E-02));
#3732 = VECTOR('',#3733,1.);
#3733 = DIRECTION('',(0.,-1.,0.));
#3734 = ORIENTED_EDGE('',*,*,#3735,.T.);
#3735 = EDGE_CURVE('',#3639,#3722,#3736,.T.);
#3736 = LINE('',#3737,#3738);
#3737 = CARTESIAN_POINT('',(3.653846263885,0.25,-7.164218276739E-02));
#3738 = VECTOR('',#3739,1.);
#3739 = DIRECTION('',(0.645154973578,-0.662133666613,0.38125328537));
#3740 = PLANE('',#3741);
#3741 = AXIS2_PLACEMENT_3D('',#3742,#3743,#3744);
#3742 = CARTESIAN_POINT('',(3.690484322265,0.125,-4.999098158524E-02));
#3743 = DIRECTION('',(0.508754381295,0.,-0.860911714122));
#3744 = DIRECTION('',(-0.860911714122,0.,-0.508754381295));
#3745 = ADVANCED_FACE('',(#3746),#3756,.T.);
#3746 = FACE_BOUND('',#3747,.T.);
#3747 = EDGE_LOOP('',(#3748,#3749,#3750));
#3748 = ORIENTED_EDGE('',*,*,#3735,.F.);
#3749 = ORIENTED_EDGE('',*,*,#3706,.T.);
#3750 = ORIENTED_EDGE('',*,*,#3751,.T.);
#3751 = EDGE_CURVE('',#3684,#3722,#3752,.T.);
#3752 = LINE('',#3753,#3754);
#3753 = CARTESIAN_POINT('',(3.897435903549,0.25,7.230658084154E-02));
#3754 = VECTOR('',#3755,1.);
#3755 = DIRECTION('',(-0.64515570826,-0.662133124474,-0.381252983692));
#3756 = PLANE('',#3757);
#3757 = AXIS2_PLACEMENT_3D('',#3758,#3759,#3760);
#3758 = CARTESIAN_POINT('',(3.775641063897,0.214273179133,
    3.322071759056E-04));
#3759 = DIRECTION('',(0.508754017411,-4.783704526417E-07,-0.860911929159
    ));
#3760 = DIRECTION('',(-0.860911929159,-3.859262787172E-24,
    -0.508754017411));
#3761 = ADVANCED_FACE('',(#3762),#3777,.T.);
#3762 = FACE_BOUND('',#3763,.T.);
#3763 = EDGE_LOOP('',(#3764,#3765,#3771));
#3764 = ORIENTED_EDGE('',*,*,#3751,.F.);
#3765 = ORIENTED_EDGE('',*,*,#3766,.T.);
#3766 = EDGE_CURVE('',#3684,#484,#3767,.T.);
#3767 = LINE('',#3768,#3769);
#3768 = CARTESIAN_POINT('',(3.897435903549,0.25,7.230658084154E-02));
#3769 = VECTOR('',#3770,1.);
#3770 = DIRECTION('',(0.,-1.,0.));
#3771 = ORIENTED_EDGE('',*,*,#3772,.T.);
#3772 = EDGE_CURVE('',#484,#3722,#3773,.T.);
#3773 = LINE('',#3774,#3775);
#3774 = CARTESIAN_POINT('',(3.897435903549,0.,7.230658084154E-02));
#3775 = VECTOR('',#3776,1.);
#3776 = DIRECTION('',(-0.64515570826,0.662133124474,-0.381252983692));
#3777 = PLANE('',#3778);
#3778 = AXIS2_PLACEMENT_3D('',#3779,#3780,#3781);
#3779 = CARTESIAN_POINT('',(3.860797761499,0.125,5.065537200207E-02));
#3780 = DIRECTION('',(0.508753653527,0.,-0.860912144195));
#3781 = DIRECTION('',(-0.860912144195,0.,-0.508753653527));
#3782 = ADVANCED_FACE('',(#3783),#3788,.T.);
#3783 = FACE_BOUND('',#3784,.T.);
#3784 = EDGE_LOOP('',(#3785,#3786,#3787));
#3785 = ORIENTED_EDGE('',*,*,#3772,.F.);
#3786 = ORIENTED_EDGE('',*,*,#483,.T.);
#3787 = ORIENTED_EDGE('',*,*,#3721,.F.);
#3788 = PLANE('',#3789);
#3789 = AXIS2_PLACEMENT_3D('',#3790,#3791,#3792);
#3790 = CARTESIAN_POINT('',(3.775641063897,3.572682086747E-02,
    3.322071759056E-04));
#3791 = DIRECTION('',(0.508754017411,4.783704527823E-07,-0.860911929159)
  );
#3792 = DIRECTION('',(-0.860911929159,-6.644207850509E-24,
    -0.508754017411));
#3793 = ADVANCED_FACE('',(#3794),#3811,.T.);
#3794 = FACE_BOUND('',#3795,.T.);
#3795 = EDGE_LOOP('',(#3796,#3804,#3805));
#3796 = ORIENTED_EDGE('',*,*,#3797,.T.);
#3797 = EDGE_CURVE('',#3798,#484,#3800,.T.);
#3798 = VERTEX_POINT('',#3799);
#3799 = CARTESIAN_POINT('',(4.01923084259,0.125,0.165763616562));
#3800 = LINE('',#3801,#3802);
#3801 = CARTESIAN_POINT('',(4.01923084259,0.125,0.165763616562));
#3802 = VECTOR('',#3803,1.);
#3803 = DIRECTION('',(-0.615210506487,-0.631399908044,-0.472070110079));
#3804 = ORIENTED_EDGE('',*,*,#3766,.F.);
#3805 = ORIENTED_EDGE('',*,*,#3806,.T.);
#3806 = EDGE_CURVE('',#3684,#3798,#3807,.T.);
#3807 = LINE('',#3808,#3809);
#3808 = CARTESIAN_POINT('',(3.897435903549,0.25,7.230658084154E-02));
#3809 = VECTOR('',#3810,1.);
#3810 = DIRECTION('',(0.615210506487,-0.631399908044,0.472070110079));
#3811 = PLANE('',#3812);
#3812 = AXIS2_PLACEMENT_3D('',#3813,#3814,#3815);
#3813 = CARTESIAN_POINT('',(3.934764255243,0.125,0.100949783302));
#3814 = DIRECTION('',(0.608763446121,0.,-0.793351792503));
#3815 = DIRECTION('',(-0.793351792503,0.,-0.608763446121));
#3816 = ADVANCED_FACE('',(#3817),#3834,.T.);
#3817 = FACE_BOUND('',#3818,.T.);
#3818 = EDGE_LOOP('',(#3819,#3820,#3828));
#3819 = ORIENTED_EDGE('',*,*,#3806,.F.);
#3820 = ORIENTED_EDGE('',*,*,#3821,.T.);
#3821 = EDGE_CURVE('',#3684,#3822,#3824,.T.);
#3822 = VERTEX_POINT('',#3823);
#3823 = CARTESIAN_POINT('',(4.141025543213,0.25,0.259220659733));
#3824 = LINE('',#3825,#3826);
#3825 = CARTESIAN_POINT('',(3.897435903549,0.25,7.230658084154E-02));
#3826 = VECTOR('',#3827,1.);
#3827 = DIRECTION('',(0.793351493014,0.,0.60876383642));
#3828 = ORIENTED_EDGE('',*,*,#3829,.T.);
#3829 = EDGE_CURVE('',#3822,#3798,#3830,.T.);
#3830 = LINE('',#3831,#3832);
#3831 = CARTESIAN_POINT('',(4.141025543213,0.25,0.259220659733));
#3832 = VECTOR('',#3833,1.);
#3833 = DIRECTION('',(-0.615209747064,-0.63140036463,-0.472070489083));
#3834 = PLANE('',#3835);
#3835 = AXIS2_PLACEMENT_3D('',#3836,#3837,#3838);
#3836 = CARTESIAN_POINT('',(4.019230744551,0.214797799673,0.165763609722
    ));
#3837 = DIRECTION('',(0.60876383642,6.042061524958E-07,-0.793351493014)
  );
#3838 = DIRECTION('',(-0.793351493014,-3.028622561868E-24,-0.60876383642
    ));
#3839 = ADVANCED_FACE('',(#3840),#3855,.T.);
#3840 = FACE_BOUND('',#3841,.T.);
#3841 = EDGE_LOOP('',(#3842,#3843,#3849));
#3842 = ORIENTED_EDGE('',*,*,#3829,.F.);
#3843 = ORIENTED_EDGE('',*,*,#3844,.T.);
#3844 = EDGE_CURVE('',#3822,#492,#3845,.T.);
#3845 = LINE('',#3846,#3847);
#3846 = CARTESIAN_POINT('',(4.141025543213,0.25,0.259220659733));
#3847 = VECTOR('',#3848,1.);
#3848 = DIRECTION('',(0.,-1.,0.));
#3849 = ORIENTED_EDGE('',*,*,#3850,.T.);
#3850 = EDGE_CURVE('',#492,#3798,#3851,.T.);
#3851 = LINE('',#3852,#3853);
#3852 = CARTESIAN_POINT('',(4.141025543213,0.,0.259220659733));
#3853 = VECTOR('',#3854,1.);
#3854 = DIRECTION('',(-0.615209747064,0.63140036463,-0.472070489083));
#3855 = PLANE('',#3856);
#3856 = AXIS2_PLACEMENT_3D('',#3857,#3858,#3859);
#3857 = CARTESIAN_POINT('',(4.103697275038,0.125,0.230577463005));
#3858 = DIRECTION('',(0.608764226719,0.,-0.793351193525));
#3859 = DIRECTION('',(-0.793351193525,0.,-0.608764226719));
#3860 = ADVANCED_FACE('',(#3861),#3866,.T.);
#3861 = FACE_BOUND('',#3862,.T.);
#3862 = EDGE_LOOP('',(#3863,#3864,#3865));
#3863 = ORIENTED_EDGE('',*,*,#3850,.F.);
#3864 = ORIENTED_EDGE('',*,*,#491,.T.);
#3865 = ORIENTED_EDGE('',*,*,#3797,.F.);
#3866 = PLANE('',#3867);
#3867 = AXIS2_PLACEMENT_3D('',#3868,#3869,#3870);
#3868 = CARTESIAN_POINT('',(4.019230744551,3.520220032744E-02,
    0.165763609722));
#3869 = DIRECTION('',(0.60876383642,-6.04206152513E-07,-0.793351493014)
  );
#3870 = DIRECTION('',(-0.793351493014,2.701706793136E-23,-0.60876383642)
  );
#3871 = ADVANCED_FACE('',(#3872),#3889,.T.);
#3872 = FACE_BOUND('',#3873,.T.);
#3873 = EDGE_LOOP('',(#3874,#3882,#3883));
#3874 = ORIENTED_EDGE('',*,*,#3875,.T.);
#3875 = EDGE_CURVE('',#3876,#492,#3878,.T.);
#3876 = VERTEX_POINT('',#3877);
#3877 = CARTESIAN_POINT('',(4.262820720673,0.125,0.368642359972));
#3878 = LINE('',#3879,#3880);
#3879 = CARTESIAN_POINT('',(4.262820720673,0.125,0.368642359972));
#3880 = VECTOR('',#3881,1.);
#3881 = DIRECTION('',(-0.591265382011,-0.606823474401,-0.531197250512));
#3882 = ORIENTED_EDGE('',*,*,#3844,.F.);
#3883 = ORIENTED_EDGE('',*,*,#3884,.T.);
#3884 = EDGE_CURVE('',#3822,#3876,#3885,.T.);
#3885 = LINE('',#3886,#3887);
#3886 = CARTESIAN_POINT('',(4.141025543213,0.25,0.259220659733));
#3887 = VECTOR('',#3888,1.);
#3888 = DIRECTION('',(0.591265382011,-0.606823474401,0.531197250512));
#3889 = PLANE('',#3890);
#3890 = AXIS2_PLACEMENT_3D('',#3891,#3892,#3893);
#3891 = CARTESIAN_POINT('',(4.178924907829,0.125,0.293269732945));
#3892 = DIRECTION('',(0.668309976416,0.,-0.743882904376));
#3893 = DIRECTION('',(-0.743882904376,0.,-0.668309976416));
#3894 = ADVANCED_FACE('',(#3895),#3912,.T.);
#3895 = FACE_BOUND('',#3896,.T.);
#3896 = EDGE_LOOP('',(#3897,#3898,#3906));
#3897 = ORIENTED_EDGE('',*,*,#3884,.F.);
#3898 = ORIENTED_EDGE('',*,*,#3899,.T.);
#3899 = EDGE_CURVE('',#3822,#3900,#3902,.T.);
#3900 = VERTEX_POINT('',#3901);
#3901 = CARTESIAN_POINT('',(4.384615421295,0.25,0.478064060211));
#3902 = LINE('',#3903,#3904);
#3903 = CARTESIAN_POINT('',(4.141025543213,0.25,0.259220659733));
#3904 = VECTOR('',#3905,1.);
#3905 = DIRECTION('',(0.74388225399,0.,0.668310700347));
#3906 = ORIENTED_EDGE('',*,*,#3907,.T.);
#3907 = EDGE_CURVE('',#3900,#3876,#3908,.T.);
#3908 = LINE('',#3909,#3910);
#3909 = CARTESIAN_POINT('',(4.384615421295,0.25,0.478064060211));
#3910 = VECTOR('',#3911,1.);
#3911 = DIRECTION('',(-0.591263876419,-0.606824304954,-0.531197977556));
#3912 = PLANE('',#3913);
#3913 = AXIS2_PLACEMENT_3D('',#3914,#3915,#3916);
#3914 = CARTESIAN_POINT('',(4.262820525453,0.215177883078,0.368642339112
    ));
#3915 = DIRECTION('',(0.668310700347,1.274701500627E-06,-0.743882253989)
  );
#3916 = DIRECTION('',(-0.74388225399,9.986179104146E-23,-0.668310700347)
  );
#3917 = ADVANCED_FACE('',(#3918),#3933,.T.);
#3918 = FACE_BOUND('',#3919,.T.);
#3919 = EDGE_LOOP('',(#3920,#3921,#3927));
#3920 = ORIENTED_EDGE('',*,*,#3907,.F.);
#3921 = ORIENTED_EDGE('',*,*,#3922,.T.);
#3922 = EDGE_CURVE('',#3900,#500,#3923,.T.);
#3923 = LINE('',#3924,#3925);
#3924 = CARTESIAN_POINT('',(4.384615421295,0.25,0.478064060211));
#3925 = VECTOR('',#3926,1.);
#3926 = DIRECTION('',(0.,-1.,0.));
#3927 = ORIENTED_EDGE('',*,*,#3928,.T.);
#3928 = EDGE_CURVE('',#500,#3876,#3929,.T.);
#3929 = LINE('',#3930,#3931);
#3930 = CARTESIAN_POINT('',(4.384615421295,0.,0.478064060211));
#3931 = VECTOR('',#3932,1.);
#3932 = DIRECTION('',(-0.591263876419,0.606824304954,-0.531197977556));
#3933 = PLANE('',#3934);
#3934 = AXIS2_PLACEMENT_3D('',#3935,#3936,#3937);
#3935 = CARTESIAN_POINT('',(4.346716224648,0.125,0.444015004598));
#3936 = DIRECTION('',(0.66831142428,0.,-0.743881603602));
#3937 = DIRECTION('',(-0.743881603602,0.,-0.66831142428));
#3938 = ADVANCED_FACE('',(#3939),#3944,.T.);
#3939 = FACE_BOUND('',#3940,.T.);
#3940 = EDGE_LOOP('',(#3941,#3942,#3943));
#3941 = ORIENTED_EDGE('',*,*,#3928,.F.);
#3942 = ORIENTED_EDGE('',*,*,#499,.T.);
#3943 = ORIENTED_EDGE('',*,*,#3875,.F.);
#3944 = PLANE('',#3945);
#3945 = AXIS2_PLACEMENT_3D('',#3946,#3947,#3948);
#3946 = CARTESIAN_POINT('',(4.262820525453,3.482211692152E-02,
    0.368642339112));
#3947 = DIRECTION('',(0.668310700347,-1.27470150062E-06,-0.743882253989)
  );
#3948 = DIRECTION('',(-0.74388225399,-7.743190562707E-24,-0.668310700347
    ));
#3949 = ADVANCED_FACE('',(#3950),#3967,.T.);
#3950 = FACE_BOUND('',#3951,.T.);
#3951 = EDGE_LOOP('',(#3952,#3960,#3961));
#3952 = ORIENTED_EDGE('',*,*,#3953,.T.);
#3953 = EDGE_CURVE('',#3954,#500,#3956,.T.);
#3954 = VERTEX_POINT('',#3955);
#3955 = CARTESIAN_POINT('',(4.506410121918,0.125,0.596989810467));
#3956 = LINE('',#3957,#3958);
#3957 = CARTESIAN_POINT('',(4.506410121918,0.125,0.596989810467));
#3958 = VECTOR('',#3959,1.);
#3959 = DIRECTION('',(-0.576699861234,-0.591877005204,-0.563115335223));
#3960 = ORIENTED_EDGE('',*,*,#3922,.F.);
#3961 = ORIENTED_EDGE('',*,*,#3962,.T.);
#3962 = EDGE_CURVE('',#3900,#3954,#3963,.T.);
#3963 = LINE('',#3964,#3965);
#3964 = CARTESIAN_POINT('',(4.384615421295,0.25,0.478064060211));
#3965 = VECTOR('',#3966,1.);
#3966 = DIRECTION('',(0.576699861234,-0.591877005204,0.563115335223));
#3967 = PLANE('',#3968);
#3968 = AXIS2_PLACEMENT_3D('',#3969,#3970,#3971);
#3969 = CARTESIAN_POINT('',(4.422870481273,0.125,0.515417998319));
#3970 = DIRECTION('',(0.698629737223,0.,-0.715483396221));
#3971 = DIRECTION('',(-0.715483396221,0.,-0.698629737223));
#3972 = ADVANCED_FACE('',(#3973),#3990,.T.);
#3973 = FACE_BOUND('',#3974,.T.);
#3974 = EDGE_LOOP('',(#3975,#3976,#3984));
#3975 = ORIENTED_EDGE('',*,*,#3962,.F.);
#3976 = ORIENTED_EDGE('',*,*,#3977,.T.);
#3977 = EDGE_CURVE('',#3900,#3978,#3980,.T.);
#3978 = VERTEX_POINT('',#3979);
#3979 = CARTESIAN_POINT('',(4.628205299377,0.25,0.715915560722));
#3980 = LINE('',#3981,#3982);
#3981 = CARTESIAN_POINT('',(4.384615421295,0.25,0.478064060211));
#3982 = VECTOR('',#3983,1.);
#3983 = DIRECTION('',(0.715484079826,0.,0.698629037126));
#3984 = ORIENTED_EDGE('',*,*,#3985,.T.);
#3985 = EDGE_CURVE('',#3978,#3954,#3986,.T.);
#3986 = LINE('',#3987,#3988);
#3987 = CARTESIAN_POINT('',(4.628205299377,0.25,0.715915560722));
#3988 = VECTOR('',#3989,1.);
#3989 = DIRECTION('',(-0.576701368147,-0.591876234526,-0.563114601996));
#3990 = PLANE('',#3991);
#3991 = AXIS2_PLACEMENT_3D('',#3992,#3993,#3994);
#3992 = CARTESIAN_POINT('',(4.506410316283,0.215393681585,0.596989831902
    ));
#3993 = DIRECTION('',(0.698629037126,-1.33252913879E-06,-0.715484079825)
  );
#3994 = DIRECTION('',(-0.715484079826,-6.421311845775E-23,
    -0.698629037126));
#3995 = ADVANCED_FACE('',(#3996),#4011,.T.);
#3996 = FACE_BOUND('',#3997,.T.);
#3997 = EDGE_LOOP('',(#3998,#3999,#4005));
#3998 = ORIENTED_EDGE('',*,*,#3985,.F.);
#3999 = ORIENTED_EDGE('',*,*,#4000,.T.);
#4000 = EDGE_CURVE('',#3978,#508,#4001,.T.);
#4001 = LINE('',#4002,#4003);
#4002 = CARTESIAN_POINT('',(4.628205299377,0.25,0.715915560722));
#4003 = VECTOR('',#4004,1.);
#4004 = DIRECTION('',(0.,-1.,0.));
#4005 = ORIENTED_EDGE('',*,*,#4006,.T.);
#4006 = EDGE_CURVE('',#508,#3954,#4007,.T.);
#4007 = LINE('',#4008,#4009);
#4008 = CARTESIAN_POINT('',(4.628205299377,0.,0.715915560722));
#4009 = VECTOR('',#4010,1.);
#4010 = DIRECTION('',(-0.576701368147,0.591876234526,-0.563114601996));
#4011 = PLANE('',#4012);
#4012 = AXIS2_PLACEMENT_3D('',#4013,#4014,#4015);
#4013 = CARTESIAN_POINT('',(4.589950071107,0.125,0.67856160453));
#4014 = DIRECTION('',(0.698628337031,0.,-0.715484763428));
#4015 = DIRECTION('',(-0.715484763428,0.,-0.698628337031));
#4016 = ADVANCED_FACE('',(#4017),#4022,.T.);
#4017 = FACE_BOUND('',#4018,.T.);
#4018 = EDGE_LOOP('',(#4019,#4020,#4021));
#4019 = ORIENTED_EDGE('',*,*,#4006,.F.);
#4020 = ORIENTED_EDGE('',*,*,#507,.T.);
#4021 = ORIENTED_EDGE('',*,*,#3953,.F.);
#4022 = PLANE('',#4023);
#4023 = AXIS2_PLACEMENT_3D('',#4024,#4025,#4026);
#4024 = CARTESIAN_POINT('',(4.506410316283,3.460631841475E-02,
    0.596989831902));
#4025 = DIRECTION('',(0.698629037126,1.332529138799E-06,-0.715484079825)
  );
#4026 = DIRECTION('',(-0.715484079826,2.290855616772E-23,-0.698629037126
    ));
#4027 = ADVANCED_FACE('',(#4028),#4045,.T.);
#4028 = FACE_BOUND('',#4029,.T.);
#4029 = EDGE_LOOP('',(#4030,#4038,#4039));
#4030 = ORIENTED_EDGE('',*,*,#4031,.T.);
#4031 = EDGE_CURVE('',#4032,#3684,#4034,.T.);
#4032 = VERTEX_POINT('',#4033);
#4033 = CARTESIAN_POINT('',(4.01923084259,0.375,0.165763616562));
#4034 = LINE('',#4035,#4036);
#4035 = CARTESIAN_POINT('',(4.01923084259,0.375,0.165763616562));
#4036 = VECTOR('',#4037,1.);
#4037 = DIRECTION('',(-0.615210506487,-0.631399908044,-0.472070110079));
#4038 = ORIENTED_EDGE('',*,*,#3683,.F.);
#4039 = ORIENTED_EDGE('',*,*,#4040,.T.);
#4040 = EDGE_CURVE('',#3599,#4032,#4041,.T.);
#4041 = LINE('',#4042,#4043);
#4042 = CARTESIAN_POINT('',(3.897435903549,0.5,7.230658084154E-02));
#4043 = VECTOR('',#4044,1.);
#4044 = DIRECTION('',(0.615210506487,-0.631399908044,0.472070110079));
#4045 = PLANE('',#4046);
#4046 = AXIS2_PLACEMENT_3D('',#4047,#4048,#4049);
#4047 = CARTESIAN_POINT('',(3.934764255243,0.375,0.100949783302));
#4048 = DIRECTION('',(0.608763446121,0.,-0.793351792503));
#4049 = DIRECTION('',(-0.793351792503,0.,-0.608763446121));
#4050 = ADVANCED_FACE('',(#4051),#4068,.T.);
#4051 = FACE_BOUND('',#4052,.T.);
#4052 = EDGE_LOOP('',(#4053,#4054,#4062));
#4053 = ORIENTED_EDGE('',*,*,#4040,.F.);
#4054 = ORIENTED_EDGE('',*,*,#4055,.T.);
#4055 = EDGE_CURVE('',#3599,#4056,#4058,.T.);
#4056 = VERTEX_POINT('',#4057);
#4057 = CARTESIAN_POINT('',(4.141025543213,0.5,0.259220659733));
#4058 = LINE('',#4059,#4060);
#4059 = CARTESIAN_POINT('',(3.897435903549,0.5,7.230658084154E-02));
#4060 = VECTOR('',#4061,1.);
#4061 = DIRECTION('',(0.793351493014,0.,0.60876383642));
#4062 = ORIENTED_EDGE('',*,*,#4063,.T.);
#4063 = EDGE_CURVE('',#4056,#4032,#4064,.T.);
#4064 = LINE('',#4065,#4066);
#4065 = CARTESIAN_POINT('',(4.141025543213,0.5,0.259220659733));
#4066 = VECTOR('',#4067,1.);
#4067 = DIRECTION('',(-0.615209747064,-0.63140036463,-0.472070489083));
#4068 = PLANE('',#4069);
#4069 = AXIS2_PLACEMENT_3D('',#4070,#4071,#4072);
#4070 = CARTESIAN_POINT('',(4.019230744551,0.464797799673,0.165763609722
    ));
#4071 = DIRECTION('',(0.60876383642,6.042061524958E-07,-0.793351493014)
  );
#4072 = DIRECTION('',(-0.793351493014,-3.028622561868E-24,-0.60876383642
    ));
#4073 = ADVANCED_FACE('',(#4074),#4089,.T.);
#4074 = FACE_BOUND('',#4075,.T.);
#4075 = EDGE_LOOP('',(#4076,#4077,#4083));
#4076 = ORIENTED_EDGE('',*,*,#4063,.F.);
#4077 = ORIENTED_EDGE('',*,*,#4078,.T.);
#4078 = EDGE_CURVE('',#4056,#3822,#4079,.T.);
#4079 = LINE('',#4080,#4081);
#4080 = CARTESIAN_POINT('',(4.141025543213,0.5,0.259220659733));
#4081 = VECTOR('',#4082,1.);
#4082 = DIRECTION('',(0.,-1.,0.));
#4083 = ORIENTED_EDGE('',*,*,#4084,.T.);
#4084 = EDGE_CURVE('',#3822,#4032,#4085,.T.);
#4085 = LINE('',#4086,#4087);
#4086 = CARTESIAN_POINT('',(4.141025543213,0.25,0.259220659733));
#4087 = VECTOR('',#4088,1.);
#4088 = DIRECTION('',(-0.615209747064,0.63140036463,-0.472070489083));
#4089 = PLANE('',#4090);
#4090 = AXIS2_PLACEMENT_3D('',#4091,#4092,#4093);
#4091 = CARTESIAN_POINT('',(4.103697275038,0.375,0.230577463005));
#4092 = DIRECTION('',(0.608764226719,0.,-0.793351193525));
#4093 = DIRECTION('',(-0.793351193525,0.,-0.608764226719));
#4094 = ADVANCED_FACE('',(#4095),#4100,.T.);
#4095 = FACE_BOUND('',#4096,.T.);
#4096 = EDGE_LOOP('',(#4097,#4098,#4099));
#4097 = ORIENTED_EDGE('',*,*,#4084,.F.);
#4098 = ORIENTED_EDGE('',*,*,#3821,.F.);
#4099 = ORIENTED_EDGE('',*,*,#4031,.F.);
#4100 = PLANE('',#4101);
#4101 = AXIS2_PLACEMENT_3D('',#4102,#4103,#4104);
#4102 = CARTESIAN_POINT('',(4.019230744551,0.285202200327,0.165763609722
    ));
#4103 = DIRECTION('',(0.60876383642,-6.042061525129E-07,-0.793351493014)
  );
#4104 = DIRECTION('',(-0.793351493014,2.346875147806E-24,-0.60876383642)
  );
#4105 = ADVANCED_FACE('',(#4106),#4123,.T.);
#4106 = FACE_BOUND('',#4107,.T.);
#4107 = EDGE_LOOP('',(#4108,#4116,#4117));
#4108 = ORIENTED_EDGE('',*,*,#4109,.T.);
#4109 = EDGE_CURVE('',#4110,#3822,#4112,.T.);
#4110 = VERTEX_POINT('',#4111);
#4111 = CARTESIAN_POINT('',(4.262820720673,0.375,0.368642359972));
#4112 = LINE('',#4113,#4114);
#4113 = CARTESIAN_POINT('',(4.262820720673,0.375,0.368642359972));
#4114 = VECTOR('',#4115,1.);
#4115 = DIRECTION('',(-0.591265382011,-0.606823474401,-0.531197250512));
#4116 = ORIENTED_EDGE('',*,*,#4078,.F.);
#4117 = ORIENTED_EDGE('',*,*,#4118,.T.);
#4118 = EDGE_CURVE('',#4056,#4110,#4119,.T.);
#4119 = LINE('',#4120,#4121);
#4120 = CARTESIAN_POINT('',(4.141025543213,0.5,0.259220659733));
#4121 = VECTOR('',#4122,1.);
#4122 = DIRECTION('',(0.591265382011,-0.606823474401,0.531197250512));
#4123 = PLANE('',#4124);
#4124 = AXIS2_PLACEMENT_3D('',#4125,#4126,#4127);
#4125 = CARTESIAN_POINT('',(4.178924907829,0.375,0.293269732945));
#4126 = DIRECTION('',(0.668309976416,0.,-0.743882904376));
#4127 = DIRECTION('',(-0.743882904376,0.,-0.668309976416));
#4128 = ADVANCED_FACE('',(#4129),#4146,.T.);
#4129 = FACE_BOUND('',#4130,.T.);
#4130 = EDGE_LOOP('',(#4131,#4132,#4140));
#4131 = ORIENTED_EDGE('',*,*,#4118,.F.);
#4132 = ORIENTED_EDGE('',*,*,#4133,.T.);
#4133 = EDGE_CURVE('',#4056,#4134,#4136,.T.);
#4134 = VERTEX_POINT('',#4135);
#4135 = CARTESIAN_POINT('',(4.384615421295,0.5,0.478064060211));
#4136 = LINE('',#4137,#4138);
#4137 = CARTESIAN_POINT('',(4.141025543213,0.5,0.259220659733));
#4138 = VECTOR('',#4139,1.);
#4139 = DIRECTION('',(0.74388225399,0.,0.668310700347));
#4140 = ORIENTED_EDGE('',*,*,#4141,.T.);
#4141 = EDGE_CURVE('',#4134,#4110,#4142,.T.);
#4142 = LINE('',#4143,#4144);
#4143 = CARTESIAN_POINT('',(4.384615421295,0.5,0.478064060211));
#4144 = VECTOR('',#4145,1.);
#4145 = DIRECTION('',(-0.591263876419,-0.606824304954,-0.531197977556));
#4146 = PLANE('',#4147);
#4147 = AXIS2_PLACEMENT_3D('',#4148,#4149,#4150);
#4148 = CARTESIAN_POINT('',(4.262820525453,0.465177883078,0.368642339112
    ));
#4149 = DIRECTION('',(0.668310700347,1.274701500603E-06,-0.743882253989)
  );
#4150 = DIRECTION('',(-0.74388225399,3.535576054095E-23,-0.668310700347)
  );
#4151 = ADVANCED_FACE('',(#4152),#4167,.T.);
#4152 = FACE_BOUND('',#4153,.T.);
#4153 = EDGE_LOOP('',(#4154,#4155,#4161));
#4154 = ORIENTED_EDGE('',*,*,#4141,.F.);
#4155 = ORIENTED_EDGE('',*,*,#4156,.T.);
#4156 = EDGE_CURVE('',#4134,#3900,#4157,.T.);
#4157 = LINE('',#4158,#4159);
#4158 = CARTESIAN_POINT('',(4.384615421295,0.5,0.478064060211));
#4159 = VECTOR('',#4160,1.);
#4160 = DIRECTION('',(0.,-1.,0.));
#4161 = ORIENTED_EDGE('',*,*,#4162,.T.);
#4162 = EDGE_CURVE('',#3900,#4110,#4163,.T.);
#4163 = LINE('',#4164,#4165);
#4164 = CARTESIAN_POINT('',(4.384615421295,0.25,0.478064060211));
#4165 = VECTOR('',#4166,1.);
#4166 = DIRECTION('',(-0.591263876419,0.606824304954,-0.531197977556));
#4167 = PLANE('',#4168);
#4168 = AXIS2_PLACEMENT_3D('',#4169,#4170,#4171);
#4169 = CARTESIAN_POINT('',(4.346716224648,0.375,0.444015004598));
#4170 = DIRECTION('',(0.66831142428,0.,-0.743881603602));
#4171 = DIRECTION('',(-0.743881603602,0.,-0.66831142428));
#4172 = ADVANCED_FACE('',(#4173),#4178,.T.);
#4173 = FACE_BOUND('',#4174,.T.);
#4174 = EDGE_LOOP('',(#4175,#4176,#4177));
#4175 = ORIENTED_EDGE('',*,*,#4162,.F.);
#4176 = ORIENTED_EDGE('',*,*,#3899,.F.);
#4177 = ORIENTED_EDGE('',*,*,#4109,.F.);
#4178 = PLANE('',#4179);
#4179 = AXIS2_PLACEMENT_3D('',#4180,#4181,#4182);
#4180 = CARTESIAN_POINT('',(4.262820525453,0.284822116922,0.368642339112
    ));
#4181 = DIRECTION('',(0.668310700347,-1.274701500597E-06,-0.743882253989
    ));
#4182 = DIRECTION('',(-0.74388225399,3.228472193215E-23,-0.668310700347)
  );
#4183 = ADVANCED_FACE('',(#4184),#4201,.T.);
#4184 = FACE_BOUND('',#4185,.T.);
#4185 = EDGE_LOOP('',(#4186,#4194,#4195));
#4186 = ORIENTED_EDGE('',*,*,#4187,.T.);
#4187 = EDGE_CURVE('',#4188,#3900,#4190,.T.);
#4188 = VERTEX_POINT('',#4189);
#4189 = CARTESIAN_POINT('',(4.506410121918,0.375,0.596989810467));
#4190 = LINE('',#4191,#4192);
#4191 = CARTESIAN_POINT('',(4.506410121918,0.375,0.596989810467));
#4192 = VECTOR('',#4193,1.);
#4193 = DIRECTION('',(-0.576699861234,-0.591877005204,-0.563115335223));
#4194 = ORIENTED_EDGE('',*,*,#4156,.F.);
#4195 = ORIENTED_EDGE('',*,*,#4196,.T.);
#4196 = EDGE_CURVE('',#4134,#4188,#4197,.T.);
#4197 = LINE('',#4198,#4199);
#4198 = CARTESIAN_POINT('',(4.384615421295,0.5,0.478064060211));
#4199 = VECTOR('',#4200,1.);
#4200 = DIRECTION('',(0.576699861234,-0.591877005204,0.563115335223));
#4201 = PLANE('',#4202);
#4202 = AXIS2_PLACEMENT_3D('',#4203,#4204,#4205);
#4203 = CARTESIAN_POINT('',(4.422870481273,0.375,0.515417998319));
#4204 = DIRECTION('',(0.698629737223,0.,-0.715483396221));
#4205 = DIRECTION('',(-0.715483396221,0.,-0.698629737223));
#4206 = ADVANCED_FACE('',(#4207),#4224,.T.);
#4207 = FACE_BOUND('',#4208,.T.);
#4208 = EDGE_LOOP('',(#4209,#4210,#4218));
#4209 = ORIENTED_EDGE('',*,*,#4196,.F.);
#4210 = ORIENTED_EDGE('',*,*,#4211,.T.);
#4211 = EDGE_CURVE('',#4134,#4212,#4214,.T.);
#4212 = VERTEX_POINT('',#4213);
#4213 = CARTESIAN_POINT('',(4.628205299377,0.5,0.715915560722));
#4214 = LINE('',#4215,#4216);
#4215 = CARTESIAN_POINT('',(4.384615421295,0.5,0.478064060211));
#4216 = VECTOR('',#4217,1.);
#4217 = DIRECTION('',(0.715484079826,0.,0.698629037126));
#4218 = ORIENTED_EDGE('',*,*,#4219,.T.);
#4219 = EDGE_CURVE('',#4212,#4188,#4220,.T.);
#4220 = LINE('',#4221,#4222);
#4221 = CARTESIAN_POINT('',(4.628205299377,0.5,0.715915560722));
#4222 = VECTOR('',#4223,1.);
#4223 = DIRECTION('',(-0.576701368147,-0.591876234526,-0.563114601996));
#4224 = PLANE('',#4225);
#4225 = AXIS2_PLACEMENT_3D('',#4226,#4227,#4228);
#4226 = CARTESIAN_POINT('',(4.506410316283,0.465393681585,0.596989831902
    ));
#4227 = DIRECTION('',(0.698629037126,-1.332529138765E-06,-0.715484079825
    ));
#4228 = DIRECTION('',(-0.715484079826,-4.712402434409E-23,
    -0.698629037126));
#4229 = ADVANCED_FACE('',(#4230),#4245,.T.);
#4230 = FACE_BOUND('',#4231,.T.);
#4231 = EDGE_LOOP('',(#4232,#4233,#4239));
#4232 = ORIENTED_EDGE('',*,*,#4219,.F.);
#4233 = ORIENTED_EDGE('',*,*,#4234,.T.);
#4234 = EDGE_CURVE('',#4212,#3978,#4235,.T.);
#4235 = LINE('',#4236,#4237);
#4236 = CARTESIAN_POINT('',(4.628205299377,0.5,0.715915560722));
#4237 = VECTOR('',#4238,1.);
#4238 = DIRECTION('',(0.,-1.,0.));
#4239 = ORIENTED_EDGE('',*,*,#4240,.T.);
#4240 = EDGE_CURVE('',#3978,#4188,#4241,.T.);
#4241 = LINE('',#4242,#4243);
#4242 = CARTESIAN_POINT('',(4.628205299377,0.25,0.715915560722));
#4243 = VECTOR('',#4244,1.);
#4244 = DIRECTION('',(-0.576701368147,0.591876234526,-0.563114601996));
#4245 = PLANE('',#4246);
#4246 = AXIS2_PLACEMENT_3D('',#4247,#4248,#4249);
#4247 = CARTESIAN_POINT('',(4.589950071107,0.375,0.67856160453));
#4248 = DIRECTION('',(0.698628337031,0.,-0.715484763428));
#4249 = DIRECTION('',(-0.715484763428,0.,-0.698628337031));
#4250 = ADVANCED_FACE('',(#4251),#4256,.T.);
#4251 = FACE_BOUND('',#4252,.T.);
#4252 = EDGE_LOOP('',(#4253,#4254,#4255));
#4253 = ORIENTED_EDGE('',*,*,#4240,.F.);
#4254 = ORIENTED_EDGE('',*,*,#3977,.F.);
#4255 = ORIENTED_EDGE('',*,*,#4187,.F.);
#4256 = PLANE('',#4257);
#4257 = AXIS2_PLACEMENT_3D('',#4258,#4259,#4260);
#4258 = CARTESIAN_POINT('',(4.506410316283,0.284606318415,0.596989831902
    ));
#4259 = DIRECTION('',(0.698629037126,1.332529138754E-06,-0.715484079825)
  );
#4260 = DIRECTION('',(-0.715484079826,-3.513133586486E-23,
    -0.698629037126));
#4261 = ADVANCED_FACE('',(#4262),#4279,.T.);
#4262 = FACE_BOUND('',#4263,.T.);
#4263 = EDGE_LOOP('',(#4264,#4272,#4273));
#4264 = ORIENTED_EDGE('',*,*,#4265,.T.);
#4265 = EDGE_CURVE('',#4266,#3599,#4268,.T.);
#4266 = VERTEX_POINT('',#4267);
#4267 = CARTESIAN_POINT('',(4.01923084259,0.625,0.165763616562));
#4268 = LINE('',#4269,#4270);
#4269 = CARTESIAN_POINT('',(4.01923084259,0.625,0.165763616562));
#4270 = VECTOR('',#4271,1.);
#4271 = DIRECTION('',(-0.615210506487,-0.631399908044,-0.472070110079));
#4272 = ORIENTED_EDGE('',*,*,#3598,.F.);
#4273 = ORIENTED_EDGE('',*,*,#4274,.T.);
#4274 = EDGE_CURVE('',#3514,#4266,#4275,.T.);
#4275 = LINE('',#4276,#4277);
#4276 = CARTESIAN_POINT('',(3.897435903549,0.75,7.230658084154E-02));
#4277 = VECTOR('',#4278,1.);
#4278 = DIRECTION('',(0.615210506487,-0.631399908044,0.472070110079));
#4279 = PLANE('',#4280);
#4280 = AXIS2_PLACEMENT_3D('',#4281,#4282,#4283);
#4281 = CARTESIAN_POINT('',(3.934764255243,0.625,0.100949783302));
#4282 = DIRECTION('',(0.608763446121,0.,-0.793351792503));
#4283 = DIRECTION('',(-0.793351792503,0.,-0.608763446121));
#4284 = ADVANCED_FACE('',(#4285),#4302,.T.);
#4285 = FACE_BOUND('',#4286,.T.);
#4286 = EDGE_LOOP('',(#4287,#4288,#4296));
#4287 = ORIENTED_EDGE('',*,*,#4274,.F.);
#4288 = ORIENTED_EDGE('',*,*,#4289,.T.);
#4289 = EDGE_CURVE('',#3514,#4290,#4292,.T.);
#4290 = VERTEX_POINT('',#4291);
#4291 = CARTESIAN_POINT('',(4.141025543213,0.75,0.259220659733));
#4292 = LINE('',#4293,#4294);
#4293 = CARTESIAN_POINT('',(3.897435903549,0.75,7.230658084154E-02));
#4294 = VECTOR('',#4295,1.);
#4295 = DIRECTION('',(0.793351493014,0.,0.60876383642));
#4296 = ORIENTED_EDGE('',*,*,#4297,.T.);
#4297 = EDGE_CURVE('',#4290,#4266,#4298,.T.);
#4298 = LINE('',#4299,#4300);
#4299 = CARTESIAN_POINT('',(4.141025543213,0.75,0.259220659733));
#4300 = VECTOR('',#4301,1.);
#4301 = DIRECTION('',(-0.615209747064,-0.63140036463,-0.472070489083));
#4302 = PLANE('',#4303);
#4303 = AXIS2_PLACEMENT_3D('',#4304,#4305,#4306);
#4304 = CARTESIAN_POINT('',(4.019230744551,0.714797799673,0.165763609722
    ));
#4305 = DIRECTION('',(0.60876383642,6.042061524932E-07,-0.793351493014)
  );
#4306 = DIRECTION('',(-0.793351493014,-5.139544783536E-23,-0.60876383642
    ));
#4307 = ADVANCED_FACE('',(#4308),#4323,.T.);
#4308 = FACE_BOUND('',#4309,.T.);
#4309 = EDGE_LOOP('',(#4310,#4311,#4317));
#4310 = ORIENTED_EDGE('',*,*,#4297,.F.);
#4311 = ORIENTED_EDGE('',*,*,#4312,.T.);
#4312 = EDGE_CURVE('',#4290,#4056,#4313,.T.);
#4313 = LINE('',#4314,#4315);
#4314 = CARTESIAN_POINT('',(4.141025543213,0.75,0.259220659733));
#4315 = VECTOR('',#4316,1.);
#4316 = DIRECTION('',(0.,-1.,0.));
#4317 = ORIENTED_EDGE('',*,*,#4318,.T.);
#4318 = EDGE_CURVE('',#4056,#4266,#4319,.T.);
#4319 = LINE('',#4320,#4321);
#4320 = CARTESIAN_POINT('',(4.141025543213,0.5,0.259220659733));
#4321 = VECTOR('',#4322,1.);
#4322 = DIRECTION('',(-0.615209747064,0.63140036463,-0.472070489083));
#4323 = PLANE('',#4324);
#4324 = AXIS2_PLACEMENT_3D('',#4325,#4326,#4327);
#4325 = CARTESIAN_POINT('',(4.103697275038,0.625,0.230577463005));
#4326 = DIRECTION('',(0.608764226719,0.,-0.793351193525));
#4327 = DIRECTION('',(-0.793351193525,0.,-0.608764226719));
#4328 = ADVANCED_FACE('',(#4329),#4334,.T.);
#4329 = FACE_BOUND('',#4330,.T.);
#4330 = EDGE_LOOP('',(#4331,#4332,#4333));
#4331 = ORIENTED_EDGE('',*,*,#4318,.F.);
#4332 = ORIENTED_EDGE('',*,*,#4055,.F.);
#4333 = ORIENTED_EDGE('',*,*,#4265,.F.);
#4334 = PLANE('',#4335);
#4335 = AXIS2_PLACEMENT_3D('',#4336,#4337,#4338);
#4336 = CARTESIAN_POINT('',(4.019230744551,0.535202200327,0.165763609722
    ));
#4337 = DIRECTION('',(0.60876383642,-6.042061525129E-07,-0.793351493014)
  );
#4338 = DIRECTION('',(-0.793351493014,2.346875147806E-24,-0.60876383642)
  );
#4339 = ADVANCED_FACE('',(#4340),#4357,.T.);
#4340 = FACE_BOUND('',#4341,.T.);
#4341 = EDGE_LOOP('',(#4342,#4350,#4351));
#4342 = ORIENTED_EDGE('',*,*,#4343,.T.);
#4343 = EDGE_CURVE('',#4344,#4056,#4346,.T.);
#4344 = VERTEX_POINT('',#4345);
#4345 = CARTESIAN_POINT('',(4.262820720673,0.625,0.368642359972));
#4346 = LINE('',#4347,#4348);
#4347 = CARTESIAN_POINT('',(4.262820720673,0.625,0.368642359972));
#4348 = VECTOR('',#4349,1.);
#4349 = DIRECTION('',(-0.591265382011,-0.606823474401,-0.531197250512));
#4350 = ORIENTED_EDGE('',*,*,#4312,.F.);
#4351 = ORIENTED_EDGE('',*,*,#4352,.T.);
#4352 = EDGE_CURVE('',#4290,#4344,#4353,.T.);
#4353 = LINE('',#4354,#4355);
#4354 = CARTESIAN_POINT('',(4.141025543213,0.75,0.259220659733));
#4355 = VECTOR('',#4356,1.);
#4356 = DIRECTION('',(0.591265382011,-0.606823474401,0.531197250512));
#4357 = PLANE('',#4358);
#4358 = AXIS2_PLACEMENT_3D('',#4359,#4360,#4361);
#4359 = CARTESIAN_POINT('',(4.178924907829,0.625,0.293269732945));
#4360 = DIRECTION('',(0.668309976416,0.,-0.743882904376));
#4361 = DIRECTION('',(-0.743882904376,0.,-0.668309976416));
#4362 = ADVANCED_FACE('',(#4363),#4380,.T.);
#4363 = FACE_BOUND('',#4364,.T.);
#4364 = EDGE_LOOP('',(#4365,#4366,#4374));
#4365 = ORIENTED_EDGE('',*,*,#4352,.F.);
#4366 = ORIENTED_EDGE('',*,*,#4367,.T.);
#4367 = EDGE_CURVE('',#4290,#4368,#4370,.T.);
#4368 = VERTEX_POINT('',#4369);
#4369 = CARTESIAN_POINT('',(4.384615421295,0.75,0.478064060211));
#4370 = LINE('',#4371,#4372);
#4371 = CARTESIAN_POINT('',(4.141025543213,0.75,0.259220659733));
#4372 = VECTOR('',#4373,1.);
#4373 = DIRECTION('',(0.74388225399,0.,0.668310700347));
#4374 = ORIENTED_EDGE('',*,*,#4375,.T.);
#4375 = EDGE_CURVE('',#4368,#4344,#4376,.T.);
#4376 = LINE('',#4377,#4378);
#4377 = CARTESIAN_POINT('',(4.384615421295,0.75,0.478064060211));
#4378 = VECTOR('',#4379,1.);
#4379 = DIRECTION('',(-0.591263876419,-0.606824304954,-0.531197977556));
#4380 = PLANE('',#4381);
#4381 = AXIS2_PLACEMENT_3D('',#4382,#4383,#4384);
#4382 = CARTESIAN_POINT('',(4.262820525453,0.715177883078,0.368642339112
    ));
#4383 = DIRECTION('',(0.668310700347,1.274701500603E-06,-0.743882253989)
  );
#4384 = DIRECTION('',(-0.74388225399,3.535576054095E-23,-0.668310700347)
  );
#4385 = ADVANCED_FACE('',(#4386),#4401,.T.);
#4386 = FACE_BOUND('',#4387,.T.);
#4387 = EDGE_LOOP('',(#4388,#4389,#4395));
#4388 = ORIENTED_EDGE('',*,*,#4375,.F.);
#4389 = ORIENTED_EDGE('',*,*,#4390,.T.);
#4390 = EDGE_CURVE('',#4368,#4134,#4391,.T.);
#4391 = LINE('',#4392,#4393);
#4392 = CARTESIAN_POINT('',(4.384615421295,0.75,0.478064060211));
#4393 = VECTOR('',#4394,1.);
#4394 = DIRECTION('',(0.,-1.,0.));
#4395 = ORIENTED_EDGE('',*,*,#4396,.T.);
#4396 = EDGE_CURVE('',#4134,#4344,#4397,.T.);
#4397 = LINE('',#4398,#4399);
#4398 = CARTESIAN_POINT('',(4.384615421295,0.5,0.478064060211));
#4399 = VECTOR('',#4400,1.);
#4400 = DIRECTION('',(-0.591263876419,0.606824304954,-0.531197977556));
#4401 = PLANE('',#4402);
#4402 = AXIS2_PLACEMENT_3D('',#4403,#4404,#4405);
#4403 = CARTESIAN_POINT('',(4.346716224648,0.625,0.444015004598));
#4404 = DIRECTION('',(0.66831142428,0.,-0.743881603602));
#4405 = DIRECTION('',(-0.743881603602,0.,-0.66831142428));
#4406 = ADVANCED_FACE('',(#4407),#4412,.T.);
#4407 = FACE_BOUND('',#4408,.T.);
#4408 = EDGE_LOOP('',(#4409,#4410,#4411));
#4409 = ORIENTED_EDGE('',*,*,#4396,.F.);
#4410 = ORIENTED_EDGE('',*,*,#4133,.F.);
#4411 = ORIENTED_EDGE('',*,*,#4343,.F.);
#4412 = PLANE('',#4413);
#4413 = AXIS2_PLACEMENT_3D('',#4414,#4415,#4416);
#4414 = CARTESIAN_POINT('',(4.262820525453,0.534822116922,0.368642339112
    ));
#4415 = DIRECTION('',(0.668310700347,-1.274701500597E-06,-0.743882253989
    ));
#4416 = DIRECTION('',(-0.74388225399,3.228472193215E-23,-0.668310700347)
  );
#4417 = ADVANCED_FACE('',(#4418),#4435,.T.);
#4418 = FACE_BOUND('',#4419,.T.);
#4419 = EDGE_LOOP('',(#4420,#4428,#4429));
#4420 = ORIENTED_EDGE('',*,*,#4421,.T.);
#4421 = EDGE_CURVE('',#4422,#4134,#4424,.T.);
#4422 = VERTEX_POINT('',#4423);
#4423 = CARTESIAN_POINT('',(4.506410121918,0.625,0.596989810467));
#4424 = LINE('',#4425,#4426);
#4425 = CARTESIAN_POINT('',(4.506410121918,0.625,0.596989810467));
#4426 = VECTOR('',#4427,1.);
#4427 = DIRECTION('',(-0.576699861234,-0.591877005204,-0.563115335223));
#4428 = ORIENTED_EDGE('',*,*,#4390,.F.);
#4429 = ORIENTED_EDGE('',*,*,#4430,.T.);
#4430 = EDGE_CURVE('',#4368,#4422,#4431,.T.);
#4431 = LINE('',#4432,#4433);
#4432 = CARTESIAN_POINT('',(4.384615421295,0.75,0.478064060211));
#4433 = VECTOR('',#4434,1.);
#4434 = DIRECTION('',(0.576699861234,-0.591877005204,0.563115335223));
#4435 = PLANE('',#4436);
#4436 = AXIS2_PLACEMENT_3D('',#4437,#4438,#4439);
#4437 = CARTESIAN_POINT('',(4.422870481273,0.625,0.515417998319));
#4438 = DIRECTION('',(0.698629737223,0.,-0.715483396221));
#4439 = DIRECTION('',(-0.715483396221,0.,-0.698629737223));
#4440 = ADVANCED_FACE('',(#4441),#4458,.T.);
#4441 = FACE_BOUND('',#4442,.T.);
#4442 = EDGE_LOOP('',(#4443,#4444,#4452));
#4443 = ORIENTED_EDGE('',*,*,#4430,.F.);
#4444 = ORIENTED_EDGE('',*,*,#4445,.T.);
#4445 = EDGE_CURVE('',#4368,#4446,#4448,.T.);
#4446 = VERTEX_POINT('',#4447);
#4447 = CARTESIAN_POINT('',(4.628205299377,0.75,0.715915560722));
#4448 = LINE('',#4449,#4450);
#4449 = CARTESIAN_POINT('',(4.384615421295,0.75,0.478064060211));
#4450 = VECTOR('',#4451,1.);
#4451 = DIRECTION('',(0.715484079826,0.,0.698629037126));
#4452 = ORIENTED_EDGE('',*,*,#4453,.T.);
#4453 = EDGE_CURVE('',#4446,#4422,#4454,.T.);
#4454 = LINE('',#4455,#4456);
#4455 = CARTESIAN_POINT('',(4.628205299377,0.75,0.715915560722));
#4456 = VECTOR('',#4457,1.);
#4457 = DIRECTION('',(-0.576701368147,-0.591876234526,-0.563114601996));
#4458 = PLANE('',#4459);
#4459 = AXIS2_PLACEMENT_3D('',#4460,#4461,#4462);
#4460 = CARTESIAN_POINT('',(4.506410316283,0.715393681585,0.596989831902
    ));
#4461 = DIRECTION('',(0.698629037126,-1.332529138775E-06,-0.715484079825
    ));
#4462 = DIRECTION('',(-0.715484079826,-1.844039364823E-23,
    -0.698629037126));
#4463 = ADVANCED_FACE('',(#4464),#4479,.T.);
#4464 = FACE_BOUND('',#4465,.T.);
#4465 = EDGE_LOOP('',(#4466,#4467,#4473));
#4466 = ORIENTED_EDGE('',*,*,#4453,.F.);
#4467 = ORIENTED_EDGE('',*,*,#4468,.T.);
#4468 = EDGE_CURVE('',#4446,#4212,#4469,.T.);
#4469 = LINE('',#4470,#4471);
#4470 = CARTESIAN_POINT('',(4.628205299377,0.75,0.715915560722));
#4471 = VECTOR('',#4472,1.);
#4472 = DIRECTION('',(0.,-1.,0.));
#4473 = ORIENTED_EDGE('',*,*,#4474,.T.);
#4474 = EDGE_CURVE('',#4212,#4422,#4475,.T.);
#4475 = LINE('',#4476,#4477);
#4476 = CARTESIAN_POINT('',(4.628205299377,0.5,0.715915560722));
#4477 = VECTOR('',#4478,1.);
#4478 = DIRECTION('',(-0.576701368147,0.591876234526,-0.563114601996));
#4479 = PLANE('',#4480);
#4480 = AXIS2_PLACEMENT_3D('',#4481,#4482,#4483);
#4481 = CARTESIAN_POINT('',(4.589950071107,0.625,0.67856160453));
#4482 = DIRECTION('',(0.698628337031,0.,-0.715484763428));
#4483 = DIRECTION('',(-0.715484763428,0.,-0.698628337031));
#4484 = ADVANCED_FACE('',(#4485),#4490,.T.);
#4485 = FACE_BOUND('',#4486,.T.);
#4486 = EDGE_LOOP('',(#4487,#4488,#4489));
#4487 = ORIENTED_EDGE('',*,*,#4474,.F.);
#4488 = ORIENTED_EDGE('',*,*,#4211,.F.);
#4489 = ORIENTED_EDGE('',*,*,#4421,.F.);
#4490 = PLANE('',#4491);
#4491 = AXIS2_PLACEMENT_3D('',#4492,#4493,#4494);
#4492 = CARTESIAN_POINT('',(4.506410316283,0.534606318415,0.596989831902
    ));
#4493 = DIRECTION('',(0.698629037126,1.332529138754E-06,-0.715484079825)
  );
#4494 = DIRECTION('',(-0.715484079826,-3.513133586486E-23,
    -0.698629037126));
#4495 = ADVANCED_FACE('',(#4496),#4513,.T.);
#4496 = FACE_BOUND('',#4497,.T.);
#4497 = EDGE_LOOP('',(#4498,#4506,#4507));
#4498 = ORIENTED_EDGE('',*,*,#4499,.T.);
#4499 = EDGE_CURVE('',#4500,#3514,#4502,.T.);
#4500 = VERTEX_POINT('',#4501);
#4501 = CARTESIAN_POINT('',(4.01923084259,0.875,0.165763616562));
#4502 = LINE('',#4503,#4504);
#4503 = CARTESIAN_POINT('',(4.01923084259,0.875,0.165763616562));
#4504 = VECTOR('',#4505,1.);
#4505 = DIRECTION('',(-0.615210506487,-0.631399908044,-0.472070110079));
#4506 = ORIENTED_EDGE('',*,*,#3513,.F.);
#4507 = ORIENTED_EDGE('',*,*,#4508,.T.);
#4508 = EDGE_CURVE('',#3491,#4500,#4509,.T.);
#4509 = LINE('',#4510,#4511);
#4510 = CARTESIAN_POINT('',(3.897435903549,1.,7.230658084154E-02));
#4511 = VECTOR('',#4512,1.);
#4512 = DIRECTION('',(0.615210506487,-0.631399908044,0.472070110079));
#4513 = PLANE('',#4514);
#4514 = AXIS2_PLACEMENT_3D('',#4515,#4516,#4517);
#4515 = CARTESIAN_POINT('',(3.934764255243,0.875,0.100949783302));
#4516 = DIRECTION('',(0.608763446121,0.,-0.793351792503));
#4517 = DIRECTION('',(-0.793351792503,0.,-0.608763446121));
#4518 = ADVANCED_FACE('',(#4519),#4536,.T.);
#4519 = FACE_BOUND('',#4520,.T.);
#4520 = EDGE_LOOP('',(#4521,#4522,#4530));
#4521 = ORIENTED_EDGE('',*,*,#4508,.F.);
#4522 = ORIENTED_EDGE('',*,*,#4523,.T.);
#4523 = EDGE_CURVE('',#3491,#4524,#4526,.T.);
#4524 = VERTEX_POINT('',#4525);
#4525 = CARTESIAN_POINT('',(4.141025543213,1.,0.259220659733));
#4526 = LINE('',#4527,#4528);
#4527 = CARTESIAN_POINT('',(3.897435903549,1.,7.230658084154E-02));
#4528 = VECTOR('',#4529,1.);
#4529 = DIRECTION('',(0.793351493014,0.,0.60876383642));
#4530 = ORIENTED_EDGE('',*,*,#4531,.T.);
#4531 = EDGE_CURVE('',#4524,#4500,#4532,.T.);
#4532 = LINE('',#4533,#4534);
#4533 = CARTESIAN_POINT('',(4.141025543213,1.,0.259220659733));
#4534 = VECTOR('',#4535,1.);
#4535 = DIRECTION('',(-0.615209747064,-0.63140036463,-0.472070489083));
#4536 = PLANE('',#4537);
#4537 = AXIS2_PLACEMENT_3D('',#4538,#4539,#4540);
#4538 = CARTESIAN_POINT('',(4.019230744551,0.964797799673,0.165763609722
    ));
#4539 = DIRECTION('',(0.60876383642,6.042061524958E-07,-0.793351493014)
  );
#4540 = DIRECTION('',(-0.793351493014,-3.028622561868E-24,-0.60876383642
    ));
#4541 = ADVANCED_FACE('',(#4542),#4557,.T.);
#4542 = FACE_BOUND('',#4543,.T.);
#4543 = EDGE_LOOP('',(#4544,#4545,#4551));
#4544 = ORIENTED_EDGE('',*,*,#4531,.F.);
#4545 = ORIENTED_EDGE('',*,*,#4546,.T.);
#4546 = EDGE_CURVE('',#4524,#4290,#4547,.T.);
#4547 = LINE('',#4548,#4549);
#4548 = CARTESIAN_POINT('',(4.141025543213,1.,0.259220659733));
#4549 = VECTOR('',#4550,1.);
#4550 = DIRECTION('',(0.,-1.,0.));
#4551 = ORIENTED_EDGE('',*,*,#4552,.T.);
#4552 = EDGE_CURVE('',#4290,#4500,#4553,.T.);
#4553 = LINE('',#4554,#4555);
#4554 = CARTESIAN_POINT('',(4.141025543213,0.75,0.259220659733));
#4555 = VECTOR('',#4556,1.);
#4556 = DIRECTION('',(-0.615209747064,0.63140036463,-0.472070489083));
#4557 = PLANE('',#4558);
#4558 = AXIS2_PLACEMENT_3D('',#4559,#4560,#4561);
#4559 = CARTESIAN_POINT('',(4.103697275038,0.875,0.230577463005));
#4560 = DIRECTION('',(0.608764226719,0.,-0.793351193525));
#4561 = DIRECTION('',(-0.793351193525,0.,-0.608764226719));
#4562 = ADVANCED_FACE('',(#4563),#4568,.T.);
#4563 = FACE_BOUND('',#4564,.T.);
#4564 = EDGE_LOOP('',(#4565,#4566,#4567));
#4565 = ORIENTED_EDGE('',*,*,#4552,.F.);
#4566 = ORIENTED_EDGE('',*,*,#4289,.F.);
#4567 = ORIENTED_EDGE('',*,*,#4499,.F.);
#4568 = PLANE('',#4569);
#4569 = AXIS2_PLACEMENT_3D('',#4570,#4571,#4572);
#4570 = CARTESIAN_POINT('',(4.019230744551,0.785202200327,0.165763609722
    ));
#4571 = DIRECTION('',(0.60876383642,-6.042061525099E-07,-0.793351493014)
  );
#4572 = DIRECTION('',(-0.793351493014,-2.316343837309E-23,-0.60876383642
    ));
#4573 = ADVANCED_FACE('',(#4574),#4591,.T.);
#4574 = FACE_BOUND('',#4575,.T.);
#4575 = EDGE_LOOP('',(#4576,#4584,#4585));
#4576 = ORIENTED_EDGE('',*,*,#4577,.T.);
#4577 = EDGE_CURVE('',#4578,#4290,#4580,.T.);
#4578 = VERTEX_POINT('',#4579);
#4579 = CARTESIAN_POINT('',(4.262820720673,0.875,0.368642359972));
#4580 = LINE('',#4581,#4582);
#4581 = CARTESIAN_POINT('',(4.262820720673,0.875,0.368642359972));
#4582 = VECTOR('',#4583,1.);
#4583 = DIRECTION('',(-0.591265382011,-0.606823474401,-0.531197250512));
#4584 = ORIENTED_EDGE('',*,*,#4546,.F.);
#4585 = ORIENTED_EDGE('',*,*,#4586,.T.);
#4586 = EDGE_CURVE('',#4524,#4578,#4587,.T.);
#4587 = LINE('',#4588,#4589);
#4588 = CARTESIAN_POINT('',(4.141025543213,1.,0.259220659733));
#4589 = VECTOR('',#4590,1.);
#4590 = DIRECTION('',(0.591265382011,-0.606823474401,0.531197250512));
#4591 = PLANE('',#4592);
#4592 = AXIS2_PLACEMENT_3D('',#4593,#4594,#4595);
#4593 = CARTESIAN_POINT('',(4.178924907829,0.875,0.293269732945));
#4594 = DIRECTION('',(0.668309976416,0.,-0.743882904376));
#4595 = DIRECTION('',(-0.743882904376,0.,-0.668309976416));
#4596 = ADVANCED_FACE('',(#4597),#4614,.T.);
#4597 = FACE_BOUND('',#4598,.T.);
#4598 = EDGE_LOOP('',(#4599,#4600,#4608));
#4599 = ORIENTED_EDGE('',*,*,#4586,.F.);
#4600 = ORIENTED_EDGE('',*,*,#4601,.T.);
#4601 = EDGE_CURVE('',#4524,#4602,#4604,.T.);
#4602 = VERTEX_POINT('',#4603);
#4603 = CARTESIAN_POINT('',(4.384615421295,1.,0.478064060211));
#4604 = LINE('',#4605,#4606);
#4605 = CARTESIAN_POINT('',(4.141025543213,1.,0.259220659733));
#4606 = VECTOR('',#4607,1.);
#4607 = DIRECTION('',(0.74388225399,0.,0.668310700347));
#4608 = ORIENTED_EDGE('',*,*,#4609,.T.);
#4609 = EDGE_CURVE('',#4602,#4578,#4610,.T.);
#4610 = LINE('',#4611,#4612);
#4611 = CARTESIAN_POINT('',(4.384615421295,1.,0.478064060211));
#4612 = VECTOR('',#4613,1.);
#4613 = DIRECTION('',(-0.591263876419,-0.606824304954,-0.531197977556));
#4614 = PLANE('',#4615);
#4615 = AXIS2_PLACEMENT_3D('',#4616,#4617,#4618);
#4616 = CARTESIAN_POINT('',(4.262820525453,0.965177883078,0.368642339112
    ));
#4617 = DIRECTION('',(0.668310700347,1.274701500606E-06,-0.743882253989)
  );
#4618 = DIRECTION('',(-0.74388225399,-3.101698805755E-23,-0.668310700347
    ));
#4619 = ADVANCED_FACE('',(#4620),#4635,.T.);
#4620 = FACE_BOUND('',#4621,.T.);
#4621 = EDGE_LOOP('',(#4622,#4623,#4629));
#4622 = ORIENTED_EDGE('',*,*,#4609,.F.);
#4623 = ORIENTED_EDGE('',*,*,#4624,.T.);
#4624 = EDGE_CURVE('',#4602,#4368,#4625,.T.);
#4625 = LINE('',#4626,#4627);
#4626 = CARTESIAN_POINT('',(4.384615421295,1.,0.478064060211));
#4627 = VECTOR('',#4628,1.);
#4628 = DIRECTION('',(0.,-1.,0.));
#4629 = ORIENTED_EDGE('',*,*,#4630,.T.);
#4630 = EDGE_CURVE('',#4368,#4578,#4631,.T.);
#4631 = LINE('',#4632,#4633);
#4632 = CARTESIAN_POINT('',(4.384615421295,0.75,0.478064060211));
#4633 = VECTOR('',#4634,1.);
#4634 = DIRECTION('',(-0.591263876419,0.606824304954,-0.531197977556));
#4635 = PLANE('',#4636);
#4636 = AXIS2_PLACEMENT_3D('',#4637,#4638,#4639);
#4637 = CARTESIAN_POINT('',(4.346716224648,0.875,0.444015004598));
#4638 = DIRECTION('',(0.66831142428,0.,-0.743881603602));
#4639 = DIRECTION('',(-0.743881603602,0.,-0.66831142428));
#4640 = ADVANCED_FACE('',(#4641),#4646,.T.);
#4641 = FACE_BOUND('',#4642,.T.);
#4642 = EDGE_LOOP('',(#4643,#4644,#4645));
#4643 = ORIENTED_EDGE('',*,*,#4630,.F.);
#4644 = ORIENTED_EDGE('',*,*,#4367,.F.);
#4645 = ORIENTED_EDGE('',*,*,#4577,.F.);
#4646 = PLANE('',#4647);
#4647 = AXIS2_PLACEMENT_3D('',#4648,#4649,#4650);
#4648 = CARTESIAN_POINT('',(4.262820525453,0.784822116922,0.368642339112
    ));
#4649 = DIRECTION('',(0.668310700347,-1.274701500598E-06,-0.743882253989
    ));
#4650 = DIRECTION('',(-0.74388225399,1.879060713745E-23,-0.668310700347)
  );
#4651 = ADVANCED_FACE('',(#4652),#4669,.T.);
#4652 = FACE_BOUND('',#4653,.T.);
#4653 = EDGE_LOOP('',(#4654,#4662,#4663));
#4654 = ORIENTED_EDGE('',*,*,#4655,.T.);
#4655 = EDGE_CURVE('',#4656,#4368,#4658,.T.);
#4656 = VERTEX_POINT('',#4657);
#4657 = CARTESIAN_POINT('',(4.506410121918,0.875,0.596989810467));
#4658 = LINE('',#4659,#4660);
#4659 = CARTESIAN_POINT('',(4.506410121918,0.875,0.596989810467));
#4660 = VECTOR('',#4661,1.);
#4661 = DIRECTION('',(-0.576699861234,-0.591877005204,-0.563115335223));
#4662 = ORIENTED_EDGE('',*,*,#4624,.F.);
#4663 = ORIENTED_EDGE('',*,*,#4664,.T.);
#4664 = EDGE_CURVE('',#4602,#4656,#4665,.T.);
#4665 = LINE('',#4666,#4667);
#4666 = CARTESIAN_POINT('',(4.384615421295,1.,0.478064060211));
#4667 = VECTOR('',#4668,1.);
#4668 = DIRECTION('',(0.576699861234,-0.591877005204,0.563115335223));
#4669 = PLANE('',#4670);
#4670 = AXIS2_PLACEMENT_3D('',#4671,#4672,#4673);
#4671 = CARTESIAN_POINT('',(4.422870481273,0.875,0.515417998319));
#4672 = DIRECTION('',(0.698629737223,0.,-0.715483396221));
#4673 = DIRECTION('',(-0.715483396221,0.,-0.698629737223));
#4674 = ADVANCED_FACE('',(#4675),#4692,.T.);
#4675 = FACE_BOUND('',#4676,.T.);
#4676 = EDGE_LOOP('',(#4677,#4678,#4686));
#4677 = ORIENTED_EDGE('',*,*,#4664,.F.);
#4678 = ORIENTED_EDGE('',*,*,#4679,.T.);
#4679 = EDGE_CURVE('',#4602,#4680,#4682,.T.);
#4680 = VERTEX_POINT('',#4681);
#4681 = CARTESIAN_POINT('',(4.628205299377,1.,0.715915560722));
#4682 = LINE('',#4683,#4684);
#4683 = CARTESIAN_POINT('',(4.384615421295,1.,0.478064060211));
#4684 = VECTOR('',#4685,1.);
#4685 = DIRECTION('',(0.715484079826,0.,0.698629037126));
#4686 = ORIENTED_EDGE('',*,*,#4687,.T.);
#4687 = EDGE_CURVE('',#4680,#4656,#4688,.T.);
#4688 = LINE('',#4689,#4690);
#4689 = CARTESIAN_POINT('',(4.628205299377,1.,0.715915560722));
#4690 = VECTOR('',#4691,1.);
#4691 = DIRECTION('',(-0.576701368147,-0.591876234526,-0.563114601996));
#4692 = PLANE('',#4693);
#4693 = AXIS2_PLACEMENT_3D('',#4694,#4695,#4696);
#4694 = CARTESIAN_POINT('',(4.506410316283,0.965393681585,0.596989831902
    ));
#4695 = DIRECTION('',(0.698629037126,-1.33252913879E-06,-0.715484079825)
  );
#4696 = DIRECTION('',(-0.715484079826,-6.421311845775E-23,
    -0.698629037126));
#4697 = ADVANCED_FACE('',(#4698),#4713,.T.);
#4698 = FACE_BOUND('',#4699,.T.);
#4699 = EDGE_LOOP('',(#4700,#4701,#4707));
#4700 = ORIENTED_EDGE('',*,*,#4687,.F.);
#4701 = ORIENTED_EDGE('',*,*,#4702,.T.);
#4702 = EDGE_CURVE('',#4680,#4446,#4703,.T.);
#4703 = LINE('',#4704,#4705);
#4704 = CARTESIAN_POINT('',(4.628205299377,1.,0.715915560722));
#4705 = VECTOR('',#4706,1.);
#4706 = DIRECTION('',(0.,-1.,0.));
#4707 = ORIENTED_EDGE('',*,*,#4708,.T.);
#4708 = EDGE_CURVE('',#4446,#4656,#4709,.T.);
#4709 = LINE('',#4710,#4711);
#4710 = CARTESIAN_POINT('',(4.628205299377,0.75,0.715915560722));
#4711 = VECTOR('',#4712,1.);
#4712 = DIRECTION('',(-0.576701368147,0.591876234526,-0.563114601996));
#4713 = PLANE('',#4714);
#4714 = AXIS2_PLACEMENT_3D('',#4715,#4716,#4717);
#4715 = CARTESIAN_POINT('',(4.589950071107,0.875,0.67856160453));
#4716 = DIRECTION('',(0.698628337031,0.,-0.715484763428));
#4717 = DIRECTION('',(-0.715484763428,0.,-0.698628337031));
#4718 = ADVANCED_FACE('',(#4719),#4724,.T.);
#4719 = FACE_BOUND('',#4720,.T.);
#4720 = EDGE_LOOP('',(#4721,#4722,#4723));
#4721 = ORIENTED_EDGE('',*,*,#4708,.F.);
#4722 = ORIENTED_EDGE('',*,*,#4445,.F.);
#4723 = ORIENTED_EDGE('',*,*,#4655,.F.);
#4724 = PLANE('',#4725);
#4725 = AXIS2_PLACEMENT_3D('',#4726,#4727,#4728);
#4726 = CARTESIAN_POINT('',(4.506410316283,0.784606318415,0.596989831902
    ));
#4727 = DIRECTION('',(0.698629037126,1.332529138791E-06,-0.715484079825)
  );
#4728 = DIRECTION('',(-0.715484079826,-7.263410773622E-23,
    -0.698629037126));
#4729 = ADVANCED_FACE('',(#4730),#4756,.T.);
#4730 = FACE_BOUND('',#4731,.T.);
#4731 = EDGE_LOOP('',(#4732,#4742,#4750));
#4732 = ORIENTED_EDGE('',*,*,#4733,.T.);
#4733 = EDGE_CURVE('',#4734,#4736,#4738,.T.);
#4734 = VERTEX_POINT('',#4735);
#4735 = CARTESIAN_POINT('',(4.993589878082,0.875,1.07545375824));
#4736 = VERTEX_POINT('',#4737);
#4737 = CARTESIAN_POINT('',(4.871794700623,0.75,0.958731651306));
#4738 = LINE('',#4739,#4740);
#4739 = CARTESIAN_POINT('',(4.993589878082,0.875,1.07545375824));
#4740 = VECTOR('',#4741,1.);
#4741 = DIRECTION('',(-0.580088094881,-0.595352076925,-0.555925990288));
#4742 = ORIENTED_EDGE('',*,*,#4743,.F.);
#4743 = EDGE_CURVE('',#4744,#4736,#4746,.T.);
#4744 = VERTEX_POINT('',#4745);
#4745 = CARTESIAN_POINT('',(4.871794700623,1.,0.958731651306));
#4746 = LINE('',#4747,#4748);
#4747 = CARTESIAN_POINT('',(4.871794700623,1.,0.958731651306));
#4748 = VECTOR('',#4749,1.);
#4749 = DIRECTION('',(0.,-1.,0.));
#4750 = ORIENTED_EDGE('',*,*,#4751,.T.);
#4751 = EDGE_CURVE('',#4744,#4734,#4752,.T.);
#4752 = LINE('',#4753,#4754);
#4753 = CARTESIAN_POINT('',(4.871794700623,1.,0.958731651306));
#4754 = VECTOR('',#4755,1.);
#4755 = DIRECTION('',(0.580088094881,-0.595352076925,0.555925990288));
#4756 = PLANE('',#4757);
#4757 = AXIS2_PLACEMENT_3D('',#4758,#4759,#4760);
#4758 = CARTESIAN_POINT('',(4.909966581056,0.875,0.995313578462));
#4759 = DIRECTION('',(0.691910704372,0.,-0.721983086488));
#4760 = DIRECTION('',(-0.721983086488,0.,-0.691910704372));
#4761 = ADVANCED_FACE('',(#4762),#4779,.T.);
#4762 = FACE_BOUND('',#4763,.T.);
#4763 = EDGE_LOOP('',(#4764,#4765,#4773));
#4764 = ORIENTED_EDGE('',*,*,#4751,.F.);
#4765 = ORIENTED_EDGE('',*,*,#4766,.T.);
#4766 = EDGE_CURVE('',#4744,#4767,#4769,.T.);
#4767 = VERTEX_POINT('',#4768);
#4768 = CARTESIAN_POINT('',(5.115384578705,1.,1.192175745964));
#4769 = LINE('',#4770,#4771);
#4770 = CARTESIAN_POINT('',(4.871794700623,1.,0.958731651306));
#4771 = VECTOR('',#4772,1.);
#4772 = DIRECTION('',(0.721982586383,0.,0.691911226213));
#4773 = ORIENTED_EDGE('',*,*,#4774,.T.);
#4774 = EDGE_CURVE('',#4767,#4734,#4775,.T.);
#4775 = LINE('',#4776,#4777);
#4776 = CARTESIAN_POINT('',(5.115384578705,1.,1.192175745964));
#4777 = VECTOR('',#4778,1.);
#4778 = DIRECTION('',(-0.580086771115,-0.595353049178,-0.555926330382));
#4779 = PLANE('',#4780);
#4780 = AXIS2_PLACEMENT_3D('',#4781,#4782,#4783);
#4781 = CARTESIAN_POINT('',(4.993589678192,0.965344481497,1.075453688737
    ));
#4782 = DIRECTION('',(0.691911226213,9.754478066193E-07,-0.721982586383)
  );
#4783 = DIRECTION('',(-0.721982586383,-2.489992255379E-23,
    -0.691911226213));
#4784 = ADVANCED_FACE('',(#4785),#4802,.T.);
#4785 = FACE_BOUND('',#4786,.T.);
#4786 = EDGE_LOOP('',(#4787,#4788,#4796));
#4787 = ORIENTED_EDGE('',*,*,#4774,.F.);
#4788 = ORIENTED_EDGE('',*,*,#4789,.T.);
#4789 = EDGE_CURVE('',#4767,#4790,#4792,.T.);
#4790 = VERTEX_POINT('',#4791);
#4791 = CARTESIAN_POINT('',(5.115384578705,0.75,1.192175745964));
#4792 = LINE('',#4793,#4794);
#4793 = CARTESIAN_POINT('',(5.115384578705,1.,1.192175745964));
#4794 = VECTOR('',#4795,1.);
#4795 = DIRECTION('',(0.,-1.,0.));
#4796 = ORIENTED_EDGE('',*,*,#4797,.T.);
#4797 = EDGE_CURVE('',#4790,#4734,#4798,.T.);
#4798 = LINE('',#4799,#4800);
#4799 = CARTESIAN_POINT('',(5.115384578705,0.75,1.192175745964));
#4800 = VECTOR('',#4801,1.);
#4801 = DIRECTION('',(-0.580086771115,0.595353049178,-0.555926330382));
#4802 = PLANE('',#4803);
#4803 = AXIS2_PLACEMENT_3D('',#4804,#4805,#4806);
#4804 = CARTESIAN_POINT('',(5.07721287098,0.875,1.155593878463));
#4805 = DIRECTION('',(0.691911748055,0.,-0.721982086276));
#4806 = DIRECTION('',(-0.721982086276,0.,-0.691911748055));
#4807 = ADVANCED_FACE('',(#4808),#4818,.T.);
#4808 = FACE_BOUND('',#4809,.T.);
#4809 = EDGE_LOOP('',(#4810,#4811,#4817));
#4810 = ORIENTED_EDGE('',*,*,#4797,.F.);
#4811 = ORIENTED_EDGE('',*,*,#4812,.F.);
#4812 = EDGE_CURVE('',#4736,#4790,#4813,.T.);
#4813 = LINE('',#4814,#4815);
#4814 = CARTESIAN_POINT('',(4.871794700623,0.75,0.958731651306));
#4815 = VECTOR('',#4816,1.);
#4816 = DIRECTION('',(0.721982586383,0.,0.691911226213));
#4817 = ORIENTED_EDGE('',*,*,#4733,.F.);
#4818 = PLANE('',#4819);
#4819 = AXIS2_PLACEMENT_3D('',#4820,#4821,#4822);
#4820 = CARTESIAN_POINT('',(4.993589678192,0.784655518503,1.075453688737
    ));
#4821 = DIRECTION('',(0.691911226213,-9.754478065646E-07,-0.721982586383
    ));
#4822 = DIRECTION('',(-0.721982586383,5.767165857896E-23,-0.691911226213
    ));
#4823 = ADVANCED_FACE('',(#4824),#4848,.T.);
#4824 = FACE_BOUND('',#4825,.T.);
#4825 = EDGE_LOOP('',(#4826,#4836,#4842));
#4826 = ORIENTED_EDGE('',*,*,#4827,.T.);
#4827 = EDGE_CURVE('',#4828,#4830,#4832,.T.);
#4828 = VERTEX_POINT('',#4829);
#4829 = CARTESIAN_POINT('',(4.993589878082,0.625,1.07545375824));
#4830 = VERTEX_POINT('',#4831);
#4831 = CARTESIAN_POINT('',(4.871794700623,0.5,0.958731651306));
#4832 = LINE('',#4833,#4834);
#4833 = CARTESIAN_POINT('',(4.993589878082,0.625,1.07545375824));
#4834 = VECTOR('',#4835,1.);
#4835 = DIRECTION('',(-0.580088094881,-0.595352076925,-0.555925990288));
#4836 = ORIENTED_EDGE('',*,*,#4837,.F.);
#4837 = EDGE_CURVE('',#4736,#4830,#4838,.T.);
#4838 = LINE('',#4839,#4840);
#4839 = CARTESIAN_POINT('',(4.871794700623,0.75,0.958731651306));
#4840 = VECTOR('',#4841,1.);
#4841 = DIRECTION('',(0.,-1.,0.));
#4842 = ORIENTED_EDGE('',*,*,#4843,.T.);
#4843 = EDGE_CURVE('',#4736,#4828,#4844,.T.);
#4844 = LINE('',#4845,#4846);
#4845 = CARTESIAN_POINT('',(4.871794700623,0.75,0.958731651306));
#4846 = VECTOR('',#4847,1.);
#4847 = DIRECTION('',(0.580088094881,-0.595352076925,0.555925990288));
#4848 = PLANE('',#4849);
#4849 = AXIS2_PLACEMENT_3D('',#4850,#4851,#4852);
#4850 = CARTESIAN_POINT('',(4.909966581056,0.625,0.995313578462));
#4851 = DIRECTION('',(0.691910704372,0.,-0.721983086488));
#4852 = DIRECTION('',(-0.721983086488,0.,-0.691910704372));
#4853 = ADVANCED_FACE('',(#4854),#4864,.T.);
#4854 = FACE_BOUND('',#4855,.T.);
#4855 = EDGE_LOOP('',(#4856,#4857,#4858));
#4856 = ORIENTED_EDGE('',*,*,#4843,.F.);
#4857 = ORIENTED_EDGE('',*,*,#4812,.T.);
#4858 = ORIENTED_EDGE('',*,*,#4859,.T.);
#4859 = EDGE_CURVE('',#4790,#4828,#4860,.T.);
#4860 = LINE('',#4861,#4862);
#4861 = CARTESIAN_POINT('',(5.115384578705,0.75,1.192175745964));
#4862 = VECTOR('',#4863,1.);
#4863 = DIRECTION('',(-0.580086771115,-0.595353049178,-0.555926330382));
#4864 = PLANE('',#4865);
#4865 = AXIS2_PLACEMENT_3D('',#4866,#4867,#4868);
#4866 = CARTESIAN_POINT('',(4.993589678192,0.715344481497,1.075453688737
    ));
#4867 = DIRECTION('',(0.691911226213,9.754478065812E-07,-0.721982586383)
  );
#4868 = DIRECTION('',(-0.721982586383,-1.483779061332E-23,
    -0.691911226213));
#4869 = ADVANCED_FACE('',(#4870),#4887,.T.);
#4870 = FACE_BOUND('',#4871,.T.);
#4871 = EDGE_LOOP('',(#4872,#4873,#4881));
#4872 = ORIENTED_EDGE('',*,*,#4859,.F.);
#4873 = ORIENTED_EDGE('',*,*,#4874,.T.);
#4874 = EDGE_CURVE('',#4790,#4875,#4877,.T.);
#4875 = VERTEX_POINT('',#4876);
#4876 = CARTESIAN_POINT('',(5.115384578705,0.5,1.192175745964));
#4877 = LINE('',#4878,#4879);
#4878 = CARTESIAN_POINT('',(5.115384578705,0.75,1.192175745964));
#4879 = VECTOR('',#4880,1.);
#4880 = DIRECTION('',(0.,-1.,0.));
#4881 = ORIENTED_EDGE('',*,*,#4882,.T.);
#4882 = EDGE_CURVE('',#4875,#4828,#4883,.T.);
#4883 = LINE('',#4884,#4885);
#4884 = CARTESIAN_POINT('',(5.115384578705,0.5,1.192175745964));
#4885 = VECTOR('',#4886,1.);
#4886 = DIRECTION('',(-0.580086771115,0.595353049178,-0.555926330382));
#4887 = PLANE('',#4888);
#4888 = AXIS2_PLACEMENT_3D('',#4889,#4890,#4891);
#4889 = CARTESIAN_POINT('',(5.07721287098,0.625,1.155593878463));
#4890 = DIRECTION('',(0.691911748055,0.,-0.721982086276));
#4891 = DIRECTION('',(-0.721982086276,0.,-0.691911748055));
#4892 = ADVANCED_FACE('',(#4893),#4903,.T.);
#4893 = FACE_BOUND('',#4894,.T.);
#4894 = EDGE_LOOP('',(#4895,#4896,#4902));
#4895 = ORIENTED_EDGE('',*,*,#4882,.F.);
#4896 = ORIENTED_EDGE('',*,*,#4897,.F.);
#4897 = EDGE_CURVE('',#4830,#4875,#4898,.T.);
#4898 = LINE('',#4899,#4900);
#4899 = CARTESIAN_POINT('',(4.871794700623,0.5,0.958731651306));
#4900 = VECTOR('',#4901,1.);
#4901 = DIRECTION('',(0.721982586383,0.,0.691911226213));
#4902 = ORIENTED_EDGE('',*,*,#4827,.F.);
#4903 = PLANE('',#4904);
#4904 = AXIS2_PLACEMENT_3D('',#4905,#4906,#4907);
#4905 = CARTESIAN_POINT('',(4.993589678192,0.534655518503,1.075453688737
    ));
#4906 = DIRECTION('',(0.691911226213,-9.754478065646E-07,-0.721982586383
    ));
#4907 = DIRECTION('',(-0.721982586383,5.767165857896E-23,-0.691911226213
    ));
#4908 = ADVANCED_FACE('',(#4909),#4933,.T.);
#4909 = FACE_BOUND('',#4910,.T.);
#4910 = EDGE_LOOP('',(#4911,#4921,#4927));
#4911 = ORIENTED_EDGE('',*,*,#4912,.T.);
#4912 = EDGE_CURVE('',#4913,#4915,#4917,.T.);
#4913 = VERTEX_POINT('',#4914);
#4914 = CARTESIAN_POINT('',(4.993589878082,0.375,1.07545375824));
#4915 = VERTEX_POINT('',#4916);
#4916 = CARTESIAN_POINT('',(4.871794700623,0.25,0.958731651306));
#4917 = LINE('',#4918,#4919);
#4918 = CARTESIAN_POINT('',(4.993589878082,0.375,1.07545375824));
#4919 = VECTOR('',#4920,1.);
#4920 = DIRECTION('',(-0.580088094881,-0.595352076925,-0.555925990288));
#4921 = ORIENTED_EDGE('',*,*,#4922,.F.);
#4922 = EDGE_CURVE('',#4830,#4915,#4923,.T.);
#4923 = LINE('',#4924,#4925);
#4924 = CARTESIAN_POINT('',(4.871794700623,0.5,0.958731651306));
#4925 = VECTOR('',#4926,1.);
#4926 = DIRECTION('',(0.,-1.,0.));
#4927 = ORIENTED_EDGE('',*,*,#4928,.T.);
#4928 = EDGE_CURVE('',#4830,#4913,#4929,.T.);
#4929 = LINE('',#4930,#4931);
#4930 = CARTESIAN_POINT('',(4.871794700623,0.5,0.958731651306));
#4931 = VECTOR('',#4932,1.);
#4932 = DIRECTION('',(0.580088094881,-0.595352076925,0.555925990288));
#4933 = PLANE('',#4934);
#4934 = AXIS2_PLACEMENT_3D('',#4935,#4936,#4937);
#4935 = CARTESIAN_POINT('',(4.909966581056,0.375,0.995313578462));
#4936 = DIRECTION('',(0.691910704372,0.,-0.721983086488));
#4937 = DIRECTION('',(-0.721983086488,0.,-0.691910704372));
#4938 = ADVANCED_FACE('',(#4939),#4949,.T.);
#4939 = FACE_BOUND('',#4940,.T.);
#4940 = EDGE_LOOP('',(#4941,#4942,#4943));
#4941 = ORIENTED_EDGE('',*,*,#4928,.F.);
#4942 = ORIENTED_EDGE('',*,*,#4897,.T.);
#4943 = ORIENTED_EDGE('',*,*,#4944,.T.);
#4944 = EDGE_CURVE('',#4875,#4913,#4945,.T.);
#4945 = LINE('',#4946,#4947);
#4946 = CARTESIAN_POINT('',(5.115384578705,0.5,1.192175745964));
#4947 = VECTOR('',#4948,1.);
#4948 = DIRECTION('',(-0.580086771115,-0.595353049178,-0.555926330382));
#4949 = PLANE('',#4950);
#4950 = AXIS2_PLACEMENT_3D('',#4951,#4952,#4953);
#4951 = CARTESIAN_POINT('',(4.993589678192,0.465344481497,1.075453688737
    ));
#4952 = DIRECTION('',(0.691911226213,9.754478065808E-07,-0.721982586383)
  );
#4953 = DIRECTION('',(-0.721982586383,8.153825192017E-24,-0.691911226213
    ));
#4954 = ADVANCED_FACE('',(#4955),#4972,.T.);
#4955 = FACE_BOUND('',#4956,.T.);
#4956 = EDGE_LOOP('',(#4957,#4958,#4966));
#4957 = ORIENTED_EDGE('',*,*,#4944,.F.);
#4958 = ORIENTED_EDGE('',*,*,#4959,.T.);
#4959 = EDGE_CURVE('',#4875,#4960,#4962,.T.);
#4960 = VERTEX_POINT('',#4961);
#4961 = CARTESIAN_POINT('',(5.115384578705,0.25,1.192175745964));
#4962 = LINE('',#4963,#4964);
#4963 = CARTESIAN_POINT('',(5.115384578705,0.5,1.192175745964));
#4964 = VECTOR('',#4965,1.);
#4965 = DIRECTION('',(0.,-1.,0.));
#4966 = ORIENTED_EDGE('',*,*,#4967,.T.);
#4967 = EDGE_CURVE('',#4960,#4913,#4968,.T.);
#4968 = LINE('',#4969,#4970);
#4969 = CARTESIAN_POINT('',(5.115384578705,0.25,1.192175745964));
#4970 = VECTOR('',#4971,1.);
#4971 = DIRECTION('',(-0.580086771115,0.595353049178,-0.555926330382));
#4972 = PLANE('',#4973);
#4973 = AXIS2_PLACEMENT_3D('',#4974,#4975,#4976);
#4974 = CARTESIAN_POINT('',(5.07721287098,0.375,1.155593878463));
#4975 = DIRECTION('',(0.691911748055,0.,-0.721982086276));
#4976 = DIRECTION('',(-0.721982086276,0.,-0.691911748055));
#4977 = ADVANCED_FACE('',(#4978),#4988,.T.);
#4978 = FACE_BOUND('',#4979,.T.);
#4979 = EDGE_LOOP('',(#4980,#4981,#4987));
#4980 = ORIENTED_EDGE('',*,*,#4967,.F.);
#4981 = ORIENTED_EDGE('',*,*,#4982,.F.);
#4982 = EDGE_CURVE('',#4915,#4960,#4983,.T.);
#4983 = LINE('',#4984,#4985);
#4984 = CARTESIAN_POINT('',(4.871794700623,0.25,0.958731651306));
#4985 = VECTOR('',#4986,1.);
#4986 = DIRECTION('',(0.721982586383,0.,0.691911226213));
#4987 = ORIENTED_EDGE('',*,*,#4912,.F.);
#4988 = PLANE('',#4989);
#4989 = AXIS2_PLACEMENT_3D('',#4990,#4991,#4992);
#4990 = CARTESIAN_POINT('',(4.993589678192,0.284655518503,1.075453688737
    ));
#4991 = DIRECTION('',(0.691911226213,-9.754478065784E-07,-0.721982586383
    ));
#4992 = DIRECTION('',(-0.721982586383,-2.864191826169E-23,
    -0.691911226213));
#4993 = ADVANCED_FACE('',(#4994),#5016,.T.);
#4994 = FACE_BOUND('',#4995,.T.);
#4995 = EDGE_LOOP('',(#4996,#5004,#5010));
#4996 = ORIENTED_EDGE('',*,*,#4997,.T.);
#4997 = EDGE_CURVE('',#4998,#516,#5000,.T.);
#4998 = VERTEX_POINT('',#4999);
#4999 = CARTESIAN_POINT('',(4.993589878082,0.125,1.07545375824));
#5000 = LINE('',#5001,#5002);
#5001 = CARTESIAN_POINT('',(4.993589878082,0.125,1.07545375824));
#5002 = VECTOR('',#5003,1.);
#5003 = DIRECTION('',(-0.580088094881,-0.595352076925,-0.555925990288));
#5004 = ORIENTED_EDGE('',*,*,#5005,.F.);
#5005 = EDGE_CURVE('',#4915,#516,#5006,.T.);
#5006 = LINE('',#5007,#5008);
#5007 = CARTESIAN_POINT('',(4.871794700623,0.25,0.958731651306));
#5008 = VECTOR('',#5009,1.);
#5009 = DIRECTION('',(0.,-1.,0.));
#5010 = ORIENTED_EDGE('',*,*,#5011,.T.);
#5011 = EDGE_CURVE('',#4915,#4998,#5012,.T.);
#5012 = LINE('',#5013,#5014);
#5013 = CARTESIAN_POINT('',(4.871794700623,0.25,0.958731651306));
#5014 = VECTOR('',#5015,1.);
#5015 = DIRECTION('',(0.580088094881,-0.595352076925,0.555925990288));
#5016 = PLANE('',#5017);
#5017 = AXIS2_PLACEMENT_3D('',#5018,#5019,#5020);
#5018 = CARTESIAN_POINT('',(4.909966581056,0.125,0.995313578462));
#5019 = DIRECTION('',(0.691910704372,0.,-0.721983086488));
#5020 = DIRECTION('',(-0.721983086488,0.,-0.691910704372));
#5021 = ADVANCED_FACE('',(#5022),#5032,.T.);
#5022 = FACE_BOUND('',#5023,.T.);
#5023 = EDGE_LOOP('',(#5024,#5025,#5026));
#5024 = ORIENTED_EDGE('',*,*,#5011,.F.);
#5025 = ORIENTED_EDGE('',*,*,#4982,.T.);
#5026 = ORIENTED_EDGE('',*,*,#5027,.T.);
#5027 = EDGE_CURVE('',#4960,#4998,#5028,.T.);
#5028 = LINE('',#5029,#5030);
#5029 = CARTESIAN_POINT('',(5.115384578705,0.25,1.192175745964));
#5030 = VECTOR('',#5031,1.);
#5031 = DIRECTION('',(-0.580086771115,-0.595353049178,-0.555926330382));
#5032 = PLANE('',#5033);
#5033 = AXIS2_PLACEMENT_3D('',#5034,#5035,#5036);
#5034 = CARTESIAN_POINT('',(4.993589678192,0.215344481497,1.075453688737
    ));
#5035 = DIRECTION('',(0.691911226213,9.754478065872E-07,-0.721982586383)
  );
#5036 = DIRECTION('',(-0.721982586383,7.0303956047E-23,-0.691911226213)
  );
#5037 = ADVANCED_FACE('',(#5038),#5053,.T.);
#5038 = FACE_BOUND('',#5039,.T.);
#5039 = EDGE_LOOP('',(#5040,#5041,#5047));
#5040 = ORIENTED_EDGE('',*,*,#5027,.F.);
#5041 = ORIENTED_EDGE('',*,*,#5042,.T.);
#5042 = EDGE_CURVE('',#4960,#524,#5043,.T.);
#5043 = LINE('',#5044,#5045);
#5044 = CARTESIAN_POINT('',(5.115384578705,0.25,1.192175745964));
#5045 = VECTOR('',#5046,1.);
#5046 = DIRECTION('',(0.,-1.,0.));
#5047 = ORIENTED_EDGE('',*,*,#5048,.T.);
#5048 = EDGE_CURVE('',#524,#4998,#5049,.T.);
#5049 = LINE('',#5050,#5051);
#5050 = CARTESIAN_POINT('',(5.115384578705,0.,1.192175745964));
#5051 = VECTOR('',#5052,1.);
#5052 = DIRECTION('',(-0.580086771115,0.595353049178,-0.555926330382));
#5053 = PLANE('',#5054);
#5054 = AXIS2_PLACEMENT_3D('',#5055,#5056,#5057);
#5055 = CARTESIAN_POINT('',(5.07721287098,0.125,1.155593878463));
#5056 = DIRECTION('',(0.691911748055,0.,-0.721982086276));
#5057 = DIRECTION('',(-0.721982086276,0.,-0.691911748055));
#5058 = ADVANCED_FACE('',(#5059),#5064,.T.);
#5059 = FACE_BOUND('',#5060,.T.);
#5060 = EDGE_LOOP('',(#5061,#5062,#5063));
#5061 = ORIENTED_EDGE('',*,*,#5048,.F.);
#5062 = ORIENTED_EDGE('',*,*,#523,.T.);
#5063 = ORIENTED_EDGE('',*,*,#4997,.F.);
#5064 = PLANE('',#5065);
#5065 = AXIS2_PLACEMENT_3D('',#5066,#5067,#5068);
#5066 = CARTESIAN_POINT('',(4.993589678192,3.465551850305E-02,
    1.075453688737));
#5067 = DIRECTION('',(0.691911226213,-9.754478065775E-07,-0.721982586383
    ));
#5068 = DIRECTION('',(-0.721982586383,7.522296103782E-24,-0.691911226213
    ));
#5069 = ADVANCED_FACE('',(#5070),#5087,.T.);
#5070 = FACE_BOUND('',#5071,.T.);
#5071 = EDGE_LOOP('',(#5072,#5080,#5081));
#5072 = ORIENTED_EDGE('',*,*,#5073,.T.);
#5073 = EDGE_CURVE('',#5074,#524,#5076,.T.);
#5074 = VERTEX_POINT('',#5075);
#5075 = CARTESIAN_POINT('',(5.237179279327,0.125,1.297320127487));
#5076 = LINE('',#5077,#5078);
#5077 = CARTESIAN_POINT('',(5.237179279327,0.125,1.297320127487));
#5078 = VECTOR('',#5079,1.);
#5079 = DIRECTION('',(-0.597763763464,-0.613495251034,-0.516044629899));
#5080 = ORIENTED_EDGE('',*,*,#5042,.F.);
#5081 = ORIENTED_EDGE('',*,*,#5082,.T.);
#5082 = EDGE_CURVE('',#4960,#5074,#5083,.T.);
#5083 = LINE('',#5084,#5085);
#5084 = CARTESIAN_POINT('',(5.115384578705,0.25,1.192175745964));
#5085 = VECTOR('',#5086,1.);
#5086 = DIRECTION('',(0.597763763464,-0.613495251034,0.516044629899));
#5087 = PLANE('',#5088);
#5088 = AXIS2_PLACEMENT_3D('',#5089,#5090,#5091);
#5089 = CARTESIAN_POINT('',(5.153127082299,0.125,1.224758544536));
#5090 = DIRECTION('',(0.653470520021,0.,-0.756951966417));
#5091 = DIRECTION('',(-0.756951966417,0.,-0.653470520021));
#5092 = ADVANCED_FACE('',(#5093),#5110,.T.);
#5093 = FACE_BOUND('',#5094,.T.);
#5094 = EDGE_LOOP('',(#5095,#5096,#5104));
#5095 = ORIENTED_EDGE('',*,*,#5082,.F.);
#5096 = ORIENTED_EDGE('',*,*,#5097,.T.);
#5097 = EDGE_CURVE('',#4960,#5098,#5100,.T.);
#5098 = VERTEX_POINT('',#5099);
#5099 = CARTESIAN_POINT('',(5.358974456787,0.25,1.40246450901));
#5100 = LINE('',#5101,#5102);
#5101 = CARTESIAN_POINT('',(5.115384578705,0.25,1.192175745964));
#5102 = VECTOR('',#5103,1.);
#5103 = DIRECTION('',(0.756952599166,0.,0.653469787072));
#5104 = ORIENTED_EDGE('',*,*,#5105,.T.);
#5105 = EDGE_CURVE('',#5098,#5074,#5106,.T.);
#5106 = LINE('',#5107,#5108);
#5107 = CARTESIAN_POINT('',(5.358974456787,0.25,1.40246450901));
#5108 = VECTOR('',#5109,1.);
#5109 = DIRECTION('',(-0.597765267521,-0.613494392788,-0.516043907981));
#5110 = PLANE('',#5111);
#5111 = AXIS2_PLACEMENT_3D('',#5112,#5113,#5114);
#5112 = CARTESIAN_POINT('',(5.237179474938,0.215077921482,1.297320148034
    ));
#5113 = DIRECTION('',(0.653469787071,-1.246394704944E-06,-0.756952599165
    ));
#5114 = DIRECTION('',(-0.756952599166,5.205520845323E-23,-0.653469787072
    ));
#5115 = ADVANCED_FACE('',(#5116),#5131,.T.);
#5116 = FACE_BOUND('',#5117,.T.);
#5117 = EDGE_LOOP('',(#5118,#5119,#5125));
#5118 = ORIENTED_EDGE('',*,*,#5105,.F.);
#5119 = ORIENTED_EDGE('',*,*,#5120,.T.);
#5120 = EDGE_CURVE('',#5098,#532,#5121,.T.);
#5121 = LINE('',#5122,#5123);
#5122 = CARTESIAN_POINT('',(5.358974456787,0.25,1.40246450901));
#5123 = VECTOR('',#5124,1.);
#5124 = DIRECTION('',(0.,-1.,0.));
#5125 = ORIENTED_EDGE('',*,*,#5126,.T.);
#5126 = EDGE_CURVE('',#532,#5074,#5127,.T.);
#5127 = LINE('',#5128,#5129);
#5128 = CARTESIAN_POINT('',(5.358974456787,0.,1.40246450901));
#5129 = VECTOR('',#5130,1.);
#5130 = DIRECTION('',(-0.597765267521,0.613494392788,-0.516043907981));
#5131 = PLANE('',#5132);
#5132 = AXIS2_PLACEMENT_3D('',#5133,#5134,#5135);
#5133 = CARTESIAN_POINT('',(5.321231785352,0.125,1.369881693107));
#5134 = DIRECTION('',(0.653469054123,0.,-0.756953231913));
#5135 = DIRECTION('',(-0.756953231913,0.,-0.653469054123));
#5136 = ADVANCED_FACE('',(#5137),#5142,.T.);
#5137 = FACE_BOUND('',#5138,.T.);
#5138 = EDGE_LOOP('',(#5139,#5140,#5141));
#5139 = ORIENTED_EDGE('',*,*,#5126,.F.);
#5140 = ORIENTED_EDGE('',*,*,#531,.T.);
#5141 = ORIENTED_EDGE('',*,*,#5073,.F.);
#5142 = PLANE('',#5143);
#5143 = AXIS2_PLACEMENT_3D('',#5144,#5145,#5146);
#5144 = CARTESIAN_POINT('',(5.237179474938,3.492207851805E-02,
    1.297320148034));
#5145 = DIRECTION('',(0.653469787071,1.246394704958E-06,-0.756952599165)
  );
#5146 = DIRECTION('',(-0.756952599166,3.878962130454E-24,-0.653469787072
    ));
#5147 = ADVANCED_FACE('',(#5148),#5165,.T.);
#5148 = FACE_BOUND('',#5149,.T.);
#5149 = EDGE_LOOP('',(#5150,#5158,#5159));
#5150 = ORIENTED_EDGE('',*,*,#5151,.T.);
#5151 = EDGE_CURVE('',#5152,#532,#5154,.T.);
#5152 = VERTEX_POINT('',#5153);
#5153 = CARTESIAN_POINT('',(5.48076915741,0.125,1.48982322216));
#5154 = LINE('',#5155,#5156);
#5155 = CARTESIAN_POINT('',(5.48076915741,0.125,1.48982322216));
#5156 = VECTOR('',#5157,1.);
#5157 = DIRECTION('',(-0.624051010066,-0.640474305199,-0.447608088863));
#5158 = ORIENTED_EDGE('',*,*,#5120,.F.);
#5159 = ORIENTED_EDGE('',*,*,#5160,.T.);
#5160 = EDGE_CURVE('',#5098,#5152,#5161,.T.);
#5161 = LINE('',#5162,#5163);
#5162 = CARTESIAN_POINT('',(5.358974456787,0.25,1.40246450901));
#5163 = VECTOR('',#5164,1.);
#5164 = DIRECTION('',(0.624051010066,-0.640474305199,0.447608088863));
#5165 = PLANE('',#5166);
#5166 = AXIS2_PLACEMENT_3D('',#5167,#5168,#5169);
#5167 = CARTESIAN_POINT('',(5.396096251452,0.125,1.429090562486));
#5168 = DIRECTION('',(0.58283851483,0.,-0.812588004853));
#5169 = DIRECTION('',(-0.812588004853,0.,-0.58283851483));
#5170 = ADVANCED_FACE('',(#5171),#5188,.T.);
#5171 = FACE_BOUND('',#5172,.T.);
#5172 = EDGE_LOOP('',(#5173,#5174,#5182));
#5173 = ORIENTED_EDGE('',*,*,#5160,.F.);
#5174 = ORIENTED_EDGE('',*,*,#5175,.T.);
#5175 = EDGE_CURVE('',#5098,#5176,#5178,.T.);
#5176 = VERTEX_POINT('',#5177);
#5177 = CARTESIAN_POINT('',(5.602564334869,0.25,1.57718193531));
#5178 = LINE('',#5179,#5180);
#5179 = CARTESIAN_POINT('',(5.358974456787,0.25,1.40246450901));
#5180 = VECTOR('',#5181,1.);
#5181 = DIRECTION('',(0.812588545206,0.,0.582837761474));
#5182 = ORIENTED_EDGE('',*,*,#5183,.T.);
#5183 = EDGE_CURVE('',#5176,#5152,#5184,.T.);
#5184 = LINE('',#5185,#5186);
#5185 = CARTESIAN_POINT('',(5.602564334869,0.25,1.57718193531));
#5186 = VECTOR('',#5187,1.);
#5187 = DIRECTION('',(-0.624052501793,-0.640473328674,-0.447607406399));
#5188 = PLANE('',#5189);
#5189 = AXIS2_PLACEMENT_3D('',#5190,#5191,#5192);
#5190 = CARTESIAN_POINT('',(5.48076935466,0.21464892149,1.489823240995)
  );
#5191 = DIRECTION('',(0.582837761474,-1.111674807515E-06,-0.812588545205
    ));
#5192 = DIRECTION('',(-0.812588545206,-1.085100074287E-22,
    -0.582837761474));
#5193 = ADVANCED_FACE('',(#5194),#5209,.T.);
#5194 = FACE_BOUND('',#5195,.T.);
#5195 = EDGE_LOOP('',(#5196,#5197,#5203));
#5196 = ORIENTED_EDGE('',*,*,#5183,.F.);
#5197 = ORIENTED_EDGE('',*,*,#5198,.T.);
#5198 = EDGE_CURVE('',#5176,#540,#5199,.T.);
#5199 = LINE('',#5200,#5201);
#5200 = CARTESIAN_POINT('',(5.602564334869,0.25,1.57718193531));
#5201 = VECTOR('',#5202,1.);
#5202 = DIRECTION('',(0.,-1.,0.));
#5203 = ORIENTED_EDGE('',*,*,#5204,.T.);
#5204 = EDGE_CURVE('',#540,#5152,#5205,.T.);
#5205 = LINE('',#5206,#5207);
#5206 = CARTESIAN_POINT('',(5.602564334869,0.,1.57718193531));
#5207 = VECTOR('',#5208,1.);
#5208 = DIRECTION('',(-0.624052501793,0.640473328674,-0.447607406399));
#5209 = PLANE('',#5210);
#5210 = AXIS2_PLACEMENT_3D('',#5211,#5212,#5213);
#5211 = CARTESIAN_POINT('',(5.565442372771,0.125,1.550555865985));
#5212 = DIRECTION('',(0.58283700812,0.,-0.812589085557));
#5213 = DIRECTION('',(-0.812589085557,0.,-0.58283700812));
#5214 = ADVANCED_FACE('',(#5215),#5220,.T.);
#5215 = FACE_BOUND('',#5216,.T.);
#5216 = EDGE_LOOP('',(#5217,#5218,#5219));
#5217 = ORIENTED_EDGE('',*,*,#5204,.F.);
#5218 = ORIENTED_EDGE('',*,*,#539,.T.);
#5219 = ORIENTED_EDGE('',*,*,#5151,.F.);
#5220 = PLANE('',#5221);
#5221 = AXIS2_PLACEMENT_3D('',#5222,#5223,#5224);
#5222 = CARTESIAN_POINT('',(5.48076935466,3.535107850951E-02,
    1.489823240995));
#5223 = DIRECTION('',(0.582837761474,1.111674807496E-06,-0.812588545205)
  );
#5224 = DIRECTION('',(-0.812588545206,-7.157644790632E-24,
    -0.582837761474));
#5225 = ADVANCED_FACE('',(#5226),#5243,.T.);
#5226 = FACE_BOUND('',#5227,.T.);
#5227 = EDGE_LOOP('',(#5228,#5236,#5237));
#5228 = ORIENTED_EDGE('',*,*,#5229,.T.);
#5229 = EDGE_CURVE('',#5230,#4960,#5232,.T.);
#5230 = VERTEX_POINT('',#5231);
#5231 = CARTESIAN_POINT('',(5.237179279327,0.375,1.297320127487));
#5232 = LINE('',#5233,#5234);
#5233 = CARTESIAN_POINT('',(5.237179279327,0.375,1.297320127487));
#5234 = VECTOR('',#5235,1.);
#5235 = DIRECTION('',(-0.597763763464,-0.613495251034,-0.516044629899));
#5236 = ORIENTED_EDGE('',*,*,#4959,.F.);
#5237 = ORIENTED_EDGE('',*,*,#5238,.T.);
#5238 = EDGE_CURVE('',#4875,#5230,#5239,.T.);
#5239 = LINE('',#5240,#5241);
#5240 = CARTESIAN_POINT('',(5.115384578705,0.5,1.192175745964));
#5241 = VECTOR('',#5242,1.);
#5242 = DIRECTION('',(0.597763763464,-0.613495251034,0.516044629899));
#5243 = PLANE('',#5244);
#5244 = AXIS2_PLACEMENT_3D('',#5245,#5246,#5247);
#5245 = CARTESIAN_POINT('',(5.153127082299,0.375,1.224758544536));
#5246 = DIRECTION('',(0.653470520021,0.,-0.756951966417));
#5247 = DIRECTION('',(-0.756951966417,0.,-0.653470520021));
#5248 = ADVANCED_FACE('',(#5249),#5266,.T.);
#5249 = FACE_BOUND('',#5250,.T.);
#5250 = EDGE_LOOP('',(#5251,#5252,#5260));
#5251 = ORIENTED_EDGE('',*,*,#5238,.F.);
#5252 = ORIENTED_EDGE('',*,*,#5253,.T.);
#5253 = EDGE_CURVE('',#4875,#5254,#5256,.T.);
#5254 = VERTEX_POINT('',#5255);
#5255 = CARTESIAN_POINT('',(5.358974456787,0.5,1.40246450901));
#5256 = LINE('',#5257,#5258);
#5257 = CARTESIAN_POINT('',(5.115384578705,0.5,1.192175745964));
#5258 = VECTOR('',#5259,1.);
#5259 = DIRECTION('',(0.756952599166,0.,0.653469787072));
#5260 = ORIENTED_EDGE('',*,*,#5261,.T.);
#5261 = EDGE_CURVE('',#5254,#5230,#5262,.T.);
#5262 = LINE('',#5263,#5264);
#5263 = CARTESIAN_POINT('',(5.358974456787,0.5,1.40246450901));
#5264 = VECTOR('',#5265,1.);
#5265 = DIRECTION('',(-0.597765267521,-0.613494392788,-0.516043907981));
#5266 = PLANE('',#5267);
#5267 = AXIS2_PLACEMENT_3D('',#5268,#5269,#5270);
#5268 = CARTESIAN_POINT('',(5.237179474938,0.465077921482,1.297320148034
    ));
#5269 = DIRECTION('',(0.653469787071,-1.246394704941E-06,-0.756952599165
    ));
#5270 = DIRECTION('',(-0.756952599166,-1.252755901939E-23,
    -0.653469787072));
#5271 = ADVANCED_FACE('',(#5272),#5287,.T.);
#5272 = FACE_BOUND('',#5273,.T.);
#5273 = EDGE_LOOP('',(#5274,#5275,#5281));
#5274 = ORIENTED_EDGE('',*,*,#5261,.F.);
#5275 = ORIENTED_EDGE('',*,*,#5276,.T.);
#5276 = EDGE_CURVE('',#5254,#5098,#5277,.T.);
#5277 = LINE('',#5278,#5279);
#5278 = CARTESIAN_POINT('',(5.358974456787,0.5,1.40246450901));
#5279 = VECTOR('',#5280,1.);
#5280 = DIRECTION('',(0.,-1.,0.));
#5281 = ORIENTED_EDGE('',*,*,#5282,.T.);
#5282 = EDGE_CURVE('',#5098,#5230,#5283,.T.);
#5283 = LINE('',#5284,#5285);
#5284 = CARTESIAN_POINT('',(5.358974456787,0.25,1.40246450901));
#5285 = VECTOR('',#5286,1.);
#5286 = DIRECTION('',(-0.597765267521,0.613494392788,-0.516043907981));
#5287 = PLANE('',#5288);
#5288 = AXIS2_PLACEMENT_3D('',#5289,#5290,#5291);
#5289 = CARTESIAN_POINT('',(5.321231785352,0.375,1.369881693107));
#5290 = DIRECTION('',(0.653469054123,0.,-0.756953231913));
#5291 = DIRECTION('',(-0.756953231913,0.,-0.653469054123));
#5292 = ADVANCED_FACE('',(#5293),#5298,.T.);
#5293 = FACE_BOUND('',#5294,.T.);
#5294 = EDGE_LOOP('',(#5295,#5296,#5297));
#5295 = ORIENTED_EDGE('',*,*,#5282,.F.);
#5296 = ORIENTED_EDGE('',*,*,#5097,.F.);
#5297 = ORIENTED_EDGE('',*,*,#5229,.F.);
#5298 = PLANE('',#5299);
#5299 = AXIS2_PLACEMENT_3D('',#5300,#5301,#5302);
#5300 = CARTESIAN_POINT('',(5.237179474938,0.284922078518,1.297320148034
    ));
#5301 = DIRECTION('',(0.653469787071,1.246394704931E-06,-0.756952599165)
  );
#5302 = DIRECTION('',(-0.756952599166,4.158477906756E-23,-0.653469787072
    ));
#5303 = ADVANCED_FACE('',(#5304),#5321,.T.);
#5304 = FACE_BOUND('',#5305,.T.);
#5305 = EDGE_LOOP('',(#5306,#5314,#5315));
#5306 = ORIENTED_EDGE('',*,*,#5307,.T.);
#5307 = EDGE_CURVE('',#5308,#5098,#5310,.T.);
#5308 = VERTEX_POINT('',#5309);
#5309 = CARTESIAN_POINT('',(5.48076915741,0.375,1.48982322216));
#5310 = LINE('',#5311,#5312);
#5311 = CARTESIAN_POINT('',(5.48076915741,0.375,1.48982322216));
#5312 = VECTOR('',#5313,1.);
#5313 = DIRECTION('',(-0.624051010066,-0.640474305199,-0.447608088863));
#5314 = ORIENTED_EDGE('',*,*,#5276,.F.);
#5315 = ORIENTED_EDGE('',*,*,#5316,.T.);
#5316 = EDGE_CURVE('',#5254,#5308,#5317,.T.);
#5317 = LINE('',#5318,#5319);
#5318 = CARTESIAN_POINT('',(5.358974456787,0.5,1.40246450901));
#5319 = VECTOR('',#5320,1.);
#5320 = DIRECTION('',(0.624051010066,-0.640474305199,0.447608088863));
#5321 = PLANE('',#5322);
#5322 = AXIS2_PLACEMENT_3D('',#5323,#5324,#5325);
#5323 = CARTESIAN_POINT('',(5.396096251452,0.375,1.429090562486));
#5324 = DIRECTION('',(0.58283851483,0.,-0.812588004853));
#5325 = DIRECTION('',(-0.812588004853,0.,-0.58283851483));
#5326 = ADVANCED_FACE('',(#5327),#5344,.T.);
#5327 = FACE_BOUND('',#5328,.T.);
#5328 = EDGE_LOOP('',(#5329,#5330,#5338));
#5329 = ORIENTED_EDGE('',*,*,#5316,.F.);
#5330 = ORIENTED_EDGE('',*,*,#5331,.T.);
#5331 = EDGE_CURVE('',#5254,#5332,#5334,.T.);
#5332 = VERTEX_POINT('',#5333);
#5333 = CARTESIAN_POINT('',(5.602564334869,0.5,1.57718193531));
#5334 = LINE('',#5335,#5336);
#5335 = CARTESIAN_POINT('',(5.358974456787,0.5,1.40246450901));
#5336 = VECTOR('',#5337,1.);
#5337 = DIRECTION('',(0.812588545206,0.,0.582837761474));
#5338 = ORIENTED_EDGE('',*,*,#5339,.T.);
#5339 = EDGE_CURVE('',#5332,#5308,#5340,.T.);
#5340 = LINE('',#5341,#5342);
#5341 = CARTESIAN_POINT('',(5.602564334869,0.5,1.57718193531));
#5342 = VECTOR('',#5343,1.);
#5343 = DIRECTION('',(-0.624052501793,-0.640473328674,-0.447607406399));
#5344 = PLANE('',#5345);
#5345 = AXIS2_PLACEMENT_3D('',#5346,#5347,#5348);
#5346 = CARTESIAN_POINT('',(5.48076935466,0.46464892149,1.489823240995)
  );
#5347 = DIRECTION('',(0.582837761474,-1.111674807554E-06,-0.812588545205
    ));
#5348 = DIRECTION('',(-0.812588545206,-2.201537893294E-23,
    -0.582837761474));
#5349 = ADVANCED_FACE('',(#5350),#5365,.T.);
#5350 = FACE_BOUND('',#5351,.T.);
#5351 = EDGE_LOOP('',(#5352,#5353,#5359));
#5352 = ORIENTED_EDGE('',*,*,#5339,.F.);
#5353 = ORIENTED_EDGE('',*,*,#5354,.T.);
#5354 = EDGE_CURVE('',#5332,#5176,#5355,.T.);
#5355 = LINE('',#5356,#5357);
#5356 = CARTESIAN_POINT('',(5.602564334869,0.5,1.57718193531));
#5357 = VECTOR('',#5358,1.);
#5358 = DIRECTION('',(0.,-1.,0.));
#5359 = ORIENTED_EDGE('',*,*,#5360,.T.);
#5360 = EDGE_CURVE('',#5176,#5308,#5361,.T.);
#5361 = LINE('',#5362,#5363);
#5362 = CARTESIAN_POINT('',(5.602564334869,0.25,1.57718193531));
#5363 = VECTOR('',#5364,1.);
#5364 = DIRECTION('',(-0.624052501793,0.640473328674,-0.447607406399));
#5365 = PLANE('',#5366);
#5366 = AXIS2_PLACEMENT_3D('',#5367,#5368,#5369);
#5367 = CARTESIAN_POINT('',(5.565442372771,0.375,1.550555865985));
#5368 = DIRECTION('',(0.58283700812,0.,-0.812589085557));
#5369 = DIRECTION('',(-0.812589085557,0.,-0.58283700812));
#5370 = ADVANCED_FACE('',(#5371),#5376,.T.);
#5371 = FACE_BOUND('',#5372,.T.);
#5372 = EDGE_LOOP('',(#5373,#5374,#5375));
#5373 = ORIENTED_EDGE('',*,*,#5360,.F.);
#5374 = ORIENTED_EDGE('',*,*,#5175,.F.);
#5375 = ORIENTED_EDGE('',*,*,#5307,.F.);
#5376 = PLANE('',#5377);
#5377 = AXIS2_PLACEMENT_3D('',#5378,#5379,#5380);
#5378 = CARTESIAN_POINT('',(5.48076935466,0.28535107851,1.489823240995)
  );
#5379 = DIRECTION('',(0.582837761474,1.1116748075E-06,-0.812588545205));
#5380 = DIRECTION('',(-0.812588545206,6.634186606958E-23,-0.582837761474
    ));
#5381 = ADVANCED_FACE('',(#5382),#5399,.T.);
#5382 = FACE_BOUND('',#5383,.T.);
#5383 = EDGE_LOOP('',(#5384,#5392,#5393));
#5384 = ORIENTED_EDGE('',*,*,#5385,.T.);
#5385 = EDGE_CURVE('',#5386,#4875,#5388,.T.);
#5386 = VERTEX_POINT('',#5387);
#5387 = CARTESIAN_POINT('',(5.237179279327,0.625,1.297320127487));
#5388 = LINE('',#5389,#5390);
#5389 = CARTESIAN_POINT('',(5.237179279327,0.625,1.297320127487));
#5390 = VECTOR('',#5391,1.);
#5391 = DIRECTION('',(-0.597763763464,-0.613495251034,-0.516044629899));
#5392 = ORIENTED_EDGE('',*,*,#4874,.F.);
#5393 = ORIENTED_EDGE('',*,*,#5394,.T.);
#5394 = EDGE_CURVE('',#4790,#5386,#5395,.T.);
#5395 = LINE('',#5396,#5397);
#5396 = CARTESIAN_POINT('',(5.115384578705,0.75,1.192175745964));
#5397 = VECTOR('',#5398,1.);
#5398 = DIRECTION('',(0.597763763464,-0.613495251034,0.516044629899));
#5399 = PLANE('',#5400);
#5400 = AXIS2_PLACEMENT_3D('',#5401,#5402,#5403);
#5401 = CARTESIAN_POINT('',(5.153127082299,0.625,1.224758544536));
#5402 = DIRECTION('',(0.653470520021,0.,-0.756951966417));
#5403 = DIRECTION('',(-0.756951966417,0.,-0.653470520021));
#5404 = ADVANCED_FACE('',(#5405),#5422,.T.);
#5405 = FACE_BOUND('',#5406,.T.);
#5406 = EDGE_LOOP('',(#5407,#5408,#5416));
#5407 = ORIENTED_EDGE('',*,*,#5394,.F.);
#5408 = ORIENTED_EDGE('',*,*,#5409,.T.);
#5409 = EDGE_CURVE('',#4790,#5410,#5412,.T.);
#5410 = VERTEX_POINT('',#5411);
#5411 = CARTESIAN_POINT('',(5.358974456787,0.75,1.40246450901));
#5412 = LINE('',#5413,#5414);
#5413 = CARTESIAN_POINT('',(5.115384578705,0.75,1.192175745964));
#5414 = VECTOR('',#5415,1.);
#5415 = DIRECTION('',(0.756952599166,0.,0.653469787072));
#5416 = ORIENTED_EDGE('',*,*,#5417,.T.);
#5417 = EDGE_CURVE('',#5410,#5386,#5418,.T.);
#5418 = LINE('',#5419,#5420);
#5419 = CARTESIAN_POINT('',(5.358974456787,0.75,1.40246450901));
#5420 = VECTOR('',#5421,1.);
#5421 = DIRECTION('',(-0.597765267521,-0.613494392788,-0.516043907981));
#5422 = PLANE('',#5423);
#5423 = AXIS2_PLACEMENT_3D('',#5424,#5425,#5426);
#5424 = CARTESIAN_POINT('',(5.237179474938,0.715077921482,1.297320148034
    ));
#5425 = DIRECTION('',(0.653469787071,-1.246394704969E-06,-0.756952599165
    ));
#5426 = DIRECTION('',(-0.756952599166,8.217679090062E-23,-0.653469787072
    ));
#5427 = ADVANCED_FACE('',(#5428),#5443,.T.);
#5428 = FACE_BOUND('',#5429,.T.);
#5429 = EDGE_LOOP('',(#5430,#5431,#5437));
#5430 = ORIENTED_EDGE('',*,*,#5417,.F.);
#5431 = ORIENTED_EDGE('',*,*,#5432,.T.);
#5432 = EDGE_CURVE('',#5410,#5254,#5433,.T.);
#5433 = LINE('',#5434,#5435);
#5434 = CARTESIAN_POINT('',(5.358974456787,0.75,1.40246450901));
#5435 = VECTOR('',#5436,1.);
#5436 = DIRECTION('',(0.,-1.,0.));
#5437 = ORIENTED_EDGE('',*,*,#5438,.T.);
#5438 = EDGE_CURVE('',#5254,#5386,#5439,.T.);
#5439 = LINE('',#5440,#5441);
#5440 = CARTESIAN_POINT('',(5.358974456787,0.5,1.40246450901));
#5441 = VECTOR('',#5442,1.);
#5442 = DIRECTION('',(-0.597765267521,0.613494392788,-0.516043907981));
#5443 = PLANE('',#5444);
#5444 = AXIS2_PLACEMENT_3D('',#5445,#5446,#5447);
#5445 = CARTESIAN_POINT('',(5.321231785352,0.625,1.369881693107));
#5446 = DIRECTION('',(0.653469054123,0.,-0.756953231913));
#5447 = DIRECTION('',(-0.756953231913,0.,-0.653469054123));
#5448 = ADVANCED_FACE('',(#5449),#5454,.T.);
#5449 = FACE_BOUND('',#5450,.T.);
#5450 = EDGE_LOOP('',(#5451,#5452,#5453));
#5451 = ORIENTED_EDGE('',*,*,#5438,.F.);
#5452 = ORIENTED_EDGE('',*,*,#5253,.F.);
#5453 = ORIENTED_EDGE('',*,*,#5385,.F.);
#5454 = PLANE('',#5455);
#5455 = AXIS2_PLACEMENT_3D('',#5456,#5457,#5458);
#5456 = CARTESIAN_POINT('',(5.237179474938,0.534922078518,1.297320148034
    ));
#5457 = DIRECTION('',(0.653469787071,1.246394704931E-06,-0.756952599165)
  );
#5458 = DIRECTION('',(-0.756952599166,4.158477906756E-23,-0.653469787072
    ));
#5459 = ADVANCED_FACE('',(#5460),#5477,.T.);
#5460 = FACE_BOUND('',#5461,.T.);
#5461 = EDGE_LOOP('',(#5462,#5470,#5471));
#5462 = ORIENTED_EDGE('',*,*,#5463,.T.);
#5463 = EDGE_CURVE('',#5464,#5254,#5466,.T.);
#5464 = VERTEX_POINT('',#5465);
#5465 = CARTESIAN_POINT('',(5.48076915741,0.625,1.48982322216));
#5466 = LINE('',#5467,#5468);
#5467 = CARTESIAN_POINT('',(5.48076915741,0.625,1.48982322216));
#5468 = VECTOR('',#5469,1.);
#5469 = DIRECTION('',(-0.624051010066,-0.640474305199,-0.447608088863));
#5470 = ORIENTED_EDGE('',*,*,#5432,.F.);
#5471 = ORIENTED_EDGE('',*,*,#5472,.T.);
#5472 = EDGE_CURVE('',#5410,#5464,#5473,.T.);
#5473 = LINE('',#5474,#5475);
#5474 = CARTESIAN_POINT('',(5.358974456787,0.75,1.40246450901));
#5475 = VECTOR('',#5476,1.);
#5476 = DIRECTION('',(0.624051010066,-0.640474305199,0.447608088863));
#5477 = PLANE('',#5478);
#5478 = AXIS2_PLACEMENT_3D('',#5479,#5480,#5481);
#5479 = CARTESIAN_POINT('',(5.396096251452,0.625,1.429090562486));
#5480 = DIRECTION('',(0.58283851483,0.,-0.812588004853));
#5481 = DIRECTION('',(-0.812588004853,0.,-0.58283851483));
#5482 = ADVANCED_FACE('',(#5483),#5500,.T.);
#5483 = FACE_BOUND('',#5484,.T.);
#5484 = EDGE_LOOP('',(#5485,#5486,#5494));
#5485 = ORIENTED_EDGE('',*,*,#5472,.F.);
#5486 = ORIENTED_EDGE('',*,*,#5487,.T.);
#5487 = EDGE_CURVE('',#5410,#5488,#5490,.T.);
#5488 = VERTEX_POINT('',#5489);
#5489 = CARTESIAN_POINT('',(5.602564334869,0.75,1.57718193531));
#5490 = LINE('',#5491,#5492);
#5491 = CARTESIAN_POINT('',(5.358974456787,0.75,1.40246450901));
#5492 = VECTOR('',#5493,1.);
#5493 = DIRECTION('',(0.812588545206,0.,0.582837761474));
#5494 = ORIENTED_EDGE('',*,*,#5495,.T.);
#5495 = EDGE_CURVE('',#5488,#5464,#5496,.T.);
#5496 = LINE('',#5497,#5498);
#5497 = CARTESIAN_POINT('',(5.602564334869,0.75,1.57718193531));
#5498 = VECTOR('',#5499,1.);
#5499 = DIRECTION('',(-0.624052501793,-0.640473328674,-0.447607406399));
#5500 = PLANE('',#5501);
#5501 = AXIS2_PLACEMENT_3D('',#5502,#5503,#5504);
#5502 = CARTESIAN_POINT('',(5.48076935466,0.71464892149,1.489823240995)
  );
#5503 = DIRECTION('',(0.582837761474,-1.111674807554E-06,-0.812588545205
    ));
#5504 = DIRECTION('',(-0.812588545206,-2.201537893294E-23,
    -0.582837761474));
#5505 = ADVANCED_FACE('',(#5506),#5521,.T.);
#5506 = FACE_BOUND('',#5507,.T.);
#5507 = EDGE_LOOP('',(#5508,#5509,#5515));
#5508 = ORIENTED_EDGE('',*,*,#5495,.F.);
#5509 = ORIENTED_EDGE('',*,*,#5510,.T.);
#5510 = EDGE_CURVE('',#5488,#5332,#5511,.T.);
#5511 = LINE('',#5512,#5513);
#5512 = CARTESIAN_POINT('',(5.602564334869,0.75,1.57718193531));
#5513 = VECTOR('',#5514,1.);
#5514 = DIRECTION('',(0.,-1.,0.));
#5515 = ORIENTED_EDGE('',*,*,#5516,.T.);
#5516 = EDGE_CURVE('',#5332,#5464,#5517,.T.);
#5517 = LINE('',#5518,#5519);
#5518 = CARTESIAN_POINT('',(5.602564334869,0.5,1.57718193531));
#5519 = VECTOR('',#5520,1.);
#5520 = DIRECTION('',(-0.624052501793,0.640473328674,-0.447607406399));
#5521 = PLANE('',#5522);
#5522 = AXIS2_PLACEMENT_3D('',#5523,#5524,#5525);
#5523 = CARTESIAN_POINT('',(5.565442372771,0.625,1.550555865985));
#5524 = DIRECTION('',(0.58283700812,0.,-0.812589085557));
#5525 = DIRECTION('',(-0.812589085557,0.,-0.58283700812));
#5526 = ADVANCED_FACE('',(#5527),#5532,.T.);
#5527 = FACE_BOUND('',#5528,.T.);
#5528 = EDGE_LOOP('',(#5529,#5530,#5531));
#5529 = ORIENTED_EDGE('',*,*,#5516,.F.);
#5530 = ORIENTED_EDGE('',*,*,#5331,.F.);
#5531 = ORIENTED_EDGE('',*,*,#5463,.F.);
#5532 = PLANE('',#5533);
#5533 = AXIS2_PLACEMENT_3D('',#5534,#5535,#5536);
#5534 = CARTESIAN_POINT('',(5.48076935466,0.53535107851,1.489823240995)
  );
#5535 = DIRECTION('',(0.582837761474,1.1116748075E-06,-0.812588545205));
#5536 = DIRECTION('',(-0.812588545206,6.634186606958E-23,-0.582837761474
    ));
#5537 = ADVANCED_FACE('',(#5538),#5555,.T.);
#5538 = FACE_BOUND('',#5539,.T.);
#5539 = EDGE_LOOP('',(#5540,#5548,#5549));
#5540 = ORIENTED_EDGE('',*,*,#5541,.T.);
#5541 = EDGE_CURVE('',#5542,#4790,#5544,.T.);
#5542 = VERTEX_POINT('',#5543);
#5543 = CARTESIAN_POINT('',(5.237179279327,0.875,1.297320127487));
#5544 = LINE('',#5545,#5546);
#5545 = CARTESIAN_POINT('',(5.237179279327,0.875,1.297320127487));
#5546 = VECTOR('',#5547,1.);
#5547 = DIRECTION('',(-0.597763763464,-0.613495251034,-0.516044629899));
#5548 = ORIENTED_EDGE('',*,*,#4789,.F.);
#5549 = ORIENTED_EDGE('',*,*,#5550,.T.);
#5550 = EDGE_CURVE('',#4767,#5542,#5551,.T.);
#5551 = LINE('',#5552,#5553);
#5552 = CARTESIAN_POINT('',(5.115384578705,1.,1.192175745964));
#5553 = VECTOR('',#5554,1.);
#5554 = DIRECTION('',(0.597763763464,-0.613495251034,0.516044629899));
#5555 = PLANE('',#5556);
#5556 = AXIS2_PLACEMENT_3D('',#5557,#5558,#5559);
#5557 = CARTESIAN_POINT('',(5.153127082299,0.875,1.224758544536));
#5558 = DIRECTION('',(0.653470520021,0.,-0.756951966417));
#5559 = DIRECTION('',(-0.756951966417,0.,-0.653470520021));
#5560 = ADVANCED_FACE('',(#5561),#5578,.T.);
#5561 = FACE_BOUND('',#5562,.T.);
#5562 = EDGE_LOOP('',(#5563,#5564,#5572));
#5563 = ORIENTED_EDGE('',*,*,#5550,.F.);
#5564 = ORIENTED_EDGE('',*,*,#5565,.T.);
#5565 = EDGE_CURVE('',#4767,#5566,#5568,.T.);
#5566 = VERTEX_POINT('',#5567);
#5567 = CARTESIAN_POINT('',(5.358974456787,1.,1.40246450901));
#5568 = LINE('',#5569,#5570);
#5569 = CARTESIAN_POINT('',(5.115384578705,1.,1.192175745964));
#5570 = VECTOR('',#5571,1.);
#5571 = DIRECTION('',(0.756952599166,0.,0.653469787072));
#5572 = ORIENTED_EDGE('',*,*,#5573,.T.);
#5573 = EDGE_CURVE('',#5566,#5542,#5574,.T.);
#5574 = LINE('',#5575,#5576);
#5575 = CARTESIAN_POINT('',(5.358974456787,1.,1.40246450901));
#5576 = VECTOR('',#5577,1.);
#5577 = DIRECTION('',(-0.597765267521,-0.613494392788,-0.516043907981));
#5578 = PLANE('',#5579);
#5579 = AXIS2_PLACEMENT_3D('',#5580,#5581,#5582);
#5580 = CARTESIAN_POINT('',(5.237179474938,0.965077921482,1.297320148034
    ));
#5581 = DIRECTION('',(0.653469787071,-1.246394704884E-06,-0.756952599165
    ));
#5582 = DIRECTION('',(-0.756952599166,1.8143113449E-23,-0.653469787072)
  );
#5583 = ADVANCED_FACE('',(#5584),#5599,.T.);
#5584 = FACE_BOUND('',#5585,.T.);
#5585 = EDGE_LOOP('',(#5586,#5587,#5593));
#5586 = ORIENTED_EDGE('',*,*,#5573,.F.);
#5587 = ORIENTED_EDGE('',*,*,#5588,.T.);
#5588 = EDGE_CURVE('',#5566,#5410,#5589,.T.);
#5589 = LINE('',#5590,#5591);
#5590 = CARTESIAN_POINT('',(5.358974456787,1.,1.40246450901));
#5591 = VECTOR('',#5592,1.);
#5592 = DIRECTION('',(0.,-1.,0.));
#5593 = ORIENTED_EDGE('',*,*,#5594,.T.);
#5594 = EDGE_CURVE('',#5410,#5542,#5595,.T.);
#5595 = LINE('',#5596,#5597);
#5596 = CARTESIAN_POINT('',(5.358974456787,0.75,1.40246450901));
#5597 = VECTOR('',#5598,1.);
#5598 = DIRECTION('',(-0.597765267521,0.613494392788,-0.516043907981));
#5599 = PLANE('',#5600);
#5600 = AXIS2_PLACEMENT_3D('',#5601,#5602,#5603);
#5601 = CARTESIAN_POINT('',(5.321231785352,0.875,1.369881693107));
#5602 = DIRECTION('',(0.653469054123,0.,-0.756953231913));
#5603 = DIRECTION('',(-0.756953231913,0.,-0.653469054123));
#5604 = ADVANCED_FACE('',(#5605),#5610,.T.);
#5605 = FACE_BOUND('',#5606,.T.);
#5606 = EDGE_LOOP('',(#5607,#5608,#5609));
#5607 = ORIENTED_EDGE('',*,*,#5594,.F.);
#5608 = ORIENTED_EDGE('',*,*,#5409,.F.);
#5609 = ORIENTED_EDGE('',*,*,#5541,.F.);
#5610 = PLANE('',#5611);
#5611 = AXIS2_PLACEMENT_3D('',#5612,#5613,#5614);
#5612 = CARTESIAN_POINT('',(5.237179474938,0.784922078518,1.297320148034
    ));
#5613 = DIRECTION('',(0.653469787071,1.246394704993E-06,-0.756952599165)
  );
#5614 = DIRECTION('',(-0.756952599166,-2.622439808085E-23,
    -0.653469787072));
#5615 = ADVANCED_FACE('',(#5616),#5633,.T.);
#5616 = FACE_BOUND('',#5617,.T.);
#5617 = EDGE_LOOP('',(#5618,#5626,#5627));
#5618 = ORIENTED_EDGE('',*,*,#5619,.T.);
#5619 = EDGE_CURVE('',#5620,#5410,#5622,.T.);
#5620 = VERTEX_POINT('',#5621);
#5621 = CARTESIAN_POINT('',(5.48076915741,0.875,1.48982322216));
#5622 = LINE('',#5623,#5624);
#5623 = CARTESIAN_POINT('',(5.48076915741,0.875,1.48982322216));
#5624 = VECTOR('',#5625,1.);
#5625 = DIRECTION('',(-0.624051010066,-0.640474305199,-0.447608088863));
#5626 = ORIENTED_EDGE('',*,*,#5588,.F.);
#5627 = ORIENTED_EDGE('',*,*,#5628,.T.);
#5628 = EDGE_CURVE('',#5566,#5620,#5629,.T.);
#5629 = LINE('',#5630,#5631);
#5630 = CARTESIAN_POINT('',(5.358974456787,1.,1.40246450901));
#5631 = VECTOR('',#5632,1.);
#5632 = DIRECTION('',(0.624051010066,-0.640474305199,0.447608088863));
#5633 = PLANE('',#5634);
#5634 = AXIS2_PLACEMENT_3D('',#5635,#5636,#5637);
#5635 = CARTESIAN_POINT('',(5.396096251452,0.875,1.429090562486));
#5636 = DIRECTION('',(0.58283851483,0.,-0.812588004853));
#5637 = DIRECTION('',(-0.812588004853,0.,-0.58283851483));
#5638 = ADVANCED_FACE('',(#5639),#5656,.T.);
#5639 = FACE_BOUND('',#5640,.T.);
#5640 = EDGE_LOOP('',(#5641,#5642,#5650));
#5641 = ORIENTED_EDGE('',*,*,#5628,.F.);
#5642 = ORIENTED_EDGE('',*,*,#5643,.T.);
#5643 = EDGE_CURVE('',#5566,#5644,#5646,.T.);
#5644 = VERTEX_POINT('',#5645);
#5645 = CARTESIAN_POINT('',(5.602564334869,1.,1.57718193531));
#5646 = LINE('',#5647,#5648);
#5647 = CARTESIAN_POINT('',(5.358974456787,1.,1.40246450901));
#5648 = VECTOR('',#5649,1.);
#5649 = DIRECTION('',(0.812588545206,0.,0.582837761474));
#5650 = ORIENTED_EDGE('',*,*,#5651,.T.);
#5651 = EDGE_CURVE('',#5644,#5620,#5652,.T.);
#5652 = LINE('',#5653,#5654);
#5653 = CARTESIAN_POINT('',(5.602564334869,1.,1.57718193531));
#5654 = VECTOR('',#5655,1.);
#5655 = DIRECTION('',(-0.624052501793,-0.640473328674,-0.447607406399));
#5656 = PLANE('',#5657);
#5657 = AXIS2_PLACEMENT_3D('',#5658,#5659,#5660);
#5658 = CARTESIAN_POINT('',(5.48076935466,0.96464892149,1.489823240995)
  );
#5659 = DIRECTION('',(0.582837761474,-1.111674807517E-06,-0.812588545205
    ));
#5660 = DIRECTION('',(-0.812588545206,-1.411634584092E-23,
    -0.582837761474));
#5661 = ADVANCED_FACE('',(#5662),#5677,.T.);
#5662 = FACE_BOUND('',#5663,.T.);
#5663 = EDGE_LOOP('',(#5664,#5665,#5671));
#5664 = ORIENTED_EDGE('',*,*,#5651,.F.);
#5665 = ORIENTED_EDGE('',*,*,#5666,.T.);
#5666 = EDGE_CURVE('',#5644,#5488,#5667,.T.);
#5667 = LINE('',#5668,#5669);
#5668 = CARTESIAN_POINT('',(5.602564334869,1.,1.57718193531));
#5669 = VECTOR('',#5670,1.);
#5670 = DIRECTION('',(0.,-1.,0.));
#5671 = ORIENTED_EDGE('',*,*,#5672,.T.);
#5672 = EDGE_CURVE('',#5488,#5620,#5673,.T.);
#5673 = LINE('',#5674,#5675);
#5674 = CARTESIAN_POINT('',(5.602564334869,0.75,1.57718193531));
#5675 = VECTOR('',#5676,1.);
#5676 = DIRECTION('',(-0.624052501793,0.640473328674,-0.447607406399));
#5677 = PLANE('',#5678);
#5678 = AXIS2_PLACEMENT_3D('',#5679,#5680,#5681);
#5679 = CARTESIAN_POINT('',(5.565442372771,0.875,1.550555865985));
#5680 = DIRECTION('',(0.58283700812,0.,-0.812589085557));
#5681 = DIRECTION('',(-0.812589085557,0.,-0.58283700812));
#5682 = ADVANCED_FACE('',(#5683),#5688,.T.);
#5683 = FACE_BOUND('',#5684,.T.);
#5684 = EDGE_LOOP('',(#5685,#5686,#5687));
#5685 = ORIENTED_EDGE('',*,*,#5672,.F.);
#5686 = ORIENTED_EDGE('',*,*,#5487,.F.);
#5687 = ORIENTED_EDGE('',*,*,#5619,.F.);
#5688 = PLANE('',#5689);
#5689 = AXIS2_PLACEMENT_3D('',#5690,#5691,#5692);
#5690 = CARTESIAN_POINT('',(5.48076935466,0.78535107851,1.489823240995)
  );
#5691 = DIRECTION('',(0.582837761474,1.111674807488E-06,-0.812588545205)
  );
#5692 = DIRECTION('',(-0.812588545206,2.897278555164E-23,-0.582837761474
    ));
#5693 = ADVANCED_FACE('',(#5694),#5720,.T.);
#5694 = FACE_BOUND('',#5695,.T.);
#5695 = EDGE_LOOP('',(#5696,#5706,#5714));
#5696 = ORIENTED_EDGE('',*,*,#5697,.T.);
#5697 = EDGE_CURVE('',#5698,#5700,#5702,.T.);
#5698 = VERTEX_POINT('',#5699);
#5699 = CARTESIAN_POINT('',(5.967948913574,0.875,1.743680238724));
#5700 = VERTEX_POINT('',#5701);
#5701 = CARTESIAN_POINT('',(5.846153736115,0.75,1.706012129784));
#5702 = LINE('',#5703,#5704);
#5703 = CARTESIAN_POINT('',(5.967948913574,0.875,1.743680238724));
#5704 = VECTOR('',#5705,1.);
#5705 = DIRECTION('',(-0.682157861505,-0.700107627138,-0.210973842951));
#5706 = ORIENTED_EDGE('',*,*,#5707,.F.);
#5707 = EDGE_CURVE('',#5708,#5700,#5710,.T.);
#5708 = VERTEX_POINT('',#5709);
#5709 = CARTESIAN_POINT('',(5.846153736115,1.,1.706012129784));
#5710 = LINE('',#5711,#5712);
#5711 = CARTESIAN_POINT('',(5.846153736115,1.,1.706012129784));
#5712 = VECTOR('',#5713,1.);
#5713 = DIRECTION('',(0.,-1.,0.));
#5714 = ORIENTED_EDGE('',*,*,#5715,.T.);
#5715 = EDGE_CURVE('',#5708,#5698,#5716,.T.);
#5716 = LINE('',#5717,#5718);
#5717 = CARTESIAN_POINT('',(5.846153736115,1.,1.706012129784));
#5718 = VECTOR('',#5719,1.);
#5719 = DIRECTION('',(0.682157861505,-0.700107627138,0.210973842951));
#5720 = PLANE('',#5721);
#5721 = AXIS2_PLACEMENT_3D('',#5722,#5723,#5724);
#5722 = CARTESIAN_POINT('',(5.881973579375,0.875,1.717090283995));
#5723 = DIRECTION('',(0.295466124412,0.,-0.955353217049));
#5724 = DIRECTION('',(-0.955353217049,0.,-0.295466124412));
#5725 = ADVANCED_FACE('',(#5726),#5743,.T.);
#5726 = FACE_BOUND('',#5727,.T.);
#5727 = EDGE_LOOP('',(#5728,#5729,#5737));
#5728 = ORIENTED_EDGE('',*,*,#5715,.F.);
#5729 = ORIENTED_EDGE('',*,*,#5730,.T.);
#5730 = EDGE_CURVE('',#5708,#5731,#5733,.T.);
#5731 = VERTEX_POINT('',#5732);
#5732 = CARTESIAN_POINT('',(6.089743614197,1.,1.781348466873));
#5733 = LINE('',#5734,#5735);
#5734 = CARTESIAN_POINT('',(5.846153736115,1.,1.706012129784));
#5735 = VECTOR('',#5736,1.);
#5736 = DIRECTION('',(0.955352921811,0.,0.295467079025));
#5737 = ORIENTED_EDGE('',*,*,#5738,.T.);
#5738 = EDGE_CURVE('',#5731,#5698,#5739,.T.);
#5739 = LINE('',#5740,#5741);
#5740 = CARTESIAN_POINT('',(6.089743614197,1.,1.781348466873));
#5741 = VECTOR('',#5742,1.);
#5742 = DIRECTION('',(-0.682156337494,-0.700108804003,-0.210974865269));
#5743 = PLANE('',#5744);
#5744 = AXIS2_PLACEMENT_3D('',#5745,#5746,#5747);
#5745 = CARTESIAN_POINT('',(5.967948714843,0.963536371176,1.743680271706
    ));
#5746 = DIRECTION('',(0.295467079025,1.019106501539E-06,-0.95535292181)
  );
#5747 = DIRECTION('',(-0.955352921811,-4.744487081751E-24,
    -0.295467079025));
#5748 = ADVANCED_FACE('',(#5749),#5766,.T.);
#5749 = FACE_BOUND('',#5750,.T.);
#5750 = EDGE_LOOP('',(#5751,#5752,#5760));
#5751 = ORIENTED_EDGE('',*,*,#5738,.F.);
#5752 = ORIENTED_EDGE('',*,*,#5753,.T.);
#5753 = EDGE_CURVE('',#5731,#5754,#5756,.T.);
#5754 = VERTEX_POINT('',#5755);
#5755 = CARTESIAN_POINT('',(6.089743614197,0.75,1.781348466873));
#5756 = LINE('',#5757,#5758);
#5757 = CARTESIAN_POINT('',(6.089743614197,1.,1.781348466873));
#5758 = VECTOR('',#5759,1.);
#5759 = DIRECTION('',(0.,-1.,0.));
#5760 = ORIENTED_EDGE('',*,*,#5761,.T.);
#5761 = EDGE_CURVE('',#5754,#5698,#5762,.T.);
#5762 = LINE('',#5763,#5764);
#5763 = CARTESIAN_POINT('',(6.089743614197,0.75,1.781348466873));
#5764 = VECTOR('',#5765,1.);
#5765 = DIRECTION('',(-0.682156337494,0.700108804003,-0.210974865269));
#5766 = PLANE('',#5767);
#5767 = AXIS2_PLACEMENT_3D('',#5768,#5769,#5770);
#5768 = CARTESIAN_POINT('',(6.053923935969,0.875,1.770270285271));
#5769 = DIRECTION('',(0.295468033641,0.,-0.955352626571));
#5770 = DIRECTION('',(-0.955352626571,0.,-0.295468033641));
#5771 = ADVANCED_FACE('',(#5772),#5782,.T.);
#5772 = FACE_BOUND('',#5773,.T.);
#5773 = EDGE_LOOP('',(#5774,#5775,#5781));
#5774 = ORIENTED_EDGE('',*,*,#5761,.F.);
#5775 = ORIENTED_EDGE('',*,*,#5776,.F.);
#5776 = EDGE_CURVE('',#5700,#5754,#5777,.T.);
#5777 = LINE('',#5778,#5779);
#5778 = CARTESIAN_POINT('',(5.846153736115,0.75,1.706012129784));
#5779 = VECTOR('',#5780,1.);
#5780 = DIRECTION('',(0.955352921811,0.,0.295467079025));
#5781 = ORIENTED_EDGE('',*,*,#5697,.F.);
#5782 = PLANE('',#5783);
#5783 = AXIS2_PLACEMENT_3D('',#5784,#5785,#5786);
#5784 = CARTESIAN_POINT('',(5.967948714843,0.786463628824,1.743680271706
    ));
#5785 = DIRECTION('',(0.295467079025,-1.019106501536E-06,-0.95535292181)
  );
#5786 = DIRECTION('',(-0.955352921811,-1.235548683849E-23,
    -0.295467079025));
#5787 = ADVANCED_FACE('',(#5788),#5812,.T.);
#5788 = FACE_BOUND('',#5789,.T.);
#5789 = EDGE_LOOP('',(#5790,#5800,#5806));
#5790 = ORIENTED_EDGE('',*,*,#5791,.T.);
#5791 = EDGE_CURVE('',#5792,#5794,#5796,.T.);
#5792 = VERTEX_POINT('',#5793);
#5793 = CARTESIAN_POINT('',(5.967948913574,0.625,1.743680238724));
#5794 = VERTEX_POINT('',#5795);
#5795 = CARTESIAN_POINT('',(5.846153736115,0.5,1.706012129784));
#5796 = LINE('',#5797,#5798);
#5797 = CARTESIAN_POINT('',(5.967948913574,0.625,1.743680238724));
#5798 = VECTOR('',#5799,1.);
#5799 = DIRECTION('',(-0.682157861505,-0.700107627138,-0.210973842951));
#5800 = ORIENTED_EDGE('',*,*,#5801,.F.);
#5801 = EDGE_CURVE('',#5700,#5794,#5802,.T.);
#5802 = LINE('',#5803,#5804);
#5803 = CARTESIAN_POINT('',(5.846153736115,0.75,1.706012129784));
#5804 = VECTOR('',#5805,1.);
#5805 = DIRECTION('',(0.,-1.,0.));
#5806 = ORIENTED_EDGE('',*,*,#5807,.T.);
#5807 = EDGE_CURVE('',#5700,#5792,#5808,.T.);
#5808 = LINE('',#5809,#5810);
#5809 = CARTESIAN_POINT('',(5.846153736115,0.75,1.706012129784));
#5810 = VECTOR('',#5811,1.);
#5811 = DIRECTION('',(0.682157861505,-0.700107627138,0.210973842951));
#5812 = PLANE('',#5813);
#5813 = AXIS2_PLACEMENT_3D('',#5814,#5815,#5816);
#5814 = CARTESIAN_POINT('',(5.881973579375,0.625,1.717090283995));
#5815 = DIRECTION('',(0.295466124412,0.,-0.955353217049));
#5816 = DIRECTION('',(-0.955353217049,0.,-0.295466124412));
#5817 = ADVANCED_FACE('',(#5818),#5828,.T.);
#5818 = FACE_BOUND('',#5819,.T.);
#5819 = EDGE_LOOP('',(#5820,#5821,#5822));
#5820 = ORIENTED_EDGE('',*,*,#5807,.F.);
#5821 = ORIENTED_EDGE('',*,*,#5776,.T.);
#5822 = ORIENTED_EDGE('',*,*,#5823,.T.);
#5823 = EDGE_CURVE('',#5754,#5792,#5824,.T.);
#5824 = LINE('',#5825,#5826);
#5825 = CARTESIAN_POINT('',(6.089743614197,0.75,1.781348466873));
#5826 = VECTOR('',#5827,1.);
#5827 = DIRECTION('',(-0.682156337494,-0.700108804003,-0.210974865269));
#5828 = PLANE('',#5829);
#5829 = AXIS2_PLACEMENT_3D('',#5830,#5831,#5832);
#5830 = CARTESIAN_POINT('',(5.967948714843,0.713536371176,1.743680271706
    ));
#5831 = DIRECTION('',(0.295467079025,1.01910650152E-06,-0.95535292181));
#5832 = DIRECTION('',(-0.955352921811,-2.302102899069E-23,
    -0.295467079025));
#5833 = ADVANCED_FACE('',(#5834),#5851,.T.);
#5834 = FACE_BOUND('',#5835,.T.);
#5835 = EDGE_LOOP('',(#5836,#5837,#5845));
#5836 = ORIENTED_EDGE('',*,*,#5823,.F.);
#5837 = ORIENTED_EDGE('',*,*,#5838,.T.);
#5838 = EDGE_CURVE('',#5754,#5839,#5841,.T.);
#5839 = VERTEX_POINT('',#5840);
#5840 = CARTESIAN_POINT('',(6.089743614197,0.5,1.781348466873));
#5841 = LINE('',#5842,#5843);
#5842 = CARTESIAN_POINT('',(6.089743614197,0.75,1.781348466873));
#5843 = VECTOR('',#5844,1.);
#5844 = DIRECTION('',(0.,-1.,0.));
#5845 = ORIENTED_EDGE('',*,*,#5846,.T.);
#5846 = EDGE_CURVE('',#5839,#5792,#5847,.T.);
#5847 = LINE('',#5848,#5849);
#5848 = CARTESIAN_POINT('',(6.089743614197,0.5,1.781348466873));
#5849 = VECTOR('',#5850,1.);
#5850 = DIRECTION('',(-0.682156337494,0.700108804003,-0.210974865269));
#5851 = PLANE('',#5852);
#5852 = AXIS2_PLACEMENT_3D('',#5853,#5854,#5855);
#5853 = CARTESIAN_POINT('',(6.053923935969,0.625,1.770270285271));
#5854 = DIRECTION('',(0.295468033641,0.,-0.955352626571));
#5855 = DIRECTION('',(-0.955352626571,0.,-0.295468033641));
#5856 = ADVANCED_FACE('',(#5857),#5867,.T.);
#5857 = FACE_BOUND('',#5858,.T.);
#5858 = EDGE_LOOP('',(#5859,#5860,#5866));
#5859 = ORIENTED_EDGE('',*,*,#5846,.F.);
#5860 = ORIENTED_EDGE('',*,*,#5861,.F.);
#5861 = EDGE_CURVE('',#5794,#5839,#5862,.T.);
#5862 = LINE('',#5863,#5864);
#5863 = CARTESIAN_POINT('',(5.846153736115,0.5,1.706012129784));
#5864 = VECTOR('',#5865,1.);
#5865 = DIRECTION('',(0.955352921811,0.,0.295467079025));
#5866 = ORIENTED_EDGE('',*,*,#5791,.F.);
#5867 = PLANE('',#5868);
#5868 = AXIS2_PLACEMENT_3D('',#5869,#5870,#5871);
#5869 = CARTESIAN_POINT('',(5.967948714843,0.536463628824,1.743680271706
    ));
#5870 = DIRECTION('',(0.295467079025,-1.019106501536E-06,-0.95535292181)
  );
#5871 = DIRECTION('',(-0.955352921811,5.603015707611E-25,-0.295467079025
    ));
#5872 = ADVANCED_FACE('',(#5873),#5897,.T.);
#5873 = FACE_BOUND('',#5874,.T.);
#5874 = EDGE_LOOP('',(#5875,#5885,#5891));
#5875 = ORIENTED_EDGE('',*,*,#5876,.T.);
#5876 = EDGE_CURVE('',#5877,#5879,#5881,.T.);
#5877 = VERTEX_POINT('',#5878);
#5878 = CARTESIAN_POINT('',(5.967948913574,0.375,1.743680238724));
#5879 = VERTEX_POINT('',#5880);
#5880 = CARTESIAN_POINT('',(5.846153736115,0.25,1.706012129784));
#5881 = LINE('',#5882,#5883);
#5882 = CARTESIAN_POINT('',(5.967948913574,0.375,1.743680238724));
#5883 = VECTOR('',#5884,1.);
#5884 = DIRECTION('',(-0.682157861505,-0.700107627138,-0.210973842951));
#5885 = ORIENTED_EDGE('',*,*,#5886,.F.);
#5886 = EDGE_CURVE('',#5794,#5879,#5887,.T.);
#5887 = LINE('',#5888,#5889);
#5888 = CARTESIAN_POINT('',(5.846153736115,0.5,1.706012129784));
#5889 = VECTOR('',#5890,1.);
#5890 = DIRECTION('',(0.,-1.,0.));
#5891 = ORIENTED_EDGE('',*,*,#5892,.T.);
#5892 = EDGE_CURVE('',#5794,#5877,#5893,.T.);
#5893 = LINE('',#5894,#5895);
#5894 = CARTESIAN_POINT('',(5.846153736115,0.5,1.706012129784));
#5895 = VECTOR('',#5896,1.);
#5896 = DIRECTION('',(0.682157861505,-0.700107627138,0.210973842951));
#5897 = PLANE('',#5898);
#5898 = AXIS2_PLACEMENT_3D('',#5899,#5900,#5901);
#5899 = CARTESIAN_POINT('',(5.881973579375,0.375,1.717090283995));
#5900 = DIRECTION('',(0.295466124412,0.,-0.955353217049));
#5901 = DIRECTION('',(-0.955353217049,0.,-0.295466124412));
#5902 = ADVANCED_FACE('',(#5903),#5913,.T.);
#5903 = FACE_BOUND('',#5904,.T.);
#5904 = EDGE_LOOP('',(#5905,#5906,#5907));
#5905 = ORIENTED_EDGE('',*,*,#5892,.F.);
#5906 = ORIENTED_EDGE('',*,*,#5861,.T.);
#5907 = ORIENTED_EDGE('',*,*,#5908,.T.);
#5908 = EDGE_CURVE('',#5839,#5877,#5909,.T.);
#5909 = LINE('',#5910,#5911);
#5910 = CARTESIAN_POINT('',(6.089743614197,0.5,1.781348466873));
#5911 = VECTOR('',#5912,1.);
#5912 = DIRECTION('',(-0.682156337494,-0.700108804003,-0.210974865269));
#5913 = PLANE('',#5914);
#5914 = AXIS2_PLACEMENT_3D('',#5915,#5916,#5917);
#5915 = CARTESIAN_POINT('',(5.967948714843,0.463536371176,1.743680271706
    ));
#5916 = DIRECTION('',(0.295467079025,1.01910650152E-06,-0.95535292181));
#5917 = DIRECTION('',(-0.955352921811,-2.302102899069E-23,
    -0.295467079025));
#5918 = ADVANCED_FACE('',(#5919),#5936,.T.);
#5919 = FACE_BOUND('',#5920,.T.);
#5920 = EDGE_LOOP('',(#5921,#5922,#5930));
#5921 = ORIENTED_EDGE('',*,*,#5908,.F.);
#5922 = ORIENTED_EDGE('',*,*,#5923,.T.);
#5923 = EDGE_CURVE('',#5839,#5924,#5926,.T.);
#5924 = VERTEX_POINT('',#5925);
#5925 = CARTESIAN_POINT('',(6.089743614197,0.25,1.781348466873));
#5926 = LINE('',#5927,#5928);
#5927 = CARTESIAN_POINT('',(6.089743614197,0.5,1.781348466873));
#5928 = VECTOR('',#5929,1.);
#5929 = DIRECTION('',(0.,-1.,0.));
#5930 = ORIENTED_EDGE('',*,*,#5931,.T.);
#5931 = EDGE_CURVE('',#5924,#5877,#5932,.T.);
#5932 = LINE('',#5933,#5934);
#5933 = CARTESIAN_POINT('',(6.089743614197,0.25,1.781348466873));
#5934 = VECTOR('',#5935,1.);
#5935 = DIRECTION('',(-0.682156337494,0.700108804003,-0.210974865269));
#5936 = PLANE('',#5937);
#5937 = AXIS2_PLACEMENT_3D('',#5938,#5939,#5940);
#5938 = CARTESIAN_POINT('',(6.053923935969,0.375,1.770270285271));
#5939 = DIRECTION('',(0.295468033641,0.,-0.955352626571));
#5940 = DIRECTION('',(-0.955352626571,0.,-0.295468033641));
#5941 = ADVANCED_FACE('',(#5942),#5952,.T.);
#5942 = FACE_BOUND('',#5943,.T.);
#5943 = EDGE_LOOP('',(#5944,#5945,#5951));
#5944 = ORIENTED_EDGE('',*,*,#5931,.F.);
#5945 = ORIENTED_EDGE('',*,*,#5946,.F.);
#5946 = EDGE_CURVE('',#5879,#5924,#5947,.T.);
#5947 = LINE('',#5948,#5949);
#5948 = CARTESIAN_POINT('',(5.846153736115,0.25,1.706012129784));
#5949 = VECTOR('',#5950,1.);
#5950 = DIRECTION('',(0.955352921811,0.,0.295467079025));
#5951 = ORIENTED_EDGE('',*,*,#5876,.F.);
#5952 = PLANE('',#5953);
#5953 = AXIS2_PLACEMENT_3D('',#5954,#5955,#5956);
#5954 = CARTESIAN_POINT('',(5.967948714843,0.286463628824,1.743680271706
    ));
#5955 = DIRECTION('',(0.295467079025,-1.019106501536E-06,-0.95535292181)
  );
#5956 = DIRECTION('',(-0.955352921811,-1.235548683849E-23,
    -0.295467079025));
#5957 = ADVANCED_FACE('',(#5958),#5980,.T.);
#5958 = FACE_BOUND('',#5959,.T.);
#5959 = EDGE_LOOP('',(#5960,#5968,#5974));
#5960 = ORIENTED_EDGE('',*,*,#5961,.T.);
#5961 = EDGE_CURVE('',#5962,#548,#5964,.T.);
#5962 = VERTEX_POINT('',#5963);
#5963 = CARTESIAN_POINT('',(5.967948913574,0.125,1.743680238724));
#5964 = LINE('',#5965,#5966);
#5965 = CARTESIAN_POINT('',(5.967948913574,0.125,1.743680238724));
#5966 = VECTOR('',#5967,1.);
#5967 = DIRECTION('',(-0.682157861505,-0.700107627138,-0.210973842951));
#5968 = ORIENTED_EDGE('',*,*,#5969,.F.);
#5969 = EDGE_CURVE('',#5879,#548,#5970,.T.);
#5970 = LINE('',#5971,#5972);
#5971 = CARTESIAN_POINT('',(5.846153736115,0.25,1.706012129784));
#5972 = VECTOR('',#5973,1.);
#5973 = DIRECTION('',(0.,-1.,0.));
#5974 = ORIENTED_EDGE('',*,*,#5975,.T.);
#5975 = EDGE_CURVE('',#5879,#5962,#5976,.T.);
#5976 = LINE('',#5977,#5978);
#5977 = CARTESIAN_POINT('',(5.846153736115,0.25,1.706012129784));
#5978 = VECTOR('',#5979,1.);
#5979 = DIRECTION('',(0.682157861505,-0.700107627138,0.210973842951));
#5980 = PLANE('',#5981);
#5981 = AXIS2_PLACEMENT_3D('',#5982,#5983,#5984);
#5982 = CARTESIAN_POINT('',(5.881973579375,0.125,1.717090283995));
#5983 = DIRECTION('',(0.295466124412,0.,-0.955353217049));
#5984 = DIRECTION('',(-0.955353217049,0.,-0.295466124412));
#5985 = ADVANCED_FACE('',(#5986),#5996,.T.);
#5986 = FACE_BOUND('',#5987,.T.);
#5987 = EDGE_LOOP('',(#5988,#5989,#5990));
#5988 = ORIENTED_EDGE('',*,*,#5975,.F.);
#5989 = ORIENTED_EDGE('',*,*,#5946,.T.);
#5990 = ORIENTED_EDGE('',*,*,#5991,.T.);
#5991 = EDGE_CURVE('',#5924,#5962,#5992,.T.);
#5992 = LINE('',#5993,#5994);
#5993 = CARTESIAN_POINT('',(6.089743614197,0.25,1.781348466873));
#5994 = VECTOR('',#5995,1.);
#5995 = DIRECTION('',(-0.682156337494,-0.700108804003,-0.210974865269));
#5996 = PLANE('',#5997);
#5997 = AXIS2_PLACEMENT_3D('',#5998,#5999,#6000);
#5998 = CARTESIAN_POINT('',(5.967948714843,0.213536371176,1.743680271706
    ));
#5999 = DIRECTION('',(0.295467079025,1.01910650155E-06,-0.95535292181));
#6000 = DIRECTION('',(-0.955352921811,6.390620847141E-25,-0.295467079025
    ));
#6001 = ADVANCED_FACE('',(#6002),#6017,.T.);
#6002 = FACE_BOUND('',#6003,.T.);
#6003 = EDGE_LOOP('',(#6004,#6005,#6011));
#6004 = ORIENTED_EDGE('',*,*,#5991,.F.);
#6005 = ORIENTED_EDGE('',*,*,#6006,.T.);
#6006 = EDGE_CURVE('',#5924,#556,#6007,.T.);
#6007 = LINE('',#6008,#6009);
#6008 = CARTESIAN_POINT('',(6.089743614197,0.25,1.781348466873));
#6009 = VECTOR('',#6010,1.);
#6010 = DIRECTION('',(0.,-1.,0.));
#6011 = ORIENTED_EDGE('',*,*,#6012,.T.);
#6012 = EDGE_CURVE('',#556,#5962,#6013,.T.);
#6013 = LINE('',#6014,#6015);
#6014 = CARTESIAN_POINT('',(6.089743614197,0.,1.781348466873));
#6015 = VECTOR('',#6016,1.);
#6016 = DIRECTION('',(-0.682156337494,0.700108804003,-0.210974865269));
#6017 = PLANE('',#6018);
#6018 = AXIS2_PLACEMENT_3D('',#6019,#6020,#6021);
#6019 = CARTESIAN_POINT('',(6.053923935969,0.125,1.770270285271));
#6020 = DIRECTION('',(0.295468033641,0.,-0.955352626571));
#6021 = DIRECTION('',(-0.955352626571,0.,-0.295468033641));
#6022 = ADVANCED_FACE('',(#6023),#6028,.T.);
#6023 = FACE_BOUND('',#6024,.T.);
#6024 = EDGE_LOOP('',(#6025,#6026,#6027));
#6025 = ORIENTED_EDGE('',*,*,#6012,.F.);
#6026 = ORIENTED_EDGE('',*,*,#555,.T.);
#6027 = ORIENTED_EDGE('',*,*,#5961,.F.);
#6028 = PLANE('',#6029);
#6029 = AXIS2_PLACEMENT_3D('',#6030,#6031,#6032);
#6030 = CARTESIAN_POINT('',(5.967948714843,3.646362882431E-02,
    1.743680271706));
#6031 = DIRECTION('',(0.295467079025,-1.019106501534E-06,-0.95535292181)
  );
#6032 = DIRECTION('',(-0.955352921811,3.074326641942E-23,-0.295467079025
    ));
#6033 = ADVANCED_FACE('',(#6034),#6051,.T.);
#6034 = FACE_BOUND('',#6035,.T.);
#6035 = EDGE_LOOP('',(#6036,#6044,#6045));
#6036 = ORIENTED_EDGE('',*,*,#6037,.T.);
#6037 = EDGE_CURVE('',#6038,#572,#6040,.T.);
#6038 = VERTEX_POINT('',#6039);
#6039 = CARTESIAN_POINT('',(5.967948913574,0.125,2.743680238724));
#6040 = LINE('',#6041,#6042);
#6041 = CARTESIAN_POINT('',(5.967948913574,0.125,2.743680238724));
#6042 = VECTOR('',#6043,1.);
#6043 = DIRECTION('',(-0.682157765415,-0.700107528519,-0.210974480907));
#6044 = ORIENTED_EDGE('',*,*,#571,.T.);
#6045 = ORIENTED_EDGE('',*,*,#6046,.T.);
#6046 = EDGE_CURVE('',#564,#6038,#6047,.T.);
#6047 = LINE('',#6048,#6049);
#6048 = CARTESIAN_POINT('',(6.089743614197,0.,2.781348466873));
#6049 = VECTOR('',#6050,1.);
#6050 = DIRECTION('',(-0.682156337494,0.700108804003,-0.210974865269));
#6051 = PLANE('',#6052);
#6052 = AXIS2_PLACEMENT_3D('',#6053,#6054,#6055);
#6053 = CARTESIAN_POINT('',(5.967948712341,3.646362779578E-02,
    2.743680228714));
#6054 = DIRECTION('',(-0.295467505744,5.635595431244E-07,0.955352789837)
  );
#6055 = DIRECTION('',(0.955352789837,7.930114572134E-24,0.295467505744)
  );
#6056 = ADVANCED_FACE('',(#6057),#6074,.T.);
#6057 = FACE_BOUND('',#6058,.T.);
#6058 = EDGE_LOOP('',(#6059,#6060,#6068));
#6059 = ORIENTED_EDGE('',*,*,#6046,.F.);
#6060 = ORIENTED_EDGE('',*,*,#6061,.T.);
#6061 = EDGE_CURVE('',#564,#6062,#6064,.T.);
#6062 = VERTEX_POINT('',#6063);
#6063 = CARTESIAN_POINT('',(6.089743614197,0.25,2.781348466873));
#6064 = LINE('',#6065,#6066);
#6065 = CARTESIAN_POINT('',(6.089743614197,0.,2.781348466873));
#6066 = VECTOR('',#6067,1.);
#6067 = DIRECTION('',(0.,1.,0.));
#6068 = ORIENTED_EDGE('',*,*,#6069,.T.);
#6069 = EDGE_CURVE('',#6062,#6038,#6070,.T.);
#6070 = LINE('',#6071,#6072);
#6071 = CARTESIAN_POINT('',(6.089743614197,0.25,2.781348466873));
#6072 = VECTOR('',#6073,1.);
#6073 = DIRECTION('',(-0.682156337494,-0.700108804003,-0.210974865269));
#6074 = PLANE('',#6075);
#6075 = AXIS2_PLACEMENT_3D('',#6076,#6077,#6078);
#6076 = CARTESIAN_POINT('',(6.053923935969,0.125,2.770270285271));
#6077 = DIRECTION('',(-0.295468033641,0.,0.955352626571));
#6078 = DIRECTION('',(0.955352626571,0.,0.295468033641));
#6079 = ADVANCED_FACE('',(#6080),#6097,.T.);
#6080 = FACE_BOUND('',#6081,.T.);
#6081 = EDGE_LOOP('',(#6082,#6083,#6091));
#6082 = ORIENTED_EDGE('',*,*,#6069,.F.);
#6083 = ORIENTED_EDGE('',*,*,#6084,.T.);
#6084 = EDGE_CURVE('',#6062,#6085,#6087,.T.);
#6085 = VERTEX_POINT('',#6086);
#6086 = CARTESIAN_POINT('',(5.846153736115,0.25,2.706012010574));
#6087 = LINE('',#6088,#6089);
#6088 = CARTESIAN_POINT('',(6.089743614197,0.25,2.781348466873));
#6089 = VECTOR('',#6090,1.);
#6090 = DIRECTION('',(-0.955352789837,0.,-0.295467505744));
#6091 = ORIENTED_EDGE('',*,*,#6092,.T.);
#6092 = EDGE_CURVE('',#6085,#6038,#6093,.T.);
#6093 = LINE('',#6094,#6095);
#6094 = CARTESIAN_POINT('',(5.846153736115,0.25,2.706012010574));
#6095 = VECTOR('',#6096,1.);
#6096 = DIRECTION('',(0.682157765415,-0.700107528519,0.210974480907));
#6097 = PLANE('',#6098);
#6098 = AXIS2_PLACEMENT_3D('',#6099,#6100,#6101);
#6099 = CARTESIAN_POINT('',(5.967948712341,0.213536372204,2.743680228714
    ));
#6100 = DIRECTION('',(-0.295467505744,-5.635595431293E-07,0.955352789837
    ));
#6101 = DIRECTION('',(0.955352789837,-8.444137606552E-24,0.295467505744)
  );
#6102 = ADVANCED_FACE('',(#6103),#6113,.T.);
#6103 = FACE_BOUND('',#6104,.T.);
#6104 = EDGE_LOOP('',(#6105,#6106,#6112));
#6105 = ORIENTED_EDGE('',*,*,#6092,.F.);
#6106 = ORIENTED_EDGE('',*,*,#6107,.F.);
#6107 = EDGE_CURVE('',#572,#6085,#6108,.T.);
#6108 = LINE('',#6109,#6110);
#6109 = CARTESIAN_POINT('',(5.846153736115,0.,2.706012010574));
#6110 = VECTOR('',#6111,1.);
#6111 = DIRECTION('',(0.,1.,0.));
#6112 = ORIENTED_EDGE('',*,*,#6037,.F.);
#6113 = PLANE('',#6114);
#6114 = AXIS2_PLACEMENT_3D('',#6115,#6116,#6117);
#6115 = CARTESIAN_POINT('',(5.881973581453,0.125,2.717090200488));
#6116 = DIRECTION('',(-0.295466977849,0.,0.955352953102));
#6117 = DIRECTION('',(0.955352953102,0.,0.295466977849));
#6118 = ADVANCED_FACE('',(#6119),#6136,.T.);
#6119 = FACE_BOUND('',#6120,.T.);
#6120 = EDGE_LOOP('',(#6121,#6129,#6130));
#6121 = ORIENTED_EDGE('',*,*,#6122,.T.);
#6122 = EDGE_CURVE('',#6123,#6085,#6125,.T.);
#6123 = VERTEX_POINT('',#6124);
#6124 = CARTESIAN_POINT('',(5.967948913574,0.375,2.743680238724));
#6125 = LINE('',#6126,#6127);
#6126 = CARTESIAN_POINT('',(5.967948913574,0.375,2.743680238724));
#6127 = VECTOR('',#6128,1.);
#6128 = DIRECTION('',(-0.682157765415,-0.700107528519,-0.210974480907));
#6129 = ORIENTED_EDGE('',*,*,#6084,.F.);
#6130 = ORIENTED_EDGE('',*,*,#6131,.T.);
#6131 = EDGE_CURVE('',#6062,#6123,#6132,.T.);
#6132 = LINE('',#6133,#6134);
#6133 = CARTESIAN_POINT('',(6.089743614197,0.25,2.781348466873));
#6134 = VECTOR('',#6135,1.);
#6135 = DIRECTION('',(-0.682156337494,0.700108804003,-0.210974865269));
#6136 = PLANE('',#6137);
#6137 = AXIS2_PLACEMENT_3D('',#6138,#6139,#6140);
#6138 = CARTESIAN_POINT('',(5.967948712341,0.286463627796,2.743680228714
    ));
#6139 = DIRECTION('',(-0.295467505744,5.635595431232E-07,0.955352789837)
  );
#6140 = DIRECTION('',(0.955352789837,3.724764759978E-24,0.295467505744)
  );
#6141 = ADVANCED_FACE('',(#6142),#6159,.T.);
#6142 = FACE_BOUND('',#6143,.T.);
#6143 = EDGE_LOOP('',(#6144,#6145,#6153));
#6144 = ORIENTED_EDGE('',*,*,#6131,.F.);
#6145 = ORIENTED_EDGE('',*,*,#6146,.T.);
#6146 = EDGE_CURVE('',#6062,#6147,#6149,.T.);
#6147 = VERTEX_POINT('',#6148);
#6148 = CARTESIAN_POINT('',(6.089743614197,0.5,2.781348466873));
#6149 = LINE('',#6150,#6151);
#6150 = CARTESIAN_POINT('',(6.089743614197,0.25,2.781348466873));
#6151 = VECTOR('',#6152,1.);
#6152 = DIRECTION('',(0.,1.,0.));
#6153 = ORIENTED_EDGE('',*,*,#6154,.T.);
#6154 = EDGE_CURVE('',#6147,#6123,#6155,.T.);
#6155 = LINE('',#6156,#6157);
#6156 = CARTESIAN_POINT('',(6.089743614197,0.5,2.781348466873));
#6157 = VECTOR('',#6158,1.);
#6158 = DIRECTION('',(-0.682156337494,-0.700108804003,-0.210974865269));
#6159 = PLANE('',#6160);
#6160 = AXIS2_PLACEMENT_3D('',#6161,#6162,#6163);
#6161 = CARTESIAN_POINT('',(6.053923935969,0.375,2.770270285271));
#6162 = DIRECTION('',(-0.295468033641,0.,0.955352626571));
#6163 = DIRECTION('',(0.955352626571,0.,0.295468033641));
#6164 = ADVANCED_FACE('',(#6165),#6182,.T.);
#6165 = FACE_BOUND('',#6166,.T.);
#6166 = EDGE_LOOP('',(#6167,#6168,#6176));
#6167 = ORIENTED_EDGE('',*,*,#6154,.F.);
#6168 = ORIENTED_EDGE('',*,*,#6169,.T.);
#6169 = EDGE_CURVE('',#6147,#6170,#6172,.T.);
#6170 = VERTEX_POINT('',#6171);
#6171 = CARTESIAN_POINT('',(5.846153736115,0.5,2.706012010574));
#6172 = LINE('',#6173,#6174);
#6173 = CARTESIAN_POINT('',(6.089743614197,0.5,2.781348466873));
#6174 = VECTOR('',#6175,1.);
#6175 = DIRECTION('',(-0.955352789837,0.,-0.295467505744));
#6176 = ORIENTED_EDGE('',*,*,#6177,.T.);
#6177 = EDGE_CURVE('',#6170,#6123,#6178,.T.);
#6178 = LINE('',#6179,#6180);
#6179 = CARTESIAN_POINT('',(5.846153736115,0.5,2.706012010574));
#6180 = VECTOR('',#6181,1.);
#6181 = DIRECTION('',(0.682157765415,-0.700107528519,0.210974480907));
#6182 = PLANE('',#6183);
#6183 = AXIS2_PLACEMENT_3D('',#6184,#6185,#6186);
#6184 = CARTESIAN_POINT('',(5.967948712341,0.463536372204,2.743680228714
    ));
#6185 = DIRECTION('',(-0.295467505744,-5.635595431284E-07,0.955352789837
    ));
#6186 = DIRECTION('',(0.955352789837,-4.76789405468E-24,0.295467505744)
  );
#6187 = ADVANCED_FACE('',(#6188),#6198,.T.);
#6188 = FACE_BOUND('',#6189,.T.);
#6189 = EDGE_LOOP('',(#6190,#6191,#6197));
#6190 = ORIENTED_EDGE('',*,*,#6177,.F.);
#6191 = ORIENTED_EDGE('',*,*,#6192,.F.);
#6192 = EDGE_CURVE('',#6085,#6170,#6193,.T.);
#6193 = LINE('',#6194,#6195);
#6194 = CARTESIAN_POINT('',(5.846153736115,0.25,2.706012010574));
#6195 = VECTOR('',#6196,1.);
#6196 = DIRECTION('',(0.,1.,0.));
#6197 = ORIENTED_EDGE('',*,*,#6122,.F.);
#6198 = PLANE('',#6199);
#6199 = AXIS2_PLACEMENT_3D('',#6200,#6201,#6202);
#6200 = CARTESIAN_POINT('',(5.881973581453,0.375,2.717090200488));
#6201 = DIRECTION('',(-0.295466977849,0.,0.955352953102));
#6202 = DIRECTION('',(0.955352953102,0.,0.295466977849));
#6203 = ADVANCED_FACE('',(#6204),#6221,.T.);
#6204 = FACE_BOUND('',#6205,.T.);
#6205 = EDGE_LOOP('',(#6206,#6214,#6215));
#6206 = ORIENTED_EDGE('',*,*,#6207,.T.);
#6207 = EDGE_CURVE('',#6208,#6170,#6210,.T.);
#6208 = VERTEX_POINT('',#6209);
#6209 = CARTESIAN_POINT('',(5.967948913574,0.625,2.743680238724));
#6210 = LINE('',#6211,#6212);
#6211 = CARTESIAN_POINT('',(5.967948913574,0.625,2.743680238724));
#6212 = VECTOR('',#6213,1.);
#6213 = DIRECTION('',(-0.682157765415,-0.700107528519,-0.210974480907));
#6214 = ORIENTED_EDGE('',*,*,#6169,.F.);
#6215 = ORIENTED_EDGE('',*,*,#6216,.T.);
#6216 = EDGE_CURVE('',#6147,#6208,#6217,.T.);
#6217 = LINE('',#6218,#6219);
#6218 = CARTESIAN_POINT('',(6.089743614197,0.5,2.781348466873));
#6219 = VECTOR('',#6220,1.);
#6220 = DIRECTION('',(-0.682156337494,0.700108804003,-0.210974865269));
#6221 = PLANE('',#6222);
#6222 = AXIS2_PLACEMENT_3D('',#6223,#6224,#6225);
#6223 = CARTESIAN_POINT('',(5.967948712341,0.536463627796,2.743680228714
    ));
#6224 = DIRECTION('',(-0.295467505744,5.635595431232E-07,0.955352789837)
  );
#6225 = DIRECTION('',(0.955352789837,3.724764759978E-24,0.295467505744)
  );
#6226 = ADVANCED_FACE('',(#6227),#6244,.T.);
#6227 = FACE_BOUND('',#6228,.T.);
#6228 = EDGE_LOOP('',(#6229,#6230,#6238));
#6229 = ORIENTED_EDGE('',*,*,#6216,.F.);
#6230 = ORIENTED_EDGE('',*,*,#6231,.T.);
#6231 = EDGE_CURVE('',#6147,#6232,#6234,.T.);
#6232 = VERTEX_POINT('',#6233);
#6233 = CARTESIAN_POINT('',(6.089743614197,0.75,2.781348466873));
#6234 = LINE('',#6235,#6236);
#6235 = CARTESIAN_POINT('',(6.089743614197,0.5,2.781348466873));
#6236 = VECTOR('',#6237,1.);
#6237 = DIRECTION('',(0.,1.,0.));
#6238 = ORIENTED_EDGE('',*,*,#6239,.T.);
#6239 = EDGE_CURVE('',#6232,#6208,#6240,.T.);
#6240 = LINE('',#6241,#6242);
#6241 = CARTESIAN_POINT('',(6.089743614197,0.75,2.781348466873));
#6242 = VECTOR('',#6243,1.);
#6243 = DIRECTION('',(-0.682156337494,-0.700108804003,-0.210974865269));
#6244 = PLANE('',#6245);
#6245 = AXIS2_PLACEMENT_3D('',#6246,#6247,#6248);
#6246 = CARTESIAN_POINT('',(6.053923935969,0.625,2.770270285271));
#6247 = DIRECTION('',(-0.295468033641,0.,0.955352626571));
#6248 = DIRECTION('',(0.955352626571,0.,0.295468033641));
#6249 = ADVANCED_FACE('',(#6250),#6267,.T.);
#6250 = FACE_BOUND('',#6251,.T.);
#6251 = EDGE_LOOP('',(#6252,#6253,#6261));
#6252 = ORIENTED_EDGE('',*,*,#6239,.F.);
#6253 = ORIENTED_EDGE('',*,*,#6254,.T.);
#6254 = EDGE_CURVE('',#6232,#6255,#6257,.T.);
#6255 = VERTEX_POINT('',#6256);
#6256 = CARTESIAN_POINT('',(5.846153736115,0.75,2.706012010574));
#6257 = LINE('',#6258,#6259);
#6258 = CARTESIAN_POINT('',(6.089743614197,0.75,2.781348466873));
#6259 = VECTOR('',#6260,1.);
#6260 = DIRECTION('',(-0.955352789837,0.,-0.295467505744));
#6261 = ORIENTED_EDGE('',*,*,#6262,.T.);
#6262 = EDGE_CURVE('',#6255,#6208,#6263,.T.);
#6263 = LINE('',#6264,#6265);
#6264 = CARTESIAN_POINT('',(5.846153736115,0.75,2.706012010574));
#6265 = VECTOR('',#6266,1.);
#6266 = DIRECTION('',(0.682157765415,-0.700107528519,0.210974480907));
#6267 = PLANE('',#6268);
#6268 = AXIS2_PLACEMENT_3D('',#6269,#6270,#6271);
#6269 = CARTESIAN_POINT('',(5.967948712341,0.713536372204,2.743680228714
    ));
#6270 = DIRECTION('',(-0.295467505744,-5.635595431317E-07,0.955352789837
    ));
#6271 = DIRECTION('',(0.955352789837,-2.341357886625E-24,0.295467505744)
  );
#6272 = ADVANCED_FACE('',(#6273),#6283,.T.);
#6273 = FACE_BOUND('',#6274,.T.);
#6274 = EDGE_LOOP('',(#6275,#6276,#6282));
#6275 = ORIENTED_EDGE('',*,*,#6262,.F.);
#6276 = ORIENTED_EDGE('',*,*,#6277,.F.);
#6277 = EDGE_CURVE('',#6170,#6255,#6278,.T.);
#6278 = LINE('',#6279,#6280);
#6279 = CARTESIAN_POINT('',(5.846153736115,0.5,2.706012010574));
#6280 = VECTOR('',#6281,1.);
#6281 = DIRECTION('',(0.,1.,0.));
#6282 = ORIENTED_EDGE('',*,*,#6207,.F.);
#6283 = PLANE('',#6284);
#6284 = AXIS2_PLACEMENT_3D('',#6285,#6286,#6287);
#6285 = CARTESIAN_POINT('',(5.881973581453,0.625,2.717090200488));
#6286 = DIRECTION('',(-0.295466977849,0.,0.955352953102));
#6287 = DIRECTION('',(0.955352953102,0.,0.295466977849));
#6288 = ADVANCED_FACE('',(#6289),#6306,.T.);
#6289 = FACE_BOUND('',#6290,.T.);
#6290 = EDGE_LOOP('',(#6291,#6299,#6300));
#6291 = ORIENTED_EDGE('',*,*,#6292,.T.);
#6292 = EDGE_CURVE('',#6293,#6255,#6295,.T.);
#6293 = VERTEX_POINT('',#6294);
#6294 = CARTESIAN_POINT('',(5.967948913574,0.875,2.743680238724));
#6295 = LINE('',#6296,#6297);
#6296 = CARTESIAN_POINT('',(5.967948913574,0.875,2.743680238724));
#6297 = VECTOR('',#6298,1.);
#6298 = DIRECTION('',(-0.682157765415,-0.700107528519,-0.210974480907));
#6299 = ORIENTED_EDGE('',*,*,#6254,.F.);
#6300 = ORIENTED_EDGE('',*,*,#6301,.T.);
#6301 = EDGE_CURVE('',#6232,#6293,#6302,.T.);
#6302 = LINE('',#6303,#6304);
#6303 = CARTESIAN_POINT('',(6.089743614197,0.75,2.781348466873));
#6304 = VECTOR('',#6305,1.);
#6305 = DIRECTION('',(-0.682156337494,0.700108804003,-0.210974865269));
#6306 = PLANE('',#6307);
#6307 = AXIS2_PLACEMENT_3D('',#6308,#6309,#6310);
#6308 = CARTESIAN_POINT('',(5.967948712341,0.786463627796,2.743680228714
    ));
#6309 = DIRECTION('',(-0.295467505744,5.635595431131E-07,0.955352789837)
  );
#6310 = DIRECTION('',(0.955352789837,-2.180028141618E-23,0.295467505744)
  );
#6311 = ADVANCED_FACE('',(#6312),#6329,.T.);
#6312 = FACE_BOUND('',#6313,.T.);
#6313 = EDGE_LOOP('',(#6314,#6315,#6323));
#6314 = ORIENTED_EDGE('',*,*,#6301,.F.);
#6315 = ORIENTED_EDGE('',*,*,#6316,.T.);
#6316 = EDGE_CURVE('',#6232,#6317,#6319,.T.);
#6317 = VERTEX_POINT('',#6318);
#6318 = CARTESIAN_POINT('',(6.089743614197,1.,2.781348466873));
#6319 = LINE('',#6320,#6321);
#6320 = CARTESIAN_POINT('',(6.089743614197,0.75,2.781348466873));
#6321 = VECTOR('',#6322,1.);
#6322 = DIRECTION('',(0.,1.,0.));
#6323 = ORIENTED_EDGE('',*,*,#6324,.T.);
#6324 = EDGE_CURVE('',#6317,#6293,#6325,.T.);
#6325 = LINE('',#6326,#6327);
#6326 = CARTESIAN_POINT('',(6.089743614197,1.,2.781348466873));
#6327 = VECTOR('',#6328,1.);
#6328 = DIRECTION('',(-0.682156337494,-0.700108804003,-0.210974865269));
#6329 = PLANE('',#6330);
#6330 = AXIS2_PLACEMENT_3D('',#6331,#6332,#6333);
#6331 = CARTESIAN_POINT('',(6.053923935969,0.875,2.770270285271));
#6332 = DIRECTION('',(-0.295468033641,0.,0.955352626571));
#6333 = DIRECTION('',(0.955352626571,0.,0.295468033641));
#6334 = ADVANCED_FACE('',(#6335),#6352,.T.);
#6335 = FACE_BOUND('',#6336,.T.);
#6336 = EDGE_LOOP('',(#6337,#6338,#6346));
#6337 = ORIENTED_EDGE('',*,*,#6324,.F.);
#6338 = ORIENTED_EDGE('',*,*,#6339,.T.);
#6339 = EDGE_CURVE('',#6317,#6340,#6342,.T.);
#6340 = VERTEX_POINT('',#6341);
#6341 = CARTESIAN_POINT('',(5.846153736115,1.,2.706012010574));
#6342 = LINE('',#6343,#6344);
#6343 = CARTESIAN_POINT('',(6.089743614197,1.,2.781348466873));
#6344 = VECTOR('',#6345,1.);
#6345 = DIRECTION('',(-0.955352789837,0.,-0.295467505744));
#6346 = ORIENTED_EDGE('',*,*,#6347,.T.);
#6347 = EDGE_CURVE('',#6340,#6293,#6348,.T.);
#6348 = LINE('',#6349,#6350);
#6349 = CARTESIAN_POINT('',(5.846153736115,1.,2.706012010574));
#6350 = VECTOR('',#6351,1.);
#6351 = DIRECTION('',(0.682157765415,-0.700107528519,0.210974480907));
#6352 = PLANE('',#6353);
#6353 = AXIS2_PLACEMENT_3D('',#6354,#6355,#6356);
#6354 = CARTESIAN_POINT('',(5.967948712341,0.963536372204,2.743680228714
    ));
#6355 = DIRECTION('',(-0.295467505744,-5.635595431317E-07,0.955352789837
    ));
#6356 = DIRECTION('',(0.955352789837,-2.341357886625E-24,0.295467505744)
  );
#6357 = ADVANCED_FACE('',(#6358),#6368,.T.);
#6358 = FACE_BOUND('',#6359,.T.);
#6359 = EDGE_LOOP('',(#6360,#6361,#6367));
#6360 = ORIENTED_EDGE('',*,*,#6347,.F.);
#6361 = ORIENTED_EDGE('',*,*,#6362,.F.);
#6362 = EDGE_CURVE('',#6255,#6340,#6363,.T.);
#6363 = LINE('',#6364,#6365);
#6364 = CARTESIAN_POINT('',(5.846153736115,0.75,2.706012010574));
#6365 = VECTOR('',#6366,1.);
#6366 = DIRECTION('',(0.,1.,0.));
#6367 = ORIENTED_EDGE('',*,*,#6292,.F.);
#6368 = PLANE('',#6369);
#6369 = AXIS2_PLACEMENT_3D('',#6370,#6371,#6372);
#6370 = CARTESIAN_POINT('',(5.881973581453,0.875,2.717090200488));
#6371 = DIRECTION('',(-0.295466977849,0.,0.955352953102));
#6372 = DIRECTION('',(0.955352953102,0.,0.295466977849));
#6373 = ADVANCED_FACE('',(#6374),#6419,.T.);
#6374 = FACE_BOUND('',#6375,.T.);
#6375 = EDGE_LOOP('',(#6376,#6377,#6378,#6379,#6380,#6381,#6389,#6397,
    #6405,#6413));
#6376 = ORIENTED_EDGE('',*,*,#579,.T.);
#6377 = ORIENTED_EDGE('',*,*,#6107,.T.);
#6378 = ORIENTED_EDGE('',*,*,#6192,.T.);
#6379 = ORIENTED_EDGE('',*,*,#6277,.T.);
#6380 = ORIENTED_EDGE('',*,*,#6362,.T.);
#6381 = ORIENTED_EDGE('',*,*,#6382,.T.);
#6382 = EDGE_CURVE('',#6340,#6383,#6385,.T.);
#6383 = VERTEX_POINT('',#6384);
#6384 = CARTESIAN_POINT('',(5.602564334869,1.,2.57718205452));
#6385 = LINE('',#6386,#6387);
#6386 = CARTESIAN_POINT('',(5.846153736115,1.,2.706012010574));
#6387 = VECTOR('',#6388,1.);
#6388 = DIRECTION('',(-0.8839816304,0.,-0.467521632778));
#6389 = ORIENTED_EDGE('',*,*,#6390,.F.);
#6390 = EDGE_CURVE('',#6391,#6383,#6393,.T.);
#6391 = VERTEX_POINT('',#6392);
#6392 = CARTESIAN_POINT('',(5.602564334869,0.75,2.57718205452));
#6393 = LINE('',#6394,#6395);
#6394 = CARTESIAN_POINT('',(5.602564334869,0.75,2.57718205452));
#6395 = VECTOR('',#6396,1.);
#6396 = DIRECTION('',(0.,1.,0.));
#6397 = ORIENTED_EDGE('',*,*,#6398,.F.);
#6398 = EDGE_CURVE('',#6399,#6391,#6401,.T.);
#6399 = VERTEX_POINT('',#6400);
#6400 = CARTESIAN_POINT('',(5.602564334869,0.5,2.57718205452));
#6401 = LINE('',#6402,#6403);
#6402 = CARTESIAN_POINT('',(5.602564334869,0.5,2.57718205452));
#6403 = VECTOR('',#6404,1.);
#6404 = DIRECTION('',(0.,1.,0.));
#6405 = ORIENTED_EDGE('',*,*,#6406,.F.);
#6406 = EDGE_CURVE('',#6407,#6399,#6409,.T.);
#6407 = VERTEX_POINT('',#6408);
#6408 = CARTESIAN_POINT('',(5.602564334869,0.25,2.57718205452));
#6409 = LINE('',#6410,#6411);
#6410 = CARTESIAN_POINT('',(5.602564334869,0.25,2.57718205452));
#6411 = VECTOR('',#6412,1.);
#6412 = DIRECTION('',(0.,1.,0.));
#6413 = ORIENTED_EDGE('',*,*,#6414,.F.);
#6414 = EDGE_CURVE('',#580,#6407,#6415,.T.);
#6415 = LINE('',#6416,#6417);
#6416 = CARTESIAN_POINT('',(5.602564334869,0.,2.57718205452));
#6417 = VECTOR('',#6418,1.);
#6418 = DIRECTION('',(0.,1.,0.));
#6419 = PLANE('',#6420);
#6420 = AXIS2_PLACEMENT_3D('',#6421,#6422,#6423);
#6421 = CARTESIAN_POINT('',(5.724359035492,0.5,2.641597032547));
#6422 = DIRECTION('',(-0.467521632778,0.,0.8839816304));
#6423 = DIRECTION('',(0.8839816304,0.,0.467521632778));
#6424 = ADVANCED_FACE('',(#6425),#6442,.T.);
#6425 = FACE_BOUND('',#6426,.T.);
#6426 = EDGE_LOOP('',(#6427,#6435,#6436));
#6427 = ORIENTED_EDGE('',*,*,#6428,.T.);
#6428 = EDGE_CURVE('',#6429,#660,#6431,.T.);
#6429 = VERTEX_POINT('',#6430);
#6430 = CARTESIAN_POINT('',(3.288461446762,0.125,0.818093955517));
#6431 = LINE('',#6432,#6433);
#6432 = CARTESIAN_POINT('',(3.288461446762,0.125,0.818093955517));
#6433 = VECTOR('',#6434,1.);
#6434 = DIRECTION('',(-0.694270804767,-0.71254209052,-0.10134998217));
#6435 = ORIENTED_EDGE('',*,*,#659,.T.);
#6436 = ORIENTED_EDGE('',*,*,#6437,.T.);
#6437 = EDGE_CURVE('',#652,#6429,#6438,.T.);
#6438 = LINE('',#6439,#6440);
#6439 = CARTESIAN_POINT('',(3.410256385803,0.,0.835873544216));
#6440 = VECTOR('',#6441,1.);
#6441 = DIRECTION('',(-0.694271532653,0.712541442731,-0.101349550264));
#6442 = PLANE('',#6443);
#6443 = AXIS2_PLACEMENT_3D('',#6444,#6445,#6446);
#6444 = CARTESIAN_POINT('',(3.288461547211,3.672949533832E-02,
    0.818093936846));
#6445 = DIRECTION('',(-0.14444908296,-3.736754814289E-07,0.989512234604)
  );
#6446 = DIRECTION('',(0.989512234605,-1.096667781772E-24,0.14444908296)
  );
#6447 = ADVANCED_FACE('',(#6448),#6465,.T.);
#6448 = FACE_BOUND('',#6449,.T.);
#6449 = EDGE_LOOP('',(#6450,#6451,#6459));
#6450 = ORIENTED_EDGE('',*,*,#6437,.F.);
#6451 = ORIENTED_EDGE('',*,*,#6452,.T.);
#6452 = EDGE_CURVE('',#652,#6453,#6455,.T.);
#6453 = VERTEX_POINT('',#6454);
#6454 = CARTESIAN_POINT('',(3.410256385803,0.25,0.835873544216));
#6455 = LINE('',#6456,#6457);
#6456 = CARTESIAN_POINT('',(3.410256385803,0.,0.835873544216));
#6457 = VECTOR('',#6458,1.);
#6458 = DIRECTION('',(0.,1.,0.));
#6459 = ORIENTED_EDGE('',*,*,#6460,.T.);
#6460 = EDGE_CURVE('',#6453,#6429,#6461,.T.);
#6461 = LINE('',#6462,#6463);
#6462 = CARTESIAN_POINT('',(3.410256385803,0.25,0.835873544216));
#6463 = VECTOR('',#6464,1.);
#6464 = DIRECTION('',(-0.694271532653,-0.712541442731,-0.101349550264));
#6465 = PLANE('',#6466);
#6466 = AXIS2_PLACEMENT_3D('',#6467,#6468,#6469);
#6467 = CARTESIAN_POINT('',(3.374696680209,0.125,0.830682549051));
#6468 = DIRECTION('',(-0.144448707453,0.,0.989512289421));
#6469 = DIRECTION('',(0.989512289421,0.,0.144448707453));
#6470 = ADVANCED_FACE('',(#6471),#6488,.T.);
#6471 = FACE_BOUND('',#6472,.T.);
#6472 = EDGE_LOOP('',(#6473,#6481,#6482));
#6473 = ORIENTED_EDGE('',*,*,#6474,.T.);
#6474 = EDGE_CURVE('',#6475,#652,#6477,.T.);
#6475 = VERTEX_POINT('',#6476);
#6476 = CARTESIAN_POINT('',(3.532051324844,0.125,0.882115662098));
#6477 = LINE('',#6478,#6479);
#6478 = CARTESIAN_POINT('',(3.532051324844,0.125,0.882115662098));
#6479 = VECTOR('',#6480,1.);
#6480 = DIRECTION('',(-0.674587294071,-0.692339209024,-0.256121850543));
#6481 = ORIENTED_EDGE('',*,*,#651,.T.);
#6482 = ORIENTED_EDGE('',*,*,#6483,.T.);
#6483 = EDGE_CURVE('',#644,#6475,#6484,.T.);
#6484 = LINE('',#6485,#6486);
#6485 = CARTESIAN_POINT('',(3.653846263885,0.,0.928357839584));
#6486 = VECTOR('',#6487,1.);
#6487 = DIRECTION('',(-0.674587237032,0.692339150484,-0.25612215902));
#6488 = PLANE('',#6489);
#6489 = AXIS2_PLACEMENT_3D('',#6490,#6491,#6492);
#6490 = CARTESIAN_POINT('',(3.53205132634,3.630402459316E-02,
    0.882115683812));
#6491 = DIRECTION('',(-0.354949927079,2.228940280359E-07,0.93488531343)
  );
#6492 = DIRECTION('',(0.93488531343,-5.76916475008E-24,0.354949927079));
#6493 = ADVANCED_FACE('',(#6494),#6511,.T.);
#6494 = FACE_BOUND('',#6495,.T.);
#6495 = EDGE_LOOP('',(#6496,#6497,#6505));
#6496 = ORIENTED_EDGE('',*,*,#6483,.F.);
#6497 = ORIENTED_EDGE('',*,*,#6498,.T.);
#6498 = EDGE_CURVE('',#644,#6499,#6501,.T.);
#6499 = VERTEX_POINT('',#6500);
#6500 = CARTESIAN_POINT('',(3.653846263885,0.25,0.928357839584));
#6501 = LINE('',#6502,#6503);
#6502 = CARTESIAN_POINT('',(3.653846263885,0.,0.928357839584));
#6503 = VECTOR('',#6504,1.);
#6504 = DIRECTION('',(0.,1.,0.));
#6505 = ORIENTED_EDGE('',*,*,#6506,.T.);
#6506 = EDGE_CURVE('',#6499,#6475,#6507,.T.);
#6507 = LINE('',#6508,#6509);
#6508 = CARTESIAN_POINT('',(3.653846263885,0.25,0.928357839584));
#6509 = VECTOR('',#6510,1.);
#6510 = DIRECTION('',(-0.674587237032,-0.692339150484,-0.25612215902));
#6511 = PLANE('',#6512);
#6512 = AXIS2_PLACEMENT_3D('',#6513,#6514,#6515);
#6513 = CARTESIAN_POINT('',(3.61786206444,0.125,0.91469563202));
#6514 = DIRECTION('',(-0.354950127018,0.,0.934885237519));
#6515 = DIRECTION('',(0.934885237519,0.,0.354950127018));
#6516 = ADVANCED_FACE('',(#6517),#6534,.T.);
#6517 = FACE_BOUND('',#6518,.T.);
#6518 = EDGE_LOOP('',(#6519,#6527,#6528));
#6519 = ORIENTED_EDGE('',*,*,#6520,.T.);
#6520 = EDGE_CURVE('',#6521,#644,#6523,.T.);
#6521 = VERTEX_POINT('',#6522);
#6522 = CARTESIAN_POINT('',(3.775640964508,0.125,1.00033223629));
#6523 = LINE('',#6524,#6525);
#6524 = CARTESIAN_POINT('',(3.775640964508,0.125,1.00033223629));
#6525 = VECTOR('',#6526,1.);
#6526 = DIRECTION('',(-0.645154952874,-0.662133645364,-0.381253357309));
#6527 = ORIENTED_EDGE('',*,*,#643,.T.);
#6528 = ORIENTED_EDGE('',*,*,#6529,.T.);
#6529 = EDGE_CURVE('',#636,#6521,#6530,.T.);
#6530 = LINE('',#6531,#6532);
#6531 = CARTESIAN_POINT('',(3.897435903549,0.,1.072306632996));
#6532 = VECTOR('',#6533,1.);
#6533 = DIRECTION('',(-0.645155690134,0.662133105872,-0.381253046672));
#6534 = PLANE('',#6535);
#6535 = AXIS2_PLACEMENT_3D('',#6536,#6537,#6538);
#6536 = CARTESIAN_POINT('',(3.775641063827,3.572682050792E-02,
    1.000332244671));
#6537 = DIRECTION('',(-0.508754095478,-4.8518571421E-07,0.860911883025)
  );
#6538 = DIRECTION('',(0.860911883025,-6.539945476827E-24,0.508754095478)
  );
#6539 = ADVANCED_FACE('',(#6540),#6557,.T.);
#6540 = FACE_BOUND('',#6541,.T.);
#6541 = EDGE_LOOP('',(#6542,#6543,#6551));
#6542 = ORIENTED_EDGE('',*,*,#6529,.F.);
#6543 = ORIENTED_EDGE('',*,*,#6544,.T.);
#6544 = EDGE_CURVE('',#636,#6545,#6547,.T.);
#6545 = VERTEX_POINT('',#6546);
#6546 = CARTESIAN_POINT('',(3.897435903549,0.25,1.072306632996));
#6547 = LINE('',#6548,#6549);
#6548 = CARTESIAN_POINT('',(3.897435903549,0.,1.072306632996));
#6549 = VECTOR('',#6550,1.);
#6550 = DIRECTION('',(0.,1.,0.));
#6551 = ORIENTED_EDGE('',*,*,#6552,.T.);
#6552 = EDGE_CURVE('',#6545,#6521,#6553,.T.);
#6553 = LINE('',#6554,#6555);
#6554 = CARTESIAN_POINT('',(3.897435903549,0.25,1.072306632996));
#6555 = VECTOR('',#6556,1.);
#6556 = DIRECTION('',(-0.645155690134,-0.662133105872,-0.381253046672));
#6557 = PLANE('',#6558);
#6558 = AXIS2_PLACEMENT_3D('',#6559,#6560,#6561);
#6559 = CARTESIAN_POINT('',(3.860797761089,0.125,1.050655419729));
#6560 = DIRECTION('',(-0.50875372641,0.,0.860912101125));
#6561 = DIRECTION('',(0.860912101125,0.,0.50875372641));
#6562 = ADVANCED_FACE('',(#6563),#6580,.T.);
#6563 = FACE_BOUND('',#6564,.T.);
#6564 = EDGE_LOOP('',(#6565,#6573,#6574));
#6565 = ORIENTED_EDGE('',*,*,#6566,.T.);
#6566 = EDGE_CURVE('',#6567,#636,#6569,.T.);
#6567 = VERTEX_POINT('',#6568);
#6568 = CARTESIAN_POINT('',(4.01923084259,0.125,1.165763616562));
#6569 = LINE('',#6570,#6571);
#6570 = CARTESIAN_POINT('',(4.01923084259,0.125,1.165763616562));
#6571 = VECTOR('',#6572,1.);
#6572 = DIRECTION('',(-0.615210582996,-0.631399986567,-0.472069905346));
#6573 = ORIENTED_EDGE('',*,*,#635,.T.);
#6574 = ORIENTED_EDGE('',*,*,#6575,.T.);
#6575 = EDGE_CURVE('',#628,#6567,#6576,.T.);
#6576 = LINE('',#6577,#6578);
#6577 = CARTESIAN_POINT('',(4.141025543213,0.,1.259220600128));
#6578 = VECTOR('',#6579,1.);
#6579 = DIRECTION('',(-0.615209834503,0.63140045437,-0.472070255102));
#6580 = PLANE('',#6581);
#6581 = AXIS2_PLACEMENT_3D('',#6582,#6583,#6584);
#6582 = CARTESIAN_POINT('',(4.019230744246,3.520220168564E-02,
    1.165763606812));
#6583 = DIRECTION('',(-0.608763607322,5.80562217051E-07,0.793351668807)
  );
#6584 = DIRECTION('',(0.793351668808,2.620909568685E-24,0.608763607322)
  );
#6585 = ADVANCED_FACE('',(#6586),#6603,.T.);
#6586 = FACE_BOUND('',#6587,.T.);
#6587 = EDGE_LOOP('',(#6588,#6589,#6597));
#6588 = ORIENTED_EDGE('',*,*,#6575,.F.);
#6589 = ORIENTED_EDGE('',*,*,#6590,.T.);
#6590 = EDGE_CURVE('',#628,#6591,#6593,.T.);
#6591 = VERTEX_POINT('',#6592);
#6592 = CARTESIAN_POINT('',(4.141025543213,0.25,1.259220600128));
#6593 = LINE('',#6594,#6595);
#6594 = CARTESIAN_POINT('',(4.141025543213,0.,1.259220600128));
#6595 = VECTOR('',#6596,1.);
#6596 = DIRECTION('',(0.,1.,0.));
#6597 = ORIENTED_EDGE('',*,*,#6598,.T.);
#6598 = EDGE_CURVE('',#6591,#6567,#6599,.T.);
#6599 = LINE('',#6600,#6601);
#6600 = CARTESIAN_POINT('',(4.141025543213,0.25,1.259220600128));
#6601 = VECTOR('',#6602,1.);
#6602 = DIRECTION('',(-0.615209834503,-0.63140045437,-0.472070255102));
#6603 = PLANE('',#6604);
#6604 = AXIS2_PLACEMENT_3D('',#6605,#6606,#6607);
#6605 = CARTESIAN_POINT('',(4.103697277091,0.125,1.230577423244));
#6606 = DIRECTION('',(-0.608763982349,0.,0.793351381038));
#6607 = DIRECTION('',(0.793351381038,0.,0.608763982349));
#6608 = ADVANCED_FACE('',(#6609),#6626,.T.);
#6609 = FACE_BOUND('',#6610,.T.);
#6610 = EDGE_LOOP('',(#6611,#6619,#6620));
#6611 = ORIENTED_EDGE('',*,*,#6612,.T.);
#6612 = EDGE_CURVE('',#6613,#628,#6615,.T.);
#6613 = VERTEX_POINT('',#6614);
#6614 = CARTESIAN_POINT('',(4.262820720673,0.125,1.36864233017));
#6615 = LINE('',#6616,#6617);
#6616 = CARTESIAN_POINT('',(4.262820720673,0.125,1.36864233017));
#6617 = VECTOR('',#6618,1.);
#6618 = DIRECTION('',(-0.591265336571,-0.606823427765,-0.531197354366));
#6619 = ORIENTED_EDGE('',*,*,#627,.T.);
#6620 = ORIENTED_EDGE('',*,*,#6621,.T.);
#6621 = EDGE_CURVE('',#620,#6613,#6622,.T.);
#6622 = LINE('',#6623,#6624);
#6623 = CARTESIAN_POINT('',(4.384615421295,0.,1.478064060211));
#6624 = VECTOR('',#6625,1.);
#6625 = DIRECTION('',(-0.591263830978,0.606824258318,-0.53119808141));
#6626 = PLANE('',#6627);
#6627 = AXIS2_PLACEMENT_3D('',#6628,#6629,#6630);
#6628 = CARTESIAN_POINT('',(4.262820525453,3.482211623074E-02,
    1.368642309309));
#6629 = DIRECTION('',(-0.668310801071,1.274701692704E-06,0.743882163498)
  );
#6630 = DIRECTION('',(0.743882163499,-1.747756442903E-23,0.668310801071)
  );
#6631 = ADVANCED_FACE('',(#6632),#6649,.T.);
#6632 = FACE_BOUND('',#6633,.T.);
#6633 = EDGE_LOOP('',(#6634,#6635,#6643));
#6634 = ORIENTED_EDGE('',*,*,#6621,.F.);
#6635 = ORIENTED_EDGE('',*,*,#6636,.T.);
#6636 = EDGE_CURVE('',#620,#6637,#6639,.T.);
#6637 = VERTEX_POINT('',#6638);
#6638 = CARTESIAN_POINT('',(4.384615421295,0.25,1.478064060211));
#6639 = LINE('',#6640,#6641);
#6640 = CARTESIAN_POINT('',(4.384615421295,0.,1.478064060211));
#6641 = VECTOR('',#6642,1.);
#6642 = DIRECTION('',(0.,1.,0.));
#6643 = ORIENTED_EDGE('',*,*,#6644,.T.);
#6644 = EDGE_CURVE('',#6637,#6613,#6645,.T.);
#6645 = LINE('',#6646,#6647);
#6646 = CARTESIAN_POINT('',(4.384615421295,0.25,1.478064060211));
#6647 = VECTOR('',#6648,1.);
#6648 = DIRECTION('',(-0.591263830978,-0.606824258318,-0.53119808141));
#6649 = PLANE('',#6650);
#6650 = AXIS2_PLACEMENT_3D('',#6651,#6652,#6653);
#6651 = CARTESIAN_POINT('',(4.346716223548,0.125,1.444014994336));
#6652 = DIRECTION('',(-0.668311525004,0.,0.74388151311));
#6653 = DIRECTION('',(0.74388151311,0.,0.668311525004));
#6654 = ADVANCED_FACE('',(#6655),#6672,.T.);
#6655 = FACE_BOUND('',#6656,.T.);
#6656 = EDGE_LOOP('',(#6657,#6665,#6666));
#6657 = ORIENTED_EDGE('',*,*,#6658,.T.);
#6658 = EDGE_CURVE('',#6659,#620,#6661,.T.);
#6659 = VERTEX_POINT('',#6660);
#6660 = CARTESIAN_POINT('',(4.506410121918,0.125,1.596989750862));
#6661 = LINE('',#6662,#6663);
#6662 = CARTESIAN_POINT('',(4.506410121918,0.125,1.596989750862));
#6663 = VECTOR('',#6664,1.);
#6664 = DIRECTION('',(-0.576699952887,-0.59187709927,-0.563115142489));
#6665 = ORIENTED_EDGE('',*,*,#619,.T.);
#6666 = ORIENTED_EDGE('',*,*,#6667,.T.);
#6667 = EDGE_CURVE('',#612,#6659,#6668,.T.);
#6668 = LINE('',#6669,#6670);
#6669 = CARTESIAN_POINT('',(4.628205299377,0.,1.715915560722));
#6670 = VECTOR('',#6671,1.);
#6671 = DIRECTION('',(-0.576701276493,0.591876140461,-0.56311479473));
#6672 = PLANE('',#6673);
#6673 = AXIS2_PLACEMENT_3D('',#6674,#6675,#6676);
#6674 = CARTESIAN_POINT('',(4.506410321641,3.460631841475E-02,
    1.596989820633));
#6675 = DIRECTION('',(-0.698629037126,-9.913597434256E-07,0.715484079825
    ));
#6676 = DIRECTION('',(0.715484079826,-5.319953144146E-23,0.698629037126)
  );
#6677 = ADVANCED_FACE('',(#6678),#6695,.T.);
#6678 = FACE_BOUND('',#6679,.T.);
#6679 = EDGE_LOOP('',(#6680,#6681,#6689));
#6680 = ORIENTED_EDGE('',*,*,#6667,.F.);
#6681 = ORIENTED_EDGE('',*,*,#6682,.T.);
#6682 = EDGE_CURVE('',#612,#6683,#6685,.T.);
#6683 = VERTEX_POINT('',#6684);
#6684 = CARTESIAN_POINT('',(4.628205299377,0.25,1.715915560722));
#6685 = LINE('',#6686,#6687);
#6686 = CARTESIAN_POINT('',(4.628205299377,0.,1.715915560722));
#6687 = VECTOR('',#6688,1.);
#6688 = DIRECTION('',(0.,1.,0.));
#6689 = ORIENTED_EDGE('',*,*,#6690,.T.);
#6690 = EDGE_CURVE('',#6683,#6659,#6691,.T.);
#6691 = LINE('',#6692,#6693);
#6692 = CARTESIAN_POINT('',(4.628205299377,0.25,1.715915560722));
#6693 = VECTOR('',#6694,1.);
#6694 = DIRECTION('',(-0.576701276493,-0.591876140461,-0.56311479473));
#6695 = PLANE('',#6696);
#6696 = AXIS2_PLACEMENT_3D('',#6697,#6698,#6699);
#6697 = CARTESIAN_POINT('',(4.589950068847,0.125,1.678561583601));
#6698 = DIRECTION('',(-0.698628516278,0.,0.715484588404));
#6699 = DIRECTION('',(0.715484588404,0.,0.698628516278));
#6700 = ADVANCED_FACE('',(#6701),#6718,.T.);
#6701 = FACE_BOUND('',#6702,.T.);
#6702 = EDGE_LOOP('',(#6703,#6711,#6712));
#6703 = ORIENTED_EDGE('',*,*,#6704,.T.);
#6704 = EDGE_CURVE('',#6705,#612,#6707,.T.);
#6705 = VERTEX_POINT('',#6706);
#6706 = CARTESIAN_POINT('',(4.75,0.125,1.83732354641));
#6707 = LINE('',#6708,#6709);
#6708 = CARTESIAN_POINT('',(4.75,0.125,1.83732354641));
#6709 = VECTOR('',#6710,1.);
#6710 = DIRECTION('',(-0.572881382593,-0.587958034775,-0.571062405366));
#6711 = ORIENTED_EDGE('',*,*,#611,.T.);
#6712 = ORIENTED_EDGE('',*,*,#6713,.T.);
#6713 = EDGE_CURVE('',#604,#6705,#6714,.T.);
#6714 = LINE('',#6715,#6716);
#6715 = CARTESIAN_POINT('',(4.871794700623,0.,1.958731651306));
#6716 = VECTOR('',#6717,1.);
#6717 = DIRECTION('',(-0.572881199152,0.587957846507,-0.571062783228));
#6718 = PLANE('',#6719);
#6719 = AXIS2_PLACEMENT_3D('',#6720,#6721,#6722);
#6720 = CARTESIAN_POINT('',(4.75000000539,3.455154716189E-02,
    1.837323594912));
#6721 = DIRECTION('',(-0.705981696859,3.377104178597E-07,0.708230078223)
  );
#6722 = DIRECTION('',(0.708230078223,3.312359247801E-25,0.705981696859)
  );
#6723 = ADVANCED_FACE('',(#6724),#6741,.T.);
#6724 = FACE_BOUND('',#6725,.T.);
#6725 = EDGE_LOOP('',(#6726,#6727,#6735));
#6726 = ORIENTED_EDGE('',*,*,#6713,.F.);
#6727 = ORIENTED_EDGE('',*,*,#6728,.T.);
#6728 = EDGE_CURVE('',#604,#6729,#6731,.T.);
#6729 = VERTEX_POINT('',#6730);
#6730 = CARTESIAN_POINT('',(4.871794700623,0.25,1.958731651306));
#6731 = LINE('',#6732,#6733);
#6732 = CARTESIAN_POINT('',(4.871794700623,0.,1.958731651306));
#6733 = VECTOR('',#6734,1.);
#6734 = DIRECTION('',(0.,1.,0.));
#6735 = ORIENTED_EDGE('',*,*,#6736,.T.);
#6736 = EDGE_CURVE('',#6729,#6705,#6737,.T.);
#6737 = LINE('',#6738,#6739);
#6738 = CARTESIAN_POINT('',(4.871794700623,0.25,1.958731651306));
#6739 = VECTOR('',#6740,1.);
#6740 = DIRECTION('',(-0.572881199152,-0.587957846507,-0.571062783228));
#6741 = PLANE('',#6742);
#6742 = AXIS2_PLACEMENT_3D('',#6743,#6744,#6745);
#6743 = CARTESIAN_POINT('',(4.83344522526,0.125,1.92050390327));
#6744 = DIRECTION('',(-0.705981870709,0.,0.708229904925));
#6745 = DIRECTION('',(0.708229904925,0.,0.705981870709));
#6746 = ADVANCED_FACE('',(#6747),#6764,.T.);
#6747 = FACE_BOUND('',#6748,.T.);
#6748 = EDGE_LOOP('',(#6749,#6757,#6758));
#6749 = ORIENTED_EDGE('',*,*,#6750,.T.);
#6750 = EDGE_CURVE('',#6751,#604,#6753,.T.);
#6751 = VERTEX_POINT('',#6752);
#6752 = CARTESIAN_POINT('',(4.993589878082,0.125,2.07545375824));
#6753 = LINE('',#6754,#6755);
#6754 = CARTESIAN_POINT('',(4.993589878082,0.125,2.07545375824));
#6755 = VECTOR('',#6756,1.);
#6756 = DIRECTION('',(-0.580088094881,-0.595352076925,-0.555925990288));
#6757 = ORIENTED_EDGE('',*,*,#603,.T.);
#6758 = ORIENTED_EDGE('',*,*,#6759,.T.);
#6759 = EDGE_CURVE('',#596,#6751,#6760,.T.);
#6760 = LINE('',#6761,#6762);
#6761 = CARTESIAN_POINT('',(5.115384578705,0.,2.192175865173));
#6762 = VECTOR('',#6763,1.);
#6763 = DIRECTION('',(-0.580086588016,0.595352861261,-0.555926722682));
#6764 = PLANE('',#6765);
#6765 = AXIS2_PLACEMENT_3D('',#6766,#6767,#6768);
#6766 = CARTESIAN_POINT('',(4.993589683521,3.46555171652E-02,
    2.075453736923));
#6767 = DIRECTION('',(-0.691911410387,1.319716282588E-06,0.721982409878)
  );
#6768 = DIRECTION('',(0.721982409879,2.813024044589E-23,0.691911410388)
  );
#6769 = ADVANCED_FACE('',(#6770),#6787,.T.);
#6770 = FACE_BOUND('',#6771,.T.);
#6771 = EDGE_LOOP('',(#6772,#6773,#6781));
#6772 = ORIENTED_EDGE('',*,*,#6759,.F.);
#6773 = ORIENTED_EDGE('',*,*,#6774,.T.);
#6774 = EDGE_CURVE('',#596,#6775,#6777,.T.);
#6775 = VERTEX_POINT('',#6776);
#6776 = CARTESIAN_POINT('',(5.115384578705,0.25,2.192175865173));
#6777 = LINE('',#6778,#6779);
#6778 = CARTESIAN_POINT('',(5.115384578705,0.,2.192175865173));
#6779 = VECTOR('',#6780,1.);
#6780 = DIRECTION('',(0.,1.,0.));
#6781 = ORIENTED_EDGE('',*,*,#6782,.T.);
#6782 = EDGE_CURVE('',#6775,#6751,#6783,.T.);
#6783 = LINE('',#6784,#6785);
#6784 = CARTESIAN_POINT('',(5.115384578705,0.25,2.192175865173));
#6785 = VECTOR('',#6786,1.);
#6786 = DIRECTION('',(-0.580086588016,-0.595352861261,-0.555926722682));
#6787 = PLANE('',#6788);
#6788 = AXIS2_PLACEMENT_3D('',#6789,#6790,#6791);
#6789 = CARTESIAN_POINT('',(5.077212866484,0.125,2.155593956002));
#6790 = DIRECTION('',(-0.691912116405,0.,0.721981733268));
#6791 = DIRECTION('',(0.721981733268,0.,0.691912116405));
#6792 = ADVANCED_FACE('',(#6793),#6810,.T.);
#6793 = FACE_BOUND('',#6794,.T.);
#6794 = EDGE_LOOP('',(#6795,#6803,#6804));
#6795 = ORIENTED_EDGE('',*,*,#6796,.T.);
#6796 = EDGE_CURVE('',#6797,#596,#6799,.T.);
#6797 = VERTEX_POINT('',#6798);
#6798 = CARTESIAN_POINT('',(5.237179279327,0.125,2.297320127487));
#6799 = LINE('',#6800,#6801);
#6800 = CARTESIAN_POINT('',(5.237179279327,0.125,2.297320127487));
#6801 = VECTOR('',#6802,1.);
#6802 = DIRECTION('',(-0.597763943944,-0.613495436263,-0.516044200631));
#6803 = ORIENTED_EDGE('',*,*,#595,.T.);
#6804 = ORIENTED_EDGE('',*,*,#6805,.T.);
#6805 = EDGE_CURVE('',#588,#6797,#6806,.T.);
#6806 = LINE('',#6807,#6808);
#6807 = CARTESIAN_POINT('',(5.358974456787,0.,2.40246462822));
#6808 = VECTOR('',#6809,1.);
#6809 = DIRECTION('',(-0.597765087041,0.613494207559,-0.516044337248));
#6810 = PLANE('',#6811);
#6811 = AXIS2_PLACEMENT_3D('',#6812,#6813,#6814);
#6812 = CARTESIAN_POINT('',(5.237179485212,3.492207851805E-02,
    2.297320242808));
#6813 = DIRECTION('',(-0.653469787072,-5.245084524275E-07,0.756952599166
    ));
#6814 = DIRECTION('',(0.756952599166,2.995172191912E-23,0.653469787072)
  );
#6815 = ADVANCED_FACE('',(#6816),#6833,.T.);
#6816 = FACE_BOUND('',#6817,.T.);
#6817 = EDGE_LOOP('',(#6818,#6819,#6827));
#6818 = ORIENTED_EDGE('',*,*,#6805,.F.);
#6819 = ORIENTED_EDGE('',*,*,#6820,.T.);
#6820 = EDGE_CURVE('',#588,#6821,#6823,.T.);
#6821 = VERTEX_POINT('',#6822);
#6822 = CARTESIAN_POINT('',(5.358974456787,0.25,2.40246462822));
#6823 = LINE('',#6824,#6825);
#6824 = CARTESIAN_POINT('',(5.358974456787,0.,2.40246462822));
#6825 = VECTOR('',#6826,1.);
#6826 = DIRECTION('',(0.,1.,0.));
#6827 = ORIENTED_EDGE('',*,*,#6828,.T.);
#6828 = EDGE_CURVE('',#6821,#6797,#6829,.T.);
#6829 = LINE('',#6830,#6831);
#6830 = CARTESIAN_POINT('',(5.358974456787,0.25,2.40246462822));
#6831 = VECTOR('',#6832,1.);
#6832 = DIRECTION('',(-0.597765087041,-0.613494207559,-0.516044337248));
#6833 = PLANE('',#6834);
#6834 = AXIS2_PLACEMENT_3D('',#6835,#6836,#6837);
#6835 = CARTESIAN_POINT('',(5.321231781019,0.125,2.369881771634));
#6836 = DIRECTION('',(-0.653469478632,0.,0.756952865439));
#6837 = DIRECTION('',(0.756952865439,0.,0.653469478632));
#6838 = ADVANCED_FACE('',(#6839),#6856,.T.);
#6839 = FACE_BOUND('',#6840,.T.);
#6840 = EDGE_LOOP('',(#6841,#6849,#6850));
#6841 = ORIENTED_EDGE('',*,*,#6842,.T.);
#6842 = EDGE_CURVE('',#6843,#588,#6845,.T.);
#6843 = VERTEX_POINT('',#6844);
#6844 = CARTESIAN_POINT('',(5.48076915741,0.125,2.48982334137));
#6845 = LINE('',#6846,#6847);
#6846 = CARTESIAN_POINT('',(5.48076915741,0.125,2.48982334137));
#6847 = VECTOR('',#6848,1.);
#6848 = DIRECTION('',(-0.624051010066,-0.640474305199,-0.447608088863));
#6849 = ORIENTED_EDGE('',*,*,#587,.T.);
#6850 = ORIENTED_EDGE('',*,*,#6851,.T.);
#6851 = EDGE_CURVE('',#580,#6843,#6852,.T.);
#6852 = LINE('',#6853,#6854);
#6853 = CARTESIAN_POINT('',(5.602564334869,0.,2.57718205452));
#6854 = VECTOR('',#6855,1.);
#6855 = DIRECTION('',(-0.624052501793,0.640473328674,-0.447607406399));
#6856 = PLANE('',#6857);
#6857 = AXIS2_PLACEMENT_3D('',#6858,#6859,#6860);
#6858 = CARTESIAN_POINT('',(5.48076935466,3.535107850951E-02,
    2.489823360204));
#6859 = DIRECTION('',(-0.582837761474,-1.111674807486E-06,0.812588545205
    ));
#6860 = DIRECTION('',(0.812588545206,-7.943987805763E-25,0.582837761474)
  );
#6861 = ADVANCED_FACE('',(#6862),#6872,.T.);
#6862 = FACE_BOUND('',#6863,.T.);
#6863 = EDGE_LOOP('',(#6864,#6865,#6866));
#6864 = ORIENTED_EDGE('',*,*,#6851,.F.);
#6865 = ORIENTED_EDGE('',*,*,#6414,.T.);
#6866 = ORIENTED_EDGE('',*,*,#6867,.T.);
#6867 = EDGE_CURVE('',#6407,#6843,#6868,.T.);
#6868 = LINE('',#6869,#6870);
#6869 = CARTESIAN_POINT('',(5.602564334869,0.25,2.57718205452));
#6870 = VECTOR('',#6871,1.);
#6871 = DIRECTION('',(-0.624052501793,-0.640473328674,-0.447607406399));
#6872 = PLANE('',#6873);
#6873 = AXIS2_PLACEMENT_3D('',#6874,#6875,#6876);
#6874 = CARTESIAN_POINT('',(5.565442372771,0.125,2.550555985195));
#6875 = DIRECTION('',(-0.58283700812,0.,0.812589085557));
#6876 = DIRECTION('',(0.812589085557,0.,0.58283700812));
#6877 = ADVANCED_FACE('',(#6878),#6893,.T.);
#6878 = FACE_BOUND('',#6879,.T.);
#6879 = EDGE_LOOP('',(#6880,#6881,#6887));
#6880 = ORIENTED_EDGE('',*,*,#6867,.F.);
#6881 = ORIENTED_EDGE('',*,*,#6882,.T.);
#6882 = EDGE_CURVE('',#6407,#6821,#6883,.T.);
#6883 = LINE('',#6884,#6885);
#6884 = CARTESIAN_POINT('',(5.602564334869,0.25,2.57718205452));
#6885 = VECTOR('',#6886,1.);
#6886 = DIRECTION('',(-0.812588545206,0.,-0.582837761474));
#6887 = ORIENTED_EDGE('',*,*,#6888,.T.);
#6888 = EDGE_CURVE('',#6821,#6843,#6889,.T.);
#6889 = LINE('',#6890,#6891);
#6890 = CARTESIAN_POINT('',(5.358974456787,0.25,2.40246462822));
#6891 = VECTOR('',#6892,1.);
#6892 = DIRECTION('',(0.624051010066,-0.640474305199,0.447608088863));
#6893 = PLANE('',#6894);
#6894 = AXIS2_PLACEMENT_3D('',#6895,#6896,#6897);
#6895 = CARTESIAN_POINT('',(5.48076935466,0.21464892149,2.489823360204)
  );
#6896 = DIRECTION('',(-0.582837761474,1.111674807513E-06,0.812588545205)
  );
#6897 = DIRECTION('',(0.812588545206,4.628169377993E-23,0.582837761474)
  );
#6898 = ADVANCED_FACE('',(#6899),#6904,.T.);
#6899 = FACE_BOUND('',#6900,.T.);
#6900 = EDGE_LOOP('',(#6901,#6902,#6903));
#6901 = ORIENTED_EDGE('',*,*,#6888,.F.);
#6902 = ORIENTED_EDGE('',*,*,#6820,.F.);
#6903 = ORIENTED_EDGE('',*,*,#6842,.F.);
#6904 = PLANE('',#6905);
#6905 = AXIS2_PLACEMENT_3D('',#6906,#6907,#6908);
#6906 = CARTESIAN_POINT('',(5.396096251452,0.125,2.429090681695));
#6907 = DIRECTION('',(-0.58283851483,0.,0.812588004853));
#6908 = DIRECTION('',(0.812588004853,0.,0.58283851483));
#6909 = ADVANCED_FACE('',(#6910),#6925,.T.);
#6910 = FACE_BOUND('',#6911,.T.);
#6911 = EDGE_LOOP('',(#6912,#6913,#6919));
#6912 = ORIENTED_EDGE('',*,*,#6828,.F.);
#6913 = ORIENTED_EDGE('',*,*,#6914,.T.);
#6914 = EDGE_CURVE('',#6821,#6775,#6915,.T.);
#6915 = LINE('',#6916,#6917);
#6916 = CARTESIAN_POINT('',(5.358974456787,0.25,2.40246462822));
#6917 = VECTOR('',#6918,1.);
#6918 = DIRECTION('',(-0.756952599166,0.,-0.653469787072));
#6919 = ORIENTED_EDGE('',*,*,#6920,.T.);
#6920 = EDGE_CURVE('',#6775,#6797,#6921,.T.);
#6921 = LINE('',#6922,#6923);
#6922 = CARTESIAN_POINT('',(5.115384578705,0.25,2.192175865173));
#6923 = VECTOR('',#6924,1.);
#6924 = DIRECTION('',(0.597763943944,-0.613495436263,0.516044200631));
#6925 = PLANE('',#6926);
#6926 = AXIS2_PLACEMENT_3D('',#6927,#6928,#6929);
#6927 = CARTESIAN_POINT('',(5.237179485212,0.215077921482,2.297320242808
    ));
#6928 = DIRECTION('',(-0.653469787072,5.245084524134E-07,0.756952599166)
  );
#6929 = DIRECTION('',(0.756952599166,-4.404606905826E-24,0.653469787072)
  );
#6930 = ADVANCED_FACE('',(#6931),#6936,.T.);
#6931 = FACE_BOUND('',#6932,.T.);
#6932 = EDGE_LOOP('',(#6933,#6934,#6935));
#6933 = ORIENTED_EDGE('',*,*,#6920,.F.);
#6934 = ORIENTED_EDGE('',*,*,#6774,.F.);
#6935 = ORIENTED_EDGE('',*,*,#6796,.F.);
#6936 = PLANE('',#6937);
#6937 = AXIS2_PLACEMENT_3D('',#6938,#6939,#6940);
#6938 = CARTESIAN_POINT('',(5.153127077966,0.125,2.224758623064));
#6939 = DIRECTION('',(-0.653470095512,0.,0.756952332892));
#6940 = DIRECTION('',(0.756952332892,0.,0.653470095512));
#6941 = ADVANCED_FACE('',(#6942),#6957,.T.);
#6942 = FACE_BOUND('',#6943,.T.);
#6943 = EDGE_LOOP('',(#6944,#6945,#6951));
#6944 = ORIENTED_EDGE('',*,*,#6782,.F.);
#6945 = ORIENTED_EDGE('',*,*,#6946,.T.);
#6946 = EDGE_CURVE('',#6775,#6729,#6947,.T.);
#6947 = LINE('',#6948,#6949);
#6948 = CARTESIAN_POINT('',(5.115384578705,0.25,2.192175865173));
#6949 = VECTOR('',#6950,1.);
#6950 = DIRECTION('',(-0.721982409879,0.,-0.691911410388));
#6951 = ORIENTED_EDGE('',*,*,#6952,.T.);
#6952 = EDGE_CURVE('',#6729,#6751,#6953,.T.);
#6953 = LINE('',#6954,#6955);
#6954 = CARTESIAN_POINT('',(4.871794700623,0.25,1.958731651306));
#6955 = VECTOR('',#6956,1.);
#6956 = DIRECTION('',(0.580088094881,-0.595352076925,0.555925990288));
#6957 = PLANE('',#6958);
#6958 = AXIS2_PLACEMENT_3D('',#6959,#6960,#6961);
#6959 = CARTESIAN_POINT('',(4.993589683521,0.215344482835,2.075453736923
    ));
#6960 = DIRECTION('',(-0.691911410387,-1.319716282585E-06,0.721982409878
    ));
#6961 = DIRECTION('',(0.721982409879,3.645503500049E-23,0.691911410388)
  );
#6962 = ADVANCED_FACE('',(#6963),#6968,.T.);
#6963 = FACE_BOUND('',#6964,.T.);
#6964 = EDGE_LOOP('',(#6965,#6966,#6967));
#6965 = ORIENTED_EDGE('',*,*,#6952,.F.);
#6966 = ORIENTED_EDGE('',*,*,#6728,.F.);
#6967 = ORIENTED_EDGE('',*,*,#6750,.F.);
#6968 = PLANE('',#6969);
#6969 = AXIS2_PLACEMENT_3D('',#6970,#6971,#6972);
#6970 = CARTESIAN_POINT('',(4.909966581056,0.125,1.995313578462));
#6971 = DIRECTION('',(-0.691910704372,0.,0.721983086488));
#6972 = DIRECTION('',(0.721983086488,0.,0.691910704372));
#6973 = ADVANCED_FACE('',(#6974),#6989,.T.);
#6974 = FACE_BOUND('',#6975,.T.);
#6975 = EDGE_LOOP('',(#6976,#6977,#6983));
#6976 = ORIENTED_EDGE('',*,*,#6736,.F.);
#6977 = ORIENTED_EDGE('',*,*,#6978,.T.);
#6978 = EDGE_CURVE('',#6729,#6683,#6979,.T.);
#6979 = LINE('',#6980,#6981);
#6980 = CARTESIAN_POINT('',(4.871794700623,0.25,1.958731651306));
#6981 = VECTOR('',#6982,1.);
#6982 = DIRECTION('',(-0.708230078223,0.,-0.705981696859));
#6983 = ORIENTED_EDGE('',*,*,#6984,.T.);
#6984 = EDGE_CURVE('',#6683,#6705,#6985,.T.);
#6985 = LINE('',#6986,#6987);
#6986 = CARTESIAN_POINT('',(4.628205299377,0.25,1.715915560722));
#6987 = VECTOR('',#6988,1.);
#6988 = DIRECTION('',(0.572881382593,-0.587958034775,0.571062405366));
#6989 = PLANE('',#6990);
#6990 = AXIS2_PLACEMENT_3D('',#6991,#6992,#6993);
#6991 = CARTESIAN_POINT('',(4.75000000539,0.215448452838,1.837323594912)
  );
#6992 = DIRECTION('',(-0.705981696859,-3.377104178827E-07,0.708230078223
    ));
#6993 = DIRECTION('',(0.708230078223,-2.095532283735E-24,0.705981696859)
  );
#6994 = ADVANCED_FACE('',(#6995),#7000,.T.);
#6995 = FACE_BOUND('',#6996,.T.);
#6996 = EDGE_LOOP('',(#6997,#6998,#6999));
#6997 = ORIENTED_EDGE('',*,*,#6984,.F.);
#6998 = ORIENTED_EDGE('',*,*,#6682,.F.);
#6999 = ORIENTED_EDGE('',*,*,#6704,.F.);
#7000 = PLANE('',#7001);
#7001 = AXIS2_PLACEMENT_3D('',#7002,#7003,#7004);
#7002 = CARTESIAN_POINT('',(4.666554770193,0.125,1.754143266691));
#7003 = DIRECTION('',(-0.705981523009,0.,0.708230251521));
#7004 = DIRECTION('',(0.708230251521,0.,0.705981523009));
#7005 = ADVANCED_FACE('',(#7006),#7021,.T.);
#7006 = FACE_BOUND('',#7007,.T.);
#7007 = EDGE_LOOP('',(#7008,#7009,#7015));
#7008 = ORIENTED_EDGE('',*,*,#6690,.F.);
#7009 = ORIENTED_EDGE('',*,*,#7010,.T.);
#7010 = EDGE_CURVE('',#6683,#6637,#7011,.T.);
#7011 = LINE('',#7012,#7013);
#7012 = CARTESIAN_POINT('',(4.628205299377,0.25,1.715915560722));
#7013 = VECTOR('',#7014,1.);
#7014 = DIRECTION('',(-0.715484079826,0.,-0.698629037126));
#7015 = ORIENTED_EDGE('',*,*,#7016,.T.);
#7016 = EDGE_CURVE('',#6637,#6659,#7017,.T.);
#7017 = LINE('',#7018,#7019);
#7018 = CARTESIAN_POINT('',(4.384615421295,0.25,1.478064060211));
#7019 = VECTOR('',#7020,1.);
#7020 = DIRECTION('',(0.576699952887,-0.59187709927,0.563115142489));
#7021 = PLANE('',#7022);
#7022 = AXIS2_PLACEMENT_3D('',#7023,#7024,#7025);
#7023 = CARTESIAN_POINT('',(4.506410321641,0.215393681585,1.596989820633
    ));
#7024 = DIRECTION('',(-0.698629037126,9.913597434535E-07,0.715484079825)
  );
#7025 = DIRECTION('',(0.715484079826,-7.049819730995E-23,0.698629037126)
  );
#7026 = ADVANCED_FACE('',(#7027),#7032,.T.);
#7027 = FACE_BOUND('',#7028,.T.);
#7028 = EDGE_LOOP('',(#7029,#7030,#7031));
#7029 = ORIENTED_EDGE('',*,*,#7016,.F.);
#7030 = ORIENTED_EDGE('',*,*,#6636,.F.);
#7031 = ORIENTED_EDGE('',*,*,#6658,.F.);
#7032 = PLANE('',#7033);
#7033 = AXIS2_PLACEMENT_3D('',#7034,#7035,#7036);
#7034 = CARTESIAN_POINT('',(4.422870479012,0.125,1.51541797739));
#7035 = DIRECTION('',(-0.698629557976,0.,0.715483571245));
#7036 = DIRECTION('',(0.715483571245,0.,0.698629557976));
#7037 = ADVANCED_FACE('',(#7038),#7053,.T.);
#7038 = FACE_BOUND('',#7039,.T.);
#7039 = EDGE_LOOP('',(#7040,#7041,#7047));
#7040 = ORIENTED_EDGE('',*,*,#6644,.F.);
#7041 = ORIENTED_EDGE('',*,*,#7042,.T.);
#7042 = EDGE_CURVE('',#6637,#6591,#7043,.T.);
#7043 = LINE('',#7044,#7045);
#7044 = CARTESIAN_POINT('',(4.384615421295,0.25,1.478064060211));
#7045 = VECTOR('',#7046,1.);
#7046 = DIRECTION('',(-0.743882163499,0.,-0.668310801071));
#7047 = ORIENTED_EDGE('',*,*,#7048,.T.);
#7048 = EDGE_CURVE('',#6591,#6613,#7049,.T.);
#7049 = LINE('',#7050,#7051);
#7050 = CARTESIAN_POINT('',(4.141025543213,0.25,1.259220600128));
#7051 = VECTOR('',#7052,1.);
#7052 = DIRECTION('',(0.591265336571,-0.606823427765,0.531197354366));
#7053 = PLANE('',#7054);
#7054 = AXIS2_PLACEMENT_3D('',#7055,#7056,#7057);
#7055 = CARTESIAN_POINT('',(4.262820525453,0.215177883769,1.368642309309
    ));
#7056 = DIRECTION('',(-0.668310801071,-1.274701692677E-06,0.743882163498
    ));
#7057 = DIRECTION('',(0.743882163499,-1.417913975076E-23,0.668310801071)
  );
#7058 = ADVANCED_FACE('',(#7059),#7064,.T.);
#7059 = FACE_BOUND('',#7060,.T.);
#7060 = EDGE_LOOP('',(#7061,#7062,#7063));
#7061 = ORIENTED_EDGE('',*,*,#7048,.F.);
#7062 = ORIENTED_EDGE('',*,*,#6590,.F.);
#7063 = ORIENTED_EDGE('',*,*,#6612,.F.);
#7064 = PLANE('',#7065);
#7065 = AXIS2_PLACEMENT_3D('',#7066,#7067,#7068);
#7066 = CARTESIAN_POINT('',(4.178924908929,0.125,1.293269683603));
#7067 = DIRECTION('',(-0.66831007714,0.,0.743882813885));
#7068 = DIRECTION('',(0.743882813885,0.,0.66831007714));
#7069 = ADVANCED_FACE('',(#7070),#7085,.T.);
#7070 = FACE_BOUND('',#7071,.T.);
#7071 = EDGE_LOOP('',(#7072,#7073,#7079));
#7072 = ORIENTED_EDGE('',*,*,#6598,.F.);
#7073 = ORIENTED_EDGE('',*,*,#7074,.T.);
#7074 = EDGE_CURVE('',#6591,#6545,#7075,.T.);
#7075 = LINE('',#7076,#7077);
#7076 = CARTESIAN_POINT('',(4.141025543213,0.25,1.259220600128));
#7077 = VECTOR('',#7078,1.);
#7078 = DIRECTION('',(-0.793351668808,0.,-0.608763607322));
#7079 = ORIENTED_EDGE('',*,*,#7080,.T.);
#7080 = EDGE_CURVE('',#6545,#6567,#7081,.T.);
#7081 = LINE('',#7082,#7083);
#7082 = CARTESIAN_POINT('',(3.897435903549,0.25,1.072306632996));
#7083 = VECTOR('',#7084,1.);
#7084 = DIRECTION('',(0.615210582996,-0.631399986567,0.472069905346));
#7085 = PLANE('',#7086);
#7086 = AXIS2_PLACEMENT_3D('',#7087,#7088,#7089);
#7087 = CARTESIAN_POINT('',(4.019230744246,0.214797798314,1.165763606812
    ));
#7088 = DIRECTION('',(-0.608763607322,-5.805622171064E-07,0.793351668807
    ));
#7089 = DIRECTION('',(0.793351668808,-2.783128583219E-24,0.608763607322)
  );
#7090 = ADVANCED_FACE('',(#7091),#7096,.T.);
#7091 = FACE_BOUND('',#7092,.T.);
#7092 = EDGE_LOOP('',(#7093,#7094,#7095));
#7093 = ORIENTED_EDGE('',*,*,#7080,.F.);
#7094 = ORIENTED_EDGE('',*,*,#6544,.F.);
#7095 = ORIENTED_EDGE('',*,*,#6566,.F.);
#7096 = PLANE('',#7097);
#7097 = AXIS2_PLACEMENT_3D('',#7098,#7099,#7100);
#7098 = CARTESIAN_POINT('',(3.934764253446,0.125,1.100949818093));
#7099 = DIRECTION('',(-0.608763232297,0.,0.793351956577));
#7100 = DIRECTION('',(0.793351956577,0.,0.608763232297));
#7101 = ADVANCED_FACE('',(#7102),#7117,.T.);
#7102 = FACE_BOUND('',#7103,.T.);
#7103 = EDGE_LOOP('',(#7104,#7105,#7111));
#7104 = ORIENTED_EDGE('',*,*,#6552,.F.);
#7105 = ORIENTED_EDGE('',*,*,#7106,.T.);
#7106 = EDGE_CURVE('',#6545,#6499,#7107,.T.);
#7107 = LINE('',#7108,#7109);
#7108 = CARTESIAN_POINT('',(3.897435903549,0.25,1.072306632996));
#7109 = VECTOR('',#7110,1.);
#7110 = DIRECTION('',(-0.860911883025,0.,-0.508754095478));
#7111 = ORIENTED_EDGE('',*,*,#7112,.T.);
#7112 = EDGE_CURVE('',#6499,#6521,#7113,.T.);
#7113 = LINE('',#7114,#7115);
#7114 = CARTESIAN_POINT('',(3.653846263885,0.25,0.928357839584));
#7115 = VECTOR('',#7116,1.);
#7116 = DIRECTION('',(0.645154952874,-0.662133645364,0.381253357309));
#7117 = PLANE('',#7118);
#7118 = AXIS2_PLACEMENT_3D('',#7119,#7120,#7121);
#7119 = CARTESIAN_POINT('',(3.775641063827,0.214273179492,1.000332244671
    ));
#7120 = DIRECTION('',(-0.508754095478,4.851857142091E-07,0.860911883025)
  );
#7121 = DIRECTION('',(0.860911883025,-2.016136228153E-23,0.508754095478)
  );
#7122 = ADVANCED_FACE('',(#7123),#7128,.T.);
#7123 = FACE_BOUND('',#7124,.T.);
#7124 = EDGE_LOOP('',(#7125,#7126,#7127));
#7125 = ORIENTED_EDGE('',*,*,#7112,.F.);
#7126 = ORIENTED_EDGE('',*,*,#6498,.F.);
#7127 = ORIENTED_EDGE('',*,*,#6520,.F.);
#7128 = PLANE('',#7129);
#7129 = AXIS2_PLACEMENT_3D('',#7130,#7131,#7132);
#7130 = CARTESIAN_POINT('',(3.690484322733,0.125,0.950009045824));
#7131 = DIRECTION('',(-0.508754464546,0.,0.860911664925));
#7132 = DIRECTION('',(0.860911664925,0.,0.508754464546));
#7133 = ADVANCED_FACE('',(#7134),#7149,.T.);
#7134 = FACE_BOUND('',#7135,.T.);
#7135 = EDGE_LOOP('',(#7136,#7137,#7143));
#7136 = ORIENTED_EDGE('',*,*,#6506,.F.);
#7137 = ORIENTED_EDGE('',*,*,#7138,.T.);
#7138 = EDGE_CURVE('',#6499,#6453,#7139,.T.);
#7139 = LINE('',#7140,#7141);
#7140 = CARTESIAN_POINT('',(3.653846263885,0.25,0.928357839584));
#7141 = VECTOR('',#7142,1.);
#7142 = DIRECTION('',(-0.93488531343,0.,-0.354949927079));
#7143 = ORIENTED_EDGE('',*,*,#7144,.T.);
#7144 = EDGE_CURVE('',#6453,#6475,#7145,.T.);
#7145 = LINE('',#7146,#7147);
#7146 = CARTESIAN_POINT('',(3.410256385803,0.25,0.835873544216));
#7147 = VECTOR('',#7148,1.);
#7148 = DIRECTION('',(0.674587294071,-0.692339209024,0.256121850543));
#7149 = PLANE('',#7150);
#7150 = AXIS2_PLACEMENT_3D('',#7151,#7152,#7153);
#7151 = CARTESIAN_POINT('',(3.53205132634,0.213695975407,0.882115683812)
  );
#7152 = DIRECTION('',(-0.354949927079,-2.228940280301E-07,0.93488531343)
  );
#7153 = DIRECTION('',(0.93488531343,-3.981801381836E-24,0.354949927079)
  );
#7154 = ADVANCED_FACE('',(#7155),#7160,.T.);
#7155 = FACE_BOUND('',#7156,.T.);
#7156 = EDGE_LOOP('',(#7157,#7158,#7159));
#7157 = ORIENTED_EDGE('',*,*,#7144,.F.);
#7158 = ORIENTED_EDGE('',*,*,#6452,.F.);
#7159 = ORIENTED_EDGE('',*,*,#6474,.F.);
#7160 = PLANE('',#7161);
#7161 = AXIS2_PLACEMENT_3D('',#7162,#7163,#7164);
#7162 = CARTESIAN_POINT('',(3.446240584004,0.125,0.849535733698));
#7163 = DIRECTION('',(-0.354949727141,0.,0.934885389341));
#7164 = DIRECTION('',(0.934885389341,0.,0.354949727141));
#7165 = ADVANCED_FACE('',(#7166),#7183,.T.);
#7166 = FACE_BOUND('',#7167,.T.);
#7167 = EDGE_LOOP('',(#7168,#7169,#7177));
#7168 = ORIENTED_EDGE('',*,*,#6460,.F.);
#7169 = ORIENTED_EDGE('',*,*,#7170,.T.);
#7170 = EDGE_CURVE('',#6453,#7171,#7173,.T.);
#7171 = VERTEX_POINT('',#7172);
#7172 = CARTESIAN_POINT('',(3.16666674614,0.25,0.800314307213));
#7173 = LINE('',#7174,#7175);
#7174 = CARTESIAN_POINT('',(3.410256385803,0.25,0.835873544216));
#7175 = VECTOR('',#7176,1.);
#7176 = DIRECTION('',(-0.989512234605,0.,-0.14444908296));
#7177 = ORIENTED_EDGE('',*,*,#7178,.T.);
#7178 = EDGE_CURVE('',#7171,#6429,#7179,.T.);
#7179 = LINE('',#7180,#7181);
#7180 = CARTESIAN_POINT('',(3.16666674614,0.25,0.800314307213));
#7181 = VECTOR('',#7182,1.);
#7182 = DIRECTION('',(0.694270804767,-0.71254209052,0.10134998217));
#7183 = PLANE('',#7184);
#7184 = AXIS2_PLACEMENT_3D('',#7185,#7186,#7187);
#7185 = CARTESIAN_POINT('',(3.288461547211,0.213270504662,0.818093936846
    ));
#7186 = DIRECTION('',(-0.14444908296,3.736754814339E-07,0.989512234604)
  );
#7187 = DIRECTION('',(0.989512234605,3.447236447168E-24,0.14444908296));
#7188 = ADVANCED_FACE('',(#7189),#7199,.T.);
#7189 = FACE_BOUND('',#7190,.T.);
#7190 = EDGE_LOOP('',(#7191,#7192,#7198));
#7191 = ORIENTED_EDGE('',*,*,#7178,.F.);
#7192 = ORIENTED_EDGE('',*,*,#7193,.F.);
#7193 = EDGE_CURVE('',#660,#7171,#7194,.T.);
#7194 = LINE('',#7195,#7196);
#7195 = CARTESIAN_POINT('',(3.16666674614,0.,0.800314307213));
#7196 = VECTOR('',#7197,1.);
#7197 = DIRECTION('',(0.,1.,0.));
#7198 = ORIENTED_EDGE('',*,*,#6428,.F.);
#7199 = PLANE('',#7200);
#7200 = AXIS2_PLACEMENT_3D('',#7201,#7202,#7203);
#7201 = CARTESIAN_POINT('',(3.202226368673,0.125,0.805505317817));
#7202 = DIRECTION('',(-0.144449458467,0.,0.989512179788));
#7203 = DIRECTION('',(0.989512179788,0.,0.144449458467));
#7204 = ADVANCED_FACE('',(#7205),#7222,.T.);
#7205 = FACE_BOUND('',#7206,.T.);
#7206 = EDGE_LOOP('',(#7207,#7215,#7216));
#7207 = ORIENTED_EDGE('',*,*,#7208,.T.);
#7208 = EDGE_CURVE('',#7209,#7171,#7211,.T.);
#7209 = VERTEX_POINT('',#7210);
#7210 = CARTESIAN_POINT('',(3.288461446762,0.375,0.818093955517));
#7211 = LINE('',#7212,#7213);
#7212 = CARTESIAN_POINT('',(3.288461446762,0.375,0.818093955517));
#7213 = VECTOR('',#7214,1.);
#7214 = DIRECTION('',(-0.694270804767,-0.71254209052,-0.10134998217));
#7215 = ORIENTED_EDGE('',*,*,#7170,.F.);
#7216 = ORIENTED_EDGE('',*,*,#7217,.T.);
#7217 = EDGE_CURVE('',#6453,#7209,#7218,.T.);
#7218 = LINE('',#7219,#7220);
#7219 = CARTESIAN_POINT('',(3.410256385803,0.25,0.835873544216));
#7220 = VECTOR('',#7221,1.);
#7221 = DIRECTION('',(-0.694271532653,0.712541442731,-0.101349550264));
#7222 = PLANE('',#7223);
#7223 = AXIS2_PLACEMENT_3D('',#7224,#7225,#7226);
#7224 = CARTESIAN_POINT('',(3.288461547211,0.286729495338,0.818093936846
    ));
#7225 = DIRECTION('',(-0.14444908296,-3.736754814346E-07,0.989512234604)
  );
#7226 = DIRECTION('',(0.989512234605,-3.004490307378E-24,0.14444908296)
  );
#7227 = ADVANCED_FACE('',(#7228),#7245,.T.);
#7228 = FACE_BOUND('',#7229,.T.);
#7229 = EDGE_LOOP('',(#7230,#7231,#7239));
#7230 = ORIENTED_EDGE('',*,*,#7217,.F.);
#7231 = ORIENTED_EDGE('',*,*,#7232,.T.);
#7232 = EDGE_CURVE('',#6453,#7233,#7235,.T.);
#7233 = VERTEX_POINT('',#7234);
#7234 = CARTESIAN_POINT('',(3.410256385803,0.5,0.835873544216));
#7235 = LINE('',#7236,#7237);
#7236 = CARTESIAN_POINT('',(3.410256385803,0.25,0.835873544216));
#7237 = VECTOR('',#7238,1.);
#7238 = DIRECTION('',(0.,1.,0.));
#7239 = ORIENTED_EDGE('',*,*,#7240,.T.);
#7240 = EDGE_CURVE('',#7233,#7209,#7241,.T.);
#7241 = LINE('',#7242,#7243);
#7242 = CARTESIAN_POINT('',(3.410256385803,0.5,0.835873544216));
#7243 = VECTOR('',#7244,1.);
#7244 = DIRECTION('',(-0.694271532653,-0.712541442731,-0.101349550264));
#7245 = PLANE('',#7246);
#7246 = AXIS2_PLACEMENT_3D('',#7247,#7248,#7249);
#7247 = CARTESIAN_POINT('',(3.374696680209,0.375,0.830682549051));
#7248 = DIRECTION('',(-0.144448707453,0.,0.989512289421));
#7249 = DIRECTION('',(0.989512289421,0.,0.144448707453));
#7250 = ADVANCED_FACE('',(#7251),#7268,.T.);
#7251 = FACE_BOUND('',#7252,.T.);
#7252 = EDGE_LOOP('',(#7253,#7254,#7262));
#7253 = ORIENTED_EDGE('',*,*,#7240,.F.);
#7254 = ORIENTED_EDGE('',*,*,#7255,.T.);
#7255 = EDGE_CURVE('',#7233,#7256,#7258,.T.);
#7256 = VERTEX_POINT('',#7257);
#7257 = CARTESIAN_POINT('',(3.16666674614,0.5,0.800314307213));
#7258 = LINE('',#7259,#7260);
#7259 = CARTESIAN_POINT('',(3.410256385803,0.5,0.835873544216));
#7260 = VECTOR('',#7261,1.);
#7261 = DIRECTION('',(-0.989512234605,0.,-0.14444908296));
#7262 = ORIENTED_EDGE('',*,*,#7263,.T.);
#7263 = EDGE_CURVE('',#7256,#7209,#7264,.T.);
#7264 = LINE('',#7265,#7266);
#7265 = CARTESIAN_POINT('',(3.16666674614,0.5,0.800314307213));
#7266 = VECTOR('',#7267,1.);
#7267 = DIRECTION('',(0.694270804767,-0.71254209052,0.10134998217));
#7268 = PLANE('',#7269);
#7269 = AXIS2_PLACEMENT_3D('',#7270,#7271,#7272);
#7270 = CARTESIAN_POINT('',(3.288461547211,0.463270504662,0.818093936846
    ));
#7271 = DIRECTION('',(-0.14444908296,3.73675481423E-07,0.989512234604));
#7272 = DIRECTION('',(0.989512234605,2.342740623846E-24,0.14444908296));
#7273 = ADVANCED_FACE('',(#7274),#7284,.T.);
#7274 = FACE_BOUND('',#7275,.T.);
#7275 = EDGE_LOOP('',(#7276,#7277,#7283));
#7276 = ORIENTED_EDGE('',*,*,#7263,.F.);
#7277 = ORIENTED_EDGE('',*,*,#7278,.F.);
#7278 = EDGE_CURVE('',#7171,#7256,#7279,.T.);
#7279 = LINE('',#7280,#7281);
#7280 = CARTESIAN_POINT('',(3.16666674614,0.25,0.800314307213));
#7281 = VECTOR('',#7282,1.);
#7282 = DIRECTION('',(0.,1.,0.));
#7283 = ORIENTED_EDGE('',*,*,#7208,.F.);
#7284 = PLANE('',#7285);
#7285 = AXIS2_PLACEMENT_3D('',#7286,#7287,#7288);
#7286 = CARTESIAN_POINT('',(3.202226368673,0.375,0.805505317817));
#7287 = DIRECTION('',(-0.144449458467,0.,0.989512179788));
#7288 = DIRECTION('',(0.989512179788,0.,0.144449458467));
#7289 = ADVANCED_FACE('',(#7290),#7307,.T.);
#7290 = FACE_BOUND('',#7291,.T.);
#7291 = EDGE_LOOP('',(#7292,#7300,#7301));
#7292 = ORIENTED_EDGE('',*,*,#7293,.T.);
#7293 = EDGE_CURVE('',#7294,#6453,#7296,.T.);
#7294 = VERTEX_POINT('',#7295);
#7295 = CARTESIAN_POINT('',(3.532051324844,0.375,0.882115662098));
#7296 = LINE('',#7297,#7298);
#7297 = CARTESIAN_POINT('',(3.532051324844,0.375,0.882115662098));
#7298 = VECTOR('',#7299,1.);
#7299 = DIRECTION('',(-0.674587294071,-0.692339209024,-0.256121850543));
#7300 = ORIENTED_EDGE('',*,*,#7138,.F.);
#7301 = ORIENTED_EDGE('',*,*,#7302,.T.);
#7302 = EDGE_CURVE('',#6499,#7294,#7303,.T.);
#7303 = LINE('',#7304,#7305);
#7304 = CARTESIAN_POINT('',(3.653846263885,0.25,0.928357839584));
#7305 = VECTOR('',#7306,1.);
#7306 = DIRECTION('',(-0.674587237032,0.692339150484,-0.25612215902));
#7307 = PLANE('',#7308);
#7308 = AXIS2_PLACEMENT_3D('',#7309,#7310,#7311);
#7309 = CARTESIAN_POINT('',(3.53205132634,0.286304024593,0.882115683812)
  );
#7310 = DIRECTION('',(-0.354949927079,2.228940280575E-07,0.93488531343)
  );
#7311 = DIRECTION('',(0.93488531343,-1.037670473099E-23,0.354949927079)
  );
#7312 = ADVANCED_FACE('',(#7313),#7330,.T.);
#7313 = FACE_BOUND('',#7314,.T.);
#7314 = EDGE_LOOP('',(#7315,#7316,#7324));
#7315 = ORIENTED_EDGE('',*,*,#7302,.F.);
#7316 = ORIENTED_EDGE('',*,*,#7317,.T.);
#7317 = EDGE_CURVE('',#6499,#7318,#7320,.T.);
#7318 = VERTEX_POINT('',#7319);
#7319 = CARTESIAN_POINT('',(3.653846263885,0.5,0.928357839584));
#7320 = LINE('',#7321,#7322);
#7321 = CARTESIAN_POINT('',(3.653846263885,0.25,0.928357839584));
#7322 = VECTOR('',#7323,1.);
#7323 = DIRECTION('',(0.,1.,0.));
#7324 = ORIENTED_EDGE('',*,*,#7325,.T.);
#7325 = EDGE_CURVE('',#7318,#7294,#7326,.T.);
#7326 = LINE('',#7327,#7328);
#7327 = CARTESIAN_POINT('',(3.653846263885,0.5,0.928357839584));
#7328 = VECTOR('',#7329,1.);
#7329 = DIRECTION('',(-0.674587237032,-0.692339150484,-0.25612215902));
#7330 = PLANE('',#7331);
#7331 = AXIS2_PLACEMENT_3D('',#7332,#7333,#7334);
#7332 = CARTESIAN_POINT('',(3.61786206444,0.375,0.91469563202));
#7333 = DIRECTION('',(-0.354950127018,0.,0.934885237519));
#7334 = DIRECTION('',(0.934885237519,0.,0.354950127018));
#7335 = ADVANCED_FACE('',(#7336),#7351,.T.);
#7336 = FACE_BOUND('',#7337,.T.);
#7337 = EDGE_LOOP('',(#7338,#7339,#7345));
#7338 = ORIENTED_EDGE('',*,*,#7325,.F.);
#7339 = ORIENTED_EDGE('',*,*,#7340,.T.);
#7340 = EDGE_CURVE('',#7318,#7233,#7341,.T.);
#7341 = LINE('',#7342,#7343);
#7342 = CARTESIAN_POINT('',(3.653846263885,0.5,0.928357839584));
#7343 = VECTOR('',#7344,1.);
#7344 = DIRECTION('',(-0.93488531343,0.,-0.354949927079));
#7345 = ORIENTED_EDGE('',*,*,#7346,.T.);
#7346 = EDGE_CURVE('',#7233,#7294,#7347,.T.);
#7347 = LINE('',#7348,#7349);
#7348 = CARTESIAN_POINT('',(3.410256385803,0.5,0.835873544216));
#7349 = VECTOR('',#7350,1.);
#7350 = DIRECTION('',(0.674587294071,-0.692339209024,0.256121850543));
#7351 = PLANE('',#7352);
#7352 = AXIS2_PLACEMENT_3D('',#7353,#7354,#7355);
#7353 = CARTESIAN_POINT('',(3.53205132634,0.463695975407,0.882115683812)
  );
#7354 = DIRECTION('',(-0.354949927079,-2.22894028054E-07,0.93488531343)
  );
#7355 = DIRECTION('',(0.93488531343,8.695498592702E-24,0.354949927079));
#7356 = ADVANCED_FACE('',(#7357),#7362,.T.);
#7357 = FACE_BOUND('',#7358,.T.);
#7358 = EDGE_LOOP('',(#7359,#7360,#7361));
#7359 = ORIENTED_EDGE('',*,*,#7346,.F.);
#7360 = ORIENTED_EDGE('',*,*,#7232,.F.);
#7361 = ORIENTED_EDGE('',*,*,#7293,.F.);
#7362 = PLANE('',#7363);
#7363 = AXIS2_PLACEMENT_3D('',#7364,#7365,#7366);
#7364 = CARTESIAN_POINT('',(3.446240584004,0.375,0.849535733698));
#7365 = DIRECTION('',(-0.354949727141,0.,0.934885389341));
#7366 = DIRECTION('',(0.934885389341,0.,0.354949727141));
#7367 = ADVANCED_FACE('',(#7368),#7385,.T.);
#7368 = FACE_BOUND('',#7369,.T.);
#7369 = EDGE_LOOP('',(#7370,#7378,#7379));
#7370 = ORIENTED_EDGE('',*,*,#7371,.T.);
#7371 = EDGE_CURVE('',#7372,#6499,#7374,.T.);
#7372 = VERTEX_POINT('',#7373);
#7373 = CARTESIAN_POINT('',(3.775640964508,0.375,1.00033223629));
#7374 = LINE('',#7375,#7376);
#7375 = CARTESIAN_POINT('',(3.775640964508,0.375,1.00033223629));
#7376 = VECTOR('',#7377,1.);
#7377 = DIRECTION('',(-0.645154952874,-0.662133645364,-0.381253357309));
#7378 = ORIENTED_EDGE('',*,*,#7106,.F.);
#7379 = ORIENTED_EDGE('',*,*,#7380,.T.);
#7380 = EDGE_CURVE('',#6545,#7372,#7381,.T.);
#7381 = LINE('',#7382,#7383);
#7382 = CARTESIAN_POINT('',(3.897435903549,0.25,1.072306632996));
#7383 = VECTOR('',#7384,1.);
#7384 = DIRECTION('',(-0.645155690134,0.662133105872,-0.381253046672));
#7385 = PLANE('',#7386);
#7386 = AXIS2_PLACEMENT_3D('',#7387,#7388,#7389);
#7387 = CARTESIAN_POINT('',(3.775641063827,0.285726820508,1.000332244671
    ));
#7388 = DIRECTION('',(-0.508754095478,-4.85185714231E-07,0.860911883025)
  );
#7389 = DIRECTION('',(0.860911883025,1.324804754504E-23,0.508754095478)
  );
#7390 = ADVANCED_FACE('',(#7391),#7408,.T.);
#7391 = FACE_BOUND('',#7392,.T.);
#7392 = EDGE_LOOP('',(#7393,#7394,#7402));
#7393 = ORIENTED_EDGE('',*,*,#7380,.F.);
#7394 = ORIENTED_EDGE('',*,*,#7395,.T.);
#7395 = EDGE_CURVE('',#6545,#7396,#7398,.T.);
#7396 = VERTEX_POINT('',#7397);
#7397 = CARTESIAN_POINT('',(3.897435903549,0.5,1.072306632996));
#7398 = LINE('',#7399,#7400);
#7399 = CARTESIAN_POINT('',(3.897435903549,0.25,1.072306632996));
#7400 = VECTOR('',#7401,1.);
#7401 = DIRECTION('',(0.,1.,0.));
#7402 = ORIENTED_EDGE('',*,*,#7403,.T.);
#7403 = EDGE_CURVE('',#7396,#7372,#7404,.T.);
#7404 = LINE('',#7405,#7406);
#7405 = CARTESIAN_POINT('',(3.897435903549,0.5,1.072306632996));
#7406 = VECTOR('',#7407,1.);
#7407 = DIRECTION('',(-0.645155690134,-0.662133105872,-0.381253046672));
#7408 = PLANE('',#7409);
#7409 = AXIS2_PLACEMENT_3D('',#7410,#7411,#7412);
#7410 = CARTESIAN_POINT('',(3.860797761089,0.375,1.050655419729));
#7411 = DIRECTION('',(-0.50875372641,0.,0.860912101125));
#7412 = DIRECTION('',(0.860912101125,0.,0.50875372641));
#7413 = ADVANCED_FACE('',(#7414),#7429,.T.);
#7414 = FACE_BOUND('',#7415,.T.);
#7415 = EDGE_LOOP('',(#7416,#7417,#7423));
#7416 = ORIENTED_EDGE('',*,*,#7403,.F.);
#7417 = ORIENTED_EDGE('',*,*,#7418,.T.);
#7418 = EDGE_CURVE('',#7396,#7318,#7419,.T.);
#7419 = LINE('',#7420,#7421);
#7420 = CARTESIAN_POINT('',(3.897435903549,0.5,1.072306632996));
#7421 = VECTOR('',#7422,1.);
#7422 = DIRECTION('',(-0.860911883025,0.,-0.508754095478));
#7423 = ORIENTED_EDGE('',*,*,#7424,.T.);
#7424 = EDGE_CURVE('',#7318,#7372,#7425,.T.);
#7425 = LINE('',#7426,#7427);
#7426 = CARTESIAN_POINT('',(3.653846263885,0.5,0.928357839584));
#7427 = VECTOR('',#7428,1.);
#7428 = DIRECTION('',(0.645154952874,-0.662133645364,0.381253357309));
#7429 = PLANE('',#7430);
#7430 = AXIS2_PLACEMENT_3D('',#7431,#7432,#7433);
#7431 = CARTESIAN_POINT('',(3.775641063827,0.464273179492,1.000332244671
    ));
#7432 = DIRECTION('',(-0.508754095478,4.851857142825E-07,0.860911883025)
  );
#7433 = DIRECTION('',(0.860911883025,-4.837636865724E-25,0.508754095478)
  );
#7434 = ADVANCED_FACE('',(#7435),#7440,.T.);
#7435 = FACE_BOUND('',#7436,.T.);
#7436 = EDGE_LOOP('',(#7437,#7438,#7439));
#7437 = ORIENTED_EDGE('',*,*,#7424,.F.);
#7438 = ORIENTED_EDGE('',*,*,#7317,.F.);
#7439 = ORIENTED_EDGE('',*,*,#7371,.F.);
#7440 = PLANE('',#7441);
#7441 = AXIS2_PLACEMENT_3D('',#7442,#7443,#7444);
#7442 = CARTESIAN_POINT('',(3.690484322733,0.375,0.950009045824));
#7443 = DIRECTION('',(-0.508754464546,0.,0.860911664925));
#7444 = DIRECTION('',(0.860911664925,0.,0.508754464546));
#7445 = ADVANCED_FACE('',(#7446),#7463,.T.);
#7446 = FACE_BOUND('',#7447,.T.);
#7447 = EDGE_LOOP('',(#7448,#7456,#7457));
#7448 = ORIENTED_EDGE('',*,*,#7449,.T.);
#7449 = EDGE_CURVE('',#7450,#6545,#7452,.T.);
#7450 = VERTEX_POINT('',#7451);
#7451 = CARTESIAN_POINT('',(4.01923084259,0.375,1.165763616562));
#7452 = LINE('',#7453,#7454);
#7453 = CARTESIAN_POINT('',(4.01923084259,0.375,1.165763616562));
#7454 = VECTOR('',#7455,1.);
#7455 = DIRECTION('',(-0.615210582996,-0.631399986567,-0.472069905346));
#7456 = ORIENTED_EDGE('',*,*,#7074,.F.);
#7457 = ORIENTED_EDGE('',*,*,#7458,.T.);
#7458 = EDGE_CURVE('',#6591,#7450,#7459,.T.);
#7459 = LINE('',#7460,#7461);
#7460 = CARTESIAN_POINT('',(4.141025543213,0.25,1.259220600128));
#7461 = VECTOR('',#7462,1.);
#7462 = DIRECTION('',(-0.615209834503,0.63140045437,-0.472070255102));
#7463 = PLANE('',#7464);
#7464 = AXIS2_PLACEMENT_3D('',#7465,#7466,#7467);
#7465 = CARTESIAN_POINT('',(4.019230744246,0.285202201686,1.165763606812
    ));
#7466 = DIRECTION('',(-0.608763607322,5.805622170275E-07,0.793351668807)
  );
#7467 = DIRECTION('',(0.793351668808,2.816130838253E-23,0.608763607322)
  );
#7468 = ADVANCED_FACE('',(#7469),#7486,.T.);
#7469 = FACE_BOUND('',#7470,.T.);
#7470 = EDGE_LOOP('',(#7471,#7472,#7480));
#7471 = ORIENTED_EDGE('',*,*,#7458,.F.);
#7472 = ORIENTED_EDGE('',*,*,#7473,.T.);
#7473 = EDGE_CURVE('',#6591,#7474,#7476,.T.);
#7474 = VERTEX_POINT('',#7475);
#7475 = CARTESIAN_POINT('',(4.141025543213,0.5,1.259220600128));
#7476 = LINE('',#7477,#7478);
#7477 = CARTESIAN_POINT('',(4.141025543213,0.25,1.259220600128));
#7478 = VECTOR('',#7479,1.);
#7479 = DIRECTION('',(0.,1.,0.));
#7480 = ORIENTED_EDGE('',*,*,#7481,.T.);
#7481 = EDGE_CURVE('',#7474,#7450,#7482,.T.);
#7482 = LINE('',#7483,#7484);
#7483 = CARTESIAN_POINT('',(4.141025543213,0.5,1.259220600128));
#7484 = VECTOR('',#7485,1.);
#7485 = DIRECTION('',(-0.615209834503,-0.63140045437,-0.472070255102));
#7486 = PLANE('',#7487);
#7487 = AXIS2_PLACEMENT_3D('',#7488,#7489,#7490);
#7488 = CARTESIAN_POINT('',(4.103697277091,0.375,1.230577423244));
#7489 = DIRECTION('',(-0.608763982349,0.,0.793351381038));
#7490 = DIRECTION('',(0.793351381038,0.,0.608763982349));
#7491 = ADVANCED_FACE('',(#7492),#7507,.T.);
#7492 = FACE_BOUND('',#7493,.T.);
#7493 = EDGE_LOOP('',(#7494,#7495,#7501));
#7494 = ORIENTED_EDGE('',*,*,#7481,.F.);
#7495 = ORIENTED_EDGE('',*,*,#7496,.T.);
#7496 = EDGE_CURVE('',#7474,#7396,#7497,.T.);
#7497 = LINE('',#7498,#7499);
#7498 = CARTESIAN_POINT('',(4.141025543213,0.5,1.259220600128));
#7499 = VECTOR('',#7500,1.);
#7500 = DIRECTION('',(-0.793351668808,0.,-0.608763607322));
#7501 = ORIENTED_EDGE('',*,*,#7502,.T.);
#7502 = EDGE_CURVE('',#7396,#7450,#7503,.T.);
#7503 = LINE('',#7504,#7505);
#7504 = CARTESIAN_POINT('',(3.897435903549,0.5,1.072306632996));
#7505 = VECTOR('',#7506,1.);
#7506 = DIRECTION('',(0.615210582996,-0.631399986567,0.472069905346));
#7507 = PLANE('',#7508);
#7508 = AXIS2_PLACEMENT_3D('',#7509,#7510,#7511);
#7509 = CARTESIAN_POINT('',(4.019230744246,0.464797798314,1.165763606812
    ));
#7510 = DIRECTION('',(-0.608763607322,-5.805622171064E-07,0.793351668807
    ));
#7511 = DIRECTION('',(0.793351668808,-2.783128583219E-24,0.608763607322)
  );
#7512 = ADVANCED_FACE('',(#7513),#7518,.T.);
#7513 = FACE_BOUND('',#7514,.T.);
#7514 = EDGE_LOOP('',(#7515,#7516,#7517));
#7515 = ORIENTED_EDGE('',*,*,#7502,.F.);
#7516 = ORIENTED_EDGE('',*,*,#7395,.F.);
#7517 = ORIENTED_EDGE('',*,*,#7449,.F.);
#7518 = PLANE('',#7519);
#7519 = AXIS2_PLACEMENT_3D('',#7520,#7521,#7522);
#7520 = CARTESIAN_POINT('',(3.934764253446,0.375,1.100949818093));
#7521 = DIRECTION('',(-0.608763232297,0.,0.793351956577));
#7522 = DIRECTION('',(0.793351956577,0.,0.608763232297));
#7523 = ADVANCED_FACE('',(#7524),#7541,.T.);
#7524 = FACE_BOUND('',#7525,.T.);
#7525 = EDGE_LOOP('',(#7526,#7534,#7535));
#7526 = ORIENTED_EDGE('',*,*,#7527,.T.);
#7527 = EDGE_CURVE('',#7528,#6591,#7530,.T.);
#7528 = VERTEX_POINT('',#7529);
#7529 = CARTESIAN_POINT('',(4.262820720673,0.375,1.36864233017));
#7530 = LINE('',#7531,#7532);
#7531 = CARTESIAN_POINT('',(4.262820720673,0.375,1.36864233017));
#7532 = VECTOR('',#7533,1.);
#7533 = DIRECTION('',(-0.591265336571,-0.606823427765,-0.531197354366));
#7534 = ORIENTED_EDGE('',*,*,#7042,.F.);
#7535 = ORIENTED_EDGE('',*,*,#7536,.T.);
#7536 = EDGE_CURVE('',#6637,#7528,#7537,.T.);
#7537 = LINE('',#7538,#7539);
#7538 = CARTESIAN_POINT('',(4.384615421295,0.25,1.478064060211));
#7539 = VECTOR('',#7540,1.);
#7540 = DIRECTION('',(-0.591263830978,0.606824258318,-0.53119808141));
#7541 = PLANE('',#7542);
#7542 = AXIS2_PLACEMENT_3D('',#7543,#7544,#7545);
#7543 = CARTESIAN_POINT('',(4.262820525453,0.284822116231,1.368642309309
    ));
#7544 = DIRECTION('',(-0.668310801071,1.274701692688E-06,0.743882163498)
  );
#7545 = DIRECTION('',(0.743882163499,-4.410228911392E-23,0.668310801071)
  );
#7546 = ADVANCED_FACE('',(#7547),#7564,.T.);
#7547 = FACE_BOUND('',#7548,.T.);
#7548 = EDGE_LOOP('',(#7549,#7550,#7558));
#7549 = ORIENTED_EDGE('',*,*,#7536,.F.);
#7550 = ORIENTED_EDGE('',*,*,#7551,.T.);
#7551 = EDGE_CURVE('',#6637,#7552,#7554,.T.);
#7552 = VERTEX_POINT('',#7553);
#7553 = CARTESIAN_POINT('',(4.384615421295,0.5,1.478064060211));
#7554 = LINE('',#7555,#7556);
#7555 = CARTESIAN_POINT('',(4.384615421295,0.25,1.478064060211));
#7556 = VECTOR('',#7557,1.);
#7557 = DIRECTION('',(0.,1.,0.));
#7558 = ORIENTED_EDGE('',*,*,#7559,.T.);
#7559 = EDGE_CURVE('',#7552,#7528,#7560,.T.);
#7560 = LINE('',#7561,#7562);
#7561 = CARTESIAN_POINT('',(4.384615421295,0.5,1.478064060211));
#7562 = VECTOR('',#7563,1.);
#7563 = DIRECTION('',(-0.591263830978,-0.606824258318,-0.53119808141));
#7564 = PLANE('',#7565);
#7565 = AXIS2_PLACEMENT_3D('',#7566,#7567,#7568);
#7566 = CARTESIAN_POINT('',(4.346716223548,0.375,1.444014994336));
#7567 = DIRECTION('',(-0.668311525004,0.,0.74388151311));
#7568 = DIRECTION('',(0.74388151311,0.,0.668311525004));
#7569 = ADVANCED_FACE('',(#7570),#7585,.T.);
#7570 = FACE_BOUND('',#7571,.T.);
#7571 = EDGE_LOOP('',(#7572,#7573,#7579));
#7572 = ORIENTED_EDGE('',*,*,#7559,.F.);
#7573 = ORIENTED_EDGE('',*,*,#7574,.T.);
#7574 = EDGE_CURVE('',#7552,#7474,#7575,.T.);
#7575 = LINE('',#7576,#7577);
#7576 = CARTESIAN_POINT('',(4.384615421295,0.5,1.478064060211));
#7577 = VECTOR('',#7578,1.);
#7578 = DIRECTION('',(-0.743882163499,0.,-0.668310801071));
#7579 = ORIENTED_EDGE('',*,*,#7580,.T.);
#7580 = EDGE_CURVE('',#7474,#7528,#7581,.T.);
#7581 = LINE('',#7582,#7583);
#7582 = CARTESIAN_POINT('',(4.141025543213,0.5,1.259220600128));
#7583 = VECTOR('',#7584,1.);
#7584 = DIRECTION('',(0.591265336571,-0.606823427765,0.531197354366));
#7585 = PLANE('',#7586);
#7586 = AXIS2_PLACEMENT_3D('',#7587,#7588,#7589);
#7587 = CARTESIAN_POINT('',(4.262820525453,0.465177883769,1.368642309309
    ));
#7588 = DIRECTION('',(-0.668310801071,-1.274701692668E-06,0.743882163498
    ));
#7589 = DIRECTION('',(0.743882163499,1.848596054365E-23,0.668310801071)
  );
#7590 = ADVANCED_FACE('',(#7591),#7596,.T.);
#7591 = FACE_BOUND('',#7592,.T.);
#7592 = EDGE_LOOP('',(#7593,#7594,#7595));
#7593 = ORIENTED_EDGE('',*,*,#7580,.F.);
#7594 = ORIENTED_EDGE('',*,*,#7473,.F.);
#7595 = ORIENTED_EDGE('',*,*,#7527,.F.);
#7596 = PLANE('',#7597);
#7597 = AXIS2_PLACEMENT_3D('',#7598,#7599,#7600);
#7598 = CARTESIAN_POINT('',(4.178924908929,0.375,1.293269683603));
#7599 = DIRECTION('',(-0.66831007714,0.,0.743882813885));
#7600 = DIRECTION('',(0.743882813885,0.,0.66831007714));
#7601 = ADVANCED_FACE('',(#7602),#7619,.T.);
#7602 = FACE_BOUND('',#7603,.T.);
#7603 = EDGE_LOOP('',(#7604,#7612,#7613));
#7604 = ORIENTED_EDGE('',*,*,#7605,.T.);
#7605 = EDGE_CURVE('',#7606,#6637,#7608,.T.);
#7606 = VERTEX_POINT('',#7607);
#7607 = CARTESIAN_POINT('',(4.506410121918,0.375,1.596989750862));
#7608 = LINE('',#7609,#7610);
#7609 = CARTESIAN_POINT('',(4.506410121918,0.375,1.596989750862));
#7610 = VECTOR('',#7611,1.);
#7611 = DIRECTION('',(-0.576699952887,-0.59187709927,-0.563115142489));
#7612 = ORIENTED_EDGE('',*,*,#7010,.F.);
#7613 = ORIENTED_EDGE('',*,*,#7614,.T.);
#7614 = EDGE_CURVE('',#6683,#7606,#7615,.T.);
#7615 = LINE('',#7616,#7617);
#7616 = CARTESIAN_POINT('',(4.628205299377,0.25,1.715915560722));
#7617 = VECTOR('',#7618,1.);
#7618 = DIRECTION('',(-0.576701276493,0.591876140461,-0.56311479473));
#7619 = PLANE('',#7620);
#7620 = AXIS2_PLACEMENT_3D('',#7621,#7622,#7623);
#7621 = CARTESIAN_POINT('',(4.506410321641,0.284606318415,1.596989820633
    ));
#7622 = DIRECTION('',(-0.698629037126,-9.913597434561E-07,0.715484079825
    ));
#7623 = DIRECTION('',(0.715484079826,2.790922575248E-23,0.698629037126)
  );
#7624 = ADVANCED_FACE('',(#7625),#7642,.T.);
#7625 = FACE_BOUND('',#7626,.T.);
#7626 = EDGE_LOOP('',(#7627,#7628,#7636));
#7627 = ORIENTED_EDGE('',*,*,#7614,.F.);
#7628 = ORIENTED_EDGE('',*,*,#7629,.T.);
#7629 = EDGE_CURVE('',#6683,#7630,#7632,.T.);
#7630 = VERTEX_POINT('',#7631);
#7631 = CARTESIAN_POINT('',(4.628205299377,0.5,1.715915560722));
#7632 = LINE('',#7633,#7634);
#7633 = CARTESIAN_POINT('',(4.628205299377,0.25,1.715915560722));
#7634 = VECTOR('',#7635,1.);
#7635 = DIRECTION('',(0.,1.,0.));
#7636 = ORIENTED_EDGE('',*,*,#7637,.T.);
#7637 = EDGE_CURVE('',#7630,#7606,#7638,.T.);
#7638 = LINE('',#7639,#7640);
#7639 = CARTESIAN_POINT('',(4.628205299377,0.5,1.715915560722));
#7640 = VECTOR('',#7641,1.);
#7641 = DIRECTION('',(-0.576701276493,-0.591876140461,-0.56311479473));
#7642 = PLANE('',#7643);
#7643 = AXIS2_PLACEMENT_3D('',#7644,#7645,#7646);
#7644 = CARTESIAN_POINT('',(4.589950068847,0.375,1.678561583601));
#7645 = DIRECTION('',(-0.698628516278,0.,0.715484588404));
#7646 = DIRECTION('',(0.715484588404,0.,0.698628516278));
#7647 = ADVANCED_FACE('',(#7648),#7663,.T.);
#7648 = FACE_BOUND('',#7649,.T.);
#7649 = EDGE_LOOP('',(#7650,#7651,#7657));
#7650 = ORIENTED_EDGE('',*,*,#7637,.F.);
#7651 = ORIENTED_EDGE('',*,*,#7652,.T.);
#7652 = EDGE_CURVE('',#7630,#7552,#7653,.T.);
#7653 = LINE('',#7654,#7655);
#7654 = CARTESIAN_POINT('',(4.628205299377,0.5,1.715915560722));
#7655 = VECTOR('',#7656,1.);
#7656 = DIRECTION('',(-0.715484079826,0.,-0.698629037126));
#7657 = ORIENTED_EDGE('',*,*,#7658,.T.);
#7658 = EDGE_CURVE('',#7552,#7606,#7659,.T.);
#7659 = LINE('',#7660,#7661);
#7660 = CARTESIAN_POINT('',(4.384615421295,0.5,1.478064060211));
#7661 = VECTOR('',#7662,1.);
#7662 = DIRECTION('',(0.576699952887,-0.59187709927,0.563115142489));
#7663 = PLANE('',#7664);
#7664 = AXIS2_PLACEMENT_3D('',#7665,#7666,#7667);
#7665 = CARTESIAN_POINT('',(4.506410321641,0.465393681585,1.596989820633
    ));
#7666 = DIRECTION('',(-0.698629037126,9.913597434996E-07,0.715484079825)
  );
#7667 = DIRECTION('',(0.715484079826,4.201235809261E-24,0.698629037126)
  );
#7668 = ADVANCED_FACE('',(#7669),#7674,.T.);
#7669 = FACE_BOUND('',#7670,.T.);
#7670 = EDGE_LOOP('',(#7671,#7672,#7673));
#7671 = ORIENTED_EDGE('',*,*,#7658,.F.);
#7672 = ORIENTED_EDGE('',*,*,#7551,.F.);
#7673 = ORIENTED_EDGE('',*,*,#7605,.F.);
#7674 = PLANE('',#7675);
#7675 = AXIS2_PLACEMENT_3D('',#7676,#7677,#7678);
#7676 = CARTESIAN_POINT('',(4.422870479012,0.375,1.51541797739));
#7677 = DIRECTION('',(-0.698629557976,0.,0.715483571245));
#7678 = DIRECTION('',(0.715483571245,0.,0.698629557976));
#7679 = ADVANCED_FACE('',(#7680),#7697,.T.);
#7680 = FACE_BOUND('',#7681,.T.);
#7681 = EDGE_LOOP('',(#7682,#7690,#7691));
#7682 = ORIENTED_EDGE('',*,*,#7683,.T.);
#7683 = EDGE_CURVE('',#7684,#6683,#7686,.T.);
#7684 = VERTEX_POINT('',#7685);
#7685 = CARTESIAN_POINT('',(4.75,0.375,1.83732354641));
#7686 = LINE('',#7687,#7688);
#7687 = CARTESIAN_POINT('',(4.75,0.375,1.83732354641));
#7688 = VECTOR('',#7689,1.);
#7689 = DIRECTION('',(-0.572881382593,-0.587958034775,-0.571062405366));
#7690 = ORIENTED_EDGE('',*,*,#6978,.F.);
#7691 = ORIENTED_EDGE('',*,*,#7692,.T.);
#7692 = EDGE_CURVE('',#6729,#7684,#7693,.T.);
#7693 = LINE('',#7694,#7695);
#7694 = CARTESIAN_POINT('',(4.871794700623,0.25,1.958731651306));
#7695 = VECTOR('',#7696,1.);
#7696 = DIRECTION('',(-0.572881199152,0.587957846507,-0.571062783228));
#7697 = PLANE('',#7698);
#7698 = AXIS2_PLACEMENT_3D('',#7699,#7700,#7701);
#7699 = CARTESIAN_POINT('',(4.75000000539,0.284551547162,1.837323594912)
  );
#7700 = DIRECTION('',(-0.705981696859,3.377104178884E-07,0.708230078223)
  );
#7701 = DIRECTION('',(0.708230078223,-1.107712191178E-23,0.705981696859)
  );
#7702 = ADVANCED_FACE('',(#7703),#7720,.T.);
#7703 = FACE_BOUND('',#7704,.T.);
#7704 = EDGE_LOOP('',(#7705,#7706,#7714));
#7705 = ORIENTED_EDGE('',*,*,#7692,.F.);
#7706 = ORIENTED_EDGE('',*,*,#7707,.T.);
#7707 = EDGE_CURVE('',#6729,#7708,#7710,.T.);
#7708 = VERTEX_POINT('',#7709);
#7709 = CARTESIAN_POINT('',(4.871794700623,0.5,1.958731651306));
#7710 = LINE('',#7711,#7712);
#7711 = CARTESIAN_POINT('',(4.871794700623,0.25,1.958731651306));
#7712 = VECTOR('',#7713,1.);
#7713 = DIRECTION('',(0.,1.,0.));
#7714 = ORIENTED_EDGE('',*,*,#7715,.T.);
#7715 = EDGE_CURVE('',#7708,#7684,#7716,.T.);
#7716 = LINE('',#7717,#7718);
#7717 = CARTESIAN_POINT('',(4.871794700623,0.5,1.958731651306));
#7718 = VECTOR('',#7719,1.);
#7719 = DIRECTION('',(-0.572881199152,-0.587957846507,-0.571062783228));
#7720 = PLANE('',#7721);
#7721 = AXIS2_PLACEMENT_3D('',#7722,#7723,#7724);
#7722 = CARTESIAN_POINT('',(4.83344522526,0.375,1.92050390327));
#7723 = DIRECTION('',(-0.705981870709,0.,0.708229904925));
#7724 = DIRECTION('',(0.708229904925,0.,0.705981870709));
#7725 = ADVANCED_FACE('',(#7726),#7741,.T.);
#7726 = FACE_BOUND('',#7727,.T.);
#7727 = EDGE_LOOP('',(#7728,#7729,#7735));
#7728 = ORIENTED_EDGE('',*,*,#7715,.F.);
#7729 = ORIENTED_EDGE('',*,*,#7730,.T.);
#7730 = EDGE_CURVE('',#7708,#7630,#7731,.T.);
#7731 = LINE('',#7732,#7733);
#7732 = CARTESIAN_POINT('',(4.871794700623,0.5,1.958731651306));
#7733 = VECTOR('',#7734,1.);
#7734 = DIRECTION('',(-0.708230078223,0.,-0.705981696859));
#7735 = ORIENTED_EDGE('',*,*,#7736,.T.);
#7736 = EDGE_CURVE('',#7630,#7684,#7737,.T.);
#7737 = LINE('',#7738,#7739);
#7738 = CARTESIAN_POINT('',(4.628205299377,0.5,1.715915560722));
#7739 = VECTOR('',#7740,1.);
#7740 = DIRECTION('',(0.572881382593,-0.587958034775,0.571062405366));
#7741 = PLANE('',#7742);
#7742 = AXIS2_PLACEMENT_3D('',#7743,#7744,#7745);
#7743 = CARTESIAN_POINT('',(4.75000000539,0.465448452838,1.837323594912)
  );
#7744 = DIRECTION('',(-0.705981696859,-3.37710417859E-07,0.708230078223)
  );
#7745 = DIRECTION('',(0.708230078223,4.494632016873E-24,0.705981696859)
  );
#7746 = ADVANCED_FACE('',(#7747),#7752,.T.);
#7747 = FACE_BOUND('',#7748,.T.);
#7748 = EDGE_LOOP('',(#7749,#7750,#7751));
#7749 = ORIENTED_EDGE('',*,*,#7736,.F.);
#7750 = ORIENTED_EDGE('',*,*,#7629,.F.);
#7751 = ORIENTED_EDGE('',*,*,#7683,.F.);
#7752 = PLANE('',#7753);
#7753 = AXIS2_PLACEMENT_3D('',#7754,#7755,#7756);
#7754 = CARTESIAN_POINT('',(4.666554770193,0.375,1.754143266691));
#7755 = DIRECTION('',(-0.705981523009,0.,0.708230251521));
#7756 = DIRECTION('',(0.708230251521,0.,0.705981523009));
#7757 = ADVANCED_FACE('',(#7758),#7775,.T.);
#7758 = FACE_BOUND('',#7759,.T.);
#7759 = EDGE_LOOP('',(#7760,#7768,#7769));
#7760 = ORIENTED_EDGE('',*,*,#7761,.T.);
#7761 = EDGE_CURVE('',#7762,#6729,#7764,.T.);
#7762 = VERTEX_POINT('',#7763);
#7763 = CARTESIAN_POINT('',(4.993589878082,0.375,2.07545375824));
#7764 = LINE('',#7765,#7766);
#7765 = CARTESIAN_POINT('',(4.993589878082,0.375,2.07545375824));
#7766 = VECTOR('',#7767,1.);
#7767 = DIRECTION('',(-0.580088094881,-0.595352076925,-0.555925990288));
#7768 = ORIENTED_EDGE('',*,*,#6946,.F.);
#7769 = ORIENTED_EDGE('',*,*,#7770,.T.);
#7770 = EDGE_CURVE('',#6775,#7762,#7771,.T.);
#7771 = LINE('',#7772,#7773);
#7772 = CARTESIAN_POINT('',(5.115384578705,0.25,2.192175865173));
#7773 = VECTOR('',#7774,1.);
#7774 = DIRECTION('',(-0.580086588016,0.595352861261,-0.555926722682));
#7775 = PLANE('',#7776);
#7776 = AXIS2_PLACEMENT_3D('',#7777,#7778,#7779);
#7777 = CARTESIAN_POINT('',(4.993589683521,0.284655517165,2.075453736923
    ));
#7778 = DIRECTION('',(-0.691911410387,1.319716282614E-06,0.721982409878)
  );
#7779 = DIRECTION('',(0.721982409879,6.510549005498E-23,0.691911410388)
  );
#7780 = ADVANCED_FACE('',(#7781),#7798,.T.);
#7781 = FACE_BOUND('',#7782,.T.);
#7782 = EDGE_LOOP('',(#7783,#7784,#7792));
#7783 = ORIENTED_EDGE('',*,*,#7770,.F.);
#7784 = ORIENTED_EDGE('',*,*,#7785,.T.);
#7785 = EDGE_CURVE('',#6775,#7786,#7788,.T.);
#7786 = VERTEX_POINT('',#7787);
#7787 = CARTESIAN_POINT('',(5.115384578705,0.5,2.192175865173));
#7788 = LINE('',#7789,#7790);
#7789 = CARTESIAN_POINT('',(5.115384578705,0.25,2.192175865173));
#7790 = VECTOR('',#7791,1.);
#7791 = DIRECTION('',(0.,1.,0.));
#7792 = ORIENTED_EDGE('',*,*,#7793,.T.);
#7793 = EDGE_CURVE('',#7786,#7762,#7794,.T.);
#7794 = LINE('',#7795,#7796);
#7795 = CARTESIAN_POINT('',(5.115384578705,0.5,2.192175865173));
#7796 = VECTOR('',#7797,1.);
#7797 = DIRECTION('',(-0.580086588016,-0.595352861261,-0.555926722682));
#7798 = PLANE('',#7799);
#7799 = AXIS2_PLACEMENT_3D('',#7800,#7801,#7802);
#7800 = CARTESIAN_POINT('',(5.077212866484,0.375,2.155593956002));
#7801 = DIRECTION('',(-0.691912116405,0.,0.721981733268));
#7802 = DIRECTION('',(0.721981733268,0.,0.691912116405));
#7803 = ADVANCED_FACE('',(#7804),#7819,.T.);
#7804 = FACE_BOUND('',#7805,.T.);
#7805 = EDGE_LOOP('',(#7806,#7807,#7813));
#7806 = ORIENTED_EDGE('',*,*,#7793,.F.);
#7807 = ORIENTED_EDGE('',*,*,#7808,.T.);
#7808 = EDGE_CURVE('',#7786,#7708,#7809,.T.);
#7809 = LINE('',#7810,#7811);
#7810 = CARTESIAN_POINT('',(5.115384578705,0.5,2.192175865173));
#7811 = VECTOR('',#7812,1.);
#7812 = DIRECTION('',(-0.721982409879,0.,-0.691911410388));
#7813 = ORIENTED_EDGE('',*,*,#7814,.T.);
#7814 = EDGE_CURVE('',#7708,#7762,#7815,.T.);
#7815 = LINE('',#7816,#7817);
#7816 = CARTESIAN_POINT('',(4.871794700623,0.5,1.958731651306));
#7817 = VECTOR('',#7818,1.);
#7818 = DIRECTION('',(0.580088094881,-0.595352076925,0.555925990288));
#7819 = PLANE('',#7820);
#7820 = AXIS2_PLACEMENT_3D('',#7821,#7822,#7823);
#7821 = CARTESIAN_POINT('',(4.993589683521,0.465344482835,2.075453736923
    ));
#7822 = DIRECTION('',(-0.691911410387,-1.319716282585E-06,0.721982409878
    ));
#7823 = DIRECTION('',(0.721982409879,7.018777656846E-24,0.691911410388)
  );
#7824 = ADVANCED_FACE('',(#7825),#7830,.T.);
#7825 = FACE_BOUND('',#7826,.T.);
#7826 = EDGE_LOOP('',(#7827,#7828,#7829));
#7827 = ORIENTED_EDGE('',*,*,#7814,.F.);
#7828 = ORIENTED_EDGE('',*,*,#7707,.F.);
#7829 = ORIENTED_EDGE('',*,*,#7761,.F.);
#7830 = PLANE('',#7831);
#7831 = AXIS2_PLACEMENT_3D('',#7832,#7833,#7834);
#7832 = CARTESIAN_POINT('',(4.909966581056,0.375,1.995313578462));
#7833 = DIRECTION('',(-0.691910704372,0.,0.721983086488));
#7834 = DIRECTION('',(0.721983086488,0.,0.691910704372));
#7835 = ADVANCED_FACE('',(#7836),#7853,.T.);
#7836 = FACE_BOUND('',#7837,.T.);
#7837 = EDGE_LOOP('',(#7838,#7846,#7847));
#7838 = ORIENTED_EDGE('',*,*,#7839,.T.);
#7839 = EDGE_CURVE('',#7840,#6775,#7842,.T.);
#7840 = VERTEX_POINT('',#7841);
#7841 = CARTESIAN_POINT('',(5.237179279327,0.375,2.297320127487));
#7842 = LINE('',#7843,#7844);
#7843 = CARTESIAN_POINT('',(5.237179279327,0.375,2.297320127487));
#7844 = VECTOR('',#7845,1.);
#7845 = DIRECTION('',(-0.597763943944,-0.613495436263,-0.516044200631));
#7846 = ORIENTED_EDGE('',*,*,#6914,.F.);
#7847 = ORIENTED_EDGE('',*,*,#7848,.T.);
#7848 = EDGE_CURVE('',#6821,#7840,#7849,.T.);
#7849 = LINE('',#7850,#7851);
#7850 = CARTESIAN_POINT('',(5.358974456787,0.25,2.40246462822));
#7851 = VECTOR('',#7852,1.);
#7852 = DIRECTION('',(-0.597765087041,0.613494207559,-0.516044337248));
#7853 = PLANE('',#7854);
#7854 = AXIS2_PLACEMENT_3D('',#7855,#7856,#7857);
#7855 = CARTESIAN_POINT('',(5.237179485212,0.284922078518,2.297320242808
    ));
#7856 = DIRECTION('',(-0.653469787072,-5.245084524026E-07,0.756952599166
    ));
#7857 = DIRECTION('',(0.756952599166,-7.966380103741E-24,0.653469787072)
  );
#7858 = ADVANCED_FACE('',(#7859),#7876,.T.);
#7859 = FACE_BOUND('',#7860,.T.);
#7860 = EDGE_LOOP('',(#7861,#7862,#7870));
#7861 = ORIENTED_EDGE('',*,*,#7848,.F.);
#7862 = ORIENTED_EDGE('',*,*,#7863,.T.);
#7863 = EDGE_CURVE('',#6821,#7864,#7866,.T.);
#7864 = VERTEX_POINT('',#7865);
#7865 = CARTESIAN_POINT('',(5.358974456787,0.5,2.40246462822));
#7866 = LINE('',#7867,#7868);
#7867 = CARTESIAN_POINT('',(5.358974456787,0.25,2.40246462822));
#7868 = VECTOR('',#7869,1.);
#7869 = DIRECTION('',(0.,1.,0.));
#7870 = ORIENTED_EDGE('',*,*,#7871,.T.);
#7871 = EDGE_CURVE('',#7864,#7840,#7872,.T.);
#7872 = LINE('',#7873,#7874);
#7873 = CARTESIAN_POINT('',(5.358974456787,0.5,2.40246462822));
#7874 = VECTOR('',#7875,1.);
#7875 = DIRECTION('',(-0.597765087041,-0.613494207559,-0.516044337248));
#7876 = PLANE('',#7877);
#7877 = AXIS2_PLACEMENT_3D('',#7878,#7879,#7880);
#7878 = CARTESIAN_POINT('',(5.321231781019,0.375,2.369881771634));
#7879 = DIRECTION('',(-0.653469478632,0.,0.756952865439));
#7880 = DIRECTION('',(0.756952865439,0.,0.653469478632));
#7881 = ADVANCED_FACE('',(#7882),#7897,.T.);
#7882 = FACE_BOUND('',#7883,.T.);
#7883 = EDGE_LOOP('',(#7884,#7885,#7891));
#7884 = ORIENTED_EDGE('',*,*,#7871,.F.);
#7885 = ORIENTED_EDGE('',*,*,#7886,.T.);
#7886 = EDGE_CURVE('',#7864,#7786,#7887,.T.);
#7887 = LINE('',#7888,#7889);
#7888 = CARTESIAN_POINT('',(5.358974456787,0.5,2.40246462822));
#7889 = VECTOR('',#7890,1.);
#7890 = DIRECTION('',(-0.756952599166,0.,-0.653469787072));
#7891 = ORIENTED_EDGE('',*,*,#7892,.T.);
#7892 = EDGE_CURVE('',#7786,#7840,#7893,.T.);
#7893 = LINE('',#7894,#7895);
#7894 = CARTESIAN_POINT('',(5.115384578705,0.5,2.192175865173));
#7895 = VECTOR('',#7896,1.);
#7896 = DIRECTION('',(0.597763943944,-0.613495436263,0.516044200631));
#7897 = PLANE('',#7898);
#7898 = AXIS2_PLACEMENT_3D('',#7899,#7900,#7901);
#7899 = CARTESIAN_POINT('',(5.237179485212,0.465077921482,2.297320242808
    ));
#7900 = DIRECTION('',(-0.653469787072,5.245084524134E-07,0.756952599166)
  );
#7901 = DIRECTION('',(0.756952599166,-4.404606905826E-24,0.653469787072)
  );
#7902 = ADVANCED_FACE('',(#7903),#7908,.T.);
#7903 = FACE_BOUND('',#7904,.T.);
#7904 = EDGE_LOOP('',(#7905,#7906,#7907));
#7905 = ORIENTED_EDGE('',*,*,#7892,.F.);
#7906 = ORIENTED_EDGE('',*,*,#7785,.F.);
#7907 = ORIENTED_EDGE('',*,*,#7839,.F.);
#7908 = PLANE('',#7909);
#7909 = AXIS2_PLACEMENT_3D('',#7910,#7911,#7912);
#7910 = CARTESIAN_POINT('',(5.153127077966,0.375,2.224758623064));
#7911 = DIRECTION('',(-0.653470095512,0.,0.756952332892));
#7912 = DIRECTION('',(0.756952332892,0.,0.653470095512));
#7913 = ADVANCED_FACE('',(#7914),#7931,.T.);
#7914 = FACE_BOUND('',#7915,.T.);
#7915 = EDGE_LOOP('',(#7916,#7924,#7925));
#7916 = ORIENTED_EDGE('',*,*,#7917,.T.);
#7917 = EDGE_CURVE('',#7918,#6821,#7920,.T.);
#7918 = VERTEX_POINT('',#7919);
#7919 = CARTESIAN_POINT('',(5.48076915741,0.375,2.48982334137));
#7920 = LINE('',#7921,#7922);
#7921 = CARTESIAN_POINT('',(5.48076915741,0.375,2.48982334137));
#7922 = VECTOR('',#7923,1.);
#7923 = DIRECTION('',(-0.624051010066,-0.640474305199,-0.447608088863));
#7924 = ORIENTED_EDGE('',*,*,#6882,.F.);
#7925 = ORIENTED_EDGE('',*,*,#7926,.T.);
#7926 = EDGE_CURVE('',#6407,#7918,#7927,.T.);
#7927 = LINE('',#7928,#7929);
#7928 = CARTESIAN_POINT('',(5.602564334869,0.25,2.57718205452));
#7929 = VECTOR('',#7930,1.);
#7930 = DIRECTION('',(-0.624052501793,0.640473328674,-0.447607406399));
#7931 = PLANE('',#7932);
#7932 = AXIS2_PLACEMENT_3D('',#7933,#7934,#7935);
#7933 = CARTESIAN_POINT('',(5.48076935466,0.28535107851,2.489823360204)
  );
#7934 = DIRECTION('',(-0.582837761474,-1.111674807487E-06,0.812588545205
    ));
#7935 = DIRECTION('',(0.812588545206,-3.283024597294E-23,0.582837761474)
  );
#7936 = ADVANCED_FACE('',(#7937),#7947,.T.);
#7937 = FACE_BOUND('',#7938,.T.);
#7938 = EDGE_LOOP('',(#7939,#7940,#7941));
#7939 = ORIENTED_EDGE('',*,*,#7926,.F.);
#7940 = ORIENTED_EDGE('',*,*,#6406,.T.);
#7941 = ORIENTED_EDGE('',*,*,#7942,.T.);
#7942 = EDGE_CURVE('',#6399,#7918,#7943,.T.);
#7943 = LINE('',#7944,#7945);
#7944 = CARTESIAN_POINT('',(5.602564334869,0.5,2.57718205452));
#7945 = VECTOR('',#7946,1.);
#7946 = DIRECTION('',(-0.624052501793,-0.640473328674,-0.447607406399));
#7947 = PLANE('',#7948);
#7948 = AXIS2_PLACEMENT_3D('',#7949,#7950,#7951);
#7949 = CARTESIAN_POINT('',(5.565442372771,0.375,2.550555985195));
#7950 = DIRECTION('',(-0.58283700812,0.,0.812589085557));
#7951 = DIRECTION('',(0.812589085557,0.,0.58283700812));
#7952 = ADVANCED_FACE('',(#7953),#7968,.T.);
#7953 = FACE_BOUND('',#7954,.T.);
#7954 = EDGE_LOOP('',(#7955,#7956,#7962));
#7955 = ORIENTED_EDGE('',*,*,#7942,.F.);
#7956 = ORIENTED_EDGE('',*,*,#7957,.T.);
#7957 = EDGE_CURVE('',#6399,#7864,#7958,.T.);
#7958 = LINE('',#7959,#7960);
#7959 = CARTESIAN_POINT('',(5.602564334869,0.5,2.57718205452));
#7960 = VECTOR('',#7961,1.);
#7961 = DIRECTION('',(-0.812588545206,0.,-0.582837761474));
#7962 = ORIENTED_EDGE('',*,*,#7963,.T.);
#7963 = EDGE_CURVE('',#7864,#7918,#7964,.T.);
#7964 = LINE('',#7965,#7966);
#7965 = CARTESIAN_POINT('',(5.358974456787,0.5,2.40246462822));
#7966 = VECTOR('',#7967,1.);
#7967 = DIRECTION('',(0.624051010066,-0.640474305199,0.447608088863));
#7968 = PLANE('',#7969);
#7969 = AXIS2_PLACEMENT_3D('',#7970,#7971,#7972);
#7970 = CARTESIAN_POINT('',(5.48076935466,0.46464892149,2.489823360204)
  );
#7971 = DIRECTION('',(-0.582837761474,1.111674807533E-06,0.812588545205)
  );
#7972 = DIRECTION('',(0.812588545206,8.952034569182E-23,0.582837761474)
  );
#7973 = ADVANCED_FACE('',(#7974),#7979,.T.);
#7974 = FACE_BOUND('',#7975,.T.);
#7975 = EDGE_LOOP('',(#7976,#7977,#7978));
#7976 = ORIENTED_EDGE('',*,*,#7963,.F.);
#7977 = ORIENTED_EDGE('',*,*,#7863,.F.);
#7978 = ORIENTED_EDGE('',*,*,#7917,.F.);
#7979 = PLANE('',#7980);
#7980 = AXIS2_PLACEMENT_3D('',#7981,#7982,#7983);
#7981 = CARTESIAN_POINT('',(5.396096251452,0.375,2.429090681695));
#7982 = DIRECTION('',(-0.58283851483,0.,0.812588004853));
#7983 = DIRECTION('',(0.812588004853,0.,0.58283851483));
#7984 = ADVANCED_FACE('',(#7985),#8002,.T.);
#7985 = FACE_BOUND('',#7986,.T.);
#7986 = EDGE_LOOP('',(#7987,#7995,#7996));
#7987 = ORIENTED_EDGE('',*,*,#7988,.T.);
#7988 = EDGE_CURVE('',#7989,#7256,#7991,.T.);
#7989 = VERTEX_POINT('',#7990);
#7990 = CARTESIAN_POINT('',(3.288461446762,0.625,0.818093955517));
#7991 = LINE('',#7992,#7993);
#7992 = CARTESIAN_POINT('',(3.288461446762,0.625,0.818093955517));
#7993 = VECTOR('',#7994,1.);
#7994 = DIRECTION('',(-0.694270804767,-0.71254209052,-0.10134998217));
#7995 = ORIENTED_EDGE('',*,*,#7255,.F.);
#7996 = ORIENTED_EDGE('',*,*,#7997,.T.);
#7997 = EDGE_CURVE('',#7233,#7989,#7998,.T.);
#7998 = LINE('',#7999,#8000);
#7999 = CARTESIAN_POINT('',(3.410256385803,0.5,0.835873544216));
#8000 = VECTOR('',#8001,1.);
#8001 = DIRECTION('',(-0.694271532653,0.712541442731,-0.101349550264));
#8002 = PLANE('',#8003);
#8003 = AXIS2_PLACEMENT_3D('',#8004,#8005,#8006);
#8004 = CARTESIAN_POINT('',(3.288461547211,0.536729495338,0.818093936846
    ));
#8005 = DIRECTION('',(-0.14444908296,-3.736754814291E-07,0.989512234604)
  );
#8006 = DIRECTION('',(0.989512234605,-1.705889701394E-24,0.14444908296)
  );
#8007 = ADVANCED_FACE('',(#8008),#8025,.T.);
#8008 = FACE_BOUND('',#8009,.T.);
#8009 = EDGE_LOOP('',(#8010,#8011,#8019));
#8010 = ORIENTED_EDGE('',*,*,#7997,.F.);
#8011 = ORIENTED_EDGE('',*,*,#8012,.T.);
#8012 = EDGE_CURVE('',#7233,#8013,#8015,.T.);
#8013 = VERTEX_POINT('',#8014);
#8014 = CARTESIAN_POINT('',(3.410256385803,0.75,0.835873544216));
#8015 = LINE('',#8016,#8017);
#8016 = CARTESIAN_POINT('',(3.410256385803,0.5,0.835873544216));
#8017 = VECTOR('',#8018,1.);
#8018 = DIRECTION('',(0.,1.,0.));
#8019 = ORIENTED_EDGE('',*,*,#8020,.T.);
#8020 = EDGE_CURVE('',#8013,#7989,#8021,.T.);
#8021 = LINE('',#8022,#8023);
#8022 = CARTESIAN_POINT('',(3.410256385803,0.75,0.835873544216));
#8023 = VECTOR('',#8024,1.);
#8024 = DIRECTION('',(-0.694271532653,-0.712541442731,-0.101349550264));
#8025 = PLANE('',#8026);
#8026 = AXIS2_PLACEMENT_3D('',#8027,#8028,#8029);
#8027 = CARTESIAN_POINT('',(3.374696680209,0.625,0.830682549051));
#8028 = DIRECTION('',(-0.144448707453,0.,0.989512289421));
#8029 = DIRECTION('',(0.989512289421,0.,0.144448707453));
#8030 = ADVANCED_FACE('',(#8031),#8048,.T.);
#8031 = FACE_BOUND('',#8032,.T.);
#8032 = EDGE_LOOP('',(#8033,#8034,#8042));
#8033 = ORIENTED_EDGE('',*,*,#8020,.F.);
#8034 = ORIENTED_EDGE('',*,*,#8035,.T.);
#8035 = EDGE_CURVE('',#8013,#8036,#8038,.T.);
#8036 = VERTEX_POINT('',#8037);
#8037 = CARTESIAN_POINT('',(3.16666674614,0.75,0.800314307213));
#8038 = LINE('',#8039,#8040);
#8039 = CARTESIAN_POINT('',(3.410256385803,0.75,0.835873544216));
#8040 = VECTOR('',#8041,1.);
#8041 = DIRECTION('',(-0.989512234605,0.,-0.14444908296));
#8042 = ORIENTED_EDGE('',*,*,#8043,.T.);
#8043 = EDGE_CURVE('',#8036,#7989,#8044,.T.);
#8044 = LINE('',#8045,#8046);
#8045 = CARTESIAN_POINT('',(3.16666674614,0.75,0.800314307213));
#8046 = VECTOR('',#8047,1.);
#8047 = DIRECTION('',(0.694270804767,-0.71254209052,0.10134998217));
#8048 = PLANE('',#8049);
#8049 = AXIS2_PLACEMENT_3D('',#8050,#8051,#8052);
#8050 = CARTESIAN_POINT('',(3.288461547211,0.713270504662,0.818093936846
    ));
#8051 = DIRECTION('',(-0.14444908296,3.736754814274E-07,0.989512234604)
  );
#8052 = DIRECTION('',(0.989512234605,-1.115633167011E-24,0.14444908296)
  );
#8053 = ADVANCED_FACE('',(#8054),#8064,.T.);
#8054 = FACE_BOUND('',#8055,.T.);
#8055 = EDGE_LOOP('',(#8056,#8057,#8063));
#8056 = ORIENTED_EDGE('',*,*,#8043,.F.);
#8057 = ORIENTED_EDGE('',*,*,#8058,.F.);
#8058 = EDGE_CURVE('',#7256,#8036,#8059,.T.);
#8059 = LINE('',#8060,#8061);
#8060 = CARTESIAN_POINT('',(3.16666674614,0.5,0.800314307213));
#8061 = VECTOR('',#8062,1.);
#8062 = DIRECTION('',(0.,1.,0.));
#8063 = ORIENTED_EDGE('',*,*,#7988,.F.);
#8064 = PLANE('',#8065);
#8065 = AXIS2_PLACEMENT_3D('',#8066,#8067,#8068);
#8066 = CARTESIAN_POINT('',(3.202226368673,0.625,0.805505317817));
#8067 = DIRECTION('',(-0.144449458467,0.,0.989512179788));
#8068 = DIRECTION('',(0.989512179788,0.,0.144449458467));
#8069 = ADVANCED_FACE('',(#8070),#8087,.T.);
#8070 = FACE_BOUND('',#8071,.T.);
#8071 = EDGE_LOOP('',(#8072,#8080,#8081));
#8072 = ORIENTED_EDGE('',*,*,#8073,.T.);
#8073 = EDGE_CURVE('',#8074,#7233,#8076,.T.);
#8074 = VERTEX_POINT('',#8075);
#8075 = CARTESIAN_POINT('',(3.532051324844,0.625,0.882115662098));
#8076 = LINE('',#8077,#8078);
#8077 = CARTESIAN_POINT('',(3.532051324844,0.625,0.882115662098));
#8078 = VECTOR('',#8079,1.);
#8079 = DIRECTION('',(-0.674587294071,-0.692339209024,-0.256121850543));
#8080 = ORIENTED_EDGE('',*,*,#7340,.F.);
#8081 = ORIENTED_EDGE('',*,*,#8082,.T.);
#8082 = EDGE_CURVE('',#7318,#8074,#8083,.T.);
#8083 = LINE('',#8084,#8085);
#8084 = CARTESIAN_POINT('',(3.653846263885,0.5,0.928357839584));
#8085 = VECTOR('',#8086,1.);
#8086 = DIRECTION('',(-0.674587237032,0.692339150484,-0.25612215902));
#8087 = PLANE('',#8088);
#8088 = AXIS2_PLACEMENT_3D('',#8089,#8090,#8091);
#8089 = CARTESIAN_POINT('',(3.53205132634,0.536304024593,0.882115683812)
  );
#8090 = DIRECTION('',(-0.354949927079,2.228940280544E-07,0.93488531343)
  );
#8091 = DIRECTION('',(0.93488531343,-9.275490405027E-24,0.354949927079)
  );
#8092 = ADVANCED_FACE('',(#8093),#8110,.T.);
#8093 = FACE_BOUND('',#8094,.T.);
#8094 = EDGE_LOOP('',(#8095,#8096,#8104));
#8095 = ORIENTED_EDGE('',*,*,#8082,.F.);
#8096 = ORIENTED_EDGE('',*,*,#8097,.T.);
#8097 = EDGE_CURVE('',#7318,#8098,#8100,.T.);
#8098 = VERTEX_POINT('',#8099);
#8099 = CARTESIAN_POINT('',(3.653846263885,0.75,0.928357839584));
#8100 = LINE('',#8101,#8102);
#8101 = CARTESIAN_POINT('',(3.653846263885,0.5,0.928357839584));
#8102 = VECTOR('',#8103,1.);
#8103 = DIRECTION('',(0.,1.,0.));
#8104 = ORIENTED_EDGE('',*,*,#8105,.T.);
#8105 = EDGE_CURVE('',#8098,#8074,#8106,.T.);
#8106 = LINE('',#8107,#8108);
#8107 = CARTESIAN_POINT('',(3.653846263885,0.75,0.928357839584));
#8108 = VECTOR('',#8109,1.);
#8109 = DIRECTION('',(-0.674587237032,-0.692339150484,-0.25612215902));
#8110 = PLANE('',#8111);
#8111 = AXIS2_PLACEMENT_3D('',#8112,#8113,#8114);
#8112 = CARTESIAN_POINT('',(3.61786206444,0.625,0.91469563202));
#8113 = DIRECTION('',(-0.354950127018,0.,0.934885237519));
#8114 = DIRECTION('',(0.934885237519,0.,0.354950127018));
#8115 = ADVANCED_FACE('',(#8116),#8131,.T.);
#8116 = FACE_BOUND('',#8117,.T.);
#8117 = EDGE_LOOP('',(#8118,#8119,#8125));
#8118 = ORIENTED_EDGE('',*,*,#8105,.F.);
#8119 = ORIENTED_EDGE('',*,*,#8120,.T.);
#8120 = EDGE_CURVE('',#8098,#8013,#8121,.T.);
#8121 = LINE('',#8122,#8123);
#8122 = CARTESIAN_POINT('',(3.653846263885,0.75,0.928357839584));
#8123 = VECTOR('',#8124,1.);
#8124 = DIRECTION('',(-0.93488531343,0.,-0.354949927079));
#8125 = ORIENTED_EDGE('',*,*,#8126,.T.);
#8126 = EDGE_CURVE('',#8013,#8074,#8127,.T.);
#8127 = LINE('',#8128,#8129);
#8128 = CARTESIAN_POINT('',(3.410256385803,0.75,0.835873544216));
#8129 = VECTOR('',#8130,1.);
#8130 = DIRECTION('',(0.674587294071,-0.692339209024,0.256121850543));
#8131 = PLANE('',#8132);
#8132 = AXIS2_PLACEMENT_3D('',#8133,#8134,#8135);
#8133 = CARTESIAN_POINT('',(3.53205132634,0.713695975407,0.882115683812)
  );
#8134 = DIRECTION('',(-0.354949927079,-2.228940280363E-07,0.93488531343)
  );
#8135 = DIRECTION('',(0.93488531343,1.807332023125E-24,0.354949927079));
#8136 = ADVANCED_FACE('',(#8137),#8142,.T.);
#8137 = FACE_BOUND('',#8138,.T.);
#8138 = EDGE_LOOP('',(#8139,#8140,#8141));
#8139 = ORIENTED_EDGE('',*,*,#8126,.F.);
#8140 = ORIENTED_EDGE('',*,*,#8012,.F.);
#8141 = ORIENTED_EDGE('',*,*,#8073,.F.);
#8142 = PLANE('',#8143);
#8143 = AXIS2_PLACEMENT_3D('',#8144,#8145,#8146);
#8144 = CARTESIAN_POINT('',(3.446240584004,0.625,0.849535733698));
#8145 = DIRECTION('',(-0.354949727141,0.,0.934885389341));
#8146 = DIRECTION('',(0.934885389341,0.,0.354949727141));
#8147 = ADVANCED_FACE('',(#8148),#8165,.T.);
#8148 = FACE_BOUND('',#8149,.T.);
#8149 = EDGE_LOOP('',(#8150,#8158,#8159));
#8150 = ORIENTED_EDGE('',*,*,#8151,.T.);
#8151 = EDGE_CURVE('',#8152,#7318,#8154,.T.);
#8152 = VERTEX_POINT('',#8153);
#8153 = CARTESIAN_POINT('',(3.775640964508,0.625,1.00033223629));
#8154 = LINE('',#8155,#8156);
#8155 = CARTESIAN_POINT('',(3.775640964508,0.625,1.00033223629));
#8156 = VECTOR('',#8157,1.);
#8157 = DIRECTION('',(-0.645154952874,-0.662133645364,-0.381253357309));
#8158 = ORIENTED_EDGE('',*,*,#7418,.F.);
#8159 = ORIENTED_EDGE('',*,*,#8160,.T.);
#8160 = EDGE_CURVE('',#7396,#8152,#8161,.T.);
#8161 = LINE('',#8162,#8163);
#8162 = CARTESIAN_POINT('',(3.897435903549,0.5,1.072306632996));
#8163 = VECTOR('',#8164,1.);
#8164 = DIRECTION('',(-0.645155690134,0.662133105872,-0.381253046672));
#8165 = PLANE('',#8166);
#8166 = AXIS2_PLACEMENT_3D('',#8167,#8168,#8169);
#8167 = CARTESIAN_POINT('',(3.775641063827,0.535726820508,1.000332244671
    ));
#8168 = DIRECTION('',(-0.508754095478,-4.851857142285E-07,0.860911883025
    ));
#8169 = DIRECTION('',(0.860911883025,2.290573829113E-23,0.508754095478)
  );
#8170 = ADVANCED_FACE('',(#8171),#8188,.T.);
#8171 = FACE_BOUND('',#8172,.T.);
#8172 = EDGE_LOOP('',(#8173,#8174,#8182));
#8173 = ORIENTED_EDGE('',*,*,#8160,.F.);
#8174 = ORIENTED_EDGE('',*,*,#8175,.T.);
#8175 = EDGE_CURVE('',#7396,#8176,#8178,.T.);
#8176 = VERTEX_POINT('',#8177);
#8177 = CARTESIAN_POINT('',(3.897435903549,0.75,1.072306632996));
#8178 = LINE('',#8179,#8180);
#8179 = CARTESIAN_POINT('',(3.897435903549,0.5,1.072306632996));
#8180 = VECTOR('',#8181,1.);
#8181 = DIRECTION('',(0.,1.,0.));
#8182 = ORIENTED_EDGE('',*,*,#8183,.T.);
#8183 = EDGE_CURVE('',#8176,#8152,#8184,.T.);
#8184 = LINE('',#8185,#8186);
#8185 = CARTESIAN_POINT('',(3.897435903549,0.75,1.072306632996));
#8186 = VECTOR('',#8187,1.);
#8187 = DIRECTION('',(-0.645155690134,-0.662133105872,-0.381253046672));
#8188 = PLANE('',#8189);
#8189 = AXIS2_PLACEMENT_3D('',#8190,#8191,#8192);
#8190 = CARTESIAN_POINT('',(3.860797761089,0.625,1.050655419729));
#8191 = DIRECTION('',(-0.50875372641,0.,0.860912101125));
#8192 = DIRECTION('',(0.860912101125,0.,0.50875372641));
#8193 = ADVANCED_FACE('',(#8194),#8209,.T.);
#8194 = FACE_BOUND('',#8195,.T.);
#8195 = EDGE_LOOP('',(#8196,#8197,#8203));
#8196 = ORIENTED_EDGE('',*,*,#8183,.F.);
#8197 = ORIENTED_EDGE('',*,*,#8198,.T.);
#8198 = EDGE_CURVE('',#8176,#8098,#8199,.T.);
#8199 = LINE('',#8200,#8201);
#8200 = CARTESIAN_POINT('',(3.897435903549,0.75,1.072306632996));
#8201 = VECTOR('',#8202,1.);
#8202 = DIRECTION('',(-0.860911883025,0.,-0.508754095478));
#8203 = ORIENTED_EDGE('',*,*,#8204,.T.);
#8204 = EDGE_CURVE('',#8098,#8152,#8205,.T.);
#8205 = LINE('',#8206,#8207);
#8206 = CARTESIAN_POINT('',(3.653846263885,0.75,0.928357839584));
#8207 = VECTOR('',#8208,1.);
#8208 = DIRECTION('',(0.645154952874,-0.662133645364,0.381253357309));
#8209 = PLANE('',#8210);
#8210 = AXIS2_PLACEMENT_3D('',#8211,#8212,#8213);
#8211 = CARTESIAN_POINT('',(3.775641063827,0.714273179492,1.000332244671
    ));
#8212 = DIRECTION('',(-0.508754095478,4.851857142158E-07,0.860911883025)
  );
#8213 = DIRECTION('',(0.860911883025,1.248589768377E-23,0.508754095478)
  );
#8214 = ADVANCED_FACE('',(#8215),#8220,.T.);
#8215 = FACE_BOUND('',#8216,.T.);
#8216 = EDGE_LOOP('',(#8217,#8218,#8219));
#8217 = ORIENTED_EDGE('',*,*,#8204,.F.);
#8218 = ORIENTED_EDGE('',*,*,#8097,.F.);
#8219 = ORIENTED_EDGE('',*,*,#8151,.F.);
#8220 = PLANE('',#8221);
#8221 = AXIS2_PLACEMENT_3D('',#8222,#8223,#8224);
#8222 = CARTESIAN_POINT('',(3.690484322733,0.625,0.950009045824));
#8223 = DIRECTION('',(-0.508754464546,0.,0.860911664925));
#8224 = DIRECTION('',(0.860911664925,0.,0.508754464546));
#8225 = ADVANCED_FACE('',(#8226),#8243,.T.);
#8226 = FACE_BOUND('',#8227,.T.);
#8227 = EDGE_LOOP('',(#8228,#8236,#8237));
#8228 = ORIENTED_EDGE('',*,*,#8229,.T.);
#8229 = EDGE_CURVE('',#8230,#7396,#8232,.T.);
#8230 = VERTEX_POINT('',#8231);
#8231 = CARTESIAN_POINT('',(4.01923084259,0.625,1.165763616562));
#8232 = LINE('',#8233,#8234);
#8233 = CARTESIAN_POINT('',(4.01923084259,0.625,1.165763616562));
#8234 = VECTOR('',#8235,1.);
#8235 = DIRECTION('',(-0.615210582996,-0.631399986567,-0.472069905346));
#8236 = ORIENTED_EDGE('',*,*,#7496,.F.);
#8237 = ORIENTED_EDGE('',*,*,#8238,.T.);
#8238 = EDGE_CURVE('',#7474,#8230,#8239,.T.);
#8239 = LINE('',#8240,#8241);
#8240 = CARTESIAN_POINT('',(4.141025543213,0.5,1.259220600128));
#8241 = VECTOR('',#8242,1.);
#8242 = DIRECTION('',(-0.615209834503,0.63140045437,-0.472070255102));
#8243 = PLANE('',#8244);
#8244 = AXIS2_PLACEMENT_3D('',#8245,#8246,#8247);
#8245 = CARTESIAN_POINT('',(4.019230744246,0.535202201686,1.165763606812
    ));
#8246 = DIRECTION('',(-0.608763607322,5.805622170379E-07,0.793351668807)
  );
#8247 = DIRECTION('',(0.793351668808,-6.876060317921E-24,0.608763607322)
  );
#8248 = ADVANCED_FACE('',(#8249),#8266,.T.);
#8249 = FACE_BOUND('',#8250,.T.);
#8250 = EDGE_LOOP('',(#8251,#8252,#8260));
#8251 = ORIENTED_EDGE('',*,*,#8238,.F.);
#8252 = ORIENTED_EDGE('',*,*,#8253,.T.);
#8253 = EDGE_CURVE('',#7474,#8254,#8256,.T.);
#8254 = VERTEX_POINT('',#8255);
#8255 = CARTESIAN_POINT('',(4.141025543213,0.75,1.259220600128));
#8256 = LINE('',#8257,#8258);
#8257 = CARTESIAN_POINT('',(4.141025543213,0.5,1.259220600128));
#8258 = VECTOR('',#8259,1.);
#8259 = DIRECTION('',(0.,1.,0.));
#8260 = ORIENTED_EDGE('',*,*,#8261,.T.);
#8261 = EDGE_CURVE('',#8254,#8230,#8262,.T.);
#8262 = LINE('',#8263,#8264);
#8263 = CARTESIAN_POINT('',(4.141025543213,0.75,1.259220600128));
#8264 = VECTOR('',#8265,1.);
#8265 = DIRECTION('',(-0.615209834503,-0.63140045437,-0.472070255102));
#8266 = PLANE('',#8267);
#8267 = AXIS2_PLACEMENT_3D('',#8268,#8269,#8270);
#8268 = CARTESIAN_POINT('',(4.103697277091,0.625,1.230577423244));
#8269 = DIRECTION('',(-0.608763982349,0.,0.793351381038));
#8270 = DIRECTION('',(0.793351381038,0.,0.608763982349));
#8271 = ADVANCED_FACE('',(#8272),#8287,.T.);
#8272 = FACE_BOUND('',#8273,.T.);
#8273 = EDGE_LOOP('',(#8274,#8275,#8281));
#8274 = ORIENTED_EDGE('',*,*,#8261,.F.);
#8275 = ORIENTED_EDGE('',*,*,#8276,.T.);
#8276 = EDGE_CURVE('',#8254,#8176,#8277,.T.);
#8277 = LINE('',#8278,#8279);
#8278 = CARTESIAN_POINT('',(4.141025543213,0.75,1.259220600128));
#8279 = VECTOR('',#8280,1.);
#8280 = DIRECTION('',(-0.793351668808,0.,-0.608763607322));
#8281 = ORIENTED_EDGE('',*,*,#8282,.T.);
#8282 = EDGE_CURVE('',#8176,#8230,#8283,.T.);
#8283 = LINE('',#8284,#8285);
#8284 = CARTESIAN_POINT('',(3.897435903549,0.75,1.072306632996));
#8285 = VECTOR('',#8286,1.);
#8286 = DIRECTION('',(0.615210582996,-0.631399986567,0.472069905346));
#8287 = PLANE('',#8288);
#8288 = AXIS2_PLACEMENT_3D('',#8289,#8290,#8291);
#8289 = CARTESIAN_POINT('',(4.019230744246,0.714797798314,1.165763606812
    ));
#8290 = DIRECTION('',(-0.608763607322,-5.805622170971E-07,0.793351668807
    ));
#8291 = DIRECTION('',(0.793351668808,-6.647482108517E-24,0.608763607322)
  );
#8292 = ADVANCED_FACE('',(#8293),#8298,.T.);
#8293 = FACE_BOUND('',#8294,.T.);
#8294 = EDGE_LOOP('',(#8295,#8296,#8297));
#8295 = ORIENTED_EDGE('',*,*,#8282,.F.);
#8296 = ORIENTED_EDGE('',*,*,#8175,.F.);
#8297 = ORIENTED_EDGE('',*,*,#8229,.F.);
#8298 = PLANE('',#8299);
#8299 = AXIS2_PLACEMENT_3D('',#8300,#8301,#8302);
#8300 = CARTESIAN_POINT('',(3.934764253446,0.625,1.100949818093));
#8301 = DIRECTION('',(-0.608763232297,0.,0.793351956577));
#8302 = DIRECTION('',(0.793351956577,0.,0.608763232297));
#8303 = ADVANCED_FACE('',(#8304),#8321,.T.);
#8304 = FACE_BOUND('',#8305,.T.);
#8305 = EDGE_LOOP('',(#8306,#8314,#8315));
#8306 = ORIENTED_EDGE('',*,*,#8307,.T.);
#8307 = EDGE_CURVE('',#8308,#7474,#8310,.T.);
#8308 = VERTEX_POINT('',#8309);
#8309 = CARTESIAN_POINT('',(4.262820720673,0.625,1.36864233017));
#8310 = LINE('',#8311,#8312);
#8311 = CARTESIAN_POINT('',(4.262820720673,0.625,1.36864233017));
#8312 = VECTOR('',#8313,1.);
#8313 = DIRECTION('',(-0.591265336571,-0.606823427765,-0.531197354366));
#8314 = ORIENTED_EDGE('',*,*,#7574,.F.);
#8315 = ORIENTED_EDGE('',*,*,#8316,.T.);
#8316 = EDGE_CURVE('',#7552,#8308,#8317,.T.);
#8317 = LINE('',#8318,#8319);
#8318 = CARTESIAN_POINT('',(4.384615421295,0.5,1.478064060211));
#8319 = VECTOR('',#8320,1.);
#8320 = DIRECTION('',(-0.591263830978,0.606824258318,-0.53119808141));
#8321 = PLANE('',#8322);
#8322 = AXIS2_PLACEMENT_3D('',#8323,#8324,#8325);
#8323 = CARTESIAN_POINT('',(4.262820525453,0.534822116231,1.368642309309
    ));
#8324 = DIRECTION('',(-0.668310801071,1.274701692688E-06,0.743882163498)
  );
#8325 = DIRECTION('',(0.743882163499,-4.410228911392E-23,0.668310801071)
  );
#8326 = ADVANCED_FACE('',(#8327),#8344,.T.);
#8327 = FACE_BOUND('',#8328,.T.);
#8328 = EDGE_LOOP('',(#8329,#8330,#8338));
#8329 = ORIENTED_EDGE('',*,*,#8316,.F.);
#8330 = ORIENTED_EDGE('',*,*,#8331,.T.);
#8331 = EDGE_CURVE('',#7552,#8332,#8334,.T.);
#8332 = VERTEX_POINT('',#8333);
#8333 = CARTESIAN_POINT('',(4.384615421295,0.75,1.478064060211));
#8334 = LINE('',#8335,#8336);
#8335 = CARTESIAN_POINT('',(4.384615421295,0.5,1.478064060211));
#8336 = VECTOR('',#8337,1.);
#8337 = DIRECTION('',(0.,1.,0.));
#8338 = ORIENTED_EDGE('',*,*,#8339,.T.);
#8339 = EDGE_CURVE('',#8332,#8308,#8340,.T.);
#8340 = LINE('',#8341,#8342);
#8341 = CARTESIAN_POINT('',(4.384615421295,0.75,1.478064060211));
#8342 = VECTOR('',#8343,1.);
#8343 = DIRECTION('',(-0.591263830978,-0.606824258318,-0.53119808141));
#8344 = PLANE('',#8345);
#8345 = AXIS2_PLACEMENT_3D('',#8346,#8347,#8348);
#8346 = CARTESIAN_POINT('',(4.346716223548,0.625,1.444014994336));
#8347 = DIRECTION('',(-0.668311525004,0.,0.74388151311));
#8348 = DIRECTION('',(0.74388151311,0.,0.668311525004));
#8349 = ADVANCED_FACE('',(#8350),#8365,.T.);
#8350 = FACE_BOUND('',#8351,.T.);
#8351 = EDGE_LOOP('',(#8352,#8353,#8359));
#8352 = ORIENTED_EDGE('',*,*,#8339,.F.);
#8353 = ORIENTED_EDGE('',*,*,#8354,.T.);
#8354 = EDGE_CURVE('',#8332,#8254,#8355,.T.);
#8355 = LINE('',#8356,#8357);
#8356 = CARTESIAN_POINT('',(4.384615421295,0.75,1.478064060211));
#8357 = VECTOR('',#8358,1.);
#8358 = DIRECTION('',(-0.743882163499,0.,-0.668310801071));
#8359 = ORIENTED_EDGE('',*,*,#8360,.T.);
#8360 = EDGE_CURVE('',#8254,#8308,#8361,.T.);
#8361 = LINE('',#8362,#8363);
#8362 = CARTESIAN_POINT('',(4.141025543213,0.75,1.259220600128));
#8363 = VECTOR('',#8364,1.);
#8364 = DIRECTION('',(0.591265336571,-0.606823427765,0.531197354366));
#8365 = PLANE('',#8366);
#8366 = AXIS2_PLACEMENT_3D('',#8367,#8368,#8369);
#8367 = CARTESIAN_POINT('',(4.262820525453,0.715177883769,1.368642309309
    ));
#8368 = DIRECTION('',(-0.668310801071,-1.274701692707E-06,0.743882163498
    ));
#8369 = DIRECTION('',(0.743882163499,-5.118396647004E-23,0.668310801071)
  );
#8370 = ADVANCED_FACE('',(#8371),#8376,.T.);
#8371 = FACE_BOUND('',#8372,.T.);
#8372 = EDGE_LOOP('',(#8373,#8374,#8375));
#8373 = ORIENTED_EDGE('',*,*,#8360,.F.);
#8374 = ORIENTED_EDGE('',*,*,#8253,.F.);
#8375 = ORIENTED_EDGE('',*,*,#8307,.F.);
#8376 = PLANE('',#8377);
#8377 = AXIS2_PLACEMENT_3D('',#8378,#8379,#8380);
#8378 = CARTESIAN_POINT('',(4.178924908929,0.625,1.293269683603));
#8379 = DIRECTION('',(-0.66831007714,0.,0.743882813885));
#8380 = DIRECTION('',(0.743882813885,0.,0.66831007714));
#8381 = ADVANCED_FACE('',(#8382),#8399,.T.);
#8382 = FACE_BOUND('',#8383,.T.);
#8383 = EDGE_LOOP('',(#8384,#8392,#8393));
#8384 = ORIENTED_EDGE('',*,*,#8385,.T.);
#8385 = EDGE_CURVE('',#8386,#7552,#8388,.T.);
#8386 = VERTEX_POINT('',#8387);
#8387 = CARTESIAN_POINT('',(4.506410121918,0.625,1.596989750862));
#8388 = LINE('',#8389,#8390);
#8389 = CARTESIAN_POINT('',(4.506410121918,0.625,1.596989750862));
#8390 = VECTOR('',#8391,1.);
#8391 = DIRECTION('',(-0.576699952887,-0.59187709927,-0.563115142489));
#8392 = ORIENTED_EDGE('',*,*,#7652,.F.);
#8393 = ORIENTED_EDGE('',*,*,#8394,.T.);
#8394 = EDGE_CURVE('',#7630,#8386,#8395,.T.);
#8395 = LINE('',#8396,#8397);
#8396 = CARTESIAN_POINT('',(4.628205299377,0.5,1.715915560722));
#8397 = VECTOR('',#8398,1.);
#8398 = DIRECTION('',(-0.576701276493,0.591876140461,-0.56311479473));
#8399 = PLANE('',#8400);
#8400 = AXIS2_PLACEMENT_3D('',#8401,#8402,#8403);
#8401 = CARTESIAN_POINT('',(4.506410321641,0.534606318415,1.596989820633
    ));
#8402 = DIRECTION('',(-0.698629037126,-9.913597434561E-07,0.715484079825
    ));
#8403 = DIRECTION('',(0.715484079826,2.790922575248E-23,0.698629037126)
  );
#8404 = ADVANCED_FACE('',(#8405),#8422,.T.);
#8405 = FACE_BOUND('',#8406,.T.);
#8406 = EDGE_LOOP('',(#8407,#8408,#8416));
#8407 = ORIENTED_EDGE('',*,*,#8394,.F.);
#8408 = ORIENTED_EDGE('',*,*,#8409,.T.);
#8409 = EDGE_CURVE('',#7630,#8410,#8412,.T.);
#8410 = VERTEX_POINT('',#8411);
#8411 = CARTESIAN_POINT('',(4.628205299377,0.75,1.715915560722));
#8412 = LINE('',#8413,#8414);
#8413 = CARTESIAN_POINT('',(4.628205299377,0.5,1.715915560722));
#8414 = VECTOR('',#8415,1.);
#8415 = DIRECTION('',(0.,1.,0.));
#8416 = ORIENTED_EDGE('',*,*,#8417,.T.);
#8417 = EDGE_CURVE('',#8410,#8386,#8418,.T.);
#8418 = LINE('',#8419,#8420);
#8419 = CARTESIAN_POINT('',(4.628205299377,0.75,1.715915560722));
#8420 = VECTOR('',#8421,1.);
#8421 = DIRECTION('',(-0.576701276493,-0.591876140461,-0.56311479473));
#8422 = PLANE('',#8423);
#8423 = AXIS2_PLACEMENT_3D('',#8424,#8425,#8426);
#8424 = CARTESIAN_POINT('',(4.589950068847,0.625,1.678561583601));
#8425 = DIRECTION('',(-0.698628516278,0.,0.715484588404));
#8426 = DIRECTION('',(0.715484588404,0.,0.698628516278));
#8427 = ADVANCED_FACE('',(#8428),#8443,.T.);
#8428 = FACE_BOUND('',#8429,.T.);
#8429 = EDGE_LOOP('',(#8430,#8431,#8437));
#8430 = ORIENTED_EDGE('',*,*,#8417,.F.);
#8431 = ORIENTED_EDGE('',*,*,#8432,.T.);
#8432 = EDGE_CURVE('',#8410,#8332,#8433,.T.);
#8433 = LINE('',#8434,#8435);
#8434 = CARTESIAN_POINT('',(4.628205299377,0.75,1.715915560722));
#8435 = VECTOR('',#8436,1.);
#8436 = DIRECTION('',(-0.715484079826,0.,-0.698629037126));
#8437 = ORIENTED_EDGE('',*,*,#8438,.T.);
#8438 = EDGE_CURVE('',#8332,#8386,#8439,.T.);
#8439 = LINE('',#8440,#8441);
#8440 = CARTESIAN_POINT('',(4.384615421295,0.75,1.478064060211));
#8441 = VECTOR('',#8442,1.);
#8442 = DIRECTION('',(0.576699952887,-0.59187709927,0.563115142489));
#8443 = PLANE('',#8444);
#8444 = AXIS2_PLACEMENT_3D('',#8445,#8446,#8447);
#8445 = CARTESIAN_POINT('',(4.506410321641,0.715393681585,1.596989820633
    ));
#8446 = DIRECTION('',(-0.698629037126,9.913597434357E-07,0.715484079825)
  );
#8447 = DIRECTION('',(0.715484079826,-9.29092484521E-23,0.698629037126)
  );
#8448 = ADVANCED_FACE('',(#8449),#8454,.T.);
#8449 = FACE_BOUND('',#8450,.T.);
#8450 = EDGE_LOOP('',(#8451,#8452,#8453));
#8451 = ORIENTED_EDGE('',*,*,#8438,.F.);
#8452 = ORIENTED_EDGE('',*,*,#8331,.F.);
#8453 = ORIENTED_EDGE('',*,*,#8385,.F.);
#8454 = PLANE('',#8455);
#8455 = AXIS2_PLACEMENT_3D('',#8456,#8457,#8458);
#8456 = CARTESIAN_POINT('',(4.422870479012,0.625,1.51541797739));
#8457 = DIRECTION('',(-0.698629557976,0.,0.715483571245));
#8458 = DIRECTION('',(0.715483571245,0.,0.698629557976));
#8459 = ADVANCED_FACE('',(#8460),#8477,.T.);
#8460 = FACE_BOUND('',#8461,.T.);
#8461 = EDGE_LOOP('',(#8462,#8470,#8471));
#8462 = ORIENTED_EDGE('',*,*,#8463,.T.);
#8463 = EDGE_CURVE('',#8464,#7630,#8466,.T.);
#8464 = VERTEX_POINT('',#8465);
#8465 = CARTESIAN_POINT('',(4.75,0.625,1.83732354641));
#8466 = LINE('',#8467,#8468);
#8467 = CARTESIAN_POINT('',(4.75,0.625,1.83732354641));
#8468 = VECTOR('',#8469,1.);
#8469 = DIRECTION('',(-0.572881382593,-0.587958034775,-0.571062405366));
#8470 = ORIENTED_EDGE('',*,*,#7730,.F.);
#8471 = ORIENTED_EDGE('',*,*,#8472,.T.);
#8472 = EDGE_CURVE('',#7708,#8464,#8473,.T.);
#8473 = LINE('',#8474,#8475);
#8474 = CARTESIAN_POINT('',(4.871794700623,0.5,1.958731651306));
#8475 = VECTOR('',#8476,1.);
#8476 = DIRECTION('',(-0.572881199152,0.587957846507,-0.571062783228));
#8477 = PLANE('',#8478);
#8478 = AXIS2_PLACEMENT_3D('',#8479,#8480,#8481);
#8479 = CARTESIAN_POINT('',(4.75000000539,0.534551547162,1.837323594912)
  );
#8480 = DIRECTION('',(-0.705981696859,3.377104178868E-07,0.708230078223)
  );
#8481 = DIRECTION('',(0.708230078223,-1.764561816986E-23,0.705981696859)
  );
#8482 = ADVANCED_FACE('',(#8483),#8500,.T.);
#8483 = FACE_BOUND('',#8484,.T.);
#8484 = EDGE_LOOP('',(#8485,#8486,#8494));
#8485 = ORIENTED_EDGE('',*,*,#8472,.F.);
#8486 = ORIENTED_EDGE('',*,*,#8487,.T.);
#8487 = EDGE_CURVE('',#7708,#8488,#8490,.T.);
#8488 = VERTEX_POINT('',#8489);
#8489 = CARTESIAN_POINT('',(4.871794700623,0.75,1.958731651306));
#8490 = LINE('',#8491,#8492);
#8491 = CARTESIAN_POINT('',(4.871794700623,0.5,1.958731651306));
#8492 = VECTOR('',#8493,1.);
#8493 = DIRECTION('',(0.,1.,0.));
#8494 = ORIENTED_EDGE('',*,*,#8495,.T.);
#8495 = EDGE_CURVE('',#8488,#8464,#8496,.T.);
#8496 = LINE('',#8497,#8498);
#8497 = CARTESIAN_POINT('',(4.871794700623,0.75,1.958731651306));
#8498 = VECTOR('',#8499,1.);
#8499 = DIRECTION('',(-0.572881199152,-0.587957846507,-0.571062783228));
#8500 = PLANE('',#8501);
#8501 = AXIS2_PLACEMENT_3D('',#8502,#8503,#8504);
#8502 = CARTESIAN_POINT('',(4.83344522526,0.625,1.92050390327));
#8503 = DIRECTION('',(-0.705981870709,0.,0.708229904925));
#8504 = DIRECTION('',(0.708229904925,0.,0.705981870709));
#8505 = ADVANCED_FACE('',(#8506),#8521,.T.);
#8506 = FACE_BOUND('',#8507,.T.);
#8507 = EDGE_LOOP('',(#8508,#8509,#8515));
#8508 = ORIENTED_EDGE('',*,*,#8495,.F.);
#8509 = ORIENTED_EDGE('',*,*,#8510,.T.);
#8510 = EDGE_CURVE('',#8488,#8410,#8511,.T.);
#8511 = LINE('',#8512,#8513);
#8512 = CARTESIAN_POINT('',(4.871794700623,0.75,1.958731651306));
#8513 = VECTOR('',#8514,1.);
#8514 = DIRECTION('',(-0.708230078223,0.,-0.705981696859));
#8515 = ORIENTED_EDGE('',*,*,#8516,.T.);
#8516 = EDGE_CURVE('',#8410,#8464,#8517,.T.);
#8517 = LINE('',#8518,#8519);
#8518 = CARTESIAN_POINT('',(4.628205299377,0.75,1.715915560722));
#8519 = VECTOR('',#8520,1.);
#8520 = DIRECTION('',(0.572881382593,-0.587958034775,0.571062405366));
#8521 = PLANE('',#8522);
#8522 = AXIS2_PLACEMENT_3D('',#8523,#8524,#8525);
#8523 = CARTESIAN_POINT('',(4.75000000539,0.715448452838,1.837323594912)
  );
#8524 = DIRECTION('',(-0.705981696859,-3.377104178827E-07,0.708230078223
    ));
#8525 = DIRECTION('',(0.708230078223,3.539785587197E-23,0.705981696859)
  );
#8526 = ADVANCED_FACE('',(#8527),#8532,.T.);
#8527 = FACE_BOUND('',#8528,.T.);
#8528 = EDGE_LOOP('',(#8529,#8530,#8531));
#8529 = ORIENTED_EDGE('',*,*,#8516,.F.);
#8530 = ORIENTED_EDGE('',*,*,#8409,.F.);
#8531 = ORIENTED_EDGE('',*,*,#8463,.F.);
#8532 = PLANE('',#8533);
#8533 = AXIS2_PLACEMENT_3D('',#8534,#8535,#8536);
#8534 = CARTESIAN_POINT('',(4.666554770193,0.625,1.754143266691));
#8535 = DIRECTION('',(-0.705981523009,0.,0.708230251521));
#8536 = DIRECTION('',(0.708230251521,0.,0.705981523009));
#8537 = ADVANCED_FACE('',(#8538),#8555,.T.);
#8538 = FACE_BOUND('',#8539,.T.);
#8539 = EDGE_LOOP('',(#8540,#8548,#8549));
#8540 = ORIENTED_EDGE('',*,*,#8541,.T.);
#8541 = EDGE_CURVE('',#8542,#7708,#8544,.T.);
#8542 = VERTEX_POINT('',#8543);
#8543 = CARTESIAN_POINT('',(4.993589878082,0.625,2.07545375824));
#8544 = LINE('',#8545,#8546);
#8545 = CARTESIAN_POINT('',(4.993589878082,0.625,2.07545375824));
#8546 = VECTOR('',#8547,1.);
#8547 = DIRECTION('',(-0.580088094881,-0.595352076925,-0.555925990288));
#8548 = ORIENTED_EDGE('',*,*,#7808,.F.);
#8549 = ORIENTED_EDGE('',*,*,#8550,.T.);
#8550 = EDGE_CURVE('',#7786,#8542,#8551,.T.);
#8551 = LINE('',#8552,#8553);
#8552 = CARTESIAN_POINT('',(5.115384578705,0.5,2.192175865173));
#8553 = VECTOR('',#8554,1.);
#8554 = DIRECTION('',(-0.580086588016,0.595352861261,-0.555926722682));
#8555 = PLANE('',#8556);
#8556 = AXIS2_PLACEMENT_3D('',#8557,#8558,#8559);
#8557 = CARTESIAN_POINT('',(4.993589683521,0.534655517165,2.075453736923
    ));
#8558 = DIRECTION('',(-0.691911410387,1.319716282605E-06,0.721982409878)
  );
#8559 = DIRECTION('',(0.721982409879,-2.568201344327E-23,0.691911410388)
  );
#8560 = ADVANCED_FACE('',(#8561),#8578,.T.);
#8561 = FACE_BOUND('',#8562,.T.);
#8562 = EDGE_LOOP('',(#8563,#8564,#8572));
#8563 = ORIENTED_EDGE('',*,*,#8550,.F.);
#8564 = ORIENTED_EDGE('',*,*,#8565,.T.);
#8565 = EDGE_CURVE('',#7786,#8566,#8568,.T.);
#8566 = VERTEX_POINT('',#8567);
#8567 = CARTESIAN_POINT('',(5.115384578705,0.75,2.192175865173));
#8568 = LINE('',#8569,#8570);
#8569 = CARTESIAN_POINT('',(5.115384578705,0.5,2.192175865173));
#8570 = VECTOR('',#8571,1.);
#8571 = DIRECTION('',(0.,1.,0.));
#8572 = ORIENTED_EDGE('',*,*,#8573,.T.);
#8573 = EDGE_CURVE('',#8566,#8542,#8574,.T.);
#8574 = LINE('',#8575,#8576);
#8575 = CARTESIAN_POINT('',(5.115384578705,0.75,2.192175865173));
#8576 = VECTOR('',#8577,1.);
#8577 = DIRECTION('',(-0.580086588016,-0.595352861261,-0.555926722682));
#8578 = PLANE('',#8579);
#8579 = AXIS2_PLACEMENT_3D('',#8580,#8581,#8582);
#8580 = CARTESIAN_POINT('',(5.077212866484,0.625,2.155593956002));
#8581 = DIRECTION('',(-0.691912116405,0.,0.721981733268));
#8582 = DIRECTION('',(0.721981733268,0.,0.691912116405));
#8583 = ADVANCED_FACE('',(#8584),#8599,.T.);
#8584 = FACE_BOUND('',#8585,.T.);
#8585 = EDGE_LOOP('',(#8586,#8587,#8593));
#8586 = ORIENTED_EDGE('',*,*,#8573,.F.);
#8587 = ORIENTED_EDGE('',*,*,#8588,.T.);
#8588 = EDGE_CURVE('',#8566,#8488,#8589,.T.);
#8589 = LINE('',#8590,#8591);
#8590 = CARTESIAN_POINT('',(5.115384578705,0.75,2.192175865173));
#8591 = VECTOR('',#8592,1.);
#8592 = DIRECTION('',(-0.721982409879,0.,-0.691911410388));
#8593 = ORIENTED_EDGE('',*,*,#8594,.T.);
#8594 = EDGE_CURVE('',#8488,#8542,#8595,.T.);
#8595 = LINE('',#8596,#8597);
#8596 = CARTESIAN_POINT('',(4.871794700623,0.75,1.958731651306));
#8597 = VECTOR('',#8598,1.);
#8598 = DIRECTION('',(0.580088094881,-0.595352076925,0.555925990288));
#8599 = PLANE('',#8600);
#8600 = AXIS2_PLACEMENT_3D('',#8601,#8602,#8603);
#8601 = CARTESIAN_POINT('',(4.993589683521,0.715344482835,2.075453736923
    ));
#8602 = DIRECTION('',(-0.691911410387,-1.319716282585E-06,0.721982409878
    ));
#8603 = DIRECTION('',(0.721982409879,7.018777656846E-24,0.691911410388)
  );
#8604 = ADVANCED_FACE('',(#8605),#8610,.T.);
#8605 = FACE_BOUND('',#8606,.T.);
#8606 = EDGE_LOOP('',(#8607,#8608,#8609));
#8607 = ORIENTED_EDGE('',*,*,#8594,.F.);
#8608 = ORIENTED_EDGE('',*,*,#8487,.F.);
#8609 = ORIENTED_EDGE('',*,*,#8541,.F.);
#8610 = PLANE('',#8611);
#8611 = AXIS2_PLACEMENT_3D('',#8612,#8613,#8614);
#8612 = CARTESIAN_POINT('',(4.909966581056,0.625,1.995313578462));
#8613 = DIRECTION('',(-0.691910704372,0.,0.721983086488));
#8614 = DIRECTION('',(0.721983086488,0.,0.691910704372));
#8615 = ADVANCED_FACE('',(#8616),#8633,.T.);
#8616 = FACE_BOUND('',#8617,.T.);
#8617 = EDGE_LOOP('',(#8618,#8626,#8627));
#8618 = ORIENTED_EDGE('',*,*,#8619,.T.);
#8619 = EDGE_CURVE('',#8620,#7786,#8622,.T.);
#8620 = VERTEX_POINT('',#8621);
#8621 = CARTESIAN_POINT('',(5.237179279327,0.625,2.297320127487));
#8622 = LINE('',#8623,#8624);
#8623 = CARTESIAN_POINT('',(5.237179279327,0.625,2.297320127487));
#8624 = VECTOR('',#8625,1.);
#8625 = DIRECTION('',(-0.597763943944,-0.613495436263,-0.516044200631));
#8626 = ORIENTED_EDGE('',*,*,#7886,.F.);
#8627 = ORIENTED_EDGE('',*,*,#8628,.T.);
#8628 = EDGE_CURVE('',#7864,#8620,#8629,.T.);
#8629 = LINE('',#8630,#8631);
#8630 = CARTESIAN_POINT('',(5.358974456787,0.5,2.40246462822));
#8631 = VECTOR('',#8632,1.);
#8632 = DIRECTION('',(-0.597765087041,0.613494207559,-0.516044337248));
#8633 = PLANE('',#8634);
#8634 = AXIS2_PLACEMENT_3D('',#8635,#8636,#8637);
#8635 = CARTESIAN_POINT('',(5.237179485212,0.534922078518,2.297320242808
    ));
#8636 = DIRECTION('',(-0.653469787072,-5.245084523906E-07,0.756952599166
    ));
#8637 = DIRECTION('',(0.756952599166,7.256708084671E-24,0.653469787072)
  );
#8638 = ADVANCED_FACE('',(#8639),#8656,.T.);
#8639 = FACE_BOUND('',#8640,.T.);
#8640 = EDGE_LOOP('',(#8641,#8642,#8650));
#8641 = ORIENTED_EDGE('',*,*,#8628,.F.);
#8642 = ORIENTED_EDGE('',*,*,#8643,.T.);
#8643 = EDGE_CURVE('',#7864,#8644,#8646,.T.);
#8644 = VERTEX_POINT('',#8645);
#8645 = CARTESIAN_POINT('',(5.358974456787,0.75,2.40246462822));
#8646 = LINE('',#8647,#8648);
#8647 = CARTESIAN_POINT('',(5.358974456787,0.5,2.40246462822));
#8648 = VECTOR('',#8649,1.);
#8649 = DIRECTION('',(0.,1.,0.));
#8650 = ORIENTED_EDGE('',*,*,#8651,.T.);
#8651 = EDGE_CURVE('',#8644,#8620,#8652,.T.);
#8652 = LINE('',#8653,#8654);
#8653 = CARTESIAN_POINT('',(5.358974456787,0.75,2.40246462822));
#8654 = VECTOR('',#8655,1.);
#8655 = DIRECTION('',(-0.597765087041,-0.613494207559,-0.516044337248));
#8656 = PLANE('',#8657);
#8657 = AXIS2_PLACEMENT_3D('',#8658,#8659,#8660);
#8658 = CARTESIAN_POINT('',(5.321231781019,0.625,2.369881771634));
#8659 = DIRECTION('',(-0.653469478632,0.,0.756952865439));
#8660 = DIRECTION('',(0.756952865439,0.,0.653469478632));
#8661 = ADVANCED_FACE('',(#8662),#8677,.T.);
#8662 = FACE_BOUND('',#8663,.T.);
#8663 = EDGE_LOOP('',(#8664,#8665,#8671));
#8664 = ORIENTED_EDGE('',*,*,#8651,.F.);
#8665 = ORIENTED_EDGE('',*,*,#8666,.T.);
#8666 = EDGE_CURVE('',#8644,#8566,#8667,.T.);
#8667 = LINE('',#8668,#8669);
#8668 = CARTESIAN_POINT('',(5.358974456787,0.75,2.40246462822));
#8669 = VECTOR('',#8670,1.);
#8670 = DIRECTION('',(-0.756952599166,0.,-0.653469787072));
#8671 = ORIENTED_EDGE('',*,*,#8672,.T.);
#8672 = EDGE_CURVE('',#8566,#8620,#8673,.T.);
#8673 = LINE('',#8674,#8675);
#8674 = CARTESIAN_POINT('',(5.115384578705,0.75,2.192175865173));
#8675 = VECTOR('',#8676,1.);
#8676 = DIRECTION('',(0.597763943944,-0.613495436263,0.516044200631));
#8677 = PLANE('',#8678);
#8678 = AXIS2_PLACEMENT_3D('',#8679,#8680,#8681);
#8679 = CARTESIAN_POINT('',(5.237179485212,0.715077921482,2.297320242808
    ));
#8680 = DIRECTION('',(-0.653469787072,5.245084524244E-07,0.756952599166)
  );
#8681 = DIRECTION('',(0.756952599166,2.716507454206E-23,0.653469787072)
  );
#8682 = ADVANCED_FACE('',(#8683),#8688,.T.);
#8683 = FACE_BOUND('',#8684,.T.);
#8684 = EDGE_LOOP('',(#8685,#8686,#8687));
#8685 = ORIENTED_EDGE('',*,*,#8672,.F.);
#8686 = ORIENTED_EDGE('',*,*,#8565,.F.);
#8687 = ORIENTED_EDGE('',*,*,#8619,.F.);
#8688 = PLANE('',#8689);
#8689 = AXIS2_PLACEMENT_3D('',#8690,#8691,#8692);
#8690 = CARTESIAN_POINT('',(5.153127077966,0.625,2.224758623064));
#8691 = DIRECTION('',(-0.653470095512,0.,0.756952332892));
#8692 = DIRECTION('',(0.756952332892,0.,0.653470095512));
#8693 = ADVANCED_FACE('',(#8694),#8711,.T.);
#8694 = FACE_BOUND('',#8695,.T.);
#8695 = EDGE_LOOP('',(#8696,#8704,#8705));
#8696 = ORIENTED_EDGE('',*,*,#8697,.T.);
#8697 = EDGE_CURVE('',#8698,#7864,#8700,.T.);
#8698 = VERTEX_POINT('',#8699);
#8699 = CARTESIAN_POINT('',(5.48076915741,0.625,2.48982334137));
#8700 = LINE('',#8701,#8702);
#8701 = CARTESIAN_POINT('',(5.48076915741,0.625,2.48982334137));
#8702 = VECTOR('',#8703,1.);
#8703 = DIRECTION('',(-0.624051010066,-0.640474305199,-0.447608088863));
#8704 = ORIENTED_EDGE('',*,*,#7957,.F.);
#8705 = ORIENTED_EDGE('',*,*,#8706,.T.);
#8706 = EDGE_CURVE('',#6399,#8698,#8707,.T.);
#8707 = LINE('',#8708,#8709);
#8708 = CARTESIAN_POINT('',(5.602564334869,0.5,2.57718205452));
#8709 = VECTOR('',#8710,1.);
#8710 = DIRECTION('',(-0.624052501793,0.640473328674,-0.447607406399));
#8711 = PLANE('',#8712);
#8712 = AXIS2_PLACEMENT_3D('',#8713,#8714,#8715);
#8713 = CARTESIAN_POINT('',(5.48076935466,0.53535107851,2.489823360204)
  );
#8714 = DIRECTION('',(-0.582837761474,-1.111674807487E-06,0.812588545205
    ));
#8715 = DIRECTION('',(0.812588545206,-3.283024597294E-23,0.582837761474)
  );
#8716 = ADVANCED_FACE('',(#8717),#8727,.T.);
#8717 = FACE_BOUND('',#8718,.T.);
#8718 = EDGE_LOOP('',(#8719,#8720,#8721));
#8719 = ORIENTED_EDGE('',*,*,#8706,.F.);
#8720 = ORIENTED_EDGE('',*,*,#6398,.T.);
#8721 = ORIENTED_EDGE('',*,*,#8722,.T.);
#8722 = EDGE_CURVE('',#6391,#8698,#8723,.T.);
#8723 = LINE('',#8724,#8725);
#8724 = CARTESIAN_POINT('',(5.602564334869,0.75,2.57718205452));
#8725 = VECTOR('',#8726,1.);
#8726 = DIRECTION('',(-0.624052501793,-0.640473328674,-0.447607406399));
#8727 = PLANE('',#8728);
#8728 = AXIS2_PLACEMENT_3D('',#8729,#8730,#8731);
#8729 = CARTESIAN_POINT('',(5.565442372771,0.625,2.550555985195));
#8730 = DIRECTION('',(-0.58283700812,0.,0.812589085557));
#8731 = DIRECTION('',(0.812589085557,0.,0.58283700812));
#8732 = ADVANCED_FACE('',(#8733),#8748,.T.);
#8733 = FACE_BOUND('',#8734,.T.);
#8734 = EDGE_LOOP('',(#8735,#8736,#8742));
#8735 = ORIENTED_EDGE('',*,*,#8722,.F.);
#8736 = ORIENTED_EDGE('',*,*,#8737,.T.);
#8737 = EDGE_CURVE('',#6391,#8644,#8738,.T.);
#8738 = LINE('',#8739,#8740);
#8739 = CARTESIAN_POINT('',(5.602564334869,0.75,2.57718205452));
#8740 = VECTOR('',#8741,1.);
#8741 = DIRECTION('',(-0.812588545206,0.,-0.582837761474));
#8742 = ORIENTED_EDGE('',*,*,#8743,.T.);
#8743 = EDGE_CURVE('',#8644,#8698,#8744,.T.);
#8744 = LINE('',#8745,#8746);
#8745 = CARTESIAN_POINT('',(5.358974456787,0.75,2.40246462822));
#8746 = VECTOR('',#8747,1.);
#8747 = DIRECTION('',(0.624051010066,-0.640474305199,0.447608088863));
#8748 = PLANE('',#8749);
#8749 = AXIS2_PLACEMENT_3D('',#8750,#8751,#8752);
#8750 = CARTESIAN_POINT('',(5.48076935466,0.71464892149,2.489823360204)
  );
#8751 = DIRECTION('',(-0.582837761474,1.111674807513E-06,0.812588545205)
  );
#8752 = DIRECTION('',(0.812588545206,4.628169377993E-23,0.582837761474)
  );
#8753 = ADVANCED_FACE('',(#8754),#8759,.T.);
#8754 = FACE_BOUND('',#8755,.T.);
#8755 = EDGE_LOOP('',(#8756,#8757,#8758));
#8756 = ORIENTED_EDGE('',*,*,#8743,.F.);
#8757 = ORIENTED_EDGE('',*,*,#8643,.F.);
#8758 = ORIENTED_EDGE('',*,*,#8697,.F.);
#8759 = PLANE('',#8760);
#8760 = AXIS2_PLACEMENT_3D('',#8761,#8762,#8763);
#8761 = CARTESIAN_POINT('',(5.396096251452,0.625,2.429090681695));
#8762 = DIRECTION('',(-0.58283851483,0.,0.812588004853));
#8763 = DIRECTION('',(0.812588004853,0.,0.58283851483));
#8764 = ADVANCED_FACE('',(#8765),#8782,.T.);
#8765 = FACE_BOUND('',#8766,.T.);
#8766 = EDGE_LOOP('',(#8767,#8775,#8776));
#8767 = ORIENTED_EDGE('',*,*,#8768,.T.);
#8768 = EDGE_CURVE('',#8769,#8036,#8771,.T.);
#8769 = VERTEX_POINT('',#8770);
#8770 = CARTESIAN_POINT('',(3.288461446762,0.875,0.818093955517));
#8771 = LINE('',#8772,#8773);
#8772 = CARTESIAN_POINT('',(3.288461446762,0.875,0.818093955517));
#8773 = VECTOR('',#8774,1.);
#8774 = DIRECTION('',(-0.694270804767,-0.71254209052,-0.10134998217));
#8775 = ORIENTED_EDGE('',*,*,#8035,.F.);
#8776 = ORIENTED_EDGE('',*,*,#8777,.T.);
#8777 = EDGE_CURVE('',#8013,#8769,#8778,.T.);
#8778 = LINE('',#8779,#8780);
#8779 = CARTESIAN_POINT('',(3.410256385803,0.75,0.835873544216));
#8780 = VECTOR('',#8781,1.);
#8781 = DIRECTION('',(-0.694271532653,0.712541442731,-0.101349550264));
#8782 = PLANE('',#8783);
#8783 = AXIS2_PLACEMENT_3D('',#8784,#8785,#8786);
#8784 = CARTESIAN_POINT('',(3.288461547211,0.786729495338,0.818093936846
    ));
#8785 = DIRECTION('',(-0.14444908296,-3.736754814254E-07,0.989512234604)
  );
#8786 = DIRECTION('',(0.989512234605,-2.082046403399E-24,0.14444908296)
  );
#8787 = ADVANCED_FACE('',(#8788),#8805,.T.);
#8788 = FACE_BOUND('',#8789,.T.);
#8789 = EDGE_LOOP('',(#8790,#8791,#8799));
#8790 = ORIENTED_EDGE('',*,*,#8777,.F.);
#8791 = ORIENTED_EDGE('',*,*,#8792,.T.);
#8792 = EDGE_CURVE('',#8013,#8793,#8795,.T.);
#8793 = VERTEX_POINT('',#8794);
#8794 = CARTESIAN_POINT('',(3.410256385803,1.,0.835873544216));
#8795 = LINE('',#8796,#8797);
#8796 = CARTESIAN_POINT('',(3.410256385803,0.75,0.835873544216));
#8797 = VECTOR('',#8798,1.);
#8798 = DIRECTION('',(0.,1.,0.));
#8799 = ORIENTED_EDGE('',*,*,#8800,.T.);
#8800 = EDGE_CURVE('',#8793,#8769,#8801,.T.);
#8801 = LINE('',#8802,#8803);
#8802 = CARTESIAN_POINT('',(3.410256385803,1.,0.835873544216));
#8803 = VECTOR('',#8804,1.);
#8804 = DIRECTION('',(-0.694271532653,-0.712541442731,-0.101349550264));
#8805 = PLANE('',#8806);
#8806 = AXIS2_PLACEMENT_3D('',#8807,#8808,#8809);
#8807 = CARTESIAN_POINT('',(3.374696680209,0.875,0.830682549051));
#8808 = DIRECTION('',(-0.144448707453,0.,0.989512289421));
#8809 = DIRECTION('',(0.989512289421,0.,0.144448707453));
#8810 = ADVANCED_FACE('',(#8811),#8828,.T.);
#8811 = FACE_BOUND('',#8812,.T.);
#8812 = EDGE_LOOP('',(#8813,#8814,#8822));
#8813 = ORIENTED_EDGE('',*,*,#8800,.F.);
#8814 = ORIENTED_EDGE('',*,*,#8815,.T.);
#8815 = EDGE_CURVE('',#8793,#8816,#8818,.T.);
#8816 = VERTEX_POINT('',#8817);
#8817 = CARTESIAN_POINT('',(3.16666674614,1.,0.800314307213));
#8818 = LINE('',#8819,#8820);
#8819 = CARTESIAN_POINT('',(3.410256385803,1.,0.835873544216));
#8820 = VECTOR('',#8821,1.);
#8821 = DIRECTION('',(-0.989512234605,0.,-0.14444908296));
#8822 = ORIENTED_EDGE('',*,*,#8823,.T.);
#8823 = EDGE_CURVE('',#8816,#8769,#8824,.T.);
#8824 = LINE('',#8825,#8826);
#8825 = CARTESIAN_POINT('',(3.16666674614,1.,0.800314307213));
#8826 = VECTOR('',#8827,1.);
#8827 = DIRECTION('',(0.694270804767,-0.71254209052,0.10134998217));
#8828 = PLANE('',#8829);
#8829 = AXIS2_PLACEMENT_3D('',#8830,#8831,#8832);
#8830 = CARTESIAN_POINT('',(3.288461547211,0.963270504662,0.818093936846
    ));
#8831 = DIRECTION('',(-0.14444908296,3.736754814246E-07,0.989512234604)
  );
#8832 = DIRECTION('',(0.989512234605,6.37824427932E-24,0.14444908296));
#8833 = ADVANCED_FACE('',(#8834),#8844,.T.);
#8834 = FACE_BOUND('',#8835,.T.);
#8835 = EDGE_LOOP('',(#8836,#8837,#8843));
#8836 = ORIENTED_EDGE('',*,*,#8823,.F.);
#8837 = ORIENTED_EDGE('',*,*,#8838,.F.);
#8838 = EDGE_CURVE('',#8036,#8816,#8839,.T.);
#8839 = LINE('',#8840,#8841);
#8840 = CARTESIAN_POINT('',(3.16666674614,0.75,0.800314307213));
#8841 = VECTOR('',#8842,1.);
#8842 = DIRECTION('',(0.,1.,0.));
#8843 = ORIENTED_EDGE('',*,*,#8768,.F.);
#8844 = PLANE('',#8845);
#8845 = AXIS2_PLACEMENT_3D('',#8846,#8847,#8848);
#8846 = CARTESIAN_POINT('',(3.202226368673,0.875,0.805505317817));
#8847 = DIRECTION('',(-0.144449458467,0.,0.989512179788));
#8848 = DIRECTION('',(0.989512179788,0.,0.144449458467));
#8849 = ADVANCED_FACE('',(#8850),#8867,.T.);
#8850 = FACE_BOUND('',#8851,.T.);
#8851 = EDGE_LOOP('',(#8852,#8860,#8861));
#8852 = ORIENTED_EDGE('',*,*,#8853,.T.);
#8853 = EDGE_CURVE('',#8854,#8013,#8856,.T.);
#8854 = VERTEX_POINT('',#8855);
#8855 = CARTESIAN_POINT('',(3.532051324844,0.875,0.882115662098));
#8856 = LINE('',#8857,#8858);
#8857 = CARTESIAN_POINT('',(3.532051324844,0.875,0.882115662098));
#8858 = VECTOR('',#8859,1.);
#8859 = DIRECTION('',(-0.674587294071,-0.692339209024,-0.256121850543));
#8860 = ORIENTED_EDGE('',*,*,#8120,.F.);
#8861 = ORIENTED_EDGE('',*,*,#8862,.T.);
#8862 = EDGE_CURVE('',#8098,#8854,#8863,.T.);
#8863 = LINE('',#8864,#8865);
#8864 = CARTESIAN_POINT('',(3.653846263885,0.75,0.928357839584));
#8865 = VECTOR('',#8866,1.);
#8866 = DIRECTION('',(-0.674587237032,0.692339150484,-0.25612215902));
#8867 = PLANE('',#8868);
#8868 = AXIS2_PLACEMENT_3D('',#8869,#8870,#8871);
#8869 = CARTESIAN_POINT('',(3.53205132634,0.786304024593,0.882115683812)
  );
#8870 = DIRECTION('',(-0.354949927079,2.228940280801E-07,0.93488531343)
  );
#8871 = DIRECTION('',(0.93488531343,2.528696825181E-24,0.354949927079));
#8872 = ADVANCED_FACE('',(#8873),#8890,.T.);
#8873 = FACE_BOUND('',#8874,.T.);
#8874 = EDGE_LOOP('',(#8875,#8876,#8884));
#8875 = ORIENTED_EDGE('',*,*,#8862,.F.);
#8876 = ORIENTED_EDGE('',*,*,#8877,.T.);
#8877 = EDGE_CURVE('',#8098,#8878,#8880,.T.);
#8878 = VERTEX_POINT('',#8879);
#8879 = CARTESIAN_POINT('',(3.653846263885,1.,0.928357839584));
#8880 = LINE('',#8881,#8882);
#8881 = CARTESIAN_POINT('',(3.653846263885,0.75,0.928357839584));
#8882 = VECTOR('',#8883,1.);
#8883 = DIRECTION('',(0.,1.,0.));
#8884 = ORIENTED_EDGE('',*,*,#8885,.T.);
#8885 = EDGE_CURVE('',#8878,#8854,#8886,.T.);
#8886 = LINE('',#8887,#8888);
#8887 = CARTESIAN_POINT('',(3.653846263885,1.,0.928357839584));
#8888 = VECTOR('',#8889,1.);
#8889 = DIRECTION('',(-0.674587237032,-0.692339150484,-0.25612215902));
#8890 = PLANE('',#8891);
#8891 = AXIS2_PLACEMENT_3D('',#8892,#8893,#8894);
#8892 = CARTESIAN_POINT('',(3.61786206444,0.875,0.91469563202));
#8893 = DIRECTION('',(-0.354950127018,0.,0.934885237519));
#8894 = DIRECTION('',(0.934885237519,0.,0.354950127018));
#8895 = ADVANCED_FACE('',(#8896),#8911,.T.);
#8896 = FACE_BOUND('',#8897,.T.);
#8897 = EDGE_LOOP('',(#8898,#8899,#8905));
#8898 = ORIENTED_EDGE('',*,*,#8885,.F.);
#8899 = ORIENTED_EDGE('',*,*,#8900,.T.);
#8900 = EDGE_CURVE('',#8878,#8793,#8901,.T.);
#8901 = LINE('',#8902,#8903);
#8902 = CARTESIAN_POINT('',(3.653846263885,1.,0.928357839584));
#8903 = VECTOR('',#8904,1.);
#8904 = DIRECTION('',(-0.93488531343,0.,-0.354949927079));
#8905 = ORIENTED_EDGE('',*,*,#8906,.T.);
#8906 = EDGE_CURVE('',#8793,#8854,#8907,.T.);
#8907 = LINE('',#8908,#8909);
#8908 = CARTESIAN_POINT('',(3.410256385803,1.,0.835873544216));
#8909 = VECTOR('',#8910,1.);
#8910 = DIRECTION('',(0.674587294071,-0.692339209024,0.256121850543));
#8911 = PLANE('',#8912);
#8912 = AXIS2_PLACEMENT_3D('',#8913,#8914,#8915);
#8913 = CARTESIAN_POINT('',(3.53205132634,0.963695975407,0.882115683812)
  );
#8914 = DIRECTION('',(-0.354949927079,-2.22894028054E-07,0.93488531343)
  );
#8915 = DIRECTION('',(0.93488531343,8.695498592702E-24,0.354949927079));
#8916 = ADVANCED_FACE('',(#8917),#8922,.T.);
#8917 = FACE_BOUND('',#8918,.T.);
#8918 = EDGE_LOOP('',(#8919,#8920,#8921));
#8919 = ORIENTED_EDGE('',*,*,#8906,.F.);
#8920 = ORIENTED_EDGE('',*,*,#8792,.F.);
#8921 = ORIENTED_EDGE('',*,*,#8853,.F.);
#8922 = PLANE('',#8923);
#8923 = AXIS2_PLACEMENT_3D('',#8924,#8925,#8926);
#8924 = CARTESIAN_POINT('',(3.446240584004,0.875,0.849535733698));
#8925 = DIRECTION('',(-0.354949727141,0.,0.934885389341));
#8926 = DIRECTION('',(0.934885389341,0.,0.354949727141));
#8927 = ADVANCED_FACE('',(#8928),#8945,.T.);
#8928 = FACE_BOUND('',#8929,.T.);
#8929 = EDGE_LOOP('',(#8930,#8938,#8939));
#8930 = ORIENTED_EDGE('',*,*,#8931,.T.);
#8931 = EDGE_CURVE('',#8932,#8098,#8934,.T.);
#8932 = VERTEX_POINT('',#8933);
#8933 = CARTESIAN_POINT('',(3.775640964508,0.875,1.00033223629));
#8934 = LINE('',#8935,#8936);
#8935 = CARTESIAN_POINT('',(3.775640964508,0.875,1.00033223629));
#8936 = VECTOR('',#8937,1.);
#8937 = DIRECTION('',(-0.645154952874,-0.662133645364,-0.381253357309));
#8938 = ORIENTED_EDGE('',*,*,#8198,.F.);
#8939 = ORIENTED_EDGE('',*,*,#8940,.T.);
#8940 = EDGE_CURVE('',#8176,#8932,#8941,.T.);
#8941 = LINE('',#8942,#8943);
#8942 = CARTESIAN_POINT('',(3.897435903549,0.75,1.072306632996));
#8943 = VECTOR('',#8944,1.);
#8944 = DIRECTION('',(-0.645155690134,0.662133105872,-0.381253046672));
#8945 = PLANE('',#8946);
#8946 = AXIS2_PLACEMENT_3D('',#8947,#8948,#8949);
#8947 = CARTESIAN_POINT('',(3.775641063827,0.785726820508,1.000332244671
    ));
#8948 = DIRECTION('',(-0.508754095478,-4.851857142359E-07,0.860911883025
    ));
#8949 = DIRECTION('',(0.860911883025,-2.381789938537E-23,0.508754095478)
  );
#8950 = ADVANCED_FACE('',(#8951),#8968,.T.);
#8951 = FACE_BOUND('',#8952,.T.);
#8952 = EDGE_LOOP('',(#8953,#8954,#8962));
#8953 = ORIENTED_EDGE('',*,*,#8940,.F.);
#8954 = ORIENTED_EDGE('',*,*,#8955,.T.);
#8955 = EDGE_CURVE('',#8176,#8956,#8958,.T.);
#8956 = VERTEX_POINT('',#8957);
#8957 = CARTESIAN_POINT('',(3.897435903549,1.,1.072306632996));
#8958 = LINE('',#8959,#8960);
#8959 = CARTESIAN_POINT('',(3.897435903549,0.75,1.072306632996));
#8960 = VECTOR('',#8961,1.);
#8961 = DIRECTION('',(0.,1.,0.));
#8962 = ORIENTED_EDGE('',*,*,#8963,.T.);
#8963 = EDGE_CURVE('',#8956,#8932,#8964,.T.);
#8964 = LINE('',#8965,#8966);
#8965 = CARTESIAN_POINT('',(3.897435903549,1.,1.072306632996));
#8966 = VECTOR('',#8967,1.);
#8967 = DIRECTION('',(-0.645155690134,-0.662133105872,-0.381253046672));
#8968 = PLANE('',#8969);
#8969 = AXIS2_PLACEMENT_3D('',#8970,#8971,#8972);
#8970 = CARTESIAN_POINT('',(3.860797761089,0.875,1.050655419729));
#8971 = DIRECTION('',(-0.50875372641,0.,0.860912101125));
#8972 = DIRECTION('',(0.860912101125,0.,0.50875372641));
#8973 = ADVANCED_FACE('',(#8974),#8989,.T.);
#8974 = FACE_BOUND('',#8975,.T.);
#8975 = EDGE_LOOP('',(#8976,#8977,#8983));
#8976 = ORIENTED_EDGE('',*,*,#8963,.F.);
#8977 = ORIENTED_EDGE('',*,*,#8978,.T.);
#8978 = EDGE_CURVE('',#8956,#8878,#8979,.T.);
#8979 = LINE('',#8980,#8981);
#8980 = CARTESIAN_POINT('',(3.897435903549,1.,1.072306632996));
#8981 = VECTOR('',#8982,1.);
#8982 = DIRECTION('',(-0.860911883025,0.,-0.508754095478));
#8983 = ORIENTED_EDGE('',*,*,#8984,.T.);
#8984 = EDGE_CURVE('',#8878,#8932,#8985,.T.);
#8985 = LINE('',#8986,#8987);
#8986 = CARTESIAN_POINT('',(3.653846263885,1.,0.928357839584));
#8987 = VECTOR('',#8988,1.);
#8988 = DIRECTION('',(0.645154952874,-0.662133645364,0.381253357309));
#8989 = PLANE('',#8990);
#8990 = AXIS2_PLACEMENT_3D('',#8991,#8992,#8993);
#8991 = CARTESIAN_POINT('',(3.775641063827,0.964273179492,1.000332244671
    ));
#8992 = DIRECTION('',(-0.508754095478,4.851857142158E-07,0.860911883025)
  );
#8993 = DIRECTION('',(0.860911883025,1.248589768377E-23,0.508754095478)
  );
#8994 = ADVANCED_FACE('',(#8995),#9000,.T.);
#8995 = FACE_BOUND('',#8996,.T.);
#8996 = EDGE_LOOP('',(#8997,#8998,#8999));
#8997 = ORIENTED_EDGE('',*,*,#8984,.F.);
#8998 = ORIENTED_EDGE('',*,*,#8877,.F.);
#8999 = ORIENTED_EDGE('',*,*,#8931,.F.);
#9000 = PLANE('',#9001);
#9001 = AXIS2_PLACEMENT_3D('',#9002,#9003,#9004);
#9002 = CARTESIAN_POINT('',(3.690484322733,0.875,0.950009045824));
#9003 = DIRECTION('',(-0.508754464546,0.,0.860911664925));
#9004 = DIRECTION('',(0.860911664925,0.,0.508754464546));
#9005 = ADVANCED_FACE('',(#9006),#9023,.T.);
#9006 = FACE_BOUND('',#9007,.T.);
#9007 = EDGE_LOOP('',(#9008,#9016,#9017));
#9008 = ORIENTED_EDGE('',*,*,#9009,.T.);
#9009 = EDGE_CURVE('',#9010,#8176,#9012,.T.);
#9010 = VERTEX_POINT('',#9011);
#9011 = CARTESIAN_POINT('',(4.01923084259,0.875,1.165763616562));
#9012 = LINE('',#9013,#9014);
#9013 = CARTESIAN_POINT('',(4.01923084259,0.875,1.165763616562));
#9014 = VECTOR('',#9015,1.);
#9015 = DIRECTION('',(-0.615210582996,-0.631399986567,-0.472069905346));
#9016 = ORIENTED_EDGE('',*,*,#8276,.F.);
#9017 = ORIENTED_EDGE('',*,*,#9018,.T.);
#9018 = EDGE_CURVE('',#8254,#9010,#9019,.T.);
#9019 = LINE('',#9020,#9021);
#9020 = CARTESIAN_POINT('',(4.141025543213,0.75,1.259220600128));
#9021 = VECTOR('',#9022,1.);
#9022 = DIRECTION('',(-0.615209834503,0.63140045437,-0.472070255102));
#9023 = PLANE('',#9024);
#9024 = AXIS2_PLACEMENT_3D('',#9025,#9026,#9027);
#9025 = CARTESIAN_POINT('',(4.019230744246,0.785202201686,1.165763606812
    ));
#9026 = DIRECTION('',(-0.608763607322,5.805622170469E-07,0.793351668807)
  );
#9027 = DIRECTION('',(0.793351668808,3.939496290142E-23,0.608763607322)
  );
#9028 = ADVANCED_FACE('',(#9029),#9046,.T.);
#9029 = FACE_BOUND('',#9030,.T.);
#9030 = EDGE_LOOP('',(#9031,#9032,#9040));
#9031 = ORIENTED_EDGE('',*,*,#9018,.F.);
#9032 = ORIENTED_EDGE('',*,*,#9033,.T.);
#9033 = EDGE_CURVE('',#8254,#9034,#9036,.T.);
#9034 = VERTEX_POINT('',#9035);
#9035 = CARTESIAN_POINT('',(4.141025543213,1.,1.259220600128));
#9036 = LINE('',#9037,#9038);
#9037 = CARTESIAN_POINT('',(4.141025543213,0.75,1.259220600128));
#9038 = VECTOR('',#9039,1.);
#9039 = DIRECTION('',(0.,1.,0.));
#9040 = ORIENTED_EDGE('',*,*,#9041,.T.);
#9041 = EDGE_CURVE('',#9034,#9010,#9042,.T.);
#9042 = LINE('',#9043,#9044);
#9043 = CARTESIAN_POINT('',(4.141025543213,1.,1.259220600128));
#9044 = VECTOR('',#9045,1.);
#9045 = DIRECTION('',(-0.615209834503,-0.63140045437,-0.472070255102));
#9046 = PLANE('',#9047);
#9047 = AXIS2_PLACEMENT_3D('',#9048,#9049,#9050);
#9048 = CARTESIAN_POINT('',(4.103697277091,0.875,1.230577423244));
#9049 = DIRECTION('',(-0.608763982349,0.,0.793351381038));
#9050 = DIRECTION('',(0.793351381038,0.,0.608763982349));
#9051 = ADVANCED_FACE('',(#9052),#9067,.T.);
#9052 = FACE_BOUND('',#9053,.T.);
#9053 = EDGE_LOOP('',(#9054,#9055,#9061));
#9054 = ORIENTED_EDGE('',*,*,#9041,.F.);
#9055 = ORIENTED_EDGE('',*,*,#9056,.T.);
#9056 = EDGE_CURVE('',#9034,#8956,#9057,.T.);
#9057 = LINE('',#9058,#9059);
#9058 = CARTESIAN_POINT('',(4.141025543213,1.,1.259220600128));
#9059 = VECTOR('',#9060,1.);
#9060 = DIRECTION('',(-0.793351668808,0.,-0.608763607322));
#9061 = ORIENTED_EDGE('',*,*,#9062,.T.);
#9062 = EDGE_CURVE('',#8956,#9010,#9063,.T.);
#9063 = LINE('',#9064,#9065);
#9064 = CARTESIAN_POINT('',(3.897435903549,1.,1.072306632996));
#9065 = VECTOR('',#9066,1.);
#9066 = DIRECTION('',(0.615210582996,-0.631399986567,0.472069905346));
#9067 = PLANE('',#9068);
#9068 = AXIS2_PLACEMENT_3D('',#9069,#9070,#9071);
#9069 = CARTESIAN_POINT('',(4.019230744246,0.964797798314,1.165763606812
    ));
#9070 = DIRECTION('',(-0.608763607322,-5.805622171064E-07,0.793351668807
    ));
#9071 = DIRECTION('',(0.793351668808,-2.783128583219E-24,0.608763607322)
  );
#9072 = ADVANCED_FACE('',(#9073),#9078,.T.);
#9073 = FACE_BOUND('',#9074,.T.);
#9074 = EDGE_LOOP('',(#9075,#9076,#9077));
#9075 = ORIENTED_EDGE('',*,*,#9062,.F.);
#9076 = ORIENTED_EDGE('',*,*,#8955,.F.);
#9077 = ORIENTED_EDGE('',*,*,#9009,.F.);
#9078 = PLANE('',#9079);
#9079 = AXIS2_PLACEMENT_3D('',#9080,#9081,#9082);
#9080 = CARTESIAN_POINT('',(3.934764253446,0.875,1.100949818093));
#9081 = DIRECTION('',(-0.608763232297,0.,0.793351956577));
#9082 = DIRECTION('',(0.793351956577,0.,0.608763232297));
#9083 = ADVANCED_FACE('',(#9084),#9101,.T.);
#9084 = FACE_BOUND('',#9085,.T.);
#9085 = EDGE_LOOP('',(#9086,#9094,#9095));
#9086 = ORIENTED_EDGE('',*,*,#9087,.T.);
#9087 = EDGE_CURVE('',#9088,#8254,#9090,.T.);
#9088 = VERTEX_POINT('',#9089);
#9089 = CARTESIAN_POINT('',(4.262820720673,0.875,1.36864233017));
#9090 = LINE('',#9091,#9092);
#9091 = CARTESIAN_POINT('',(4.262820720673,0.875,1.36864233017));
#9092 = VECTOR('',#9093,1.);
#9093 = DIRECTION('',(-0.591265336571,-0.606823427765,-0.531197354366));
#9094 = ORIENTED_EDGE('',*,*,#8354,.F.);
#9095 = ORIENTED_EDGE('',*,*,#9096,.T.);
#9096 = EDGE_CURVE('',#8332,#9088,#9097,.T.);
#9097 = LINE('',#9098,#9099);
#9098 = CARTESIAN_POINT('',(4.384615421295,0.75,1.478064060211));
#9099 = VECTOR('',#9100,1.);
#9100 = DIRECTION('',(-0.591263830978,0.606824258318,-0.53119808141));
#9101 = PLANE('',#9102);
#9102 = AXIS2_PLACEMENT_3D('',#9103,#9104,#9105);
#9103 = CARTESIAN_POINT('',(4.262820525453,0.784822116231,1.368642309309
    ));
#9104 = DIRECTION('',(-0.668310801071,1.274701692669E-06,0.743882163498)
  );
#9105 = DIRECTION('',(0.743882163499,-7.893725262077E-23,0.668310801071)
  );
#9106 = ADVANCED_FACE('',(#9107),#9124,.T.);
#9107 = FACE_BOUND('',#9108,.T.);
#9108 = EDGE_LOOP('',(#9109,#9110,#9118));
#9109 = ORIENTED_EDGE('',*,*,#9096,.F.);
#9110 = ORIENTED_EDGE('',*,*,#9111,.T.);
#9111 = EDGE_CURVE('',#8332,#9112,#9114,.T.);
#9112 = VERTEX_POINT('',#9113);
#9113 = CARTESIAN_POINT('',(4.384615421295,1.,1.478064060211));
#9114 = LINE('',#9115,#9116);
#9115 = CARTESIAN_POINT('',(4.384615421295,0.75,1.478064060211));
#9116 = VECTOR('',#9117,1.);
#9117 = DIRECTION('',(0.,1.,0.));
#9118 = ORIENTED_EDGE('',*,*,#9119,.T.);
#9119 = EDGE_CURVE('',#9112,#9088,#9120,.T.);
#9120 = LINE('',#9121,#9122);
#9121 = CARTESIAN_POINT('',(4.384615421295,1.,1.478064060211));
#9122 = VECTOR('',#9123,1.);
#9123 = DIRECTION('',(-0.591263830978,-0.606824258318,-0.53119808141));
#9124 = PLANE('',#9125);
#9125 = AXIS2_PLACEMENT_3D('',#9126,#9127,#9128);
#9126 = CARTESIAN_POINT('',(4.346716223548,0.875,1.444014994336));
#9127 = DIRECTION('',(-0.668311525004,0.,0.74388151311));
#9128 = DIRECTION('',(0.74388151311,0.,0.668311525004));
#9129 = ADVANCED_FACE('',(#9130),#9145,.T.);
#9130 = FACE_BOUND('',#9131,.T.);
#9131 = EDGE_LOOP('',(#9132,#9133,#9139));
#9132 = ORIENTED_EDGE('',*,*,#9119,.F.);
#9133 = ORIENTED_EDGE('',*,*,#9134,.T.);
#9134 = EDGE_CURVE('',#9112,#9034,#9135,.T.);
#9135 = LINE('',#9136,#9137);
#9136 = CARTESIAN_POINT('',(4.384615421295,1.,1.478064060211));
#9137 = VECTOR('',#9138,1.);
#9138 = DIRECTION('',(-0.743882163499,0.,-0.668310801071));
#9139 = ORIENTED_EDGE('',*,*,#9140,.T.);
#9140 = EDGE_CURVE('',#9034,#9088,#9141,.T.);
#9141 = LINE('',#9142,#9143);
#9142 = CARTESIAN_POINT('',(4.141025543213,1.,1.259220600128));
#9143 = VECTOR('',#9144,1.);
#9144 = DIRECTION('',(0.591265336571,-0.606823427765,0.531197354366));
#9145 = PLANE('',#9146);
#9146 = AXIS2_PLACEMENT_3D('',#9147,#9148,#9149);
#9147 = CARTESIAN_POINT('',(4.262820525453,0.965177883769,1.368642309309
    ));
#9148 = DIRECTION('',(-0.668310801071,-1.27470169273E-06,0.743882163498)
  );
#9149 = DIRECTION('',(0.743882163499,-1.10151713184E-24,0.668310801071)
  );
#9150 = ADVANCED_FACE('',(#9151),#9156,.T.);
#9151 = FACE_BOUND('',#9152,.T.);
#9152 = EDGE_LOOP('',(#9153,#9154,#9155));
#9153 = ORIENTED_EDGE('',*,*,#9140,.F.);
#9154 = ORIENTED_EDGE('',*,*,#9033,.F.);
#9155 = ORIENTED_EDGE('',*,*,#9087,.F.);
#9156 = PLANE('',#9157);
#9157 = AXIS2_PLACEMENT_3D('',#9158,#9159,#9160);
#9158 = CARTESIAN_POINT('',(4.178924908929,0.875,1.293269683603));
#9159 = DIRECTION('',(-0.66831007714,0.,0.743882813885));
#9160 = DIRECTION('',(0.743882813885,0.,0.66831007714));
#9161 = ADVANCED_FACE('',(#9162),#9179,.T.);
#9162 = FACE_BOUND('',#9163,.T.);
#9163 = EDGE_LOOP('',(#9164,#9172,#9173));
#9164 = ORIENTED_EDGE('',*,*,#9165,.T.);
#9165 = EDGE_CURVE('',#9166,#8332,#9168,.T.);
#9166 = VERTEX_POINT('',#9167);
#9167 = CARTESIAN_POINT('',(4.506410121918,0.875,1.596989750862));
#9168 = LINE('',#9169,#9170);
#9169 = CARTESIAN_POINT('',(4.506410121918,0.875,1.596989750862));
#9170 = VECTOR('',#9171,1.);
#9171 = DIRECTION('',(-0.576699952887,-0.59187709927,-0.563115142489));
#9172 = ORIENTED_EDGE('',*,*,#8432,.F.);
#9173 = ORIENTED_EDGE('',*,*,#9174,.T.);
#9174 = EDGE_CURVE('',#8410,#9166,#9175,.T.);
#9175 = LINE('',#9176,#9177);
#9176 = CARTESIAN_POINT('',(4.628205299377,0.75,1.715915560722));
#9177 = VECTOR('',#9178,1.);
#9178 = DIRECTION('',(-0.576701276493,0.591876140461,-0.56311479473));
#9179 = PLANE('',#9180);
#9180 = AXIS2_PLACEMENT_3D('',#9181,#9182,#9183);
#9181 = CARTESIAN_POINT('',(4.506410321641,0.784606318415,1.596989820633
    ));
#9182 = DIRECTION('',(-0.698629037126,-9.913597434561E-07,0.715484079825
    ));
#9183 = DIRECTION('',(0.715484079826,2.790922575248E-23,0.698629037126)
  );
#9184 = ADVANCED_FACE('',(#9185),#9202,.T.);
#9185 = FACE_BOUND('',#9186,.T.);
#9186 = EDGE_LOOP('',(#9187,#9188,#9196));
#9187 = ORIENTED_EDGE('',*,*,#9174,.F.);
#9188 = ORIENTED_EDGE('',*,*,#9189,.T.);
#9189 = EDGE_CURVE('',#8410,#9190,#9192,.T.);
#9190 = VERTEX_POINT('',#9191);
#9191 = CARTESIAN_POINT('',(4.628205299377,1.,1.715915560722));
#9192 = LINE('',#9193,#9194);
#9193 = CARTESIAN_POINT('',(4.628205299377,0.75,1.715915560722));
#9194 = VECTOR('',#9195,1.);
#9195 = DIRECTION('',(0.,1.,0.));
#9196 = ORIENTED_EDGE('',*,*,#9197,.T.);
#9197 = EDGE_CURVE('',#9190,#9166,#9198,.T.);
#9198 = LINE('',#9199,#9200);
#9199 = CARTESIAN_POINT('',(4.628205299377,1.,1.715915560722));
#9200 = VECTOR('',#9201,1.);
#9201 = DIRECTION('',(-0.576701276493,-0.591876140461,-0.56311479473));
#9202 = PLANE('',#9203);
#9203 = AXIS2_PLACEMENT_3D('',#9204,#9205,#9206);
#9204 = CARTESIAN_POINT('',(4.589950068847,0.875,1.678561583601));
#9205 = DIRECTION('',(-0.698628516278,0.,0.715484588404));
#9206 = DIRECTION('',(0.715484588404,0.,0.698628516278));
#9207 = ADVANCED_FACE('',(#9208),#9223,.T.);
#9208 = FACE_BOUND('',#9209,.T.);
#9209 = EDGE_LOOP('',(#9210,#9211,#9217));
#9210 = ORIENTED_EDGE('',*,*,#9197,.F.);
#9211 = ORIENTED_EDGE('',*,*,#9212,.T.);
#9212 = EDGE_CURVE('',#9190,#9112,#9213,.T.);
#9213 = LINE('',#9214,#9215);
#9214 = CARTESIAN_POINT('',(4.628205299377,1.,1.715915560722));
#9215 = VECTOR('',#9216,1.);
#9216 = DIRECTION('',(-0.715484079826,0.,-0.698629037126));
#9217 = ORIENTED_EDGE('',*,*,#9218,.T.);
#9218 = EDGE_CURVE('',#9112,#9166,#9219,.T.);
#9219 = LINE('',#9220,#9221);
#9220 = CARTESIAN_POINT('',(4.384615421295,1.,1.478064060211));
#9221 = VECTOR('',#9222,1.);
#9222 = DIRECTION('',(0.576699952887,-0.59187709927,0.563115142489));
#9223 = PLANE('',#9224);
#9224 = AXIS2_PLACEMENT_3D('',#9225,#9226,#9227);
#9225 = CARTESIAN_POINT('',(4.506410321641,0.965393681585,1.596989820633
    ));
#9226 = DIRECTION('',(-0.698629037126,9.913597434954E-07,0.715484079825)
  );
#9227 = DIRECTION('',(0.715484079826,-3.65186448379E-23,0.698629037126)
  );
#9228 = ADVANCED_FACE('',(#9229),#9234,.T.);
#9229 = FACE_BOUND('',#9230,.T.);
#9230 = EDGE_LOOP('',(#9231,#9232,#9233));
#9231 = ORIENTED_EDGE('',*,*,#9218,.F.);
#9232 = ORIENTED_EDGE('',*,*,#9111,.F.);
#9233 = ORIENTED_EDGE('',*,*,#9165,.F.);
#9234 = PLANE('',#9235);
#9235 = AXIS2_PLACEMENT_3D('',#9236,#9237,#9238);
#9236 = CARTESIAN_POINT('',(4.422870479012,0.875,1.51541797739));
#9237 = DIRECTION('',(-0.698629557976,0.,0.715483571245));
#9238 = DIRECTION('',(0.715483571245,0.,0.698629557976));
#9239 = ADVANCED_FACE('',(#9240),#9257,.T.);
#9240 = FACE_BOUND('',#9241,.T.);
#9241 = EDGE_LOOP('',(#9242,#9250,#9251));
#9242 = ORIENTED_EDGE('',*,*,#9243,.T.);
#9243 = EDGE_CURVE('',#9244,#8410,#9246,.T.);
#9244 = VERTEX_POINT('',#9245);
#9245 = CARTESIAN_POINT('',(4.75,0.875,1.83732354641));
#9246 = LINE('',#9247,#9248);
#9247 = CARTESIAN_POINT('',(4.75,0.875,1.83732354641));
#9248 = VECTOR('',#9249,1.);
#9249 = DIRECTION('',(-0.572881382593,-0.587958034775,-0.571062405366));
#9250 = ORIENTED_EDGE('',*,*,#8510,.F.);
#9251 = ORIENTED_EDGE('',*,*,#9252,.T.);
#9252 = EDGE_CURVE('',#8488,#9244,#9253,.T.);
#9253 = LINE('',#9254,#9255);
#9254 = CARTESIAN_POINT('',(4.871794700623,0.75,1.958731651306));
#9255 = VECTOR('',#9256,1.);
#9256 = DIRECTION('',(-0.572881199152,0.587957846507,-0.571062783228));
#9257 = PLANE('',#9258);
#9258 = AXIS2_PLACEMENT_3D('',#9259,#9260,#9261);
#9259 = CARTESIAN_POINT('',(4.75000000539,0.784551547162,1.837323594912)
  );
#9260 = DIRECTION('',(-0.705981696859,3.377104178614E-07,0.708230078223)
  );
#9261 = DIRECTION('',(0.708230078223,8.806336682235E-26,0.705981696859)
  );
#9262 = ADVANCED_FACE('',(#9263),#9280,.T.);
#9263 = FACE_BOUND('',#9264,.T.);
#9264 = EDGE_LOOP('',(#9265,#9266,#9274));
#9265 = ORIENTED_EDGE('',*,*,#9252,.F.);
#9266 = ORIENTED_EDGE('',*,*,#9267,.T.);
#9267 = EDGE_CURVE('',#8488,#9268,#9270,.T.);
#9268 = VERTEX_POINT('',#9269);
#9269 = CARTESIAN_POINT('',(4.871794700623,1.,1.958731651306));
#9270 = LINE('',#9271,#9272);
#9271 = CARTESIAN_POINT('',(4.871794700623,0.75,1.958731651306));
#9272 = VECTOR('',#9273,1.);
#9273 = DIRECTION('',(0.,1.,0.));
#9274 = ORIENTED_EDGE('',*,*,#9275,.T.);
#9275 = EDGE_CURVE('',#9268,#9244,#9276,.T.);
#9276 = LINE('',#9277,#9278);
#9277 = CARTESIAN_POINT('',(4.871794700623,1.,1.958731651306));
#9278 = VECTOR('',#9279,1.);
#9279 = DIRECTION('',(-0.572881199152,-0.587957846507,-0.571062783228));
#9280 = PLANE('',#9281);
#9281 = AXIS2_PLACEMENT_3D('',#9282,#9283,#9284);
#9282 = CARTESIAN_POINT('',(4.83344522526,0.875,1.92050390327));
#9283 = DIRECTION('',(-0.705981870709,0.,0.708229904925));
#9284 = DIRECTION('',(0.708229904925,0.,0.705981870709));
#9285 = ADVANCED_FACE('',(#9286),#9301,.T.);
#9286 = FACE_BOUND('',#9287,.T.);
#9287 = EDGE_LOOP('',(#9288,#9289,#9295));
#9288 = ORIENTED_EDGE('',*,*,#9275,.F.);
#9289 = ORIENTED_EDGE('',*,*,#9290,.T.);
#9290 = EDGE_CURVE('',#9268,#9190,#9291,.T.);
#9291 = LINE('',#9292,#9293);
#9292 = CARTESIAN_POINT('',(4.871794700623,1.,1.958731651306));
#9293 = VECTOR('',#9294,1.);
#9294 = DIRECTION('',(-0.708230078223,0.,-0.705981696859));
#9295 = ORIENTED_EDGE('',*,*,#9296,.T.);
#9296 = EDGE_CURVE('',#9190,#9244,#9297,.T.);
#9297 = LINE('',#9298,#9299);
#9298 = CARTESIAN_POINT('',(4.628205299377,1.,1.715915560722));
#9299 = VECTOR('',#9300,1.);
#9300 = DIRECTION('',(0.572881382593,-0.587958034775,0.571062405366));
#9301 = PLANE('',#9302);
#9302 = AXIS2_PLACEMENT_3D('',#9303,#9304,#9305);
#9303 = CARTESIAN_POINT('',(4.75000000539,0.965448452838,1.837323594912)
  );
#9304 = DIRECTION('',(-0.705981696859,-3.377104178794E-07,0.708230078223
    ));
#9305 = DIRECTION('',(0.708230078223,-1.915700624815E-23,0.705981696859)
  );
#9306 = ADVANCED_FACE('',(#9307),#9312,.T.);
#9307 = FACE_BOUND('',#9308,.T.);
#9308 = EDGE_LOOP('',(#9309,#9310,#9311));
#9309 = ORIENTED_EDGE('',*,*,#9296,.F.);
#9310 = ORIENTED_EDGE('',*,*,#9189,.F.);
#9311 = ORIENTED_EDGE('',*,*,#9243,.F.);
#9312 = PLANE('',#9313);
#9313 = AXIS2_PLACEMENT_3D('',#9314,#9315,#9316);
#9314 = CARTESIAN_POINT('',(4.666554770193,0.875,1.754143266691));
#9315 = DIRECTION('',(-0.705981523009,0.,0.708230251521));
#9316 = DIRECTION('',(0.708230251521,0.,0.705981523009));
#9317 = ADVANCED_FACE('',(#9318),#9335,.T.);
#9318 = FACE_BOUND('',#9319,.T.);
#9319 = EDGE_LOOP('',(#9320,#9328,#9329));
#9320 = ORIENTED_EDGE('',*,*,#9321,.T.);
#9321 = EDGE_CURVE('',#9322,#8488,#9324,.T.);
#9322 = VERTEX_POINT('',#9323);
#9323 = CARTESIAN_POINT('',(4.993589878082,0.875,2.07545375824));
#9324 = LINE('',#9325,#9326);
#9325 = CARTESIAN_POINT('',(4.993589878082,0.875,2.07545375824));
#9326 = VECTOR('',#9327,1.);
#9327 = DIRECTION('',(-0.580088094881,-0.595352076925,-0.555925990288));
#9328 = ORIENTED_EDGE('',*,*,#8588,.F.);
#9329 = ORIENTED_EDGE('',*,*,#9330,.T.);
#9330 = EDGE_CURVE('',#8566,#9322,#9331,.T.);
#9331 = LINE('',#9332,#9333);
#9332 = CARTESIAN_POINT('',(5.115384578705,0.75,2.192175865173));
#9333 = VECTOR('',#9334,1.);
#9334 = DIRECTION('',(-0.580086588016,0.595352861261,-0.555926722682));
#9335 = PLANE('',#9336);
#9336 = AXIS2_PLACEMENT_3D('',#9337,#9338,#9339);
#9337 = CARTESIAN_POINT('',(4.993589683521,0.784655517165,2.075453736923
    ));
#9338 = DIRECTION('',(-0.691911410387,1.319716282605E-06,0.721982409878)
  );
#9339 = DIRECTION('',(0.721982409879,-2.568201344327E-23,0.691911410388)
  );
#9340 = ADVANCED_FACE('',(#9341),#9358,.T.);
#9341 = FACE_BOUND('',#9342,.T.);
#9342 = EDGE_LOOP('',(#9343,#9344,#9352));
#9343 = ORIENTED_EDGE('',*,*,#9330,.F.);
#9344 = ORIENTED_EDGE('',*,*,#9345,.T.);
#9345 = EDGE_CURVE('',#8566,#9346,#9348,.T.);
#9346 = VERTEX_POINT('',#9347);
#9347 = CARTESIAN_POINT('',(5.115384578705,1.,2.192175865173));
#9348 = LINE('',#9349,#9350);
#9349 = CARTESIAN_POINT('',(5.115384578705,0.75,2.192175865173));
#9350 = VECTOR('',#9351,1.);
#9351 = DIRECTION('',(0.,1.,0.));
#9352 = ORIENTED_EDGE('',*,*,#9353,.T.);
#9353 = EDGE_CURVE('',#9346,#9322,#9354,.T.);
#9354 = LINE('',#9355,#9356);
#9355 = CARTESIAN_POINT('',(5.115384578705,1.,2.192175865173));
#9356 = VECTOR('',#9357,1.);
#9357 = DIRECTION('',(-0.580086588016,-0.595352861261,-0.555926722682));
#9358 = PLANE('',#9359);
#9359 = AXIS2_PLACEMENT_3D('',#9360,#9361,#9362);
#9360 = CARTESIAN_POINT('',(5.077212866484,0.875,2.155593956002));
#9361 = DIRECTION('',(-0.691912116405,0.,0.721981733268));
#9362 = DIRECTION('',(0.721981733268,0.,0.691912116405));
#9363 = ADVANCED_FACE('',(#9364),#9379,.T.);
#9364 = FACE_BOUND('',#9365,.T.);
#9365 = EDGE_LOOP('',(#9366,#9367,#9373));
#9366 = ORIENTED_EDGE('',*,*,#9353,.F.);
#9367 = ORIENTED_EDGE('',*,*,#9368,.T.);
#9368 = EDGE_CURVE('',#9346,#9268,#9369,.T.);
#9369 = LINE('',#9370,#9371);
#9370 = CARTESIAN_POINT('',(5.115384578705,1.,2.192175865173));
#9371 = VECTOR('',#9372,1.);
#9372 = DIRECTION('',(-0.721982409879,0.,-0.691911410388));
#9373 = ORIENTED_EDGE('',*,*,#9374,.T.);
#9374 = EDGE_CURVE('',#9268,#9322,#9375,.T.);
#9375 = LINE('',#9376,#9377);
#9376 = CARTESIAN_POINT('',(4.871794700623,1.,1.958731651306));
#9377 = VECTOR('',#9378,1.);
#9378 = DIRECTION('',(0.580088094881,-0.595352076925,0.555925990288));
#9379 = PLANE('',#9380);
#9380 = AXIS2_PLACEMENT_3D('',#9381,#9382,#9383);
#9381 = CARTESIAN_POINT('',(4.993589683521,0.965344482835,2.075453736923
    ));
#9382 = DIRECTION('',(-0.691911410387,-1.319716282585E-06,0.721982409878
    ));
#9383 = DIRECTION('',(0.721982409879,7.018777656846E-24,0.691911410388)
  );
#9384 = ADVANCED_FACE('',(#9385),#9390,.T.);
#9385 = FACE_BOUND('',#9386,.T.);
#9386 = EDGE_LOOP('',(#9387,#9388,#9389));
#9387 = ORIENTED_EDGE('',*,*,#9374,.F.);
#9388 = ORIENTED_EDGE('',*,*,#9267,.F.);
#9389 = ORIENTED_EDGE('',*,*,#9321,.F.);
#9390 = PLANE('',#9391);
#9391 = AXIS2_PLACEMENT_3D('',#9392,#9393,#9394);
#9392 = CARTESIAN_POINT('',(4.909966581056,0.875,1.995313578462));
#9393 = DIRECTION('',(-0.691910704372,0.,0.721983086488));
#9394 = DIRECTION('',(0.721983086488,0.,0.691910704372));
#9395 = ADVANCED_FACE('',(#9396),#9413,.T.);
#9396 = FACE_BOUND('',#9397,.T.);
#9397 = EDGE_LOOP('',(#9398,#9406,#9407));
#9398 = ORIENTED_EDGE('',*,*,#9399,.T.);
#9399 = EDGE_CURVE('',#9400,#8566,#9402,.T.);
#9400 = VERTEX_POINT('',#9401);
#9401 = CARTESIAN_POINT('',(5.237179279327,0.875,2.297320127487));
#9402 = LINE('',#9403,#9404);
#9403 = CARTESIAN_POINT('',(5.237179279327,0.875,2.297320127487));
#9404 = VECTOR('',#9405,1.);
#9405 = DIRECTION('',(-0.597763943944,-0.613495436263,-0.516044200631));
#9406 = ORIENTED_EDGE('',*,*,#8666,.F.);
#9407 = ORIENTED_EDGE('',*,*,#9408,.T.);
#9408 = EDGE_CURVE('',#8644,#9400,#9409,.T.);
#9409 = LINE('',#9410,#9411);
#9410 = CARTESIAN_POINT('',(5.358974456787,0.75,2.40246462822));
#9411 = VECTOR('',#9412,1.);
#9412 = DIRECTION('',(-0.597765087041,0.613494207559,-0.516044337248));
#9413 = PLANE('',#9414);
#9414 = AXIS2_PLACEMENT_3D('',#9415,#9416,#9417);
#9415 = CARTESIAN_POINT('',(5.237179485212,0.784922078518,2.297320242808
    ));
#9416 = DIRECTION('',(-0.653469787072,-5.24508452411E-07,0.756952599166)
  );
#9417 = DIRECTION('',(0.756952599166,-1.326414556976E-23,0.653469787072)
  );
#9418 = ADVANCED_FACE('',(#9419),#9436,.T.);
#9419 = FACE_BOUND('',#9420,.T.);
#9420 = EDGE_LOOP('',(#9421,#9422,#9430));
#9421 = ORIENTED_EDGE('',*,*,#9408,.F.);
#9422 = ORIENTED_EDGE('',*,*,#9423,.T.);
#9423 = EDGE_CURVE('',#8644,#9424,#9426,.T.);
#9424 = VERTEX_POINT('',#9425);
#9425 = CARTESIAN_POINT('',(5.358974456787,1.,2.40246462822));
#9426 = LINE('',#9427,#9428);
#9427 = CARTESIAN_POINT('',(5.358974456787,0.75,2.40246462822));
#9428 = VECTOR('',#9429,1.);
#9429 = DIRECTION('',(0.,1.,0.));
#9430 = ORIENTED_EDGE('',*,*,#9431,.T.);
#9431 = EDGE_CURVE('',#9424,#9400,#9432,.T.);
#9432 = LINE('',#9433,#9434);
#9433 = CARTESIAN_POINT('',(5.358974456787,1.,2.40246462822));
#9434 = VECTOR('',#9435,1.);
#9435 = DIRECTION('',(-0.597765087041,-0.613494207559,-0.516044337248));
#9436 = PLANE('',#9437);
#9437 = AXIS2_PLACEMENT_3D('',#9438,#9439,#9440);
#9438 = CARTESIAN_POINT('',(5.321231781019,0.875,2.369881771634));
#9439 = DIRECTION('',(-0.653469478632,0.,0.756952865439));
#9440 = DIRECTION('',(0.756952865439,0.,0.653469478632));
#9441 = ADVANCED_FACE('',(#9442),#9457,.T.);
#9442 = FACE_BOUND('',#9443,.T.);
#9443 = EDGE_LOOP('',(#9444,#9445,#9451));
#9444 = ORIENTED_EDGE('',*,*,#9431,.F.);
#9445 = ORIENTED_EDGE('',*,*,#9446,.T.);
#9446 = EDGE_CURVE('',#9424,#9346,#9447,.T.);
#9447 = LINE('',#9448,#9449);
#9448 = CARTESIAN_POINT('',(5.358974456787,1.,2.40246462822));
#9449 = VECTOR('',#9450,1.);
#9450 = DIRECTION('',(-0.756952599166,0.,-0.653469787072));
#9451 = ORIENTED_EDGE('',*,*,#9452,.T.);
#9452 = EDGE_CURVE('',#9346,#9400,#9453,.T.);
#9453 = LINE('',#9454,#9455);
#9454 = CARTESIAN_POINT('',(5.115384578705,1.,2.192175865173));
#9455 = VECTOR('',#9456,1.);
#9456 = DIRECTION('',(0.597763943944,-0.613495436263,0.516044200631));
#9457 = PLANE('',#9458);
#9458 = AXIS2_PLACEMENT_3D('',#9459,#9460,#9461);
#9459 = CARTESIAN_POINT('',(5.237179485212,0.965077921482,2.297320242808
    ));
#9460 = DIRECTION('',(-0.653469787072,5.245084524244E-07,0.756952599166)
  );
#9461 = DIRECTION('',(0.756952599166,2.716507454206E-23,0.653469787072)
  );
#9462 = ADVANCED_FACE('',(#9463),#9468,.T.);
#9463 = FACE_BOUND('',#9464,.T.);
#9464 = EDGE_LOOP('',(#9465,#9466,#9467));
#9465 = ORIENTED_EDGE('',*,*,#9452,.F.);
#9466 = ORIENTED_EDGE('',*,*,#9345,.F.);
#9467 = ORIENTED_EDGE('',*,*,#9399,.F.);
#9468 = PLANE('',#9469);
#9469 = AXIS2_PLACEMENT_3D('',#9470,#9471,#9472);
#9470 = CARTESIAN_POINT('',(5.153127077966,0.875,2.224758623064));
#9471 = DIRECTION('',(-0.653470095512,0.,0.756952332892));
#9472 = DIRECTION('',(0.756952332892,0.,0.653470095512));
#9473 = ADVANCED_FACE('',(#9474),#9491,.T.);
#9474 = FACE_BOUND('',#9475,.T.);
#9475 = EDGE_LOOP('',(#9476,#9484,#9485));
#9476 = ORIENTED_EDGE('',*,*,#9477,.T.);
#9477 = EDGE_CURVE('',#9478,#8644,#9480,.T.);
#9478 = VERTEX_POINT('',#9479);
#9479 = CARTESIAN_POINT('',(5.48076915741,0.875,2.48982334137));
#9480 = LINE('',#9481,#9482);
#9481 = CARTESIAN_POINT('',(5.48076915741,0.875,2.48982334137));
#9482 = VECTOR('',#9483,1.);
#9483 = DIRECTION('',(-0.624051010066,-0.640474305199,-0.447608088863));
#9484 = ORIENTED_EDGE('',*,*,#8737,.F.);
#9485 = ORIENTED_EDGE('',*,*,#9486,.T.);
#9486 = EDGE_CURVE('',#6391,#9478,#9487,.T.);
#9487 = LINE('',#9488,#9489);
#9488 = CARTESIAN_POINT('',(5.602564334869,0.75,2.57718205452));
#9489 = VECTOR('',#9490,1.);
#9490 = DIRECTION('',(-0.624052501793,0.640473328674,-0.447607406399));
#9491 = PLANE('',#9492);
#9492 = AXIS2_PLACEMENT_3D('',#9493,#9494,#9495);
#9493 = CARTESIAN_POINT('',(5.48076935466,0.78535107851,2.489823360204)
  );
#9494 = DIRECTION('',(-0.582837761474,-1.111674807487E-06,0.812588545205
    ));
#9495 = DIRECTION('',(0.812588545206,-3.283024597294E-23,0.582837761474)
  );
#9496 = ADVANCED_FACE('',(#9497),#9507,.T.);
#9497 = FACE_BOUND('',#9498,.T.);
#9498 = EDGE_LOOP('',(#9499,#9500,#9501));
#9499 = ORIENTED_EDGE('',*,*,#9486,.F.);
#9500 = ORIENTED_EDGE('',*,*,#6390,.T.);
#9501 = ORIENTED_EDGE('',*,*,#9502,.T.);
#9502 = EDGE_CURVE('',#6383,#9478,#9503,.T.);
#9503 = LINE('',#9504,#9505);
#9504 = CARTESIAN_POINT('',(5.602564334869,1.,2.57718205452));
#9505 = VECTOR('',#9506,1.);
#9506 = DIRECTION('',(-0.624052501793,-0.640473328674,-0.447607406399));
#9507 = PLANE('',#9508);
#9508 = AXIS2_PLACEMENT_3D('',#9509,#9510,#9511);
#9509 = CARTESIAN_POINT('',(5.565442372771,0.875,2.550555985195));
#9510 = DIRECTION('',(-0.58283700812,0.,0.812589085557));
#9511 = DIRECTION('',(0.812589085557,0.,0.58283700812));
#9512 = ADVANCED_FACE('',(#9513),#9528,.T.);
#9513 = FACE_BOUND('',#9514,.T.);
#9514 = EDGE_LOOP('',(#9515,#9516,#9522));
#9515 = ORIENTED_EDGE('',*,*,#9502,.F.);
#9516 = ORIENTED_EDGE('',*,*,#9517,.T.);
#9517 = EDGE_CURVE('',#6383,#9424,#9518,.T.);
#9518 = LINE('',#9519,#9520);
#9519 = CARTESIAN_POINT('',(5.602564334869,1.,2.57718205452));
#9520 = VECTOR('',#9521,1.);
#9521 = DIRECTION('',(-0.812588545206,0.,-0.582837761474));
#9522 = ORIENTED_EDGE('',*,*,#9523,.T.);
#9523 = EDGE_CURVE('',#9424,#9478,#9524,.T.);
#9524 = LINE('',#9525,#9526);
#9525 = CARTESIAN_POINT('',(5.358974456787,1.,2.40246462822));
#9526 = VECTOR('',#9527,1.);
#9527 = DIRECTION('',(0.624051010066,-0.640474305199,0.447608088863));
#9528 = PLANE('',#9529);
#9529 = AXIS2_PLACEMENT_3D('',#9530,#9531,#9532);
#9530 = CARTESIAN_POINT('',(5.48076935466,0.96464892149,2.489823360204)
  );
#9531 = DIRECTION('',(-0.582837761474,1.111674807517E-06,0.812588545205)
  );
#9532 = DIRECTION('',(0.812588545206,4.210215489782E-23,0.582837761474)
  );
#9533 = ADVANCED_FACE('',(#9534),#9539,.T.);
#9534 = FACE_BOUND('',#9535,.T.);
#9535 = EDGE_LOOP('',(#9536,#9537,#9538));
#9536 = ORIENTED_EDGE('',*,*,#9523,.F.);
#9537 = ORIENTED_EDGE('',*,*,#9423,.F.);
#9538 = ORIENTED_EDGE('',*,*,#9477,.F.);
#9539 = PLANE('',#9540);
#9540 = AXIS2_PLACEMENT_3D('',#9541,#9542,#9543);
#9541 = CARTESIAN_POINT('',(5.396096251452,0.875,2.429090681695));
#9542 = DIRECTION('',(-0.58283851483,0.,0.812588004853));
#9543 = DIRECTION('',(0.812588004853,0.,0.58283851483));
#9544 = ADVANCED_FACE('',(#9545),#9590,.T.);
#9545 = FACE_BOUND('',#9546,.T.);
#9546 = EDGE_LOOP('',(#9547,#9548,#9549,#9550,#9551,#9552,#9560,#9568,
    #9576,#9584));
#9547 = ORIENTED_EDGE('',*,*,#667,.T.);
#9548 = ORIENTED_EDGE('',*,*,#7193,.T.);
#9549 = ORIENTED_EDGE('',*,*,#7278,.T.);
#9550 = ORIENTED_EDGE('',*,*,#8058,.T.);
#9551 = ORIENTED_EDGE('',*,*,#8838,.T.);
#9552 = ORIENTED_EDGE('',*,*,#9553,.T.);
#9553 = EDGE_CURVE('',#8816,#9554,#9556,.T.);
#9554 = VERTEX_POINT('',#9555);
#9555 = CARTESIAN_POINT('',(2.923076868057,1.,0.823779702187));
#9556 = LINE('',#9557,#9558);
#9557 = CARTESIAN_POINT('',(3.16666674614,1.,0.800314307213));
#9558 = VECTOR('',#9559,1.);
#9559 = DIRECTION('',(-0.995392159569,0.,9.588768778876E-02));
#9560 = ORIENTED_EDGE('',*,*,#9561,.F.);
#9561 = EDGE_CURVE('',#9562,#9554,#9564,.T.);
#9562 = VERTEX_POINT('',#9563);
#9563 = CARTESIAN_POINT('',(2.923076868057,0.75,0.823779702187));
#9564 = LINE('',#9565,#9566);
#9565 = CARTESIAN_POINT('',(2.923076868057,0.75,0.823779702187));
#9566 = VECTOR('',#9567,1.);
#9567 = DIRECTION('',(0.,1.,0.));
#9568 = ORIENTED_EDGE('',*,*,#9569,.F.);
#9569 = EDGE_CURVE('',#9570,#9562,#9572,.T.);
#9570 = VERTEX_POINT('',#9571);
#9571 = CARTESIAN_POINT('',(2.923076868057,0.5,0.823779702187));
#9572 = LINE('',#9573,#9574);
#9573 = CARTESIAN_POINT('',(2.923076868057,0.5,0.823779702187));
#9574 = VECTOR('',#9575,1.);
#9575 = DIRECTION('',(0.,1.,0.));
#9576 = ORIENTED_EDGE('',*,*,#9577,.F.);
#9577 = EDGE_CURVE('',#9578,#9570,#9580,.T.);
#9578 = VERTEX_POINT('',#9579);
#9579 = CARTESIAN_POINT('',(2.923076868057,0.25,0.823779702187));
#9580 = LINE('',#9581,#9582);
#9581 = CARTESIAN_POINT('',(2.923076868057,0.25,0.823779702187));
#9582 = VECTOR('',#9583,1.);
#9583 = DIRECTION('',(0.,1.,0.));
#9584 = ORIENTED_EDGE('',*,*,#9585,.F.);
#9585 = EDGE_CURVE('',#668,#9578,#9586,.T.);
#9586 = LINE('',#9587,#9588);
#9587 = CARTESIAN_POINT('',(2.923076868057,0.,0.823779702187));
#9588 = VECTOR('',#9589,1.);
#9589 = DIRECTION('',(0.,1.,0.));
#9590 = PLANE('',#9591);
#9591 = AXIS2_PLACEMENT_3D('',#9592,#9593,#9594);
#9592 = CARTESIAN_POINT('',(3.044871807098,0.5,0.8120470047));
#9593 = DIRECTION('',(9.588768778876E-02,0.,0.995392159569));
#9594 = DIRECTION('',(0.995392159569,0.,-9.588768778876E-02));
#9595 = ADVANCED_FACE('',(#9596),#9613,.T.);
#9596 = FACE_BOUND('',#9597,.T.);
#9597 = EDGE_LOOP('',(#9598,#9606,#9607));
#9598 = ORIENTED_EDGE('',*,*,#9599,.T.);
#9599 = EDGE_CURVE('',#9600,#676,#9602,.T.);
#9600 = VERTEX_POINT('',#9601);
#9601 = CARTESIAN_POINT('',(2.801282167435,0.125,0.864331960678));
#9602 = LINE('',#9603,#9604);
#9603 = CARTESIAN_POINT('',(2.801282167435,0.125,0.864331960678));
#9604 = VECTOR('',#9605,1.);
#9605 = DIRECTION('',(-0.679756077818,-0.697644010467,0.22632832198));
#9606 = ORIENTED_EDGE('',*,*,#675,.T.);
#9607 = ORIENTED_EDGE('',*,*,#9608,.T.);
#9608 = EDGE_CURVE('',#668,#9600,#9609,.T.);
#9609 = LINE('',#9610,#9611);
#9610 = CARTESIAN_POINT('',(2.923076868057,0.,0.823779702187));
#9611 = VECTOR('',#9612,1.);
#9612 = DIRECTION('',(-0.679755362018,0.697644641498,0.226328526698));
#9613 = PLANE('',#9614);
#9614 = AXIS2_PLACEMENT_3D('',#9615,#9616,#9617);
#9615 = CARTESIAN_POINT('',(2.801282066905,3.6412484245E-02,
    0.864331966021));
#9616 = DIRECTION('',(0.315905134963,-3.012706136249E-07,0.948790780786)
  );
#9617 = DIRECTION('',(0.948790780786,1.053504341016E-23,-0.315905134963)
  );
#9618 = ADVANCED_FACE('',(#9619),#9629,.T.);
#9619 = FACE_BOUND('',#9620,.T.);
#9620 = EDGE_LOOP('',(#9621,#9622,#9623));
#9621 = ORIENTED_EDGE('',*,*,#9608,.F.);
#9622 = ORIENTED_EDGE('',*,*,#9585,.T.);
#9623 = ORIENTED_EDGE('',*,*,#9624,.T.);
#9624 = EDGE_CURVE('',#9578,#9600,#9625,.T.);
#9625 = LINE('',#9626,#9627);
#9626 = CARTESIAN_POINT('',(2.923076868057,0.25,0.823779702187));
#9627 = VECTOR('',#9628,1.);
#9628 = DIRECTION('',(-0.679755362018,-0.697644641498,0.226328526698));
#9629 = PLANE('',#9630);
#9630 = AXIS2_PLACEMENT_3D('',#9631,#9632,#9633);
#9631 = CARTESIAN_POINT('',(2.887205196906,0.125,0.835723385069));
#9632 = DIRECTION('',(0.315905413305,0.,0.94879068811));
#9633 = DIRECTION('',(0.94879068811,0.,-0.315905413305));
#9634 = ADVANCED_FACE('',(#9635),#9652,.T.);
#9635 = FACE_BOUND('',#9636,.T.);
#9636 = EDGE_LOOP('',(#9637,#9638,#9646));
#9637 = ORIENTED_EDGE('',*,*,#9624,.F.);
#9638 = ORIENTED_EDGE('',*,*,#9639,.T.);
#9639 = EDGE_CURVE('',#9578,#9640,#9642,.T.);
#9640 = VERTEX_POINT('',#9641);
#9641 = CARTESIAN_POINT('',(2.679487228394,0.25,0.90488421917));
#9642 = LINE('',#9643,#9644);
#9643 = CARTESIAN_POINT('',(2.923076868057,0.25,0.823779702187));
#9644 = VECTOR('',#9645,1.);
#9645 = DIRECTION('',(-0.948790780786,0.,0.315905134963));
#9646 = ORIENTED_EDGE('',*,*,#9647,.T.);
#9647 = EDGE_CURVE('',#9640,#9600,#9648,.T.);
#9648 = LINE('',#9649,#9650);
#9649 = CARTESIAN_POINT('',(2.679487228394,0.25,0.90488421917));
#9650 = VECTOR('',#9651,1.);
#9651 = DIRECTION('',(0.679756077818,-0.697644010467,-0.22632832198));
#9652 = PLANE('',#9653);
#9653 = AXIS2_PLACEMENT_3D('',#9654,#9655,#9656);
#9654 = CARTESIAN_POINT('',(2.801282066905,0.213587515755,0.864331966021
    ));
#9655 = DIRECTION('',(0.315905134963,3.012706136382E-07,0.948790780786)
  );
#9656 = DIRECTION('',(0.948790780786,-1.873859063387E-24,-0.315905134963
    ));
#9657 = ADVANCED_FACE('',(#9658),#9668,.T.);
#9658 = FACE_BOUND('',#9659,.T.);
#9659 = EDGE_LOOP('',(#9660,#9661,#9667));
#9660 = ORIENTED_EDGE('',*,*,#9647,.F.);
#9661 = ORIENTED_EDGE('',*,*,#9662,.F.);
#9662 = EDGE_CURVE('',#676,#9640,#9663,.T.);
#9663 = LINE('',#9664,#9665);
#9664 = CARTESIAN_POINT('',(2.679487228394,0.,0.90488421917));
#9665 = VECTOR('',#9666,1.);
#9666 = DIRECTION('',(0.,1.,0.));
#9667 = ORIENTED_EDGE('',*,*,#9599,.F.);
#9668 = PLANE('',#9669);
#9669 = AXIS2_PLACEMENT_3D('',#9670,#9671,#9672);
#9670 = CARTESIAN_POINT('',(2.715358983099,0.125,0.892940531847));
#9671 = DIRECTION('',(0.315904856621,0.,0.948790873461));
#9672 = DIRECTION('',(0.948790873461,0.,-0.315904856621));
#9673 = ADVANCED_FACE('',(#9674),#9691,.T.);
#9674 = FACE_BOUND('',#9675,.T.);
#9675 = EDGE_LOOP('',(#9676,#9684,#9685));
#9676 = ORIENTED_EDGE('',*,*,#9677,.T.);
#9677 = EDGE_CURVE('',#9678,#9640,#9680,.T.);
#9678 = VERTEX_POINT('',#9679);
#9679 = CARTESIAN_POINT('',(2.801282167435,0.375,0.864331960678));
#9680 = LINE('',#9681,#9682);
#9681 = CARTESIAN_POINT('',(2.801282167435,0.375,0.864331960678));
#9682 = VECTOR('',#9683,1.);
#9683 = DIRECTION('',(-0.679756077818,-0.697644010467,0.22632832198));
#9684 = ORIENTED_EDGE('',*,*,#9639,.F.);
#9685 = ORIENTED_EDGE('',*,*,#9686,.T.);
#9686 = EDGE_CURVE('',#9578,#9678,#9687,.T.);
#9687 = LINE('',#9688,#9689);
#9688 = CARTESIAN_POINT('',(2.923076868057,0.25,0.823779702187));
#9689 = VECTOR('',#9690,1.);
#9690 = DIRECTION('',(-0.679755362018,0.697644641498,0.226328526698));
#9691 = PLANE('',#9692);
#9692 = AXIS2_PLACEMENT_3D('',#9693,#9694,#9695);
#9693 = CARTESIAN_POINT('',(2.801282066905,0.286412484245,0.864331966021
    ));
#9694 = DIRECTION('',(0.315905134963,-3.012706136321E-07,0.948790780786)
  );
#9695 = DIRECTION('',(0.948790780786,-3.13393245221E-24,-0.315905134963)
  );
#9696 = ADVANCED_FACE('',(#9697),#9707,.T.);
#9697 = FACE_BOUND('',#9698,.T.);
#9698 = EDGE_LOOP('',(#9699,#9700,#9701));
#9699 = ORIENTED_EDGE('',*,*,#9686,.F.);
#9700 = ORIENTED_EDGE('',*,*,#9577,.T.);
#9701 = ORIENTED_EDGE('',*,*,#9702,.T.);
#9702 = EDGE_CURVE('',#9570,#9678,#9703,.T.);
#9703 = LINE('',#9704,#9705);
#9704 = CARTESIAN_POINT('',(2.923076868057,0.5,0.823779702187));
#9705 = VECTOR('',#9706,1.);
#9706 = DIRECTION('',(-0.679755362018,-0.697644641498,0.226328526698));
#9707 = PLANE('',#9708);
#9708 = AXIS2_PLACEMENT_3D('',#9709,#9710,#9711);
#9709 = CARTESIAN_POINT('',(2.887205196906,0.375,0.835723385069));
#9710 = DIRECTION('',(0.315905413305,0.,0.94879068811));
#9711 = DIRECTION('',(0.94879068811,0.,-0.315905413305));
#9712 = ADVANCED_FACE('',(#9713),#9730,.T.);
#9713 = FACE_BOUND('',#9714,.T.);
#9714 = EDGE_LOOP('',(#9715,#9716,#9724));
#9715 = ORIENTED_EDGE('',*,*,#9702,.F.);
#9716 = ORIENTED_EDGE('',*,*,#9717,.T.);
#9717 = EDGE_CURVE('',#9570,#9718,#9720,.T.);
#9718 = VERTEX_POINT('',#9719);
#9719 = CARTESIAN_POINT('',(2.679487228394,0.5,0.90488421917));
#9720 = LINE('',#9721,#9722);
#9721 = CARTESIAN_POINT('',(2.923076868057,0.5,0.823779702187));
#9722 = VECTOR('',#9723,1.);
#9723 = DIRECTION('',(-0.948790780786,0.,0.315905134963));
#9724 = ORIENTED_EDGE('',*,*,#9725,.T.);
#9725 = EDGE_CURVE('',#9718,#9678,#9726,.T.);
#9726 = LINE('',#9727,#9728);
#9727 = CARTESIAN_POINT('',(2.679487228394,0.5,0.90488421917));
#9728 = VECTOR('',#9729,1.);
#9729 = DIRECTION('',(0.679756077818,-0.697644010467,-0.22632832198));
#9730 = PLANE('',#9731);
#9731 = AXIS2_PLACEMENT_3D('',#9732,#9733,#9734);
#9732 = CARTESIAN_POINT('',(2.801282066905,0.463587515755,0.864331966021
    ));
#9733 = DIRECTION('',(0.315905134963,3.012706136373E-07,0.948790780786)
  );
#9734 = DIRECTION('',(0.948790780786,-5.080025185653E-24,-0.315905134963
    ));
#9735 = ADVANCED_FACE('',(#9736),#9746,.T.);
#9736 = FACE_BOUND('',#9737,.T.);
#9737 = EDGE_LOOP('',(#9738,#9739,#9745));
#9738 = ORIENTED_EDGE('',*,*,#9725,.F.);
#9739 = ORIENTED_EDGE('',*,*,#9740,.F.);
#9740 = EDGE_CURVE('',#9640,#9718,#9741,.T.);
#9741 = LINE('',#9742,#9743);
#9742 = CARTESIAN_POINT('',(2.679487228394,0.25,0.90488421917));
#9743 = VECTOR('',#9744,1.);
#9744 = DIRECTION('',(0.,1.,0.));
#9745 = ORIENTED_EDGE('',*,*,#9677,.F.);
#9746 = PLANE('',#9747);
#9747 = AXIS2_PLACEMENT_3D('',#9748,#9749,#9750);
#9748 = CARTESIAN_POINT('',(2.715358983099,0.375,0.892940531847));
#9749 = DIRECTION('',(0.315904856621,0.,0.948790873461));
#9750 = DIRECTION('',(0.948790873461,0.,-0.315904856621));
#9751 = ADVANCED_FACE('',(#9752),#9769,.T.);
#9752 = FACE_BOUND('',#9753,.T.);
#9753 = EDGE_LOOP('',(#9754,#9762,#9763));
#9754 = ORIENTED_EDGE('',*,*,#9755,.T.);
#9755 = EDGE_CURVE('',#9756,#9718,#9758,.T.);
#9756 = VERTEX_POINT('',#9757);
#9757 = CARTESIAN_POINT('',(2.801282167435,0.625,0.864331960678));
#9758 = LINE('',#9759,#9760);
#9759 = CARTESIAN_POINT('',(2.801282167435,0.625,0.864331960678));
#9760 = VECTOR('',#9761,1.);
#9761 = DIRECTION('',(-0.679756077818,-0.697644010467,0.22632832198));
#9762 = ORIENTED_EDGE('',*,*,#9717,.F.);
#9763 = ORIENTED_EDGE('',*,*,#9764,.T.);
#9764 = EDGE_CURVE('',#9570,#9756,#9765,.T.);
#9765 = LINE('',#9766,#9767);
#9766 = CARTESIAN_POINT('',(2.923076868057,0.5,0.823779702187));
#9767 = VECTOR('',#9768,1.);
#9768 = DIRECTION('',(-0.679755362018,0.697644641498,0.226328526698));
#9769 = PLANE('',#9770);
#9770 = AXIS2_PLACEMENT_3D('',#9771,#9772,#9773);
#9771 = CARTESIAN_POINT('',(2.801282066905,0.536412484245,0.864331966021
    ));
#9772 = DIRECTION('',(0.315905134963,-3.01270613635E-07,0.948790780786)
  );
#9773 = DIRECTION('',(0.948790780786,-1.428345922393E-24,-0.315905134963
    ));
#9774 = ADVANCED_FACE('',(#9775),#9785,.T.);
#9775 = FACE_BOUND('',#9776,.T.);
#9776 = EDGE_LOOP('',(#9777,#9778,#9779));
#9777 = ORIENTED_EDGE('',*,*,#9764,.F.);
#9778 = ORIENTED_EDGE('',*,*,#9569,.T.);
#9779 = ORIENTED_EDGE('',*,*,#9780,.T.);
#9780 = EDGE_CURVE('',#9562,#9756,#9781,.T.);
#9781 = LINE('',#9782,#9783);
#9782 = CARTESIAN_POINT('',(2.923076868057,0.75,0.823779702187));
#9783 = VECTOR('',#9784,1.);
#9784 = DIRECTION('',(-0.679755362018,-0.697644641498,0.226328526698));
#9785 = PLANE('',#9786);
#9786 = AXIS2_PLACEMENT_3D('',#9787,#9788,#9789);
#9787 = CARTESIAN_POINT('',(2.887205196906,0.625,0.835723385069));
#9788 = DIRECTION('',(0.315905413305,0.,0.94879068811));
#9789 = DIRECTION('',(0.94879068811,0.,-0.315905413305));
#9790 = ADVANCED_FACE('',(#9791),#9808,.T.);
#9791 = FACE_BOUND('',#9792,.T.);
#9792 = EDGE_LOOP('',(#9793,#9794,#9802));
#9793 = ORIENTED_EDGE('',*,*,#9780,.F.);
#9794 = ORIENTED_EDGE('',*,*,#9795,.T.);
#9795 = EDGE_CURVE('',#9562,#9796,#9798,.T.);
#9796 = VERTEX_POINT('',#9797);
#9797 = CARTESIAN_POINT('',(2.679487228394,0.75,0.90488421917));
#9798 = LINE('',#9799,#9800);
#9799 = CARTESIAN_POINT('',(2.923076868057,0.75,0.823779702187));
#9800 = VECTOR('',#9801,1.);
#9801 = DIRECTION('',(-0.948790780786,0.,0.315905134963));
#9802 = ORIENTED_EDGE('',*,*,#9803,.T.);
#9803 = EDGE_CURVE('',#9796,#9756,#9804,.T.);
#9804 = LINE('',#9805,#9806);
#9805 = CARTESIAN_POINT('',(2.679487228394,0.75,0.90488421917));
#9806 = VECTOR('',#9807,1.);
#9807 = DIRECTION('',(0.679756077818,-0.697644010467,-0.22632832198));
#9808 = PLANE('',#9809);
#9809 = AXIS2_PLACEMENT_3D('',#9810,#9811,#9812);
#9810 = CARTESIAN_POINT('',(2.801282066905,0.713587515755,0.864331966021
    ));
#9811 = DIRECTION('',(0.315905134963,3.0127061363E-07,0.948790780786));
#9812 = DIRECTION('',(0.948790780786,-7.278837751322E-24,-0.315905134963
    ));
#9813 = ADVANCED_FACE('',(#9814),#9824,.T.);
#9814 = FACE_BOUND('',#9815,.T.);
#9815 = EDGE_LOOP('',(#9816,#9817,#9823));
#9816 = ORIENTED_EDGE('',*,*,#9803,.F.);
#9817 = ORIENTED_EDGE('',*,*,#9818,.F.);
#9818 = EDGE_CURVE('',#9718,#9796,#9819,.T.);
#9819 = LINE('',#9820,#9821);
#9820 = CARTESIAN_POINT('',(2.679487228394,0.5,0.90488421917));
#9821 = VECTOR('',#9822,1.);
#9822 = DIRECTION('',(0.,1.,0.));
#9823 = ORIENTED_EDGE('',*,*,#9755,.F.);
#9824 = PLANE('',#9825);
#9825 = AXIS2_PLACEMENT_3D('',#9826,#9827,#9828);
#9826 = CARTESIAN_POINT('',(2.715358983099,0.625,0.892940531847));
#9827 = DIRECTION('',(0.315904856621,0.,0.948790873461));
#9828 = DIRECTION('',(0.948790873461,0.,-0.315904856621));
#9829 = ADVANCED_FACE('',(#9830),#9847,.T.);
#9830 = FACE_BOUND('',#9831,.T.);
#9831 = EDGE_LOOP('',(#9832,#9840,#9841));
#9832 = ORIENTED_EDGE('',*,*,#9833,.T.);
#9833 = EDGE_CURVE('',#9834,#9796,#9836,.T.);
#9834 = VERTEX_POINT('',#9835);
#9835 = CARTESIAN_POINT('',(2.801282167435,0.875,0.864331960678));
#9836 = LINE('',#9837,#9838);
#9837 = CARTESIAN_POINT('',(2.801282167435,0.875,0.864331960678));
#9838 = VECTOR('',#9839,1.);
#9839 = DIRECTION('',(-0.679756077818,-0.697644010467,0.22632832198));
#9840 = ORIENTED_EDGE('',*,*,#9795,.F.);
#9841 = ORIENTED_EDGE('',*,*,#9842,.T.);
#9842 = EDGE_CURVE('',#9562,#9834,#9843,.T.);
#9843 = LINE('',#9844,#9845);
#9844 = CARTESIAN_POINT('',(2.923076868057,0.75,0.823779702187));
#9845 = VECTOR('',#9846,1.);
#9846 = DIRECTION('',(-0.679755362018,0.697644641498,0.226328526698));
#9847 = PLANE('',#9848);
#9848 = AXIS2_PLACEMENT_3D('',#9849,#9850,#9851);
#9849 = CARTESIAN_POINT('',(2.801282066905,0.786412484245,0.864331966021
    ));
#9850 = DIRECTION('',(0.315905134963,-3.01270613635E-07,0.948790780786)
  );
#9851 = DIRECTION('',(0.948790780786,-1.428345922393E-24,-0.315905134963
    ));
#9852 = ADVANCED_FACE('',(#9853),#9863,.T.);
#9853 = FACE_BOUND('',#9854,.T.);
#9854 = EDGE_LOOP('',(#9855,#9856,#9857));
#9855 = ORIENTED_EDGE('',*,*,#9842,.F.);
#9856 = ORIENTED_EDGE('',*,*,#9561,.T.);
#9857 = ORIENTED_EDGE('',*,*,#9858,.T.);
#9858 = EDGE_CURVE('',#9554,#9834,#9859,.T.);
#9859 = LINE('',#9860,#9861);
#9860 = CARTESIAN_POINT('',(2.923076868057,1.,0.823779702187));
#9861 = VECTOR('',#9862,1.);
#9862 = DIRECTION('',(-0.679755362018,-0.697644641498,0.226328526698));
#9863 = PLANE('',#9864);
#9864 = AXIS2_PLACEMENT_3D('',#9865,#9866,#9867);
#9865 = CARTESIAN_POINT('',(2.887205196906,0.875,0.835723385069));
#9866 = DIRECTION('',(0.315905413305,0.,0.94879068811));
#9867 = DIRECTION('',(0.94879068811,0.,-0.315905413305));
#9868 = ADVANCED_FACE('',(#9869),#9886,.T.);
#9869 = FACE_BOUND('',#9870,.T.);
#9870 = EDGE_LOOP('',(#9871,#9872,#9880));
#9871 = ORIENTED_EDGE('',*,*,#9858,.F.);
#9872 = ORIENTED_EDGE('',*,*,#9873,.T.);
#9873 = EDGE_CURVE('',#9554,#9874,#9876,.T.);
#9874 = VERTEX_POINT('',#9875);
#9875 = CARTESIAN_POINT('',(2.679487228394,1.,0.90488421917));
#9876 = LINE('',#9877,#9878);
#9877 = CARTESIAN_POINT('',(2.923076868057,1.,0.823779702187));
#9878 = VECTOR('',#9879,1.);
#9879 = DIRECTION('',(-0.948790780786,0.,0.315905134963));
#9880 = ORIENTED_EDGE('',*,*,#9881,.T.);
#9881 = EDGE_CURVE('',#9874,#9834,#9882,.T.);
#9882 = LINE('',#9883,#9884);
#9883 = CARTESIAN_POINT('',(2.679487228394,1.,0.90488421917));
#9884 = VECTOR('',#9885,1.);
#9885 = DIRECTION('',(0.679756077818,-0.697644010467,-0.22632832198));
#9886 = PLANE('',#9887);
#9887 = AXIS2_PLACEMENT_3D('',#9888,#9889,#9890);
#9888 = CARTESIAN_POINT('',(2.801282066905,0.963587515755,0.864331966021
    ));
#9889 = DIRECTION('',(0.315905134963,3.0127061363E-07,0.948790780786));
#9890 = DIRECTION('',(0.948790780786,-7.278837751322E-24,-0.315905134963
    ));
#9891 = ADVANCED_FACE('',(#9892),#9902,.T.);
#9892 = FACE_BOUND('',#9893,.T.);
#9893 = EDGE_LOOP('',(#9894,#9895,#9901));
#9894 = ORIENTED_EDGE('',*,*,#9881,.F.);
#9895 = ORIENTED_EDGE('',*,*,#9896,.F.);
#9896 = EDGE_CURVE('',#9796,#9874,#9897,.T.);
#9897 = LINE('',#9898,#9899);
#9898 = CARTESIAN_POINT('',(2.679487228394,0.75,0.90488421917));
#9899 = VECTOR('',#9900,1.);
#9900 = DIRECTION('',(0.,1.,0.));
#9901 = ORIENTED_EDGE('',*,*,#9833,.F.);
#9902 = PLANE('',#9903);
#9903 = AXIS2_PLACEMENT_3D('',#9904,#9905,#9906);
#9904 = CARTESIAN_POINT('',(2.715358983099,0.875,0.892940531847));
#9905 = DIRECTION('',(0.315904856621,0.,0.948790873461));
#9906 = DIRECTION('',(0.948790873461,0.,-0.315904856621));
#9907 = ADVANCED_FACE('',(#9908),#9953,.T.);
#9908 = FACE_BOUND('',#9909,.T.);
#9909 = EDGE_LOOP('',(#9910,#9911,#9912,#9913,#9914,#9915,#9923,#9931,
    #9939,#9947));
#9910 = ORIENTED_EDGE('',*,*,#683,.T.);
#9911 = ORIENTED_EDGE('',*,*,#9662,.T.);
#9912 = ORIENTED_EDGE('',*,*,#9740,.T.);
#9913 = ORIENTED_EDGE('',*,*,#9818,.T.);
#9914 = ORIENTED_EDGE('',*,*,#9896,.T.);
#9915 = ORIENTED_EDGE('',*,*,#9916,.T.);
#9916 = EDGE_CURVE('',#9874,#9917,#9919,.T.);
#9917 = VERTEX_POINT('',#9918);
#9918 = CARTESIAN_POINT('',(2.435897350311,1.,1.038839101791));
#9919 = LINE('',#9920,#9921);
#9920 = CARTESIAN_POINT('',(2.679487228394,1.,0.90488421917));
#9921 = VECTOR('',#9922,1.);
#9922 = DIRECTION('',(-0.87624560353,0.,0.481864755189));
#9923 = ORIENTED_EDGE('',*,*,#9924,.F.);
#9924 = EDGE_CURVE('',#9925,#9917,#9927,.T.);
#9925 = VERTEX_POINT('',#9926);
#9926 = CARTESIAN_POINT('',(2.435897350311,0.75,1.038839101791));
#9927 = LINE('',#9928,#9929);
#9928 = CARTESIAN_POINT('',(2.435897350311,0.75,1.038839101791));
#9929 = VECTOR('',#9930,1.);
#9930 = DIRECTION('',(0.,1.,0.));
#9931 = ORIENTED_EDGE('',*,*,#9932,.F.);
#9932 = EDGE_CURVE('',#9933,#9925,#9935,.T.);
#9933 = VERTEX_POINT('',#9934);
#9934 = CARTESIAN_POINT('',(2.435897350311,0.5,1.038839101791));
#9935 = LINE('',#9936,#9937);
#9936 = CARTESIAN_POINT('',(2.435897350311,0.5,1.038839101791));
#9937 = VECTOR('',#9938,1.);
#9938 = DIRECTION('',(0.,1.,0.));
#9939 = ORIENTED_EDGE('',*,*,#9940,.F.);
#9940 = EDGE_CURVE('',#9941,#9933,#9943,.T.);
#9941 = VERTEX_POINT('',#9942);
#9942 = CARTESIAN_POINT('',(2.435897350311,0.25,1.038839101791));
#9943 = LINE('',#9944,#9945);
#9944 = CARTESIAN_POINT('',(2.435897350311,0.25,1.038839101791));
#9945 = VECTOR('',#9946,1.);
#9946 = DIRECTION('',(0.,1.,0.));
#9947 = ORIENTED_EDGE('',*,*,#9948,.F.);
#9948 = EDGE_CURVE('',#684,#9941,#9949,.T.);
#9949 = LINE('',#9950,#9951);
#9950 = CARTESIAN_POINT('',(2.435897350311,0.,1.038839101791));
#9951 = VECTOR('',#9952,1.);
#9952 = DIRECTION('',(0.,1.,0.));
#9953 = PLANE('',#9954);
#9954 = AXIS2_PLACEMENT_3D('',#9955,#9956,#9957);
#9955 = CARTESIAN_POINT('',(2.557692289352,0.5,0.97186166048));
#9956 = DIRECTION('',(0.481864755189,0.,0.87624560353));
#9957 = DIRECTION('',(0.87624560353,0.,-0.481864755189));
#9958 = ADVANCED_FACE('',(#9959),#9976,.T.);
#9959 = FACE_BOUND('',#9960,.T.);
#9960 = EDGE_LOOP('',(#9961,#9969,#9970));
#9961 = ORIENTED_EDGE('',*,*,#9962,.T.);
#9962 = EDGE_CURVE('',#9963,#700,#9965,.T.);
#9963 = VERTEX_POINT('',#9964);
#9964 = CARTESIAN_POINT('',(2.070512771606,0.125,1.324372887611));
#9965 = LINE('',#9966,#9967);
#9966 = CARTESIAN_POINT('',(2.070512771606,0.125,1.324372887611));
#9967 = VECTOR('',#9968,1.);
#9968 = DIRECTION('',(-0.595500324719,-0.611171646649,0.521391006436));
#9969 = ORIENTED_EDGE('',*,*,#699,.T.);
#9970 = ORIENTED_EDGE('',*,*,#9971,.T.);
#9971 = EDGE_CURVE('',#692,#9963,#9972,.T.);
#9972 = LINE('',#9973,#9974);
#9973 = CARTESIAN_POINT('',(2.192307710648,0.,1.217735409737));
#9974 = VECTOR('',#9975,1.);
#9975 = DIRECTION('',(-0.595500881855,0.611171620249,0.521390401056));
#9976 = PLANE('',#9977);
#9977 = AXIS2_PLACEMENT_3D('',#9978,#9979,#9980);
#9978 = CARTESIAN_POINT('',(2.07051281531,3.48870033257E-02,
    1.324372929938));
#9979 = DIRECTION('',(0.658739050677,6.728699414759E-07,0.752371492757)
  );
#9980 = DIRECTION('',(0.752371492757,3.824998471483E-23,-0.658739050677)
  );
#9981 = ADVANCED_FACE('',(#9982),#9999,.T.);
#9982 = FACE_BOUND('',#9983,.T.);
#9983 = EDGE_LOOP('',(#9984,#9985,#9993));
#9984 = ORIENTED_EDGE('',*,*,#9971,.F.);
#9985 = ORIENTED_EDGE('',*,*,#9986,.T.);
#9986 = EDGE_CURVE('',#692,#9987,#9989,.T.);
#9987 = VERTEX_POINT('',#9988);
#9988 = CARTESIAN_POINT('',(2.192307710648,0.25,1.217735409737));
#9989 = LINE('',#9990,#9991);
#9990 = CARTESIAN_POINT('',(2.192307710648,0.,1.217735409737));
#9991 = VECTOR('',#9992,1.);
#9992 = DIRECTION('',(0.,1.,0.));
#9993 = ORIENTED_EDGE('',*,*,#9994,.T.);
#9994 = EDGE_CURVE('',#9987,#9963,#9995,.T.);
#9995 = LINE('',#9996,#9997);
#9996 = CARTESIAN_POINT('',(2.192307710648,0.25,1.217735409737));
#9997 = VECTOR('',#9998,1.);
#9998 = DIRECTION('',(-0.595500881855,-0.611171620249,0.521390401056));
#9999 = PLANE('',#10000);
#10000 = AXIS2_PLACEMENT_3D('',#10001,#10002,#10003);
#10001 = CARTESIAN_POINT('',(2.154510700847,0.125,1.250828556529));
#10002 = DIRECTION('',(0.658738659767,0.,0.752371835018));
#10003 = DIRECTION('',(0.752371835018,0.,-0.658738659767));
#10004 = ADVANCED_FACE('',(#10005),#10022,.T.);
#10005 = FACE_BOUND('',#10006,.T.);
#10006 = EDGE_LOOP('',(#10007,#10015,#10016));
#10007 = ORIENTED_EDGE('',*,*,#10008,.T.);
#10008 = EDGE_CURVE('',#10009,#692,#10011,.T.);
#10009 = VERTEX_POINT('',#10010);
#10010 = CARTESIAN_POINT('',(2.314102649689,0.125,1.128287315369));
#10011 = LINE('',#10012,#10013);
#10012 = CARTESIAN_POINT('',(2.314102649689,0.125,1.128287315369));
#10013 = VECTOR('',#10014,1.);
#10014 = DIRECTION('',(-0.621047444109,-0.63739044598,0.45610688609));
#10015 = ORIENTED_EDGE('',*,*,#691,.T.);
#10016 = ORIENTED_EDGE('',*,*,#10017,.T.);
#10017 = EDGE_CURVE('',#684,#10009,#10018,.T.);
#10018 = LINE('',#10019,#10020);
#10019 = CARTESIAN_POINT('',(2.435897350311,0.,1.038839101791));
#10020 = VECTOR('',#10021,1.);
#10021 = DIRECTION('',(-0.621046525102,0.637390750508,0.456107711869));
#10022 = PLANE('',#10023);
#10023 = AXIS2_PLACEMENT_3D('',#10024,#10025,#10026);
#10024 = CARTESIAN_POINT('',(2.314102555928,3.529994772838E-02,
    1.128287278631));
#10025 = DIRECTION('',(0.591931355562,-9.488349399819E-07,0.805988380997
    ));
#10026 = DIRECTION('',(0.805988380997,-4.923813438865E-23,
    -0.591931355562));
#10027 = ADVANCED_FACE('',(#10028),#10038,.T.);
#10028 = FACE_BOUND('',#10029,.T.);
#10029 = EDGE_LOOP('',(#10030,#10031,#10032));
#10030 = ORIENTED_EDGE('',*,*,#10017,.F.);
#10031 = ORIENTED_EDGE('',*,*,#9948,.T.);
#10032 = ORIENTED_EDGE('',*,*,#10033,.T.);
#10033 = EDGE_CURVE('',#9941,#10009,#10034,.T.);
#10034 = LINE('',#10035,#10036);
#10035 = CARTESIAN_POINT('',(2.435897350311,0.25,1.038839101791));
#10036 = VECTOR('',#10037,1.);
#10037 = DIRECTION('',(-0.621046525102,-0.637390750508,0.456107711869));
#10038 = PLANE('',#10039);
#10039 = AXIS2_PLACEMENT_3D('',#10040,#10041,#10042);
#10040 = CARTESIAN_POINT('',(2.398705647419,0.125,1.06615335575));
#10041 = DIRECTION('',(0.591931988163,0.,0.805987916404));
#10042 = DIRECTION('',(0.805987916404,0.,-0.591931988163));
#10043 = ADVANCED_FACE('',(#10044),#10059,.T.);
#10044 = FACE_BOUND('',#10045,.T.);
#10045 = EDGE_LOOP('',(#10046,#10047,#10053));
#10046 = ORIENTED_EDGE('',*,*,#10033,.F.);
#10047 = ORIENTED_EDGE('',*,*,#10048,.T.);
#10048 = EDGE_CURVE('',#9941,#9987,#10049,.T.);
#10049 = LINE('',#10050,#10051);
#10050 = CARTESIAN_POINT('',(2.435897350311,0.25,1.038839101791));
#10051 = VECTOR('',#10052,1.);
#10052 = DIRECTION('',(-0.805988380997,0.,0.591931355562));
#10053 = ORIENTED_EDGE('',*,*,#10054,.T.);
#10054 = EDGE_CURVE('',#9987,#10009,#10055,.T.);
#10055 = LINE('',#10056,#10057);
#10056 = CARTESIAN_POINT('',(2.192307710648,0.25,1.217735409737));
#10057 = VECTOR('',#10058,1.);
#10058 = DIRECTION('',(0.621047444109,-0.63739044598,-0.45610688609));
#10059 = PLANE('',#10060);
#10060 = AXIS2_PLACEMENT_3D('',#10061,#10062,#10063);
#10061 = CARTESIAN_POINT('',(2.314102555928,0.214700052272,
    1.128287278631));
#10062 = DIRECTION('',(0.591931355562,9.488349400477E-07,0.805988380997)
  );
#10063 = DIRECTION('',(0.805988380997,-5.553061896919E-23,
    -0.591931355562));
#10064 = ADVANCED_FACE('',(#10065),#10070,.T.);
#10065 = FACE_BOUND('',#10066,.T.);
#10066 = EDGE_LOOP('',(#10067,#10068,#10069));
#10067 = ORIENTED_EDGE('',*,*,#10054,.F.);
#10068 = ORIENTED_EDGE('',*,*,#9986,.F.);
#10069 = ORIENTED_EDGE('',*,*,#10008,.F.);
#10070 = PLANE('',#10071);
#10071 = AXIS2_PLACEMENT_3D('',#10072,#10073,#10074);
#10072 = CARTESIAN_POINT('',(2.229499493261,0.125,1.1904211871));
#10073 = DIRECTION('',(0.591930722962,0.,0.805988845589));
#10074 = DIRECTION('',(0.805988845589,0.,-0.591930722962));
#10075 = ADVANCED_FACE('',(#10076),#10093,.T.);
#10076 = FACE_BOUND('',#10077,.T.);
#10077 = EDGE_LOOP('',(#10078,#10079,#10087));
#10078 = ORIENTED_EDGE('',*,*,#9994,.F.);
#10079 = ORIENTED_EDGE('',*,*,#10080,.T.);
#10080 = EDGE_CURVE('',#9987,#10081,#10083,.T.);
#10081 = VERTEX_POINT('',#10082);
#10082 = CARTESIAN_POINT('',(1.948717951775,0.25,1.431010484695));
#10083 = LINE('',#10084,#10085);
#10084 = CARTESIAN_POINT('',(2.192307710648,0.25,1.217735409737));
#10085 = VECTOR('',#10086,1.);
#10086 = DIRECTION('',(-0.752371492757,0.,0.658739050677));
#10087 = ORIENTED_EDGE('',*,*,#10088,.T.);
#10088 = EDGE_CURVE('',#10081,#9963,#10089,.T.);
#10089 = LINE('',#10090,#10091);
#10090 = CARTESIAN_POINT('',(1.948717951775,0.25,1.431010484695));
#10091 = VECTOR('',#10092,1.);
#10092 = DIRECTION('',(0.595500324719,-0.611171646649,-0.521391006436));
#10093 = PLANE('',#10094);
#10094 = AXIS2_PLACEMENT_3D('',#10095,#10096,#10097);
#10095 = CARTESIAN_POINT('',(2.07051281531,0.215112996674,1.324372929938
    ));
#10096 = DIRECTION('',(0.658739050677,-6.728699414337E-07,0.752371492757
    ));
#10097 = DIRECTION('',(0.752371492757,-6.916055004272E-23,
    -0.658739050677));
#10098 = ADVANCED_FACE('',(#10099),#10109,.T.);
#10099 = FACE_BOUND('',#10100,.T.);
#10100 = EDGE_LOOP('',(#10101,#10102,#10108));
#10101 = ORIENTED_EDGE('',*,*,#10088,.F.);
#10102 = ORIENTED_EDGE('',*,*,#10103,.F.);
#10103 = EDGE_CURVE('',#700,#10081,#10104,.T.);
#10104 = LINE('',#10105,#10106);
#10105 = CARTESIAN_POINT('',(1.948717951775,0.,1.431010484695));
#10106 = VECTOR('',#10107,1.);
#10107 = DIRECTION('',(0.,1.,0.));
#10108 = ORIENTED_EDGE('',*,*,#9962,.F.);
#10109 = PLANE('',#10110);
#10110 = AXIS2_PLACEMENT_3D('',#10111,#10112,#10113);
#10111 = CARTESIAN_POINT('',(1.986514923961,0.125,1.39791730145));
#10112 = DIRECTION('',(0.658739441587,0.,0.752371150495));
#10113 = DIRECTION('',(0.752371150495,0.,-0.658739441587));
#10114 = ADVANCED_FACE('',(#10115),#10132,.T.);
#10115 = FACE_BOUND('',#10116,.T.);
#10116 = EDGE_LOOP('',(#10117,#10125,#10126));
#10117 = ORIENTED_EDGE('',*,*,#10118,.T.);
#10118 = EDGE_CURVE('',#10119,#10081,#10121,.T.);
#10119 = VERTEX_POINT('',#10120);
#10120 = CARTESIAN_POINT('',(2.070512771606,0.375,1.324372887611));
#10121 = LINE('',#10122,#10123);
#10122 = CARTESIAN_POINT('',(2.070512771606,0.375,1.324372887611));
#10123 = VECTOR('',#10124,1.);
#10124 = DIRECTION('',(-0.595500324719,-0.611171646649,0.521391006436));
#10125 = ORIENTED_EDGE('',*,*,#10080,.F.);
#10126 = ORIENTED_EDGE('',*,*,#10127,.T.);
#10127 = EDGE_CURVE('',#9987,#10119,#10128,.T.);
#10128 = LINE('',#10129,#10130);
#10129 = CARTESIAN_POINT('',(2.192307710648,0.25,1.217735409737));
#10130 = VECTOR('',#10131,1.);
#10131 = DIRECTION('',(-0.595500881855,0.611171620249,0.521390401056));
#10132 = PLANE('',#10133);
#10133 = AXIS2_PLACEMENT_3D('',#10134,#10135,#10136);
#10134 = CARTESIAN_POINT('',(2.07051281531,0.284887003326,1.324372929938
    ));
#10135 = DIRECTION('',(0.658739050677,6.728699414447E-07,0.752371492757)
  );
#10136 = DIRECTION('',(0.752371492757,-1.901768135054E-23,
    -0.658739050677));
#10137 = ADVANCED_FACE('',(#10138),#10155,.T.);
#10138 = FACE_BOUND('',#10139,.T.);
#10139 = EDGE_LOOP('',(#10140,#10141,#10149));
#10140 = ORIENTED_EDGE('',*,*,#10127,.F.);
#10141 = ORIENTED_EDGE('',*,*,#10142,.T.);
#10142 = EDGE_CURVE('',#9987,#10143,#10145,.T.);
#10143 = VERTEX_POINT('',#10144);
#10144 = CARTESIAN_POINT('',(2.192307710648,0.5,1.217735409737));
#10145 = LINE('',#10146,#10147);
#10146 = CARTESIAN_POINT('',(2.192307710648,0.25,1.217735409737));
#10147 = VECTOR('',#10148,1.);
#10148 = DIRECTION('',(0.,1.,0.));
#10149 = ORIENTED_EDGE('',*,*,#10150,.T.);
#10150 = EDGE_CURVE('',#10143,#10119,#10151,.T.);
#10151 = LINE('',#10152,#10153);
#10152 = CARTESIAN_POINT('',(2.192307710648,0.5,1.217735409737));
#10153 = VECTOR('',#10154,1.);
#10154 = DIRECTION('',(-0.595500881855,-0.611171620249,0.521390401056));
#10155 = PLANE('',#10156);
#10156 = AXIS2_PLACEMENT_3D('',#10157,#10158,#10159);
#10157 = CARTESIAN_POINT('',(2.154510700847,0.375,1.250828556529));
#10158 = DIRECTION('',(0.658738659767,0.,0.752371835018));
#10159 = DIRECTION('',(0.752371835018,0.,-0.658738659767));
#10160 = ADVANCED_FACE('',(#10161),#10178,.T.);
#10161 = FACE_BOUND('',#10162,.T.);
#10162 = EDGE_LOOP('',(#10163,#10164,#10172));
#10163 = ORIENTED_EDGE('',*,*,#10150,.F.);
#10164 = ORIENTED_EDGE('',*,*,#10165,.T.);
#10165 = EDGE_CURVE('',#10143,#10166,#10168,.T.);
#10166 = VERTEX_POINT('',#10167);
#10167 = CARTESIAN_POINT('',(1.948717951775,0.5,1.431010484695));
#10168 = LINE('',#10169,#10170);
#10169 = CARTESIAN_POINT('',(2.192307710648,0.5,1.217735409737));
#10170 = VECTOR('',#10171,1.);
#10171 = DIRECTION('',(-0.752371492757,0.,0.658739050677));
#10172 = ORIENTED_EDGE('',*,*,#10173,.T.);
#10173 = EDGE_CURVE('',#10166,#10119,#10174,.T.);
#10174 = LINE('',#10175,#10176);
#10175 = CARTESIAN_POINT('',(1.948717951775,0.5,1.431010484695));
#10176 = VECTOR('',#10177,1.);
#10177 = DIRECTION('',(0.595500324719,-0.611171646649,-0.521391006436));
#10178 = PLANE('',#10179);
#10179 = AXIS2_PLACEMENT_3D('',#10180,#10181,#10182);
#10180 = CARTESIAN_POINT('',(2.07051281531,0.465112996674,1.324372929938
    ));
#10181 = DIRECTION('',(0.658739050677,-6.728699414233E-07,0.752371492757
    ));
#10182 = DIRECTION('',(0.752371492757,-2.848407274961E-23,
    -0.658739050677));
#10183 = ADVANCED_FACE('',(#10184),#10194,.T.);
#10184 = FACE_BOUND('',#10185,.T.);
#10185 = EDGE_LOOP('',(#10186,#10187,#10193));
#10186 = ORIENTED_EDGE('',*,*,#10173,.F.);
#10187 = ORIENTED_EDGE('',*,*,#10188,.F.);
#10188 = EDGE_CURVE('',#10081,#10166,#10189,.T.);
#10189 = LINE('',#10190,#10191);
#10190 = CARTESIAN_POINT('',(1.948717951775,0.25,1.431010484695));
#10191 = VECTOR('',#10192,1.);
#10192 = DIRECTION('',(0.,1.,0.));
#10193 = ORIENTED_EDGE('',*,*,#10118,.F.);
#10194 = PLANE('',#10195);
#10195 = AXIS2_PLACEMENT_3D('',#10196,#10197,#10198);
#10196 = CARTESIAN_POINT('',(1.986514923961,0.375,1.39791730145));
#10197 = DIRECTION('',(0.658739441587,0.,0.752371150495));
#10198 = DIRECTION('',(0.752371150495,0.,-0.658739441587));
#10199 = ADVANCED_FACE('',(#10200),#10217,.T.);
#10200 = FACE_BOUND('',#10201,.T.);
#10201 = EDGE_LOOP('',(#10202,#10210,#10211));
#10202 = ORIENTED_EDGE('',*,*,#10203,.T.);
#10203 = EDGE_CURVE('',#10204,#9987,#10206,.T.);
#10204 = VERTEX_POINT('',#10205);
#10205 = CARTESIAN_POINT('',(2.314102649689,0.375,1.128287315369));
#10206 = LINE('',#10207,#10208);
#10207 = CARTESIAN_POINT('',(2.314102649689,0.375,1.128287315369));
#10208 = VECTOR('',#10209,1.);
#10209 = DIRECTION('',(-0.621047444109,-0.63739044598,0.45610688609));
#10210 = ORIENTED_EDGE('',*,*,#10048,.F.);
#10211 = ORIENTED_EDGE('',*,*,#10212,.T.);
#10212 = EDGE_CURVE('',#9941,#10204,#10213,.T.);
#10213 = LINE('',#10214,#10215);
#10214 = CARTESIAN_POINT('',(2.435897350311,0.25,1.038839101791));
#10215 = VECTOR('',#10216,1.);
#10216 = DIRECTION('',(-0.621046525102,0.637390750508,0.456107711869));
#10217 = PLANE('',#10218);
#10218 = AXIS2_PLACEMENT_3D('',#10219,#10220,#10221);
#10219 = CARTESIAN_POINT('',(2.314102555928,0.285299947728,
    1.128287278631));
#10220 = DIRECTION('',(0.591931355562,-9.488349400177E-07,0.805988380997
    ));
#10221 = DIRECTION('',(0.805988380997,5.5069272688E-24,-0.591931355562)
  );
#10222 = ADVANCED_FACE('',(#10223),#10233,.T.);
#10223 = FACE_BOUND('',#10224,.T.);
#10224 = EDGE_LOOP('',(#10225,#10226,#10227));
#10225 = ORIENTED_EDGE('',*,*,#10212,.F.);
#10226 = ORIENTED_EDGE('',*,*,#9940,.T.);
#10227 = ORIENTED_EDGE('',*,*,#10228,.T.);
#10228 = EDGE_CURVE('',#9933,#10204,#10229,.T.);
#10229 = LINE('',#10230,#10231);
#10230 = CARTESIAN_POINT('',(2.435897350311,0.5,1.038839101791));
#10231 = VECTOR('',#10232,1.);
#10232 = DIRECTION('',(-0.621046525102,-0.637390750508,0.456107711869));
#10233 = PLANE('',#10234);
#10234 = AXIS2_PLACEMENT_3D('',#10235,#10236,#10237);
#10235 = CARTESIAN_POINT('',(2.398705647419,0.375,1.06615335575));
#10236 = DIRECTION('',(0.591931988163,0.,0.805987916404));
#10237 = DIRECTION('',(0.805987916404,0.,-0.591931988163));
#10238 = ADVANCED_FACE('',(#10239),#10254,.T.);
#10239 = FACE_BOUND('',#10240,.T.);
#10240 = EDGE_LOOP('',(#10241,#10242,#10248));
#10241 = ORIENTED_EDGE('',*,*,#10228,.F.);
#10242 = ORIENTED_EDGE('',*,*,#10243,.T.);
#10243 = EDGE_CURVE('',#9933,#10143,#10244,.T.);
#10244 = LINE('',#10245,#10246);
#10245 = CARTESIAN_POINT('',(2.435897350311,0.5,1.038839101791));
#10246 = VECTOR('',#10247,1.);
#10247 = DIRECTION('',(-0.805988380997,0.,0.591931355562));
#10248 = ORIENTED_EDGE('',*,*,#10249,.T.);
#10249 = EDGE_CURVE('',#10143,#10204,#10250,.T.);
#10250 = LINE('',#10251,#10252);
#10251 = CARTESIAN_POINT('',(2.192307710648,0.5,1.217735409737));
#10252 = VECTOR('',#10253,1.);
#10253 = DIRECTION('',(0.621047444109,-0.63739044598,-0.45610688609));
#10254 = PLANE('',#10255);
#10255 = AXIS2_PLACEMENT_3D('',#10256,#10257,#10258);
#10256 = CARTESIAN_POINT('',(2.314102555928,0.464700052272,
    1.128287278631));
#10257 = DIRECTION('',(0.591931355562,9.488349400064E-07,0.805988380997)
  );
#10258 = DIRECTION('',(0.805988380997,5.176206636047E-23,-0.591931355562
    ));
#10259 = ADVANCED_FACE('',(#10260),#10265,.T.);
#10260 = FACE_BOUND('',#10261,.T.);
#10261 = EDGE_LOOP('',(#10262,#10263,#10264));
#10262 = ORIENTED_EDGE('',*,*,#10249,.F.);
#10263 = ORIENTED_EDGE('',*,*,#10142,.F.);
#10264 = ORIENTED_EDGE('',*,*,#10203,.F.);
#10265 = PLANE('',#10266);
#10266 = AXIS2_PLACEMENT_3D('',#10267,#10268,#10269);
#10267 = CARTESIAN_POINT('',(2.229499493261,0.375,1.1904211871));
#10268 = DIRECTION('',(0.591930722962,0.,0.805988845589));
#10269 = DIRECTION('',(0.805988845589,0.,-0.591930722962));
#10270 = ADVANCED_FACE('',(#10271),#10288,.T.);
#10271 = FACE_BOUND('',#10272,.T.);
#10272 = EDGE_LOOP('',(#10273,#10281,#10282));
#10273 = ORIENTED_EDGE('',*,*,#10274,.T.);
#10274 = EDGE_CURVE('',#10275,#10166,#10277,.T.);
#10275 = VERTEX_POINT('',#10276);
#10276 = CARTESIAN_POINT('',(2.070512771606,0.625,1.324372887611));
#10277 = LINE('',#10278,#10279);
#10278 = CARTESIAN_POINT('',(2.070512771606,0.625,1.324372887611));
#10279 = VECTOR('',#10280,1.);
#10280 = DIRECTION('',(-0.595500324719,-0.611171646649,0.521391006436));
#10281 = ORIENTED_EDGE('',*,*,#10165,.F.);
#10282 = ORIENTED_EDGE('',*,*,#10283,.T.);
#10283 = EDGE_CURVE('',#10143,#10275,#10284,.T.);
#10284 = LINE('',#10285,#10286);
#10285 = CARTESIAN_POINT('',(2.192307710648,0.5,1.217735409737));
#10286 = VECTOR('',#10287,1.);
#10287 = DIRECTION('',(-0.595500881855,0.611171620249,0.521390401056));
#10288 = PLANE('',#10289);
#10289 = AXIS2_PLACEMENT_3D('',#10290,#10291,#10292);
#10290 = CARTESIAN_POINT('',(2.07051281531,0.534887003326,1.324372929938
    ));
#10291 = DIRECTION('',(0.658739050677,6.728699414495E-07,0.752371492757)
  );
#10292 = DIRECTION('',(0.752371492757,-7.413829345697E-24,
    -0.658739050677));
#10293 = ADVANCED_FACE('',(#10294),#10311,.T.);
#10294 = FACE_BOUND('',#10295,.T.);
#10295 = EDGE_LOOP('',(#10296,#10297,#10305));
#10296 = ORIENTED_EDGE('',*,*,#10283,.F.);
#10297 = ORIENTED_EDGE('',*,*,#10298,.T.);
#10298 = EDGE_CURVE('',#10143,#10299,#10301,.T.);
#10299 = VERTEX_POINT('',#10300);
#10300 = CARTESIAN_POINT('',(2.192307710648,0.75,1.217735409737));
#10301 = LINE('',#10302,#10303);
#10302 = CARTESIAN_POINT('',(2.192307710648,0.5,1.217735409737));
#10303 = VECTOR('',#10304,1.);
#10304 = DIRECTION('',(0.,1.,0.));
#10305 = ORIENTED_EDGE('',*,*,#10306,.T.);
#10306 = EDGE_CURVE('',#10299,#10275,#10307,.T.);
#10307 = LINE('',#10308,#10309);
#10308 = CARTESIAN_POINT('',(2.192307710648,0.75,1.217735409737));
#10309 = VECTOR('',#10310,1.);
#10310 = DIRECTION('',(-0.595500881855,-0.611171620249,0.521390401056));
#10311 = PLANE('',#10312);
#10312 = AXIS2_PLACEMENT_3D('',#10313,#10314,#10315);
#10313 = CARTESIAN_POINT('',(2.154510700847,0.625,1.250828556529));
#10314 = DIRECTION('',(0.658738659767,0.,0.752371835018));
#10315 = DIRECTION('',(0.752371835018,0.,-0.658738659767));
#10316 = ADVANCED_FACE('',(#10317),#10334,.T.);
#10317 = FACE_BOUND('',#10318,.T.);
#10318 = EDGE_LOOP('',(#10319,#10320,#10328));
#10319 = ORIENTED_EDGE('',*,*,#10306,.F.);
#10320 = ORIENTED_EDGE('',*,*,#10321,.T.);
#10321 = EDGE_CURVE('',#10299,#10322,#10324,.T.);
#10322 = VERTEX_POINT('',#10323);
#10323 = CARTESIAN_POINT('',(1.948717951775,0.75,1.431010484695));
#10324 = LINE('',#10325,#10326);
#10325 = CARTESIAN_POINT('',(2.192307710648,0.75,1.217735409737));
#10326 = VECTOR('',#10327,1.);
#10327 = DIRECTION('',(-0.752371492757,0.,0.658739050677));
#10328 = ORIENTED_EDGE('',*,*,#10329,.T.);
#10329 = EDGE_CURVE('',#10322,#10275,#10330,.T.);
#10330 = LINE('',#10331,#10332);
#10331 = CARTESIAN_POINT('',(1.948717951775,0.75,1.431010484695));
#10332 = VECTOR('',#10333,1.);
#10333 = DIRECTION('',(0.595500324719,-0.611171646649,-0.521391006436));
#10334 = PLANE('',#10335);
#10335 = AXIS2_PLACEMENT_3D('',#10336,#10337,#10338);
#10336 = CARTESIAN_POINT('',(2.07051281531,0.715112996674,1.324372929938
    ));
#10337 = DIRECTION('',(0.658739050677,-6.728699413906E-07,0.752371492757
    ));
#10338 = DIRECTION('',(0.752371492757,-1.453941284283E-23,
    -0.658739050677));
#10339 = ADVANCED_FACE('',(#10340),#10350,.T.);
#10340 = FACE_BOUND('',#10341,.T.);
#10341 = EDGE_LOOP('',(#10342,#10343,#10349));
#10342 = ORIENTED_EDGE('',*,*,#10329,.F.);
#10343 = ORIENTED_EDGE('',*,*,#10344,.F.);
#10344 = EDGE_CURVE('',#10166,#10322,#10345,.T.);
#10345 = LINE('',#10346,#10347);
#10346 = CARTESIAN_POINT('',(1.948717951775,0.5,1.431010484695));
#10347 = VECTOR('',#10348,1.);
#10348 = DIRECTION('',(0.,1.,0.));
#10349 = ORIENTED_EDGE('',*,*,#10274,.F.);
#10350 = PLANE('',#10351);
#10351 = AXIS2_PLACEMENT_3D('',#10352,#10353,#10354);
#10352 = CARTESIAN_POINT('',(1.986514923961,0.625,1.39791730145));
#10353 = DIRECTION('',(0.658739441587,0.,0.752371150495));
#10354 = DIRECTION('',(0.752371150495,0.,-0.658739441587));
#10355 = ADVANCED_FACE('',(#10356),#10373,.T.);
#10356 = FACE_BOUND('',#10357,.T.);
#10357 = EDGE_LOOP('',(#10358,#10366,#10367));
#10358 = ORIENTED_EDGE('',*,*,#10359,.T.);
#10359 = EDGE_CURVE('',#10360,#10143,#10362,.T.);
#10360 = VERTEX_POINT('',#10361);
#10361 = CARTESIAN_POINT('',(2.314102649689,0.625,1.128287315369));
#10362 = LINE('',#10363,#10364);
#10363 = CARTESIAN_POINT('',(2.314102649689,0.625,1.128287315369));
#10364 = VECTOR('',#10365,1.);
#10365 = DIRECTION('',(-0.621047444109,-0.63739044598,0.45610688609));
#10366 = ORIENTED_EDGE('',*,*,#10243,.F.);
#10367 = ORIENTED_EDGE('',*,*,#10368,.T.);
#10368 = EDGE_CURVE('',#9933,#10360,#10369,.T.);
#10369 = LINE('',#10370,#10371);
#10370 = CARTESIAN_POINT('',(2.435897350311,0.5,1.038839101791));
#10371 = VECTOR('',#10372,1.);
#10372 = DIRECTION('',(-0.621046525102,0.637390750508,0.456107711869));
#10373 = PLANE('',#10374);
#10374 = AXIS2_PLACEMENT_3D('',#10375,#10376,#10377);
#10375 = CARTESIAN_POINT('',(2.314102555928,0.535299947728,
    1.128287278631));
#10376 = DIRECTION('',(0.591931355562,-9.488349400177E-07,0.805988380997
    ));
#10377 = DIRECTION('',(0.805988380997,5.5069272688E-24,-0.591931355562)
  );
#10378 = ADVANCED_FACE('',(#10379),#10389,.T.);
#10379 = FACE_BOUND('',#10380,.T.);
#10380 = EDGE_LOOP('',(#10381,#10382,#10383));
#10381 = ORIENTED_EDGE('',*,*,#10368,.F.);
#10382 = ORIENTED_EDGE('',*,*,#9932,.T.);
#10383 = ORIENTED_EDGE('',*,*,#10384,.T.);
#10384 = EDGE_CURVE('',#9925,#10360,#10385,.T.);
#10385 = LINE('',#10386,#10387);
#10386 = CARTESIAN_POINT('',(2.435897350311,0.75,1.038839101791));
#10387 = VECTOR('',#10388,1.);
#10388 = DIRECTION('',(-0.621046525102,-0.637390750508,0.456107711869));
#10389 = PLANE('',#10390);
#10390 = AXIS2_PLACEMENT_3D('',#10391,#10392,#10393);
#10391 = CARTESIAN_POINT('',(2.398705647419,0.625,1.06615335575));
#10392 = DIRECTION('',(0.591931988163,0.,0.805987916404));
#10393 = DIRECTION('',(0.805987916404,0.,-0.591931988163));
#10394 = ADVANCED_FACE('',(#10395),#10410,.T.);
#10395 = FACE_BOUND('',#10396,.T.);
#10396 = EDGE_LOOP('',(#10397,#10398,#10404));
#10397 = ORIENTED_EDGE('',*,*,#10384,.F.);
#10398 = ORIENTED_EDGE('',*,*,#10399,.T.);
#10399 = EDGE_CURVE('',#9925,#10299,#10400,.T.);
#10400 = LINE('',#10401,#10402);
#10401 = CARTESIAN_POINT('',(2.435897350311,0.75,1.038839101791));
#10402 = VECTOR('',#10403,1.);
#10403 = DIRECTION('',(-0.805988380997,0.,0.591931355562));
#10404 = ORIENTED_EDGE('',*,*,#10405,.T.);
#10405 = EDGE_CURVE('',#10299,#10360,#10406,.T.);
#10406 = LINE('',#10407,#10408);
#10407 = CARTESIAN_POINT('',(2.192307710648,0.75,1.217735409737));
#10408 = VECTOR('',#10409,1.);
#10409 = DIRECTION('',(0.621047444109,-0.63739044598,-0.45610688609));
#10410 = PLANE('',#10411);
#10411 = AXIS2_PLACEMENT_3D('',#10412,#10413,#10414);
#10412 = CARTESIAN_POINT('',(2.314102555928,0.714700052272,
    1.128287278631));
#10413 = DIRECTION('',(0.591931355562,9.488349400064E-07,0.805988380997)
  );
#10414 = DIRECTION('',(0.805988380997,5.176206636047E-23,-0.591931355562
    ));
#10415 = ADVANCED_FACE('',(#10416),#10421,.T.);
#10416 = FACE_BOUND('',#10417,.T.);
#10417 = EDGE_LOOP('',(#10418,#10419,#10420));
#10418 = ORIENTED_EDGE('',*,*,#10405,.F.);
#10419 = ORIENTED_EDGE('',*,*,#10298,.F.);
#10420 = ORIENTED_EDGE('',*,*,#10359,.F.);
#10421 = PLANE('',#10422);
#10422 = AXIS2_PLACEMENT_3D('',#10423,#10424,#10425);
#10423 = CARTESIAN_POINT('',(2.229499493261,0.625,1.1904211871));
#10424 = DIRECTION('',(0.591930722962,0.,0.805988845589));
#10425 = DIRECTION('',(0.805988845589,0.,-0.591930722962));
#10426 = ADVANCED_FACE('',(#10427),#10444,.T.);
#10427 = FACE_BOUND('',#10428,.T.);
#10428 = EDGE_LOOP('',(#10429,#10437,#10438));
#10429 = ORIENTED_EDGE('',*,*,#10430,.T.);
#10430 = EDGE_CURVE('',#10431,#10322,#10433,.T.);
#10431 = VERTEX_POINT('',#10432);
#10432 = CARTESIAN_POINT('',(2.070512771606,0.875,1.324372887611));
#10433 = LINE('',#10434,#10435);
#10434 = CARTESIAN_POINT('',(2.070512771606,0.875,1.324372887611));
#10435 = VECTOR('',#10436,1.);
#10436 = DIRECTION('',(-0.595500324719,-0.611171646649,0.521391006436));
#10437 = ORIENTED_EDGE('',*,*,#10321,.F.);
#10438 = ORIENTED_EDGE('',*,*,#10439,.T.);
#10439 = EDGE_CURVE('',#10299,#10431,#10440,.T.);
#10440 = LINE('',#10441,#10442);
#10441 = CARTESIAN_POINT('',(2.192307710648,0.75,1.217735409737));
#10442 = VECTOR('',#10443,1.);
#10443 = DIRECTION('',(-0.595500881855,0.611171620249,0.521390401056));
#10444 = PLANE('',#10445);
#10445 = AXIS2_PLACEMENT_3D('',#10446,#10447,#10448);
#10446 = CARTESIAN_POINT('',(2.07051281531,0.784887003326,1.324372929938
    ));
#10447 = DIRECTION('',(0.658739050677,6.728699414169E-07,0.752371492757)
  );
#10448 = DIRECTION('',(0.752371492757,5.864565038801E-24,-0.658739050677
    ));
#10449 = ADVANCED_FACE('',(#10450),#10467,.T.);
#10450 = FACE_BOUND('',#10451,.T.);
#10451 = EDGE_LOOP('',(#10452,#10453,#10461));
#10452 = ORIENTED_EDGE('',*,*,#10439,.F.);
#10453 = ORIENTED_EDGE('',*,*,#10454,.T.);
#10454 = EDGE_CURVE('',#10299,#10455,#10457,.T.);
#10455 = VERTEX_POINT('',#10456);
#10456 = CARTESIAN_POINT('',(2.192307710648,1.,1.217735409737));
#10457 = LINE('',#10458,#10459);
#10458 = CARTESIAN_POINT('',(2.192307710648,0.75,1.217735409737));
#10459 = VECTOR('',#10460,1.);
#10460 = DIRECTION('',(0.,1.,0.));
#10461 = ORIENTED_EDGE('',*,*,#10462,.T.);
#10462 = EDGE_CURVE('',#10455,#10431,#10463,.T.);
#10463 = LINE('',#10464,#10465);
#10464 = CARTESIAN_POINT('',(2.192307710648,1.,1.217735409737));
#10465 = VECTOR('',#10466,1.);
#10466 = DIRECTION('',(-0.595500881855,-0.611171620249,0.521390401056));
#10467 = PLANE('',#10468);
#10468 = AXIS2_PLACEMENT_3D('',#10469,#10470,#10471);
#10469 = CARTESIAN_POINT('',(2.154510700847,0.875,1.250828556529));
#10470 = DIRECTION('',(0.658738659767,0.,0.752371835018));
#10471 = DIRECTION('',(0.752371835018,0.,-0.658738659767));
#10472 = ADVANCED_FACE('',(#10473),#10490,.T.);
#10473 = FACE_BOUND('',#10474,.T.);
#10474 = EDGE_LOOP('',(#10475,#10476,#10484));
#10475 = ORIENTED_EDGE('',*,*,#10462,.F.);
#10476 = ORIENTED_EDGE('',*,*,#10477,.T.);
#10477 = EDGE_CURVE('',#10455,#10478,#10480,.T.);
#10478 = VERTEX_POINT('',#10479);
#10479 = CARTESIAN_POINT('',(1.948717951775,1.,1.431010484695));
#10480 = LINE('',#10481,#10482);
#10481 = CARTESIAN_POINT('',(2.192307710648,1.,1.217735409737));
#10482 = VECTOR('',#10483,1.);
#10483 = DIRECTION('',(-0.752371492757,0.,0.658739050677));
#10484 = ORIENTED_EDGE('',*,*,#10485,.T.);
#10485 = EDGE_CURVE('',#10478,#10431,#10486,.T.);
#10486 = LINE('',#10487,#10488);
#10487 = CARTESIAN_POINT('',(1.948717951775,1.,1.431010484695));
#10488 = VECTOR('',#10489,1.);
#10489 = DIRECTION('',(0.595500324719,-0.611171646649,-0.521391006436));
#10490 = PLANE('',#10491);
#10491 = AXIS2_PLACEMENT_3D('',#10492,#10493,#10494);
#10492 = CARTESIAN_POINT('',(2.07051281531,0.965112996674,1.324372929938
    ));
#10493 = DIRECTION('',(0.658739050677,-6.728699414233E-07,0.752371492757
    ));
#10494 = DIRECTION('',(0.752371492757,-2.848407274961E-23,
    -0.658739050677));
#10495 = ADVANCED_FACE('',(#10496),#10506,.T.);
#10496 = FACE_BOUND('',#10497,.T.);
#10497 = EDGE_LOOP('',(#10498,#10499,#10505));
#10498 = ORIENTED_EDGE('',*,*,#10485,.F.);
#10499 = ORIENTED_EDGE('',*,*,#10500,.F.);
#10500 = EDGE_CURVE('',#10322,#10478,#10501,.T.);
#10501 = LINE('',#10502,#10503);
#10502 = CARTESIAN_POINT('',(1.948717951775,0.75,1.431010484695));
#10503 = VECTOR('',#10504,1.);
#10504 = DIRECTION('',(0.,1.,0.));
#10505 = ORIENTED_EDGE('',*,*,#10430,.F.);
#10506 = PLANE('',#10507);
#10507 = AXIS2_PLACEMENT_3D('',#10508,#10509,#10510);
#10508 = CARTESIAN_POINT('',(1.986514923961,0.875,1.39791730145));
#10509 = DIRECTION('',(0.658739441587,0.,0.752371150495));
#10510 = DIRECTION('',(0.752371150495,0.,-0.658739441587));
#10511 = ADVANCED_FACE('',(#10512),#10529,.T.);
#10512 = FACE_BOUND('',#10513,.T.);
#10513 = EDGE_LOOP('',(#10514,#10522,#10523));
#10514 = ORIENTED_EDGE('',*,*,#10515,.T.);
#10515 = EDGE_CURVE('',#10516,#10299,#10518,.T.);
#10516 = VERTEX_POINT('',#10517);
#10517 = CARTESIAN_POINT('',(2.314102649689,0.875,1.128287315369));
#10518 = LINE('',#10519,#10520);
#10519 = CARTESIAN_POINT('',(2.314102649689,0.875,1.128287315369));
#10520 = VECTOR('',#10521,1.);
#10521 = DIRECTION('',(-0.621047444109,-0.63739044598,0.45610688609));
#10522 = ORIENTED_EDGE('',*,*,#10399,.F.);
#10523 = ORIENTED_EDGE('',*,*,#10524,.T.);
#10524 = EDGE_CURVE('',#9925,#10516,#10525,.T.);
#10525 = LINE('',#10526,#10527);
#10526 = CARTESIAN_POINT('',(2.435897350311,0.75,1.038839101791));
#10527 = VECTOR('',#10528,1.);
#10528 = DIRECTION('',(-0.621046525102,0.637390750508,0.456107711869));
#10529 = PLANE('',#10530);
#10530 = AXIS2_PLACEMENT_3D('',#10531,#10532,#10533);
#10531 = CARTESIAN_POINT('',(2.314102555928,0.785299947728,
    1.128287278631));
#10532 = DIRECTION('',(0.591931355562,-9.488349400177E-07,0.805988380997
    ));
#10533 = DIRECTION('',(0.805988380997,5.5069272688E-24,-0.591931355562)
  );
#10534 = ADVANCED_FACE('',(#10535),#10545,.T.);
#10535 = FACE_BOUND('',#10536,.T.);
#10536 = EDGE_LOOP('',(#10537,#10538,#10539));
#10537 = ORIENTED_EDGE('',*,*,#10524,.F.);
#10538 = ORIENTED_EDGE('',*,*,#9924,.T.);
#10539 = ORIENTED_EDGE('',*,*,#10540,.T.);
#10540 = EDGE_CURVE('',#9917,#10516,#10541,.T.);
#10541 = LINE('',#10542,#10543);
#10542 = CARTESIAN_POINT('',(2.435897350311,1.,1.038839101791));
#10543 = VECTOR('',#10544,1.);
#10544 = DIRECTION('',(-0.621046525102,-0.637390750508,0.456107711869));
#10545 = PLANE('',#10546);
#10546 = AXIS2_PLACEMENT_3D('',#10547,#10548,#10549);
#10547 = CARTESIAN_POINT('',(2.398705647419,0.875,1.06615335575));
#10548 = DIRECTION('',(0.591931988163,0.,0.805987916404));
#10549 = DIRECTION('',(0.805987916404,0.,-0.591931988163));
#10550 = ADVANCED_FACE('',(#10551),#10566,.T.);
#10551 = FACE_BOUND('',#10552,.T.);
#10552 = EDGE_LOOP('',(#10553,#10554,#10560));
#10553 = ORIENTED_EDGE('',*,*,#10540,.F.);
#10554 = ORIENTED_EDGE('',*,*,#10555,.T.);
#10555 = EDGE_CURVE('',#9917,#10455,#10556,.T.);
#10556 = LINE('',#10557,#10558);
#10557 = CARTESIAN_POINT('',(2.435897350311,1.,1.038839101791));
#10558 = VECTOR('',#10559,1.);
#10559 = DIRECTION('',(-0.805988380997,0.,0.591931355562));
#10560 = ORIENTED_EDGE('',*,*,#10561,.T.);
#10561 = EDGE_CURVE('',#10455,#10516,#10562,.T.);
#10562 = LINE('',#10563,#10564);
#10563 = CARTESIAN_POINT('',(2.192307710648,1.,1.217735409737));
#10564 = VECTOR('',#10565,1.);
#10565 = DIRECTION('',(0.621047444109,-0.63739044598,-0.45610688609));
#10566 = PLANE('',#10567);
#10567 = AXIS2_PLACEMENT_3D('',#10568,#10569,#10570);
#10568 = CARTESIAN_POINT('',(2.314102555928,0.964700052272,
    1.128287278631));
#10569 = DIRECTION('',(0.591931355562,9.488349400064E-07,0.805988380997)
  );
#10570 = DIRECTION('',(0.805988380997,5.176206636047E-23,-0.591931355562
    ));
#10571 = ADVANCED_FACE('',(#10572),#10577,.T.);
#10572 = FACE_BOUND('',#10573,.T.);
#10573 = EDGE_LOOP('',(#10574,#10575,#10576));
#10574 = ORIENTED_EDGE('',*,*,#10561,.F.);
#10575 = ORIENTED_EDGE('',*,*,#10454,.F.);
#10576 = ORIENTED_EDGE('',*,*,#10515,.F.);
#10577 = PLANE('',#10578);
#10578 = AXIS2_PLACEMENT_3D('',#10579,#10580,#10581);
#10579 = CARTESIAN_POINT('',(2.229499493261,0.875,1.1904211871));
#10580 = DIRECTION('',(0.591930722962,0.,0.805988845589));
#10581 = DIRECTION('',(0.805988845589,0.,-0.591930722962));
#10582 = ADVANCED_FACE('',(#10583),#10628,.T.);
#10583 = FACE_BOUND('',#10584,.T.);
#10584 = EDGE_LOOP('',(#10585,#10586,#10587,#10588,#10589,#10590,#10598,
    #10606,#10614,#10622));
#10585 = ORIENTED_EDGE('',*,*,#707,.T.);
#10586 = ORIENTED_EDGE('',*,*,#10103,.T.);
#10587 = ORIENTED_EDGE('',*,*,#10188,.T.);
#10588 = ORIENTED_EDGE('',*,*,#10344,.T.);
#10589 = ORIENTED_EDGE('',*,*,#10500,.T.);
#10590 = ORIENTED_EDGE('',*,*,#10591,.T.);
#10591 = EDGE_CURVE('',#10478,#10592,#10594,.T.);
#10592 = VERTEX_POINT('',#10593);
#10593 = CARTESIAN_POINT('',(1.705128192902,1.,1.666071772575));
#10594 = LINE('',#10595,#10596);
#10595 = CARTESIAN_POINT('',(1.948717951775,1.,1.431010484695));
#10596 = VECTOR('',#10597,1.);
#10597 = DIRECTION('',(-0.719591597067,0.,0.694397532707));
#10598 = ORIENTED_EDGE('',*,*,#10599,.F.);
#10599 = EDGE_CURVE('',#10600,#10592,#10602,.T.);
#10600 = VERTEX_POINT('',#10601);
#10601 = CARTESIAN_POINT('',(1.705128192902,0.75,1.666071772575));
#10602 = LINE('',#10603,#10604);
#10603 = CARTESIAN_POINT('',(1.705128192902,0.75,1.666071772575));
#10604 = VECTOR('',#10605,1.);
#10605 = DIRECTION('',(0.,1.,0.));
#10606 = ORIENTED_EDGE('',*,*,#10607,.F.);
#10607 = EDGE_CURVE('',#10608,#10600,#10610,.T.);
#10608 = VERTEX_POINT('',#10609);
#10609 = CARTESIAN_POINT('',(1.705128192902,0.5,1.666071772575));
#10610 = LINE('',#10611,#10612);
#10611 = CARTESIAN_POINT('',(1.705128192902,0.5,1.666071772575));
#10612 = VECTOR('',#10613,1.);
#10613 = DIRECTION('',(0.,1.,0.));
#10614 = ORIENTED_EDGE('',*,*,#10615,.F.);
#10615 = EDGE_CURVE('',#10616,#10608,#10618,.T.);
#10616 = VERTEX_POINT('',#10617);
#10617 = CARTESIAN_POINT('',(1.705128192902,0.25,1.666071772575));
#10618 = LINE('',#10619,#10620);
#10619 = CARTESIAN_POINT('',(1.705128192902,0.25,1.666071772575));
#10620 = VECTOR('',#10621,1.);
#10621 = DIRECTION('',(0.,1.,0.));
#10622 = ORIENTED_EDGE('',*,*,#10623,.F.);
#10623 = EDGE_CURVE('',#708,#10616,#10624,.T.);
#10624 = LINE('',#10625,#10626);
#10625 = CARTESIAN_POINT('',(1.705128192902,0.,1.666071772575));
#10626 = VECTOR('',#10627,1.);
#10627 = DIRECTION('',(0.,1.,0.));
#10628 = PLANE('',#10629);
#10629 = AXIS2_PLACEMENT_3D('',#10630,#10631,#10632);
#10630 = CARTESIAN_POINT('',(1.826923072338,0.5,1.548541128635));
#10631 = DIRECTION('',(0.694397532707,0.,0.719591597067));
#10632 = DIRECTION('',(0.719591597067,0.,-0.694397532707));
#10633 = ADVANCED_FACE('',(#10634),#10651,.T.);
#10634 = FACE_BOUND('',#10635,.T.);
#10635 = EDGE_LOOP('',(#10636,#10644,#10645));
#10636 = ORIENTED_EDGE('',*,*,#10637,.T.);
#10637 = EDGE_CURVE('',#10638,#756,#10640,.T.);
#10638 = VERTEX_POINT('',#10639);
#10639 = CARTESIAN_POINT('',(0.365384608507,0.125,2.727067708969));
#10640 = LINE('',#10641,#10642);
#10641 = CARTESIAN_POINT('',(0.365384608507,0.125,2.727067708969));
#10642 = VECTOR('',#10643,1.);
#10643 = DIRECTION('',(-0.677229039429,-0.695050897684,0.241381601998));
#10644 = ORIENTED_EDGE('',*,*,#755,.T.);
#10645 = ORIENTED_EDGE('',*,*,#10646,.T.);
#10646 = EDGE_CURVE('',#748,#10638,#10647,.T.);
#10647 = LINE('',#10648,#10649);
#10648 = CARTESIAN_POINT('',(0.487179487944,0.,2.683656692505));
#10649 = VECTOR('',#10650,1.);
#10650 = DIRECTION('',(-0.67722886757,0.695050636265,0.241382836915));
#10651 = PLANE('',#10652);
#10652 = AXIS2_PLACEMENT_3D('',#10653,#10654,#10655);
#10653 = CARTESIAN_POINT('',(0.365384620453,3.63591799607E-02,
    2.72706762206));
#10654 = DIRECTION('',(0.33573772909,-8.78307246181E-07,0.941955507052)
  );
#10655 = DIRECTION('',(0.941955507052,-1.459836966335E-23,-0.33573772909
    ));
#10656 = ADVANCED_FACE('',(#10657),#10674,.T.);
#10657 = FACE_BOUND('',#10658,.T.);
#10658 = EDGE_LOOP('',(#10659,#10660,#10668));
#10659 = ORIENTED_EDGE('',*,*,#10646,.F.);
#10660 = ORIENTED_EDGE('',*,*,#10661,.T.);
#10661 = EDGE_CURVE('',#748,#10662,#10664,.T.);
#10662 = VERTEX_POINT('',#10663);
#10663 = CARTESIAN_POINT('',(0.487179487944,0.25,2.683656692505));
#10664 = LINE('',#10665,#10666);
#10665 = CARTESIAN_POINT('',(0.487179487944,0.,2.683656692505));
#10666 = VECTOR('',#10667,1.);
#10667 = DIRECTION('',(0.,1.,0.));
#10668 = ORIENTED_EDGE('',*,*,#10669,.T.);
#10669 = EDGE_CURVE('',#10662,#10638,#10670,.T.);
#10670 = LINE('',#10671,#10672);
#10671 = CARTESIAN_POINT('',(0.487179487944,0.25,2.683656692505));
#10672 = VECTOR('',#10673,1.);
#10673 = DIRECTION('',(-0.67722886757,-0.695050636265,0.241382836915));
#10674 = PLANE('',#10675);
#10675 = AXIS2_PLACEMENT_3D('',#10676,#10677,#10678);
#10676 = CARTESIAN_POINT('',(0.451252868163,0.125,2.696461919539));
#10677 = DIRECTION('',(0.335738528902,0.,0.941955221977));
#10678 = DIRECTION('',(0.941955221977,0.,-0.335738528902));
#10679 = ADVANCED_FACE('',(#10680),#10697,.T.);
#10680 = FACE_BOUND('',#10681,.T.);
#10681 = EDGE_LOOP('',(#10682,#10690,#10691));
#10682 = ORIENTED_EDGE('',*,*,#10683,.T.);
#10683 = EDGE_CURVE('',#10684,#748,#10686,.T.);
#10684 = VERTEX_POINT('',#10685);
#10685 = CARTESIAN_POINT('',(0.608974337578,0.125,2.61415886879));
#10686 = LINE('',#10687,#10688);
#10687 = CARTESIAN_POINT('',(0.608974337578,0.125,2.61415886879));
#10688 = VECTOR('',#10689,1.);
#10689 = DIRECTION('',(-0.648350217109,-0.665412186,0.369957590405));
#10690 = ORIENTED_EDGE('',*,*,#747,.T.);
#10691 = ORIENTED_EDGE('',*,*,#10692,.T.);
#10692 = EDGE_CURVE('',#740,#10684,#10693,.T.);
#10693 = LINE('',#10694,#10695);
#10694 = CARTESIAN_POINT('',(0.730769217014,0.,2.544661283493));
#10695 = VECTOR('',#10696,1.);
#10696 = DIRECTION('',(-0.648350613493,0.665412429994,0.369956456887));
#10697 = PLANE('',#10698);
#10698 = AXIS2_PLACEMENT_3D('',#10699,#10700,#10701);
#10699 = CARTESIAN_POINT('',(0.60897434182,3.578634862333E-02,
    2.614158957518));
#10700 = DIRECTION('',(0.495604694288,8.873928005885E-07,0.868548206491)
  );
#10701 = DIRECTION('',(0.868548206491,2.97628367099E-23,-0.495604694288)
  );
#10702 = ADVANCED_FACE('',(#10703),#10720,.T.);
#10703 = FACE_BOUND('',#10704,.T.);
#10704 = EDGE_LOOP('',(#10705,#10706,#10714));
#10705 = ORIENTED_EDGE('',*,*,#10692,.F.);
#10706 = ORIENTED_EDGE('',*,*,#10707,.T.);
#10707 = EDGE_CURVE('',#740,#10708,#10710,.T.);
#10708 = VERTEX_POINT('',#10709);
#10709 = CARTESIAN_POINT('',(0.730769217014,0.25,2.544661283493));
#10710 = LINE('',#10711,#10712);
#10711 = CARTESIAN_POINT('',(0.730769217014,0.,2.544661283493));
#10712 = VECTOR('',#10713,1.);
#10713 = DIRECTION('',(0.,1.,0.));
#10714 = ORIENTED_EDGE('',*,*,#10715,.T.);
#10715 = EDGE_CURVE('',#10708,#10684,#10716,.T.);
#10716 = LINE('',#10717,#10718);
#10717 = CARTESIAN_POINT('',(0.730769217014,0.25,2.544661283493));
#10718 = VECTOR('',#10719,1.);
#10719 = DIRECTION('',(-0.648350613493,-0.665412429994,0.369956456887));
#10720 = PLANE('',#10721);
#10721 = AXIS2_PLACEMENT_3D('',#10722,#10723,#10724);
#10722 = CARTESIAN_POINT('',(0.694203235747,0.125,2.565526260854));
#10723 = DIRECTION('',(0.495604007243,0.,0.868548598528));
#10724 = DIRECTION('',(0.868548598528,0.,-0.495604007243));
#10725 = ADVANCED_FACE('',(#10726),#10743,.T.);
#10726 = FACE_BOUND('',#10727,.T.);
#10727 = EDGE_LOOP('',(#10728,#10736,#10737));
#10728 = ORIENTED_EDGE('',*,*,#10729,.T.);
#10729 = EDGE_CURVE('',#10730,#740,#10732,.T.);
#10730 = VERTEX_POINT('',#10731);
#10731 = CARTESIAN_POINT('',(0.852564096451,0.125,2.453179836273));
#10732 = LINE('',#10733,#10734);
#10733 = CARTESIAN_POINT('',(0.852564096451,0.125,2.453179836273));
#10734 = VECTOR('',#10735,1.);
#10735 = DIRECTION('',(-0.618098045525,-0.634363743764,0.464260106747));
#10736 = ORIENTED_EDGE('',*,*,#739,.T.);
#10737 = ORIENTED_EDGE('',*,*,#10738,.T.);
#10738 = EDGE_CURVE('',#732,#10730,#10739,.T.);
#10739 = LINE('',#10740,#10741);
#10740 = CARTESIAN_POINT('',(0.974358975887,0.,2.361698627472));
#10741 = VECTOR('',#10742,1.);
#10742 = DIRECTION('',(-0.618098392731,0.634364100107,0.464259157583));
#10743 = PLANE('',#10744);
#10744 = AXIS2_PLACEMENT_3D('',#10745,#10746,#10747);
#10745 = CARTESIAN_POINT('',(0.852564086804,3.525030012618E-02,
    2.453179929111));
#10746 = DIRECTION('',(0.600567765739,7.625330550147E-07,0.799573860725)
  );
#10747 = DIRECTION('',(0.799573860725,-3.061379932552E-23,
    -0.600567765739));
#10748 = ADVANCED_FACE('',(#10749),#10766,.T.);
#10749 = FACE_BOUND('',#10750,.T.);
#10750 = EDGE_LOOP('',(#10751,#10752,#10760));
#10751 = ORIENTED_EDGE('',*,*,#10738,.F.);
#10752 = ORIENTED_EDGE('',*,*,#10753,.T.);
#10753 = EDGE_CURVE('',#732,#10754,#10756,.T.);
#10754 = VERTEX_POINT('',#10755);
#10755 = CARTESIAN_POINT('',(0.974358975887,0.25,2.361698627472));
#10756 = LINE('',#10757,#10758);
#10757 = CARTESIAN_POINT('',(0.974358975887,0.,2.361698627472));
#10758 = VECTOR('',#10759,1.);
#10759 = DIRECTION('',(0.,1.,0.));
#10760 = ORIENTED_EDGE('',*,*,#10761,.T.);
#10761 = EDGE_CURVE('',#10754,#10730,#10762,.T.);
#10762 = LINE('',#10763,#10764);
#10763 = CARTESIAN_POINT('',(0.974358975887,0.25,2.361698627472));
#10764 = VECTOR('',#10765,1.);
#10765 = DIRECTION('',(-0.618098392731,-0.634364100107,0.464259157583));
#10766 = PLANE('',#10767);
#10767 = AXIS2_PLACEMENT_3D('',#10768,#10769,#10770);
#10768 = CARTESIAN_POINT('',(0.937098343624,0.125,2.389685417195));
#10769 = DIRECTION('',(0.600567265409,0.,0.799574236528));
#10770 = DIRECTION('',(0.799574236528,0.,-0.600567265409));
#10771 = ADVANCED_FACE('',(#10772),#10789,.T.);
#10772 = FACE_BOUND('',#10773,.T.);
#10773 = EDGE_LOOP('',(#10774,#10782,#10783));
#10774 = ORIENTED_EDGE('',*,*,#10775,.T.);
#10775 = EDGE_CURVE('',#10776,#732,#10778,.T.);
#10776 = VERTEX_POINT('',#10777);
#10777 = CARTESIAN_POINT('',(1.096153855324,0.125,2.253634929657));
#10778 = LINE('',#10779,#10780);
#10779 = CARTESIAN_POINT('',(1.096153855324,0.125,2.253634929657));
#10780 = VECTOR('',#10781,1.);
#10781 = DIRECTION('',(-0.593332973281,-0.608946960687,0.52644048276));
#10782 = ORIENTED_EDGE('',*,*,#731,.T.);
#10783 = ORIENTED_EDGE('',*,*,#10784,.T.);
#10784 = EDGE_CURVE('',#724,#10776,#10785,.T.);
#10785 = LINE('',#10786,#10787);
#10786 = CARTESIAN_POINT('',(1.217948675156,0.,2.145571470261));
#10787 = VECTOR('',#10788,1.);
#10788 = DIRECTION('',(-0.593333147926,0.608947437938,0.526439733873));
#10789 = PLANE('',#10790);
#10790 = AXIS2_PLACEMENT_3D('',#10791,#10792,#10793);
#10791 = CARTESIAN_POINT('',(1.096153820523,3.485368336136E-02,
    2.253635027435));
#10792 = DIRECTION('',(0.663682510904,5.551278689096E-07,0.748014388043)
  );
#10793 = DIRECTION('',(0.748014388043,1.600347640118E-23,-0.663682510905
    ));
#10794 = ADVANCED_FACE('',(#10795),#10812,.T.);
#10795 = FACE_BOUND('',#10796,.T.);
#10796 = EDGE_LOOP('',(#10797,#10798,#10806));
#10797 = ORIENTED_EDGE('',*,*,#10784,.F.);
#10798 = ORIENTED_EDGE('',*,*,#10799,.T.);
#10799 = EDGE_CURVE('',#724,#10800,#10802,.T.);
#10800 = VERTEX_POINT('',#10801);
#10801 = CARTESIAN_POINT('',(1.217948675156,0.25,2.145571470261));
#10802 = LINE('',#10803,#10804);
#10803 = CARTESIAN_POINT('',(1.217948675156,0.,2.145571470261));
#10804 = VECTOR('',#10805,1.);
#10805 = DIRECTION('',(0.,1.,0.));
#10806 = ORIENTED_EDGE('',*,*,#10807,.T.);
#10807 = EDGE_CURVE('',#10800,#10776,#10808,.T.);
#10808 = LINE('',#10809,#10810);
#10809 = CARTESIAN_POINT('',(1.217948675156,0.25,2.145571470261));
#10810 = VECTOR('',#10811,1.);
#10811 = DIRECTION('',(-0.593333147926,-0.608947437938,0.526439733873));
#10812 = PLANE('',#10813);
#10813 = AXIS2_PLACEMENT_3D('',#10814,#10815,#10816);
#10814 = CARTESIAN_POINT('',(1.18009945244,0.125,2.179153505586));
#10815 = DIRECTION('',(0.663682192122,0.,0.748014670886));
#10816 = DIRECTION('',(0.748014670886,0.,-0.663682192122));
#10817 = ADVANCED_FACE('',(#10818),#10835,.T.);
#10818 = FACE_BOUND('',#10819,.T.);
#10819 = EDGE_LOOP('',(#10820,#10828,#10829));
#10820 = ORIENTED_EDGE('',*,*,#10821,.T.);
#10821 = EDGE_CURVE('',#10822,#724,#10824,.T.);
#10822 = VERTEX_POINT('',#10823);
#10823 = CARTESIAN_POINT('',(1.339743614197,0.125,2.027306079865));
#10824 = LINE('',#10825,#10826);
#10825 = CARTESIAN_POINT('',(1.339743614197,0.125,2.027306079865));
#10826 = VECTOR('',#10827,1.);
#10827 = DIRECTION('',(-0.577715898785,-0.592918621387,0.560974017851));
#10828 = ORIENTED_EDGE('',*,*,#723,.T.);
#10829 = ORIENTED_EDGE('',*,*,#10830,.T.);
#10830 = EDGE_CURVE('',#716,#10822,#10831,.T.);
#10831 = LINE('',#10832,#10833);
#10832 = CARTESIAN_POINT('',(1.461538434029,0.,1.909040570259));
#10833 = VECTOR('',#10834,1.);
#10834 = DIRECTION('',(-0.577715338803,0.592918626999,0.560974588613));
#10835 = PLANE('',#10836);
#10836 = AXIS2_PLACEMENT_3D('',#10837,#10838,#10839);
#10837 = CARTESIAN_POINT('',(1.339743570941,3.462100611908E-02,
    2.027306036923));
#10838 = DIRECTION('',(0.696635426221,-6.74276705461E-07,0.717425315231)
  );
#10839 = DIRECTION('',(0.717425315231,-5.082634707714E-23,
    -0.696635426221));
#10840 = ADVANCED_FACE('',(#10841),#10858,.T.);
#10841 = FACE_BOUND('',#10842,.T.);
#10842 = EDGE_LOOP('',(#10843,#10844,#10852));
#10843 = ORIENTED_EDGE('',*,*,#10830,.F.);
#10844 = ORIENTED_EDGE('',*,*,#10845,.T.);
#10845 = EDGE_CURVE('',#716,#10846,#10848,.T.);
#10846 = VERTEX_POINT('',#10847);
#10847 = CARTESIAN_POINT('',(1.461538434029,0.25,1.909040570259));
#10848 = LINE('',#10849,#10850);
#10849 = CARTESIAN_POINT('',(1.461538434029,0.,1.909040570259));
#10850 = VECTOR('',#10851,1.);
#10851 = DIRECTION('',(0.,1.,0.));
#10852 = ORIENTED_EDGE('',*,*,#10853,.T.);
#10853 = EDGE_CURVE('',#10846,#10822,#10854,.T.);
#10854 = LINE('',#10855,#10856);
#10855 = CARTESIAN_POINT('',(1.461538434029,0.25,1.909040570259));
#10856 = VECTOR('',#10857,1.);
#10857 = DIRECTION('',(-0.577715338803,-0.592918626999,0.560974588613));
#10858 = PLANE('',#10859);
#10859 = AXIS2_PLACEMENT_3D('',#10860,#10861,#10862);
#10860 = CARTESIAN_POINT('',(1.423308351912,0.125,1.94616283991));
#10861 = DIRECTION('',(0.696635782403,0.,0.71742496937));
#10862 = DIRECTION('',(0.71742496937,0.,-0.696635782403));
#10863 = ADVANCED_FACE('',(#10864),#10881,.T.);
#10864 = FACE_BOUND('',#10865,.T.);
#10865 = EDGE_LOOP('',(#10866,#10874,#10875));
#10866 = ORIENTED_EDGE('',*,*,#10867,.T.);
#10867 = EDGE_CURVE('',#10868,#716,#10870,.T.);
#10868 = VERTEX_POINT('',#10869);
#10869 = CARTESIAN_POINT('',(1.58333337307,0.125,1.787556171417));
#10870 = LINE('',#10871,#10872);
#10871 = CARTESIAN_POINT('',(1.58333337307,0.125,1.787556171417));
#10872 = VECTOR('',#10873,1.);
#10873 = DIRECTION('',(-0.572764549972,-0.587836976726,0.571304173877));
#10874 = ORIENTED_EDGE('',*,*,#715,.T.);
#10875 = ORIENTED_EDGE('',*,*,#10876,.T.);
#10876 = EDGE_CURVE('',#708,#10868,#10877,.T.);
#10877 = LINE('',#10878,#10879);
#10878 = CARTESIAN_POINT('',(1.705128192902,0.,1.666071772575));
#10879 = VECTOR('',#10880,1.);
#10880 = DIRECTION('',(-0.572764173278,0.587837165477,0.571304357319));
#10881 = PLANE('',#10882);
#10882 = AXIS2_PLACEMENT_3D('',#10883,#10884,#10885);
#10883 = CARTESIAN_POINT('',(1.583333324535,3.454986936833E-02,
    1.787556176808));
#10884 = DIRECTION('',(0.706203774361,-3.367442008714E-07,0.708008636302
    ));
#10885 = DIRECTION('',(0.708008636302,4.624006478772E-24,-0.706203774361
    ));
#10886 = ADVANCED_FACE('',(#10887),#10897,.T.);
#10887 = FACE_BOUND('',#10888,.T.);
#10888 = EDGE_LOOP('',(#10889,#10890,#10891));
#10889 = ORIENTED_EDGE('',*,*,#10876,.F.);
#10890 = ORIENTED_EDGE('',*,*,#10623,.T.);
#10891 = ORIENTED_EDGE('',*,*,#10892,.T.);
#10892 = EDGE_CURVE('',#10616,#10868,#10893,.T.);
#10893 = LINE('',#10894,#10895);
#10894 = CARTESIAN_POINT('',(1.705128192902,0.25,1.666071772575));
#10895 = VECTOR('',#10896,1.);
#10896 = DIRECTION('',(-0.572764173278,-0.587837165477,0.571304357319));
#10897 = PLANE('',#10898);
#10898 = AXIS2_PLACEMENT_3D('',#10899,#10900,#10901);
#10899 = CARTESIAN_POINT('',(1.66677576531,0.125,1.704326450537));
#10900 = DIRECTION('',(0.706203947605,0.,0.708008463499));
#10901 = DIRECTION('',(0.708008463499,0.,-0.706203947605));
#10902 = ADVANCED_FACE('',(#10903),#10918,.T.);
#10903 = FACE_BOUND('',#10904,.T.);
#10904 = EDGE_LOOP('',(#10905,#10906,#10912));
#10905 = ORIENTED_EDGE('',*,*,#10892,.F.);
#10906 = ORIENTED_EDGE('',*,*,#10907,.T.);
#10907 = EDGE_CURVE('',#10616,#10846,#10908,.T.);
#10908 = LINE('',#10909,#10910);
#10909 = CARTESIAN_POINT('',(1.705128192902,0.25,1.666071772575));
#10910 = VECTOR('',#10911,1.);
#10911 = DIRECTION('',(-0.708008636302,0.,0.706203774361));
#10912 = ORIENTED_EDGE('',*,*,#10913,.T.);
#10913 = EDGE_CURVE('',#10846,#10868,#10914,.T.);
#10914 = LINE('',#10915,#10916);
#10915 = CARTESIAN_POINT('',(1.461538434029,0.25,1.909040570259));
#10916 = VECTOR('',#10917,1.);
#10917 = DIRECTION('',(0.572764549972,-0.587836976726,-0.571304173877));
#10918 = PLANE('',#10919);
#10919 = AXIS2_PLACEMENT_3D('',#10920,#10921,#10922);
#10920 = CARTESIAN_POINT('',(1.583333324535,0.215450130632,
    1.787556176808));
#10921 = DIRECTION('',(0.706203774361,3.367442008465E-07,0.708008636302)
  );
#10922 = DIRECTION('',(0.708008636302,8.503230062735E-25,-0.706203774361
    ));
#10923 = ADVANCED_FACE('',(#10924),#10929,.T.);
#10924 = FACE_BOUND('',#10925,.T.);
#10925 = EDGE_LOOP('',(#10926,#10927,#10928));
#10926 = ORIENTED_EDGE('',*,*,#10913,.F.);
#10927 = ORIENTED_EDGE('',*,*,#10845,.F.);
#10928 = ORIENTED_EDGE('',*,*,#10867,.F.);
#10929 = PLANE('',#10930);
#10930 = AXIS2_PLACEMENT_3D('',#10931,#10932,#10933);
#10931 = CARTESIAN_POINT('',(1.499890903717,0.125,1.87078588775));
#10932 = DIRECTION('',(0.706203601117,0.,0.708008809104));
#10933 = DIRECTION('',(0.708008809104,0.,-0.706203601117));
#10934 = ADVANCED_FACE('',(#10935),#10950,.T.);
#10935 = FACE_BOUND('',#10936,.T.);
#10936 = EDGE_LOOP('',(#10937,#10938,#10944));
#10937 = ORIENTED_EDGE('',*,*,#10853,.F.);
#10938 = ORIENTED_EDGE('',*,*,#10939,.T.);
#10939 = EDGE_CURVE('',#10846,#10800,#10940,.T.);
#10940 = LINE('',#10941,#10942);
#10941 = CARTESIAN_POINT('',(1.461538434029,0.25,1.909040570259));
#10942 = VECTOR('',#10943,1.);
#10943 = DIRECTION('',(-0.717425315231,0.,0.696635426221));
#10944 = ORIENTED_EDGE('',*,*,#10945,.T.);
#10945 = EDGE_CURVE('',#10800,#10822,#10946,.T.);
#10946 = LINE('',#10947,#10948);
#10947 = CARTESIAN_POINT('',(1.217948675156,0.25,2.145571470261));
#10948 = VECTOR('',#10949,1.);
#10949 = DIRECTION('',(0.577715898785,-0.592918621387,-0.560974017851));
#10950 = PLANE('',#10951);
#10951 = AXIS2_PLACEMENT_3D('',#10952,#10953,#10954);
#10952 = CARTESIAN_POINT('',(1.339743570941,0.215378993881,
    2.027306036923));
#10953 = DIRECTION('',(0.696635426221,6.742767054897E-07,0.717425315231)
  );
#10954 = DIRECTION('',(0.717425315231,3.653110721499E-23,-0.696635426221
    ));
#10955 = ADVANCED_FACE('',(#10956),#10961,.T.);
#10956 = FACE_BOUND('',#10957,.T.);
#10957 = EDGE_LOOP('',(#10958,#10959,#10960));
#10958 = ORIENTED_EDGE('',*,*,#10945,.F.);
#10959 = ORIENTED_EDGE('',*,*,#10799,.F.);
#10960 = ORIENTED_EDGE('',*,*,#10821,.F.);
#10961 = PLANE('',#10962);
#10962 = AXIS2_PLACEMENT_3D('',#10963,#10964,#10965);
#10963 = CARTESIAN_POINT('',(1.256178794826,0.125,2.108449237898));
#10964 = DIRECTION('',(0.696635070038,0.,0.717425661092));
#10965 = DIRECTION('',(0.717425661092,0.,-0.696635070038));
#10966 = ADVANCED_FACE('',(#10967),#10982,.T.);
#10967 = FACE_BOUND('',#10968,.T.);
#10968 = EDGE_LOOP('',(#10969,#10970,#10976));
#10969 = ORIENTED_EDGE('',*,*,#10807,.F.);
#10970 = ORIENTED_EDGE('',*,*,#10971,.T.);
#10971 = EDGE_CURVE('',#10800,#10754,#10972,.T.);
#10972 = LINE('',#10973,#10974);
#10973 = CARTESIAN_POINT('',(1.217948675156,0.25,2.145571470261));
#10974 = VECTOR('',#10975,1.);
#10975 = DIRECTION('',(-0.748014388043,0.,0.663682510905));
#10976 = ORIENTED_EDGE('',*,*,#10977,.T.);
#10977 = EDGE_CURVE('',#10754,#10776,#10978,.T.);
#10978 = LINE('',#10979,#10980);
#10979 = CARTESIAN_POINT('',(0.974358975887,0.25,2.361698627472));
#10980 = VECTOR('',#10981,1.);
#10981 = DIRECTION('',(0.593332973281,-0.608946960687,-0.52644048276));
#10982 = PLANE('',#10983);
#10983 = AXIS2_PLACEMENT_3D('',#10984,#10985,#10986);
#10984 = CARTESIAN_POINT('',(1.096153820523,0.215146316639,
    2.253635027435));
#10985 = DIRECTION('',(0.663682510904,-5.551278689748E-07,0.748014388043
    ));
#10986 = DIRECTION('',(0.748014388043,-1.400292170015E-23,
    -0.663682510905));
#10987 = ADVANCED_FACE('',(#10988),#10993,.T.);
#10988 = FACE_BOUND('',#10989,.T.);
#10989 = EDGE_LOOP('',(#10990,#10991,#10992));
#10990 = ORIENTED_EDGE('',*,*,#10977,.F.);
#10991 = ORIENTED_EDGE('',*,*,#10753,.F.);
#10992 = ORIENTED_EDGE('',*,*,#10775,.F.);
#10993 = PLANE('',#10994);
#10994 = AXIS2_PLACEMENT_3D('',#10995,#10996,#10997);
#10995 = CARTESIAN_POINT('',(1.012208228353,0.125,2.328116508093));
#10996 = DIRECTION('',(0.663682829686,0.,0.748014105201));
#10997 = DIRECTION('',(0.748014105201,0.,-0.663682829686));
#10998 = ADVANCED_FACE('',(#10999),#11014,.T.);
#10999 = FACE_BOUND('',#11000,.T.);
#11000 = EDGE_LOOP('',(#11001,#11002,#11008));
#11001 = ORIENTED_EDGE('',*,*,#10761,.F.);
#11002 = ORIENTED_EDGE('',*,*,#11003,.T.);
#11003 = EDGE_CURVE('',#10754,#10708,#11004,.T.);
#11004 = LINE('',#11005,#11006);
#11005 = CARTESIAN_POINT('',(0.974358975887,0.25,2.361698627472));
#11006 = VECTOR('',#11007,1.);
#11007 = DIRECTION('',(-0.799573860725,0.,0.600567765739));
#11008 = ORIENTED_EDGE('',*,*,#11009,.T.);
#11009 = EDGE_CURVE('',#10708,#10730,#11010,.T.);
#11010 = LINE('',#11011,#11012);
#11011 = CARTESIAN_POINT('',(0.730769217014,0.25,2.544661283493));
#11012 = VECTOR('',#11013,1.);
#11013 = DIRECTION('',(0.618098045525,-0.634363743764,-0.464260106747));
#11014 = PLANE('',#11015);
#11015 = AXIS2_PLACEMENT_3D('',#11016,#11017,#11018);
#11016 = CARTESIAN_POINT('',(0.852564086804,0.214749699874,
    2.453179929111));
#11017 = DIRECTION('',(0.600567765739,-7.625330550435E-07,0.799573860725
    ));
#11018 = DIRECTION('',(0.799573860725,-5.483618169077E-23,
    -0.600567765739));
#11019 = ADVANCED_FACE('',(#11020),#11025,.T.);
#11020 = FACE_BOUND('',#11021,.T.);
#11021 = EDGE_LOOP('',(#11022,#11023,#11024));
#11022 = ORIENTED_EDGE('',*,*,#11009,.F.);
#11023 = ORIENTED_EDGE('',*,*,#10707,.F.);
#11024 = ORIENTED_EDGE('',*,*,#10729,.F.);
#11025 = PLANE('',#11026);
#11026 = AXIS2_PLACEMENT_3D('',#11027,#11028,#11029);
#11027 = CARTESIAN_POINT('',(0.768029857402,0.125,2.516674414729));
#11028 = DIRECTION('',(0.600568266069,0.,0.799573484922));
#11029 = DIRECTION('',(0.799573484922,0.,-0.600568266069));
#11030 = ADVANCED_FACE('',(#11031),#11046,.T.);
#11031 = FACE_BOUND('',#11032,.T.);
#11032 = EDGE_LOOP('',(#11033,#11034,#11040));
#11033 = ORIENTED_EDGE('',*,*,#10715,.F.);
#11034 = ORIENTED_EDGE('',*,*,#11035,.T.);
#11035 = EDGE_CURVE('',#10708,#10662,#11036,.T.);
#11036 = LINE('',#11037,#11038);
#11037 = CARTESIAN_POINT('',(0.730769217014,0.25,2.544661283493));
#11038 = VECTOR('',#11039,1.);
#11039 = DIRECTION('',(-0.868548206491,0.,0.495604694288));
#11040 = ORIENTED_EDGE('',*,*,#11041,.T.);
#11041 = EDGE_CURVE('',#10662,#10684,#11042,.T.);
#11042 = LINE('',#11043,#11044);
#11043 = CARTESIAN_POINT('',(0.487179487944,0.25,2.683656692505));
#11044 = VECTOR('',#11045,1.);
#11045 = DIRECTION('',(0.648350217109,-0.665412186,-0.369957590405));
#11046 = PLANE('',#11047);
#11047 = AXIS2_PLACEMENT_3D('',#11048,#11049,#11050);
#11048 = CARTESIAN_POINT('',(0.60897434182,0.214213651377,2.614158957518
    ));
#11049 = DIRECTION('',(0.495604694288,-8.873928006356E-07,0.868548206491
    ));
#11050 = DIRECTION('',(0.868548206491,1.590354301871E-23,-0.495604694288
    ));
#11051 = ADVANCED_FACE('',(#11052),#11057,.T.);
#11052 = FACE_BOUND('',#11053,.T.);
#11053 = EDGE_LOOP('',(#11054,#11055,#11056));
#11054 = ORIENTED_EDGE('',*,*,#11041,.F.);
#11055 = ORIENTED_EDGE('',*,*,#10661,.F.);
#11056 = ORIENTED_EDGE('',*,*,#10683,.F.);
#11057 = PLANE('',#11058);
#11058 = AXIS2_PLACEMENT_3D('',#11059,#11060,#11061);
#11059 = CARTESIAN_POINT('',(0.523745465621,0.125,2.662791640508));
#11060 = DIRECTION('',(0.495605381332,0.,0.868547814455));
#11061 = DIRECTION('',(0.868547814455,0.,-0.495605381332));
#11062 = ADVANCED_FACE('',(#11063),#11080,.T.);
#11063 = FACE_BOUND('',#11064,.T.);
#11064 = EDGE_LOOP('',(#11065,#11066,#11074));
#11065 = ORIENTED_EDGE('',*,*,#10669,.F.);
#11066 = ORIENTED_EDGE('',*,*,#11067,.T.);
#11067 = EDGE_CURVE('',#10662,#11068,#11070,.T.);
#11068 = VERTEX_POINT('',#11069);
#11069 = CARTESIAN_POINT('',(0.243589743972,0.25,2.770478487015));
#11070 = LINE('',#11071,#11072);
#11071 = CARTESIAN_POINT('',(0.487179487944,0.25,2.683656692505));
#11072 = VECTOR('',#11073,1.);
#11073 = DIRECTION('',(-0.941955507052,0.,0.33573772909));
#11074 = ORIENTED_EDGE('',*,*,#11075,.T.);
#11075 = EDGE_CURVE('',#11068,#10638,#11076,.T.);
#11076 = LINE('',#11077,#11078);
#11077 = CARTESIAN_POINT('',(0.243589743972,0.25,2.770478487015));
#11078 = VECTOR('',#11079,1.);
#11079 = DIRECTION('',(0.677229039429,-0.695050897684,-0.241381601998));
#11080 = PLANE('',#11081);
#11081 = AXIS2_PLACEMENT_3D('',#11082,#11083,#11084);
#11082 = CARTESIAN_POINT('',(0.365384620453,0.213640820039,2.72706762206
    ));
#11083 = DIRECTION('',(0.33573772909,8.783072462007E-07,0.941955507052)
  );
#11084 = DIRECTION('',(0.941955507052,1.095565421726E-23,-0.33573772909)
  );
#11085 = ADVANCED_FACE('',(#11086),#11096,.T.);
#11086 = FACE_BOUND('',#11087,.T.);
#11087 = EDGE_LOOP('',(#11088,#11089,#11095));
#11088 = ORIENTED_EDGE('',*,*,#11075,.F.);
#11089 = ORIENTED_EDGE('',*,*,#11090,.F.);
#11090 = EDGE_CURVE('',#756,#11068,#11091,.T.);
#11091 = LINE('',#11092,#11093);
#11092 = CARTESIAN_POINT('',(0.243589743972,0.,2.770478487015));
#11093 = VECTOR('',#11094,1.);
#11094 = DIRECTION('',(0.,1.,0.));
#11095 = ORIENTED_EDGE('',*,*,#10637,.F.);
#11096 = PLANE('',#11097);
#11097 = AXIS2_PLACEMENT_3D('',#11098,#11099,#11100);
#11098 = CARTESIAN_POINT('',(0.279516353816,0.125,2.757673332283));
#11099 = DIRECTION('',(0.335736929277,0.,0.941955792126));
#11100 = DIRECTION('',(0.941955792126,0.,-0.335736929277));
#11101 = ADVANCED_FACE('',(#11102),#11119,.T.);
#11102 = FACE_BOUND('',#11103,.T.);
#11103 = EDGE_LOOP('',(#11104,#11112,#11113));
#11104 = ORIENTED_EDGE('',*,*,#11105,.T.);
#11105 = EDGE_CURVE('',#11106,#11068,#11108,.T.);
#11106 = VERTEX_POINT('',#11107);
#11107 = CARTESIAN_POINT('',(0.365384608507,0.375,2.727067708969));
#11108 = LINE('',#11109,#11110);
#11109 = CARTESIAN_POINT('',(0.365384608507,0.375,2.727067708969));
#11110 = VECTOR('',#11111,1.);
#11111 = DIRECTION('',(-0.677229039429,-0.695050897684,0.241381601998));
#11112 = ORIENTED_EDGE('',*,*,#11067,.F.);
#11113 = ORIENTED_EDGE('',*,*,#11114,.T.);
#11114 = EDGE_CURVE('',#10662,#11106,#11115,.T.);
#11115 = LINE('',#11116,#11117);
#11116 = CARTESIAN_POINT('',(0.487179487944,0.25,2.683656692505));
#11117 = VECTOR('',#11118,1.);
#11118 = DIRECTION('',(-0.67722886757,0.695050636265,0.241382836915));
#11119 = PLANE('',#11120);
#11120 = AXIS2_PLACEMENT_3D('',#11121,#11122,#11123);
#11121 = CARTESIAN_POINT('',(0.365384620453,0.286359179961,2.72706762206
    ));
#11122 = DIRECTION('',(0.33573772909,-8.783072461863E-07,0.941955507052)
  );
#11123 = DIRECTION('',(0.941955507052,-1.451170711057E-23,-0.33573772909
    ));
#11124 = ADVANCED_FACE('',(#11125),#11142,.T.);
#11125 = FACE_BOUND('',#11126,.T.);
#11126 = EDGE_LOOP('',(#11127,#11128,#11136));
#11127 = ORIENTED_EDGE('',*,*,#11114,.F.);
#11128 = ORIENTED_EDGE('',*,*,#11129,.T.);
#11129 = EDGE_CURVE('',#10662,#11130,#11132,.T.);
#11130 = VERTEX_POINT('',#11131);
#11131 = CARTESIAN_POINT('',(0.487179487944,0.5,2.683656692505));
#11132 = LINE('',#11133,#11134);
#11133 = CARTESIAN_POINT('',(0.487179487944,0.25,2.683656692505));
#11134 = VECTOR('',#11135,1.);
#11135 = DIRECTION('',(0.,1.,0.));
#11136 = ORIENTED_EDGE('',*,*,#11137,.T.);
#11137 = EDGE_CURVE('',#11130,#11106,#11138,.T.);
#11138 = LINE('',#11139,#11140);
#11139 = CARTESIAN_POINT('',(0.487179487944,0.5,2.683656692505));
#11140 = VECTOR('',#11141,1.);
#11141 = DIRECTION('',(-0.67722886757,-0.695050636265,0.241382836915));
#11142 = PLANE('',#11143);
#11143 = AXIS2_PLACEMENT_3D('',#11144,#11145,#11146);
#11144 = CARTESIAN_POINT('',(0.451252868163,0.375,2.696461919539));
#11145 = DIRECTION('',(0.335738528902,0.,0.941955221977));
#11146 = DIRECTION('',(0.941955221977,0.,-0.335738528902));
#11147 = ADVANCED_FACE('',(#11148),#11165,.T.);
#11148 = FACE_BOUND('',#11149,.T.);
#11149 = EDGE_LOOP('',(#11150,#11151,#11159));
#11150 = ORIENTED_EDGE('',*,*,#11137,.F.);
#11151 = ORIENTED_EDGE('',*,*,#11152,.T.);
#11152 = EDGE_CURVE('',#11130,#11153,#11155,.T.);
#11153 = VERTEX_POINT('',#11154);
#11154 = CARTESIAN_POINT('',(0.243589743972,0.5,2.770478487015));
#11155 = LINE('',#11156,#11157);
#11156 = CARTESIAN_POINT('',(0.487179487944,0.5,2.683656692505));
#11157 = VECTOR('',#11158,1.);
#11158 = DIRECTION('',(-0.941955507052,0.,0.33573772909));
#11159 = ORIENTED_EDGE('',*,*,#11160,.T.);
#11160 = EDGE_CURVE('',#11153,#11106,#11161,.T.);
#11161 = LINE('',#11162,#11163);
#11162 = CARTESIAN_POINT('',(0.243589743972,0.5,2.770478487015));
#11163 = VECTOR('',#11164,1.);
#11164 = DIRECTION('',(0.677229039429,-0.695050897684,-0.241381601998));
#11165 = PLANE('',#11166);
#11166 = AXIS2_PLACEMENT_3D('',#11167,#11168,#11169);
#11167 = CARTESIAN_POINT('',(0.365384620453,0.463640820039,2.72706762206
    ));
#11168 = DIRECTION('',(0.33573772909,8.783072461797E-07,0.941955507052)
  );
#11169 = DIRECTION('',(0.941955507052,-1.712595444954E-23,-0.33573772909
    ));
#11170 = ADVANCED_FACE('',(#11171),#11181,.T.);
#11171 = FACE_BOUND('',#11172,.T.);
#11172 = EDGE_LOOP('',(#11173,#11174,#11180));
#11173 = ORIENTED_EDGE('',*,*,#11160,.F.);
#11174 = ORIENTED_EDGE('',*,*,#11175,.F.);
#11175 = EDGE_CURVE('',#11068,#11153,#11176,.T.);
#11176 = LINE('',#11177,#11178);
#11177 = CARTESIAN_POINT('',(0.243589743972,0.25,2.770478487015));
#11178 = VECTOR('',#11179,1.);
#11179 = DIRECTION('',(0.,1.,0.));
#11180 = ORIENTED_EDGE('',*,*,#11105,.F.);
#11181 = PLANE('',#11182);
#11182 = AXIS2_PLACEMENT_3D('',#11183,#11184,#11185);
#11183 = CARTESIAN_POINT('',(0.279516353816,0.375,2.757673332283));
#11184 = DIRECTION('',(0.335736929277,0.,0.941955792126));
#11185 = DIRECTION('',(0.941955792126,0.,-0.335736929277));
#11186 = ADVANCED_FACE('',(#11187),#11204,.T.);
#11187 = FACE_BOUND('',#11188,.T.);
#11188 = EDGE_LOOP('',(#11189,#11197,#11198));
#11189 = ORIENTED_EDGE('',*,*,#11190,.T.);
#11190 = EDGE_CURVE('',#11191,#10662,#11193,.T.);
#11191 = VERTEX_POINT('',#11192);
#11192 = CARTESIAN_POINT('',(0.608974337578,0.375,2.61415886879));
#11193 = LINE('',#11194,#11195);
#11194 = CARTESIAN_POINT('',(0.608974337578,0.375,2.61415886879));
#11195 = VECTOR('',#11196,1.);
#11196 = DIRECTION('',(-0.648350217109,-0.665412186,0.369957590405));
#11197 = ORIENTED_EDGE('',*,*,#11035,.F.);
#11198 = ORIENTED_EDGE('',*,*,#11199,.T.);
#11199 = EDGE_CURVE('',#10708,#11191,#11200,.T.);
#11200 = LINE('',#11201,#11202);
#11201 = CARTESIAN_POINT('',(0.730769217014,0.25,2.544661283493));
#11202 = VECTOR('',#11203,1.);
#11203 = DIRECTION('',(-0.648350613493,0.665412429994,0.369956456887));
#11204 = PLANE('',#11205);
#11205 = AXIS2_PLACEMENT_3D('',#11206,#11207,#11208);
#11206 = CARTESIAN_POINT('',(0.60897434182,0.285786348623,2.614158957518
    ));
#11207 = DIRECTION('',(0.495604694288,8.87392800612E-07,0.868548206491)
  );
#11208 = DIRECTION('',(0.868548206491,3.287520198372E-24,-0.495604694288
    ));
#11209 = ADVANCED_FACE('',(#11210),#11227,.T.);
#11210 = FACE_BOUND('',#11211,.T.);
#11211 = EDGE_LOOP('',(#11212,#11213,#11221));
#11212 = ORIENTED_EDGE('',*,*,#11199,.F.);
#11213 = ORIENTED_EDGE('',*,*,#11214,.T.);
#11214 = EDGE_CURVE('',#10708,#11215,#11217,.T.);
#11215 = VERTEX_POINT('',#11216);
#11216 = CARTESIAN_POINT('',(0.730769217014,0.5,2.544661283493));
#11217 = LINE('',#11218,#11219);
#11218 = CARTESIAN_POINT('',(0.730769217014,0.25,2.544661283493));
#11219 = VECTOR('',#11220,1.);
#11220 = DIRECTION('',(0.,1.,0.));
#11221 = ORIENTED_EDGE('',*,*,#11222,.T.);
#11222 = EDGE_CURVE('',#11215,#11191,#11223,.T.);
#11223 = LINE('',#11224,#11225);
#11224 = CARTESIAN_POINT('',(0.730769217014,0.5,2.544661283493));
#11225 = VECTOR('',#11226,1.);
#11226 = DIRECTION('',(-0.648350613493,-0.665412429994,0.369956456887));
#11227 = PLANE('',#11228);
#11228 = AXIS2_PLACEMENT_3D('',#11229,#11230,#11231);
#11229 = CARTESIAN_POINT('',(0.694203235747,0.375,2.565526260854));
#11230 = DIRECTION('',(0.495604007243,0.,0.868548598528));
#11231 = DIRECTION('',(0.868548598528,0.,-0.495604007243));
#11232 = ADVANCED_FACE('',(#11233),#11248,.T.);
#11233 = FACE_BOUND('',#11234,.T.);
#11234 = EDGE_LOOP('',(#11235,#11236,#11242));
#11235 = ORIENTED_EDGE('',*,*,#11222,.F.);
#11236 = ORIENTED_EDGE('',*,*,#11237,.T.);
#11237 = EDGE_CURVE('',#11215,#11130,#11238,.T.);
#11238 = LINE('',#11239,#11240);
#11239 = CARTESIAN_POINT('',(0.730769217014,0.5,2.544661283493));
#11240 = VECTOR('',#11241,1.);
#11241 = DIRECTION('',(-0.868548206491,0.,0.495604694288));
#11242 = ORIENTED_EDGE('',*,*,#11243,.T.);
#11243 = EDGE_CURVE('',#11130,#11191,#11244,.T.);
#11244 = LINE('',#11245,#11246);
#11245 = CARTESIAN_POINT('',(0.487179487944,0.5,2.683656692505));
#11246 = VECTOR('',#11247,1.);
#11247 = DIRECTION('',(0.648350217109,-0.665412186,-0.369957590405));
#11248 = PLANE('',#11249);
#11249 = AXIS2_PLACEMENT_3D('',#11250,#11251,#11252);
#11250 = CARTESIAN_POINT('',(0.60897434182,0.464213651377,2.614158957518
    ));
#11251 = DIRECTION('',(0.495604694288,-8.873928006356E-07,0.868548206491
    ));
#11252 = DIRECTION('',(0.868548206491,1.590354301871E-23,-0.495604694288
    ));
#11253 = ADVANCED_FACE('',(#11254),#11259,.T.);
#11254 = FACE_BOUND('',#11255,.T.);
#11255 = EDGE_LOOP('',(#11256,#11257,#11258));
#11256 = ORIENTED_EDGE('',*,*,#11243,.F.);
#11257 = ORIENTED_EDGE('',*,*,#11129,.F.);
#11258 = ORIENTED_EDGE('',*,*,#11190,.F.);
#11259 = PLANE('',#11260);
#11260 = AXIS2_PLACEMENT_3D('',#11261,#11262,#11263);
#11261 = CARTESIAN_POINT('',(0.523745465621,0.375,2.662791640508));
#11262 = DIRECTION('',(0.495605381332,0.,0.868547814455));
#11263 = DIRECTION('',(0.868547814455,0.,-0.495605381332));
#11264 = ADVANCED_FACE('',(#11265),#11282,.T.);
#11265 = FACE_BOUND('',#11266,.T.);
#11266 = EDGE_LOOP('',(#11267,#11275,#11276));
#11267 = ORIENTED_EDGE('',*,*,#11268,.T.);
#11268 = EDGE_CURVE('',#11269,#10708,#11271,.T.);
#11269 = VERTEX_POINT('',#11270);
#11270 = CARTESIAN_POINT('',(0.852564096451,0.375,2.453179836273));
#11271 = LINE('',#11272,#11273);
#11272 = CARTESIAN_POINT('',(0.852564096451,0.375,2.453179836273));
#11273 = VECTOR('',#11274,1.);
#11274 = DIRECTION('',(-0.618098045525,-0.634363743764,0.464260106747));
#11275 = ORIENTED_EDGE('',*,*,#11003,.F.);
#11276 = ORIENTED_EDGE('',*,*,#11277,.T.);
#11277 = EDGE_CURVE('',#10754,#11269,#11278,.T.);
#11278 = LINE('',#11279,#11280);
#11279 = CARTESIAN_POINT('',(0.974358975887,0.25,2.361698627472));
#11280 = VECTOR('',#11281,1.);
#11281 = DIRECTION('',(-0.618098392731,0.634364100107,0.464259157583));
#11282 = PLANE('',#11283);
#11283 = AXIS2_PLACEMENT_3D('',#11284,#11285,#11286);
#11284 = CARTESIAN_POINT('',(0.852564086804,0.285250300126,
    2.453179929111));
#11285 = DIRECTION('',(0.600567765739,7.62533055049E-07,0.799573860725)
  );
#11286 = DIRECTION('',(0.799573860725,-1.855194689392E-23,
    -0.600567765739));
#11287 = ADVANCED_FACE('',(#11288),#11305,.T.);
#11288 = FACE_BOUND('',#11289,.T.);
#11289 = EDGE_LOOP('',(#11290,#11291,#11299));
#11290 = ORIENTED_EDGE('',*,*,#11277,.F.);
#11291 = ORIENTED_EDGE('',*,*,#11292,.T.);
#11292 = EDGE_CURVE('',#10754,#11293,#11295,.T.);
#11293 = VERTEX_POINT('',#11294);
#11294 = CARTESIAN_POINT('',(0.974358975887,0.5,2.361698627472));
#11295 = LINE('',#11296,#11297);
#11296 = CARTESIAN_POINT('',(0.974358975887,0.25,2.361698627472));
#11297 = VECTOR('',#11298,1.);
#11298 = DIRECTION('',(0.,1.,0.));
#11299 = ORIENTED_EDGE('',*,*,#11300,.T.);
#11300 = EDGE_CURVE('',#11293,#11269,#11301,.T.);
#11301 = LINE('',#11302,#11303);
#11302 = CARTESIAN_POINT('',(0.974358975887,0.5,2.361698627472));
#11303 = VECTOR('',#11304,1.);
#11304 = DIRECTION('',(-0.618098392731,-0.634364100107,0.464259157583));
#11305 = PLANE('',#11306);
#11306 = AXIS2_PLACEMENT_3D('',#11307,#11308,#11309);
#11307 = CARTESIAN_POINT('',(0.937098343624,0.375,2.389685417195));
#11308 = DIRECTION('',(0.600567265409,0.,0.799574236528));
#11309 = DIRECTION('',(0.799574236528,0.,-0.600567265409));
#11310 = ADVANCED_FACE('',(#11311),#11326,.T.);
#11311 = FACE_BOUND('',#11312,.T.);
#11312 = EDGE_LOOP('',(#11313,#11314,#11320));
#11313 = ORIENTED_EDGE('',*,*,#11300,.F.);
#11314 = ORIENTED_EDGE('',*,*,#11315,.T.);
#11315 = EDGE_CURVE('',#11293,#11215,#11316,.T.);
#11316 = LINE('',#11317,#11318);
#11317 = CARTESIAN_POINT('',(0.974358975887,0.5,2.361698627472));
#11318 = VECTOR('',#11319,1.);
#11319 = DIRECTION('',(-0.799573860725,0.,0.600567765739));
#11320 = ORIENTED_EDGE('',*,*,#11321,.T.);
#11321 = EDGE_CURVE('',#11215,#11269,#11322,.T.);
#11322 = LINE('',#11323,#11324);
#11323 = CARTESIAN_POINT('',(0.730769217014,0.5,2.544661283493));
#11324 = VECTOR('',#11325,1.);
#11325 = DIRECTION('',(0.618098045525,-0.634363743764,-0.464260106747));
#11326 = PLANE('',#11327);
#11327 = AXIS2_PLACEMENT_3D('',#11328,#11329,#11330);
#11328 = CARTESIAN_POINT('',(0.852564086804,0.464749699874,
    2.453179929111));
#11329 = DIRECTION('',(0.600567765739,-7.625330550942E-07,0.799573860725
    ));
#11330 = DIRECTION('',(0.799573860725,8.165018798785E-25,-0.600567765739
    ));
#11331 = ADVANCED_FACE('',(#11332),#11337,.T.);
#11332 = FACE_BOUND('',#11333,.T.);
#11333 = EDGE_LOOP('',(#11334,#11335,#11336));
#11334 = ORIENTED_EDGE('',*,*,#11321,.F.);
#11335 = ORIENTED_EDGE('',*,*,#11214,.F.);
#11336 = ORIENTED_EDGE('',*,*,#11268,.F.);
#11337 = PLANE('',#11338);
#11338 = AXIS2_PLACEMENT_3D('',#11339,#11340,#11341);
#11339 = CARTESIAN_POINT('',(0.768029857402,0.375,2.516674414729));
#11340 = DIRECTION('',(0.600568266069,0.,0.799573484922));
#11341 = DIRECTION('',(0.799573484922,0.,-0.600568266069));
#11342 = ADVANCED_FACE('',(#11343),#11360,.T.);
#11343 = FACE_BOUND('',#11344,.T.);
#11344 = EDGE_LOOP('',(#11345,#11353,#11354));
#11345 = ORIENTED_EDGE('',*,*,#11346,.T.);
#11346 = EDGE_CURVE('',#11347,#10754,#11349,.T.);
#11347 = VERTEX_POINT('',#11348);
#11348 = CARTESIAN_POINT('',(1.096153855324,0.375,2.253634929657));
#11349 = LINE('',#11350,#11351);
#11350 = CARTESIAN_POINT('',(1.096153855324,0.375,2.253634929657));
#11351 = VECTOR('',#11352,1.);
#11352 = DIRECTION('',(-0.593332973281,-0.608946960687,0.52644048276));
#11353 = ORIENTED_EDGE('',*,*,#10971,.F.);
#11354 = ORIENTED_EDGE('',*,*,#11355,.T.);
#11355 = EDGE_CURVE('',#10800,#11347,#11356,.T.);
#11356 = LINE('',#11357,#11358);
#11357 = CARTESIAN_POINT('',(1.217948675156,0.25,2.145571470261));
#11358 = VECTOR('',#11359,1.);
#11359 = DIRECTION('',(-0.593333147926,0.608947437938,0.526439733873));
#11360 = PLANE('',#11361);
#11361 = AXIS2_PLACEMENT_3D('',#11362,#11363,#11364);
#11362 = CARTESIAN_POINT('',(1.096153820523,0.284853683361,
    2.253635027435));
#11363 = DIRECTION('',(0.663682510904,5.55127868963E-07,0.748014388043)
  );
#11364 = DIRECTION('',(0.748014388043,3.838071536605E-23,-0.663682510905
    ));
#11365 = ADVANCED_FACE('',(#11366),#11383,.T.);
#11366 = FACE_BOUND('',#11367,.T.);
#11367 = EDGE_LOOP('',(#11368,#11369,#11377));
#11368 = ORIENTED_EDGE('',*,*,#11355,.F.);
#11369 = ORIENTED_EDGE('',*,*,#11370,.T.);
#11370 = EDGE_CURVE('',#10800,#11371,#11373,.T.);
#11371 = VERTEX_POINT('',#11372);
#11372 = CARTESIAN_POINT('',(1.217948675156,0.5,2.145571470261));
#11373 = LINE('',#11374,#11375);
#11374 = CARTESIAN_POINT('',(1.217948675156,0.25,2.145571470261));
#11375 = VECTOR('',#11376,1.);
#11376 = DIRECTION('',(0.,1.,0.));
#11377 = ORIENTED_EDGE('',*,*,#11378,.T.);
#11378 = EDGE_CURVE('',#11371,#11347,#11379,.T.);
#11379 = LINE('',#11380,#11381);
#11380 = CARTESIAN_POINT('',(1.217948675156,0.5,2.145571470261));
#11381 = VECTOR('',#11382,1.);
#11382 = DIRECTION('',(-0.593333147926,-0.608947437938,0.526439733873));
#11383 = PLANE('',#11384);
#11384 = AXIS2_PLACEMENT_3D('',#11385,#11386,#11387);
#11385 = CARTESIAN_POINT('',(1.18009945244,0.375,2.179153505586));
#11386 = DIRECTION('',(0.663682192122,0.,0.748014670886));
#11387 = DIRECTION('',(0.748014670886,0.,-0.663682192122));
#11388 = ADVANCED_FACE('',(#11389),#11404,.T.);
#11389 = FACE_BOUND('',#11390,.T.);
#11390 = EDGE_LOOP('',(#11391,#11392,#11398));
#11391 = ORIENTED_EDGE('',*,*,#11378,.F.);
#11392 = ORIENTED_EDGE('',*,*,#11393,.T.);
#11393 = EDGE_CURVE('',#11371,#11293,#11394,.T.);
#11394 = LINE('',#11395,#11396);
#11395 = CARTESIAN_POINT('',(1.217948675156,0.5,2.145571470261));
#11396 = VECTOR('',#11397,1.);
#11397 = DIRECTION('',(-0.748014388043,0.,0.663682510905));
#11398 = ORIENTED_EDGE('',*,*,#11399,.T.);
#11399 = EDGE_CURVE('',#11293,#11347,#11400,.T.);
#11400 = LINE('',#11401,#11402);
#11401 = CARTESIAN_POINT('',(0.974358975887,0.5,2.361698627472));
#11402 = VECTOR('',#11403,1.);
#11403 = DIRECTION('',(0.593332973281,-0.608946960687,-0.52644048276));
#11404 = PLANE('',#11405);
#11405 = AXIS2_PLACEMENT_3D('',#11406,#11407,#11408);
#11406 = CARTESIAN_POINT('',(1.096153820523,0.465146316639,
    2.253635027435));
#11407 = DIRECTION('',(0.663682510904,-5.551278690088E-07,0.748014388043
    ));
#11408 = DIRECTION('',(0.748014388043,1.622839406796E-23,-0.663682510905
    ));
#11409 = ADVANCED_FACE('',(#11410),#11415,.T.);
#11410 = FACE_BOUND('',#11411,.T.);
#11411 = EDGE_LOOP('',(#11412,#11413,#11414));
#11412 = ORIENTED_EDGE('',*,*,#11399,.F.);
#11413 = ORIENTED_EDGE('',*,*,#11292,.F.);
#11414 = ORIENTED_EDGE('',*,*,#11346,.F.);
#11415 = PLANE('',#11416);
#11416 = AXIS2_PLACEMENT_3D('',#11417,#11418,#11419);
#11417 = CARTESIAN_POINT('',(1.012208228353,0.375,2.328116508093));
#11418 = DIRECTION('',(0.663682829686,0.,0.748014105201));
#11419 = DIRECTION('',(0.748014105201,0.,-0.663682829686));
#11420 = ADVANCED_FACE('',(#11421),#11438,.T.);
#11421 = FACE_BOUND('',#11422,.T.);
#11422 = EDGE_LOOP('',(#11423,#11431,#11432));
#11423 = ORIENTED_EDGE('',*,*,#11424,.T.);
#11424 = EDGE_CURVE('',#11425,#10800,#11427,.T.);
#11425 = VERTEX_POINT('',#11426);
#11426 = CARTESIAN_POINT('',(1.339743614197,0.375,2.027306079865));
#11427 = LINE('',#11428,#11429);
#11428 = CARTESIAN_POINT('',(1.339743614197,0.375,2.027306079865));
#11429 = VECTOR('',#11430,1.);
#11430 = DIRECTION('',(-0.577715898785,-0.592918621387,0.560974017851));
#11431 = ORIENTED_EDGE('',*,*,#10939,.F.);
#11432 = ORIENTED_EDGE('',*,*,#11433,.T.);
#11433 = EDGE_CURVE('',#10846,#11425,#11434,.T.);
#11434 = LINE('',#11435,#11436);
#11435 = CARTESIAN_POINT('',(1.461538434029,0.25,1.909040570259));
#11436 = VECTOR('',#11437,1.);
#11437 = DIRECTION('',(-0.577715338803,0.592918626999,0.560974588613));
#11438 = PLANE('',#11439);
#11439 = AXIS2_PLACEMENT_3D('',#11440,#11441,#11442);
#11440 = CARTESIAN_POINT('',(1.339743570941,0.284621006119,
    2.027306036923));
#11441 = DIRECTION('',(0.696635426221,-6.742767054604E-07,0.717425315231
    ));
#11442 = DIRECTION('',(0.717425315231,-4.082537994468E-24,
    -0.696635426221));
#11443 = ADVANCED_FACE('',(#11444),#11461,.T.);
#11444 = FACE_BOUND('',#11445,.T.);
#11445 = EDGE_LOOP('',(#11446,#11447,#11455));
#11446 = ORIENTED_EDGE('',*,*,#11433,.F.);
#11447 = ORIENTED_EDGE('',*,*,#11448,.T.);
#11448 = EDGE_CURVE('',#10846,#11449,#11451,.T.);
#11449 = VERTEX_POINT('',#11450);
#11450 = CARTESIAN_POINT('',(1.461538434029,0.5,1.909040570259));
#11451 = LINE('',#11452,#11453);
#11452 = CARTESIAN_POINT('',(1.461538434029,0.25,1.909040570259));
#11453 = VECTOR('',#11454,1.);
#11454 = DIRECTION('',(0.,1.,0.));
#11455 = ORIENTED_EDGE('',*,*,#11456,.T.);
#11456 = EDGE_CURVE('',#11449,#11425,#11457,.T.);
#11457 = LINE('',#11458,#11459);
#11458 = CARTESIAN_POINT('',(1.461538434029,0.5,1.909040570259));
#11459 = VECTOR('',#11460,1.);
#11460 = DIRECTION('',(-0.577715338803,-0.592918626999,0.560974588613));
#11461 = PLANE('',#11462);
#11462 = AXIS2_PLACEMENT_3D('',#11463,#11464,#11465);
#11463 = CARTESIAN_POINT('',(1.423308351912,0.375,1.94616283991));
#11464 = DIRECTION('',(0.696635782403,0.,0.71742496937));
#11465 = DIRECTION('',(0.71742496937,0.,-0.696635782403));
#11466 = ADVANCED_FACE('',(#11467),#11482,.T.);
#11467 = FACE_BOUND('',#11468,.T.);
#11468 = EDGE_LOOP('',(#11469,#11470,#11476));
#11469 = ORIENTED_EDGE('',*,*,#11456,.F.);
#11470 = ORIENTED_EDGE('',*,*,#11471,.T.);
#11471 = EDGE_CURVE('',#11449,#11371,#11472,.T.);
#11472 = LINE('',#11473,#11474);
#11473 = CARTESIAN_POINT('',(1.461538434029,0.5,1.909040570259));
#11474 = VECTOR('',#11475,1.);
#11475 = DIRECTION('',(-0.717425315231,0.,0.696635426221));
#11476 = ORIENTED_EDGE('',*,*,#11477,.T.);
#11477 = EDGE_CURVE('',#11371,#11425,#11478,.T.);
#11478 = LINE('',#11479,#11480);
#11479 = CARTESIAN_POINT('',(1.217948675156,0.5,2.145571470261));
#11480 = VECTOR('',#11481,1.);
#11481 = DIRECTION('',(0.577715898785,-0.592918621387,-0.560974017851));
#11482 = PLANE('',#11483);
#11483 = AXIS2_PLACEMENT_3D('',#11484,#11485,#11486);
#11484 = CARTESIAN_POINT('',(1.339743570941,0.465378993881,
    2.027306036923));
#11485 = DIRECTION('',(0.696635426221,6.742767054897E-07,0.717425315231)
  );
#11486 = DIRECTION('',(0.717425315231,3.653110721499E-23,-0.696635426221
    ));
#11487 = ADVANCED_FACE('',(#11488),#11493,.T.);
#11488 = FACE_BOUND('',#11489,.T.);
#11489 = EDGE_LOOP('',(#11490,#11491,#11492));
#11490 = ORIENTED_EDGE('',*,*,#11477,.F.);
#11491 = ORIENTED_EDGE('',*,*,#11370,.F.);
#11492 = ORIENTED_EDGE('',*,*,#11424,.F.);
#11493 = PLANE('',#11494);
#11494 = AXIS2_PLACEMENT_3D('',#11495,#11496,#11497);
#11495 = CARTESIAN_POINT('',(1.256178794826,0.375,2.108449237898));
#11496 = DIRECTION('',(0.696635070038,0.,0.717425661092));
#11497 = DIRECTION('',(0.717425661092,0.,-0.696635070038));
#11498 = ADVANCED_FACE('',(#11499),#11516,.T.);
#11499 = FACE_BOUND('',#11500,.T.);
#11500 = EDGE_LOOP('',(#11501,#11509,#11510));
#11501 = ORIENTED_EDGE('',*,*,#11502,.T.);
#11502 = EDGE_CURVE('',#11503,#10846,#11505,.T.);
#11503 = VERTEX_POINT('',#11504);
#11504 = CARTESIAN_POINT('',(1.58333337307,0.375,1.787556171417));
#11505 = LINE('',#11506,#11507);
#11506 = CARTESIAN_POINT('',(1.58333337307,0.375,1.787556171417));
#11507 = VECTOR('',#11508,1.);
#11508 = DIRECTION('',(-0.572764549972,-0.587836976726,0.571304173877));
#11509 = ORIENTED_EDGE('',*,*,#10907,.F.);
#11510 = ORIENTED_EDGE('',*,*,#11511,.T.);
#11511 = EDGE_CURVE('',#10616,#11503,#11512,.T.);
#11512 = LINE('',#11513,#11514);
#11513 = CARTESIAN_POINT('',(1.705128192902,0.25,1.666071772575));
#11514 = VECTOR('',#11515,1.);
#11515 = DIRECTION('',(-0.572764173278,0.587837165477,0.571304357319));
#11516 = PLANE('',#11517);
#11517 = AXIS2_PLACEMENT_3D('',#11518,#11519,#11520);
#11518 = CARTESIAN_POINT('',(1.583333324535,0.284549869368,
    1.787556176808));
#11519 = DIRECTION('',(0.706203774361,-3.367442008891E-07,0.708008636302
    ));
#11520 = DIRECTION('',(0.708008636302,1.713937004264E-23,-0.706203774361
    ));
#11521 = ADVANCED_FACE('',(#11522),#11532,.T.);
#11522 = FACE_BOUND('',#11523,.T.);
#11523 = EDGE_LOOP('',(#11524,#11525,#11526));
#11524 = ORIENTED_EDGE('',*,*,#11511,.F.);
#11525 = ORIENTED_EDGE('',*,*,#10615,.T.);
#11526 = ORIENTED_EDGE('',*,*,#11527,.T.);
#11527 = EDGE_CURVE('',#10608,#11503,#11528,.T.);
#11528 = LINE('',#11529,#11530);
#11529 = CARTESIAN_POINT('',(1.705128192902,0.5,1.666071772575));
#11530 = VECTOR('',#11531,1.);
#11531 = DIRECTION('',(-0.572764173278,-0.587837165477,0.571304357319));
#11532 = PLANE('',#11533);
#11533 = AXIS2_PLACEMENT_3D('',#11534,#11535,#11536);
#11534 = CARTESIAN_POINT('',(1.66677576531,0.375,1.704326450537));
#11535 = DIRECTION('',(0.706203947605,0.,0.708008463499));
#11536 = DIRECTION('',(0.708008463499,0.,-0.706203947605));
#11537 = ADVANCED_FACE('',(#11538),#11553,.T.);
#11538 = FACE_BOUND('',#11539,.T.);
#11539 = EDGE_LOOP('',(#11540,#11541,#11547));
#11540 = ORIENTED_EDGE('',*,*,#11527,.F.);
#11541 = ORIENTED_EDGE('',*,*,#11542,.T.);
#11542 = EDGE_CURVE('',#10608,#11449,#11543,.T.);
#11543 = LINE('',#11544,#11545);
#11544 = CARTESIAN_POINT('',(1.705128192902,0.5,1.666071772575));
#11545 = VECTOR('',#11546,1.);
#11546 = DIRECTION('',(-0.708008636302,0.,0.706203774361));
#11547 = ORIENTED_EDGE('',*,*,#11548,.T.);
#11548 = EDGE_CURVE('',#11449,#11503,#11549,.T.);
#11549 = LINE('',#11550,#11551);
#11550 = CARTESIAN_POINT('',(1.461538434029,0.5,1.909040570259));
#11551 = VECTOR('',#11552,1.);
#11552 = DIRECTION('',(0.572764549972,-0.587836976726,-0.571304173877));
#11553 = PLANE('',#11554);
#11554 = AXIS2_PLACEMENT_3D('',#11555,#11556,#11557);
#11555 = CARTESIAN_POINT('',(1.583333324535,0.465450130632,
    1.787556176808));
#11556 = DIRECTION('',(0.706203774361,3.367442008465E-07,0.708008636302)
  );
#11557 = DIRECTION('',(0.708008636302,8.503230062735E-25,-0.706203774361
    ));
#11558 = ADVANCED_FACE('',(#11559),#11564,.T.);
#11559 = FACE_BOUND('',#11560,.T.);
#11560 = EDGE_LOOP('',(#11561,#11562,#11563));
#11561 = ORIENTED_EDGE('',*,*,#11548,.F.);
#11562 = ORIENTED_EDGE('',*,*,#11448,.F.);
#11563 = ORIENTED_EDGE('',*,*,#11502,.F.);
#11564 = PLANE('',#11565);
#11565 = AXIS2_PLACEMENT_3D('',#11566,#11567,#11568);
#11566 = CARTESIAN_POINT('',(1.499890903717,0.375,1.87078588775));
#11567 = DIRECTION('',(0.706203601117,0.,0.708008809104));
#11568 = DIRECTION('',(0.708008809104,0.,-0.706203601117));
#11569 = ADVANCED_FACE('',(#11570),#11587,.T.);
#11570 = FACE_BOUND('',#11571,.T.);
#11571 = EDGE_LOOP('',(#11572,#11580,#11581));
#11572 = ORIENTED_EDGE('',*,*,#11573,.T.);
#11573 = EDGE_CURVE('',#11574,#11153,#11576,.T.);
#11574 = VERTEX_POINT('',#11575);
#11575 = CARTESIAN_POINT('',(0.365384608507,0.625,2.727067708969));
#11576 = LINE('',#11577,#11578);
#11577 = CARTESIAN_POINT('',(0.365384608507,0.625,2.727067708969));
#11578 = VECTOR('',#11579,1.);
#11579 = DIRECTION('',(-0.677229039429,-0.695050897684,0.241381601998));
#11580 = ORIENTED_EDGE('',*,*,#11152,.F.);
#11581 = ORIENTED_EDGE('',*,*,#11582,.T.);
#11582 = EDGE_CURVE('',#11130,#11574,#11583,.T.);
#11583 = LINE('',#11584,#11585);
#11584 = CARTESIAN_POINT('',(0.487179487944,0.5,2.683656692505));
#11585 = VECTOR('',#11586,1.);
#11586 = DIRECTION('',(-0.67722886757,0.695050636265,0.241382836915));
#11587 = PLANE('',#11588);
#11588 = AXIS2_PLACEMENT_3D('',#11589,#11590,#11591);
#11589 = CARTESIAN_POINT('',(0.365384620453,0.536359179961,2.72706762206
    ));
#11590 = DIRECTION('',(0.33573772909,-8.783072461963E-07,0.941955507052)
  );
#11591 = DIRECTION('',(0.941955507052,-2.456534314429E-23,-0.33573772909
    ));
#11592 = ADVANCED_FACE('',(#11593),#11610,.T.);
#11593 = FACE_BOUND('',#11594,.T.);
#11594 = EDGE_LOOP('',(#11595,#11596,#11604));
#11595 = ORIENTED_EDGE('',*,*,#11582,.F.);
#11596 = ORIENTED_EDGE('',*,*,#11597,.T.);
#11597 = EDGE_CURVE('',#11130,#11598,#11600,.T.);
#11598 = VERTEX_POINT('',#11599);
#11599 = CARTESIAN_POINT('',(0.487179487944,0.75,2.683656692505));
#11600 = LINE('',#11601,#11602);
#11601 = CARTESIAN_POINT('',(0.487179487944,0.5,2.683656692505));
#11602 = VECTOR('',#11603,1.);
#11603 = DIRECTION('',(0.,1.,0.));
#11604 = ORIENTED_EDGE('',*,*,#11605,.T.);
#11605 = EDGE_CURVE('',#11598,#11574,#11606,.T.);
#11606 = LINE('',#11607,#11608);
#11607 = CARTESIAN_POINT('',(0.487179487944,0.75,2.683656692505));
#11608 = VECTOR('',#11609,1.);
#11609 = DIRECTION('',(-0.67722886757,-0.695050636265,0.241382836915));
#11610 = PLANE('',#11611);
#11611 = AXIS2_PLACEMENT_3D('',#11612,#11613,#11614);
#11612 = CARTESIAN_POINT('',(0.451252868163,0.625,2.696461919539));
#11613 = DIRECTION('',(0.335738528902,0.,0.941955221977));
#11614 = DIRECTION('',(0.941955221977,0.,-0.335738528902));
#11615 = ADVANCED_FACE('',(#11616),#11633,.T.);
#11616 = FACE_BOUND('',#11617,.T.);
#11617 = EDGE_LOOP('',(#11618,#11619,#11627));
#11618 = ORIENTED_EDGE('',*,*,#11605,.F.);
#11619 = ORIENTED_EDGE('',*,*,#11620,.T.);
#11620 = EDGE_CURVE('',#11598,#11621,#11623,.T.);
#11621 = VERTEX_POINT('',#11622);
#11622 = CARTESIAN_POINT('',(0.243589743972,0.75,2.770478487015));
#11623 = LINE('',#11624,#11625);
#11624 = CARTESIAN_POINT('',(0.487179487944,0.75,2.683656692505));
#11625 = VECTOR('',#11626,1.);
#11626 = DIRECTION('',(-0.941955507052,0.,0.33573772909));
#11627 = ORIENTED_EDGE('',*,*,#11628,.T.);
#11628 = EDGE_CURVE('',#11621,#11574,#11629,.T.);
#11629 = LINE('',#11630,#11631);
#11630 = CARTESIAN_POINT('',(0.243589743972,0.75,2.770478487015));
#11631 = VECTOR('',#11632,1.);
#11632 = DIRECTION('',(0.677229039429,-0.695050897684,-0.241381601998));
#11633 = PLANE('',#11634);
#11634 = AXIS2_PLACEMENT_3D('',#11635,#11636,#11637);
#11635 = CARTESIAN_POINT('',(0.365384620453,0.713640820039,2.72706762206
    ));
#11636 = DIRECTION('',(0.33573772909,8.783072461803E-07,0.941955507052)
  );
#11637 = DIRECTION('',(0.941955507052,3.495319467717E-23,-0.33573772909)
  );
#11638 = ADVANCED_FACE('',(#11639),#11649,.T.);
#11639 = FACE_BOUND('',#11640,.T.);
#11640 = EDGE_LOOP('',(#11641,#11642,#11648));
#11641 = ORIENTED_EDGE('',*,*,#11628,.F.);
#11642 = ORIENTED_EDGE('',*,*,#11643,.F.);
#11643 = EDGE_CURVE('',#11153,#11621,#11644,.T.);
#11644 = LINE('',#11645,#11646);
#11645 = CARTESIAN_POINT('',(0.243589743972,0.5,2.770478487015));
#11646 = VECTOR('',#11647,1.);
#11647 = DIRECTION('',(0.,1.,0.));
#11648 = ORIENTED_EDGE('',*,*,#11573,.F.);
#11649 = PLANE('',#11650);
#11650 = AXIS2_PLACEMENT_3D('',#11651,#11652,#11653);
#11651 = CARTESIAN_POINT('',(0.279516353816,0.625,2.757673332283));
#11652 = DIRECTION('',(0.335736929277,0.,0.941955792126));
#11653 = DIRECTION('',(0.941955792126,0.,-0.335736929277));
#11654 = ADVANCED_FACE('',(#11655),#11672,.T.);
#11655 = FACE_BOUND('',#11656,.T.);
#11656 = EDGE_LOOP('',(#11657,#11665,#11666));
#11657 = ORIENTED_EDGE('',*,*,#11658,.T.);
#11658 = EDGE_CURVE('',#11659,#11130,#11661,.T.);
#11659 = VERTEX_POINT('',#11660);
#11660 = CARTESIAN_POINT('',(0.608974337578,0.625,2.61415886879));
#11661 = LINE('',#11662,#11663);
#11662 = CARTESIAN_POINT('',(0.608974337578,0.625,2.61415886879));
#11663 = VECTOR('',#11664,1.);
#11664 = DIRECTION('',(-0.648350217109,-0.665412186,0.369957590405));
#11665 = ORIENTED_EDGE('',*,*,#11237,.F.);
#11666 = ORIENTED_EDGE('',*,*,#11667,.T.);
#11667 = EDGE_CURVE('',#11215,#11659,#11668,.T.);
#11668 = LINE('',#11669,#11670);
#11669 = CARTESIAN_POINT('',(0.730769217014,0.5,2.544661283493));
#11670 = VECTOR('',#11671,1.);
#11671 = DIRECTION('',(-0.648350613493,0.665412429994,0.369956456887));
#11672 = PLANE('',#11673);
#11673 = AXIS2_PLACEMENT_3D('',#11674,#11675,#11676);
#11674 = CARTESIAN_POINT('',(0.60897434182,0.535786348623,2.614158957518
    ));
#11675 = DIRECTION('',(0.495604694288,8.873928005945E-07,0.868548206491)
  );
#11676 = DIRECTION('',(0.868548206491,5.087371028207E-23,-0.495604694288
    ));
#11677 = ADVANCED_FACE('',(#11678),#11695,.T.);
#11678 = FACE_BOUND('',#11679,.T.);
#11679 = EDGE_LOOP('',(#11680,#11681,#11689));
#11680 = ORIENTED_EDGE('',*,*,#11667,.F.);
#11681 = ORIENTED_EDGE('',*,*,#11682,.T.);
#11682 = EDGE_CURVE('',#11215,#11683,#11685,.T.);
#11683 = VERTEX_POINT('',#11684);
#11684 = CARTESIAN_POINT('',(0.730769217014,0.75,2.544661283493));
#11685 = LINE('',#11686,#11687);
#11686 = CARTESIAN_POINT('',(0.730769217014,0.5,2.544661283493));
#11687 = VECTOR('',#11688,1.);
#11688 = DIRECTION('',(0.,1.,0.));
#11689 = ORIENTED_EDGE('',*,*,#11690,.T.);
#11690 = EDGE_CURVE('',#11683,#11659,#11691,.T.);
#11691 = LINE('',#11692,#11693);
#11692 = CARTESIAN_POINT('',(0.730769217014,0.75,2.544661283493));
#11693 = VECTOR('',#11694,1.);
#11694 = DIRECTION('',(-0.648350613493,-0.665412429994,0.369956456887));
#11695 = PLANE('',#11696);
#11696 = AXIS2_PLACEMENT_3D('',#11697,#11698,#11699);
#11697 = CARTESIAN_POINT('',(0.694203235747,0.625,2.565526260854));
#11698 = DIRECTION('',(0.495604007243,0.,0.868548598528));
#11699 = DIRECTION('',(0.868548598528,0.,-0.495604007243));
#11700 = ADVANCED_FACE('',(#11701),#11716,.T.);
#11701 = FACE_BOUND('',#11702,.T.);
#11702 = EDGE_LOOP('',(#11703,#11704,#11710));
#11703 = ORIENTED_EDGE('',*,*,#11690,.F.);
#11704 = ORIENTED_EDGE('',*,*,#11705,.T.);
#11705 = EDGE_CURVE('',#11683,#11598,#11706,.T.);
#11706 = LINE('',#11707,#11708);
#11707 = CARTESIAN_POINT('',(0.730769217014,0.75,2.544661283493));
#11708 = VECTOR('',#11709,1.);
#11709 = DIRECTION('',(-0.868548206491,0.,0.495604694288));
#11710 = ORIENTED_EDGE('',*,*,#11711,.T.);
#11711 = EDGE_CURVE('',#11598,#11659,#11712,.T.);
#11712 = LINE('',#11713,#11714);
#11713 = CARTESIAN_POINT('',(0.487179487944,0.75,2.683656692505));
#11714 = VECTOR('',#11715,1.);
#11715 = DIRECTION('',(0.648350217109,-0.665412186,-0.369957590405));
#11716 = PLANE('',#11717);
#11717 = AXIS2_PLACEMENT_3D('',#11718,#11719,#11720);
#11718 = CARTESIAN_POINT('',(0.60897434182,0.714213651377,2.614158957518
    ));
#11719 = DIRECTION('',(0.495604694288,-8.87392800612E-07,0.868548206491)
  );
#11720 = DIRECTION('',(0.868548206491,-4.913425354798E-23,
    -0.495604694288));
#11721 = ADVANCED_FACE('',(#11722),#11727,.T.);
#11722 = FACE_BOUND('',#11723,.T.);
#11723 = EDGE_LOOP('',(#11724,#11725,#11726));
#11724 = ORIENTED_EDGE('',*,*,#11711,.F.);
#11725 = ORIENTED_EDGE('',*,*,#11597,.F.);
#11726 = ORIENTED_EDGE('',*,*,#11658,.F.);
#11727 = PLANE('',#11728);
#11728 = AXIS2_PLACEMENT_3D('',#11729,#11730,#11731);
#11729 = CARTESIAN_POINT('',(0.523745465621,0.625,2.662791640508));
#11730 = DIRECTION('',(0.495605381332,0.,0.868547814455));
#11731 = DIRECTION('',(0.868547814455,0.,-0.495605381332));
#11732 = ADVANCED_FACE('',(#11733),#11750,.T.);
#11733 = FACE_BOUND('',#11734,.T.);
#11734 = EDGE_LOOP('',(#11735,#11743,#11744));
#11735 = ORIENTED_EDGE('',*,*,#11736,.T.);
#11736 = EDGE_CURVE('',#11737,#11215,#11739,.T.);
#11737 = VERTEX_POINT('',#11738);
#11738 = CARTESIAN_POINT('',(0.852564096451,0.625,2.453179836273));
#11739 = LINE('',#11740,#11741);
#11740 = CARTESIAN_POINT('',(0.852564096451,0.625,2.453179836273));
#11741 = VECTOR('',#11742,1.);
#11742 = DIRECTION('',(-0.618098045525,-0.634363743764,0.464260106747));
#11743 = ORIENTED_EDGE('',*,*,#11315,.F.);
#11744 = ORIENTED_EDGE('',*,*,#11745,.T.);
#11745 = EDGE_CURVE('',#11293,#11737,#11746,.T.);
#11746 = LINE('',#11747,#11748);
#11747 = CARTESIAN_POINT('',(0.974358975887,0.5,2.361698627472));
#11748 = VECTOR('',#11749,1.);
#11749 = DIRECTION('',(-0.618098392731,0.634364100107,0.464259157583));
#11750 = PLANE('',#11751);
#11751 = AXIS2_PLACEMENT_3D('',#11752,#11753,#11754);
#11752 = CARTESIAN_POINT('',(0.852564086804,0.535250300126,
    2.453179929111));
#11753 = DIRECTION('',(0.600567765739,7.62533055049E-07,0.799573860725)
  );
#11754 = DIRECTION('',(0.799573860725,-1.855194689392E-23,
    -0.600567765739));
#11755 = ADVANCED_FACE('',(#11756),#11773,.T.);
#11756 = FACE_BOUND('',#11757,.T.);
#11757 = EDGE_LOOP('',(#11758,#11759,#11767));
#11758 = ORIENTED_EDGE('',*,*,#11745,.F.);
#11759 = ORIENTED_EDGE('',*,*,#11760,.T.);
#11760 = EDGE_CURVE('',#11293,#11761,#11763,.T.);
#11761 = VERTEX_POINT('',#11762);
#11762 = CARTESIAN_POINT('',(0.974358975887,0.75,2.361698627472));
#11763 = LINE('',#11764,#11765);
#11764 = CARTESIAN_POINT('',(0.974358975887,0.5,2.361698627472));
#11765 = VECTOR('',#11766,1.);
#11766 = DIRECTION('',(0.,1.,0.));
#11767 = ORIENTED_EDGE('',*,*,#11768,.T.);
#11768 = EDGE_CURVE('',#11761,#11737,#11769,.T.);
#11769 = LINE('',#11770,#11771);
#11770 = CARTESIAN_POINT('',(0.974358975887,0.75,2.361698627472));
#11771 = VECTOR('',#11772,1.);
#11772 = DIRECTION('',(-0.618098392731,-0.634364100107,0.464259157583));
#11773 = PLANE('',#11774);
#11774 = AXIS2_PLACEMENT_3D('',#11775,#11776,#11777);
#11775 = CARTESIAN_POINT('',(0.937098343624,0.625,2.389685417195));
#11776 = DIRECTION('',(0.600567265409,0.,0.799574236528));
#11777 = DIRECTION('',(0.799574236528,0.,-0.600567265409));
#11778 = ADVANCED_FACE('',(#11779),#11794,.T.);
#11779 = FACE_BOUND('',#11780,.T.);
#11780 = EDGE_LOOP('',(#11781,#11782,#11788));
#11781 = ORIENTED_EDGE('',*,*,#11768,.F.);
#11782 = ORIENTED_EDGE('',*,*,#11783,.T.);
#11783 = EDGE_CURVE('',#11761,#11683,#11784,.T.);
#11784 = LINE('',#11785,#11786);
#11785 = CARTESIAN_POINT('',(0.974358975887,0.75,2.361698627472));
#11786 = VECTOR('',#11787,1.);
#11787 = DIRECTION('',(-0.799573860725,0.,0.600567765739));
#11788 = ORIENTED_EDGE('',*,*,#11789,.T.);
#11789 = EDGE_CURVE('',#11683,#11737,#11790,.T.);
#11790 = LINE('',#11791,#11792);
#11791 = CARTESIAN_POINT('',(0.730769217014,0.75,2.544661283493));
#11792 = VECTOR('',#11793,1.);
#11793 = DIRECTION('',(0.618098045525,-0.634363743764,-0.464260106747));
#11794 = PLANE('',#11795);
#11795 = AXIS2_PLACEMENT_3D('',#11796,#11797,#11798);
#11796 = CARTESIAN_POINT('',(0.852564086804,0.714749699874,
    2.453179929111));
#11797 = DIRECTION('',(0.600567765739,-7.625330550942E-07,0.799573860725
    ));
#11798 = DIRECTION('',(0.799573860725,8.165018798785E-25,-0.600567765739
    ));
#11799 = ADVANCED_FACE('',(#11800),#11805,.T.);
#11800 = FACE_BOUND('',#11801,.T.);
#11801 = EDGE_LOOP('',(#11802,#11803,#11804));
#11802 = ORIENTED_EDGE('',*,*,#11789,.F.);
#11803 = ORIENTED_EDGE('',*,*,#11682,.F.);
#11804 = ORIENTED_EDGE('',*,*,#11736,.F.);
#11805 = PLANE('',#11806);
#11806 = AXIS2_PLACEMENT_3D('',#11807,#11808,#11809);
#11807 = CARTESIAN_POINT('',(0.768029857402,0.625,2.516674414729));
#11808 = DIRECTION('',(0.600568266069,0.,0.799573484922));
#11809 = DIRECTION('',(0.799573484922,0.,-0.600568266069));
#11810 = ADVANCED_FACE('',(#11811),#11828,.T.);
#11811 = FACE_BOUND('',#11812,.T.);
#11812 = EDGE_LOOP('',(#11813,#11821,#11822));
#11813 = ORIENTED_EDGE('',*,*,#11814,.T.);
#11814 = EDGE_CURVE('',#11815,#11293,#11817,.T.);
#11815 = VERTEX_POINT('',#11816);
#11816 = CARTESIAN_POINT('',(1.096153855324,0.625,2.253634929657));
#11817 = LINE('',#11818,#11819);
#11818 = CARTESIAN_POINT('',(1.096153855324,0.625,2.253634929657));
#11819 = VECTOR('',#11820,1.);
#11820 = DIRECTION('',(-0.593332973281,-0.608946960687,0.52644048276));
#11821 = ORIENTED_EDGE('',*,*,#11393,.F.);
#11822 = ORIENTED_EDGE('',*,*,#11823,.T.);
#11823 = EDGE_CURVE('',#11371,#11815,#11824,.T.);
#11824 = LINE('',#11825,#11826);
#11825 = CARTESIAN_POINT('',(1.217948675156,0.5,2.145571470261));
#11826 = VECTOR('',#11827,1.);
#11827 = DIRECTION('',(-0.593333147926,0.608947437938,0.526439733873));
#11828 = PLANE('',#11829);
#11829 = AXIS2_PLACEMENT_3D('',#11830,#11831,#11832);
#11830 = CARTESIAN_POINT('',(1.096153820523,0.534853683361,
    2.253635027435));
#11831 = DIRECTION('',(0.663682510904,5.55127868963E-07,0.748014388043)
  );
#11832 = DIRECTION('',(0.748014388043,3.838071536605E-23,-0.663682510905
    ));
#11833 = ADVANCED_FACE('',(#11834),#11851,.T.);
#11834 = FACE_BOUND('',#11835,.T.);
#11835 = EDGE_LOOP('',(#11836,#11837,#11845));
#11836 = ORIENTED_EDGE('',*,*,#11823,.F.);
#11837 = ORIENTED_EDGE('',*,*,#11838,.T.);
#11838 = EDGE_CURVE('',#11371,#11839,#11841,.T.);
#11839 = VERTEX_POINT('',#11840);
#11840 = CARTESIAN_POINT('',(1.217948675156,0.75,2.145571470261));
#11841 = LINE('',#11842,#11843);
#11842 = CARTESIAN_POINT('',(1.217948675156,0.5,2.145571470261));
#11843 = VECTOR('',#11844,1.);
#11844 = DIRECTION('',(0.,1.,0.));
#11845 = ORIENTED_EDGE('',*,*,#11846,.T.);
#11846 = EDGE_CURVE('',#11839,#11815,#11847,.T.);
#11847 = LINE('',#11848,#11849);
#11848 = CARTESIAN_POINT('',(1.217948675156,0.75,2.145571470261));
#11849 = VECTOR('',#11850,1.);
#11850 = DIRECTION('',(-0.593333147926,-0.608947437938,0.526439733873));
#11851 = PLANE('',#11852);
#11852 = AXIS2_PLACEMENT_3D('',#11853,#11854,#11855);
#11853 = CARTESIAN_POINT('',(1.18009945244,0.625,2.179153505586));
#11854 = DIRECTION('',(0.663682192122,0.,0.748014670886));
#11855 = DIRECTION('',(0.748014670886,0.,-0.663682192122));
#11856 = ADVANCED_FACE('',(#11857),#11872,.T.);
#11857 = FACE_BOUND('',#11858,.T.);
#11858 = EDGE_LOOP('',(#11859,#11860,#11866));
#11859 = ORIENTED_EDGE('',*,*,#11846,.F.);
#11860 = ORIENTED_EDGE('',*,*,#11861,.T.);
#11861 = EDGE_CURVE('',#11839,#11761,#11862,.T.);
#11862 = LINE('',#11863,#11864);
#11863 = CARTESIAN_POINT('',(1.217948675156,0.75,2.145571470261));
#11864 = VECTOR('',#11865,1.);
#11865 = DIRECTION('',(-0.748014388043,0.,0.663682510905));
#11866 = ORIENTED_EDGE('',*,*,#11867,.T.);
#11867 = EDGE_CURVE('',#11761,#11815,#11868,.T.);
#11868 = LINE('',#11869,#11870);
#11869 = CARTESIAN_POINT('',(0.974358975887,0.75,2.361698627472));
#11870 = VECTOR('',#11871,1.);
#11871 = DIRECTION('',(0.593332973281,-0.608946960687,-0.52644048276));
#11872 = PLANE('',#11873);
#11873 = AXIS2_PLACEMENT_3D('',#11874,#11875,#11876);
#11874 = CARTESIAN_POINT('',(1.096153820523,0.715146316639,
    2.253635027435));
#11875 = DIRECTION('',(0.663682510904,-5.551278689246E-07,0.748014388043
    ));
#11876 = DIRECTION('',(0.748014388043,3.264291193977E-23,-0.663682510905
    ));
#11877 = ADVANCED_FACE('',(#11878),#11883,.T.);
#11878 = FACE_BOUND('',#11879,.T.);
#11879 = EDGE_LOOP('',(#11880,#11881,#11882));
#11880 = ORIENTED_EDGE('',*,*,#11867,.F.);
#11881 = ORIENTED_EDGE('',*,*,#11760,.F.);
#11882 = ORIENTED_EDGE('',*,*,#11814,.F.);
#11883 = PLANE('',#11884);
#11884 = AXIS2_PLACEMENT_3D('',#11885,#11886,#11887);
#11885 = CARTESIAN_POINT('',(1.012208228353,0.625,2.328116508093));
#11886 = DIRECTION('',(0.663682829686,0.,0.748014105201));
#11887 = DIRECTION('',(0.748014105201,0.,-0.663682829686));
#11888 = ADVANCED_FACE('',(#11889),#11906,.T.);
#11889 = FACE_BOUND('',#11890,.T.);
#11890 = EDGE_LOOP('',(#11891,#11899,#11900));
#11891 = ORIENTED_EDGE('',*,*,#11892,.T.);
#11892 = EDGE_CURVE('',#11893,#11371,#11895,.T.);
#11893 = VERTEX_POINT('',#11894);
#11894 = CARTESIAN_POINT('',(1.339743614197,0.625,2.027306079865));
#11895 = LINE('',#11896,#11897);
#11896 = CARTESIAN_POINT('',(1.339743614197,0.625,2.027306079865));
#11897 = VECTOR('',#11898,1.);
#11898 = DIRECTION('',(-0.577715898785,-0.592918621387,0.560974017851));
#11899 = ORIENTED_EDGE('',*,*,#11471,.F.);
#11900 = ORIENTED_EDGE('',*,*,#11901,.T.);
#11901 = EDGE_CURVE('',#11449,#11893,#11902,.T.);
#11902 = LINE('',#11903,#11904);
#11903 = CARTESIAN_POINT('',(1.461538434029,0.5,1.909040570259));
#11904 = VECTOR('',#11905,1.);
#11905 = DIRECTION('',(-0.577715338803,0.592918626999,0.560974588613));
#11906 = PLANE('',#11907);
#11907 = AXIS2_PLACEMENT_3D('',#11908,#11909,#11910);
#11908 = CARTESIAN_POINT('',(1.339743570941,0.534621006119,
    2.027306036923));
#11909 = DIRECTION('',(0.696635426221,-6.742767054725E-07,0.717425315231
    ));
#11910 = DIRECTION('',(0.717425315231,-4.598697084929E-23,
    -0.696635426221));
#11911 = ADVANCED_FACE('',(#11912),#11929,.T.);
#11912 = FACE_BOUND('',#11913,.T.);
#11913 = EDGE_LOOP('',(#11914,#11915,#11923));
#11914 = ORIENTED_EDGE('',*,*,#11901,.F.);
#11915 = ORIENTED_EDGE('',*,*,#11916,.T.);
#11916 = EDGE_CURVE('',#11449,#11917,#11919,.T.);
#11917 = VERTEX_POINT('',#11918);
#11918 = CARTESIAN_POINT('',(1.461538434029,0.75,1.909040570259));
#11919 = LINE('',#11920,#11921);
#11920 = CARTESIAN_POINT('',(1.461538434029,0.5,1.909040570259));
#11921 = VECTOR('',#11922,1.);
#11922 = DIRECTION('',(0.,1.,0.));
#11923 = ORIENTED_EDGE('',*,*,#11924,.T.);
#11924 = EDGE_CURVE('',#11917,#11893,#11925,.T.);
#11925 = LINE('',#11926,#11927);
#11926 = CARTESIAN_POINT('',(1.461538434029,0.75,1.909040570259));
#11927 = VECTOR('',#11928,1.);
#11928 = DIRECTION('',(-0.577715338803,-0.592918626999,0.560974588613));
#11929 = PLANE('',#11930);
#11930 = AXIS2_PLACEMENT_3D('',#11931,#11932,#11933);
#11931 = CARTESIAN_POINT('',(1.423308351912,0.625,1.94616283991));
#11932 = DIRECTION('',(0.696635782403,0.,0.71742496937));
#11933 = DIRECTION('',(0.71742496937,0.,-0.696635782403));
#11934 = ADVANCED_FACE('',(#11935),#11950,.T.);
#11935 = FACE_BOUND('',#11936,.T.);
#11936 = EDGE_LOOP('',(#11937,#11938,#11944));
#11937 = ORIENTED_EDGE('',*,*,#11924,.F.);
#11938 = ORIENTED_EDGE('',*,*,#11939,.T.);
#11939 = EDGE_CURVE('',#11917,#11839,#11940,.T.);
#11940 = LINE('',#11941,#11942);
#11941 = CARTESIAN_POINT('',(1.461538434029,0.75,1.909040570259));
#11942 = VECTOR('',#11943,1.);
#11943 = DIRECTION('',(-0.717425315231,0.,0.696635426221));
#11944 = ORIENTED_EDGE('',*,*,#11945,.T.);
#11945 = EDGE_CURVE('',#11839,#11893,#11946,.T.);
#11946 = LINE('',#11947,#11948);
#11947 = CARTESIAN_POINT('',(1.217948675156,0.75,2.145571470261));
#11948 = VECTOR('',#11949,1.);
#11949 = DIRECTION('',(0.577715898785,-0.592918621387,-0.560974017851));
#11950 = PLANE('',#11951);
#11951 = AXIS2_PLACEMENT_3D('',#11952,#11953,#11954);
#11952 = CARTESIAN_POINT('',(1.339743570941,0.715378993881,
    2.027306036923));
#11953 = DIRECTION('',(0.696635426221,6.742767054897E-07,0.717425315231)
  );
#11954 = DIRECTION('',(0.717425315231,3.653110721499E-23,-0.696635426221
    ));
#11955 = ADVANCED_FACE('',(#11956),#11961,.T.);
#11956 = FACE_BOUND('',#11957,.T.);
#11957 = EDGE_LOOP('',(#11958,#11959,#11960));
#11958 = ORIENTED_EDGE('',*,*,#11945,.F.);
#11959 = ORIENTED_EDGE('',*,*,#11838,.F.);
#11960 = ORIENTED_EDGE('',*,*,#11892,.F.);
#11961 = PLANE('',#11962);
#11962 = AXIS2_PLACEMENT_3D('',#11963,#11964,#11965);
#11963 = CARTESIAN_POINT('',(1.256178794826,0.625,2.108449237898));
#11964 = DIRECTION('',(0.696635070038,0.,0.717425661092));
#11965 = DIRECTION('',(0.717425661092,0.,-0.696635070038));
#11966 = ADVANCED_FACE('',(#11967),#11984,.T.);
#11967 = FACE_BOUND('',#11968,.T.);
#11968 = EDGE_LOOP('',(#11969,#11977,#11978));
#11969 = ORIENTED_EDGE('',*,*,#11970,.T.);
#11970 = EDGE_CURVE('',#11971,#11449,#11973,.T.);
#11971 = VERTEX_POINT('',#11972);
#11972 = CARTESIAN_POINT('',(1.58333337307,0.625,1.787556171417));
#11973 = LINE('',#11974,#11975);
#11974 = CARTESIAN_POINT('',(1.58333337307,0.625,1.787556171417));
#11975 = VECTOR('',#11976,1.);
#11976 = DIRECTION('',(-0.572764549972,-0.587836976726,0.571304173877));
#11977 = ORIENTED_EDGE('',*,*,#11542,.F.);
#11978 = ORIENTED_EDGE('',*,*,#11979,.T.);
#11979 = EDGE_CURVE('',#10608,#11971,#11980,.T.);
#11980 = LINE('',#11981,#11982);
#11981 = CARTESIAN_POINT('',(1.705128192902,0.5,1.666071772575));
#11982 = VECTOR('',#11983,1.);
#11983 = DIRECTION('',(-0.572764173278,0.587837165477,0.571304357319));
#11984 = PLANE('',#11985);
#11985 = AXIS2_PLACEMENT_3D('',#11986,#11987,#11988);
#11986 = CARTESIAN_POINT('',(1.583333324535,0.534549869368,
    1.787556176808));
#11987 = DIRECTION('',(0.706203774361,-3.367442008854E-07,0.708008636302
    ));
#11988 = DIRECTION('',(0.708008636302,9.170734468422E-24,-0.706203774361
    ));
#11989 = ADVANCED_FACE('',(#11990),#12000,.T.);
#11990 = FACE_BOUND('',#11991,.T.);
#11991 = EDGE_LOOP('',(#11992,#11993,#11994));
#11992 = ORIENTED_EDGE('',*,*,#11979,.F.);
#11993 = ORIENTED_EDGE('',*,*,#10607,.T.);
#11994 = ORIENTED_EDGE('',*,*,#11995,.T.);
#11995 = EDGE_CURVE('',#10600,#11971,#11996,.T.);
#11996 = LINE('',#11997,#11998);
#11997 = CARTESIAN_POINT('',(1.705128192902,0.75,1.666071772575));
#11998 = VECTOR('',#11999,1.);
#11999 = DIRECTION('',(-0.572764173278,-0.587837165477,0.571304357319));
#12000 = PLANE('',#12001);
#12001 = AXIS2_PLACEMENT_3D('',#12002,#12003,#12004);
#12002 = CARTESIAN_POINT('',(1.66677576531,0.625,1.704326450537));
#12003 = DIRECTION('',(0.706203947605,0.,0.708008463499));
#12004 = DIRECTION('',(0.708008463499,0.,-0.706203947605));
#12005 = ADVANCED_FACE('',(#12006),#12021,.T.);
#12006 = FACE_BOUND('',#12007,.T.);
#12007 = EDGE_LOOP('',(#12008,#12009,#12015));
#12008 = ORIENTED_EDGE('',*,*,#11995,.F.);
#12009 = ORIENTED_EDGE('',*,*,#12010,.T.);
#12010 = EDGE_CURVE('',#10600,#11917,#12011,.T.);
#12011 = LINE('',#12012,#12013);
#12012 = CARTESIAN_POINT('',(1.705128192902,0.75,1.666071772575));
#12013 = VECTOR('',#12014,1.);
#12014 = DIRECTION('',(-0.708008636302,0.,0.706203774361));
#12015 = ORIENTED_EDGE('',*,*,#12016,.T.);
#12016 = EDGE_CURVE('',#11917,#11971,#12017,.T.);
#12017 = LINE('',#12018,#12019);
#12018 = CARTESIAN_POINT('',(1.461538434029,0.75,1.909040570259));
#12019 = VECTOR('',#12020,1.);
#12020 = DIRECTION('',(0.572764549972,-0.587836976726,-0.571304173877));
#12021 = PLANE('',#12022);
#12022 = AXIS2_PLACEMENT_3D('',#12023,#12024,#12025);
#12023 = CARTESIAN_POINT('',(1.583333324535,0.715450130632,
    1.787556176808));
#12024 = DIRECTION('',(0.706203774361,3.367442008386E-07,0.708008636302)
  );
#12025 = DIRECTION('',(0.708008636302,-9.828261964124E-24,
    -0.706203774361));
#12026 = ADVANCED_FACE('',(#12027),#12032,.T.);
#12027 = FACE_BOUND('',#12028,.T.);
#12028 = EDGE_LOOP('',(#12029,#12030,#12031));
#12029 = ORIENTED_EDGE('',*,*,#12016,.F.);
#12030 = ORIENTED_EDGE('',*,*,#11916,.F.);
#12031 = ORIENTED_EDGE('',*,*,#11970,.F.);
#12032 = PLANE('',#12033);
#12033 = AXIS2_PLACEMENT_3D('',#12034,#12035,#12036);
#12034 = CARTESIAN_POINT('',(1.499890903717,0.625,1.87078588775));
#12035 = DIRECTION('',(0.706203601117,0.,0.708008809104));
#12036 = DIRECTION('',(0.708008809104,0.,-0.706203601117));
#12037 = ADVANCED_FACE('',(#12038),#12055,.T.);
#12038 = FACE_BOUND('',#12039,.T.);
#12039 = EDGE_LOOP('',(#12040,#12048,#12049));
#12040 = ORIENTED_EDGE('',*,*,#12041,.T.);
#12041 = EDGE_CURVE('',#12042,#11621,#12044,.T.);
#12042 = VERTEX_POINT('',#12043);
#12043 = CARTESIAN_POINT('',(0.365384608507,0.875,2.727067708969));
#12044 = LINE('',#12045,#12046);
#12045 = CARTESIAN_POINT('',(0.365384608507,0.875,2.727067708969));
#12046 = VECTOR('',#12047,1.);
#12047 = DIRECTION('',(-0.677229039429,-0.695050897684,0.241381601998));
#12048 = ORIENTED_EDGE('',*,*,#11620,.F.);
#12049 = ORIENTED_EDGE('',*,*,#12050,.T.);
#12050 = EDGE_CURVE('',#11598,#12042,#12051,.T.);
#12051 = LINE('',#12052,#12053);
#12052 = CARTESIAN_POINT('',(0.487179487944,0.75,2.683656692505));
#12053 = VECTOR('',#12054,1.);
#12054 = DIRECTION('',(-0.67722886757,0.695050636265,0.241382836915));
#12055 = PLANE('',#12056);
#12056 = AXIS2_PLACEMENT_3D('',#12057,#12058,#12059);
#12057 = CARTESIAN_POINT('',(0.365384620453,0.786359179961,2.72706762206
    ));
#12058 = DIRECTION('',(0.33573772909,-8.783072461898E-07,0.941955507052)
  );
#12059 = DIRECTION('',(0.941955507052,-2.447769451821E-23,-0.33573772909
    ));
#12060 = ADVANCED_FACE('',(#12061),#12078,.T.);
#12061 = FACE_BOUND('',#12062,.T.);
#12062 = EDGE_LOOP('',(#12063,#12064,#12072));
#12063 = ORIENTED_EDGE('',*,*,#12050,.F.);
#12064 = ORIENTED_EDGE('',*,*,#12065,.T.);
#12065 = EDGE_CURVE('',#11598,#12066,#12068,.T.);
#12066 = VERTEX_POINT('',#12067);
#12067 = CARTESIAN_POINT('',(0.487179487944,1.,2.683656692505));
#12068 = LINE('',#12069,#12070);
#12069 = CARTESIAN_POINT('',(0.487179487944,0.75,2.683656692505));
#12070 = VECTOR('',#12071,1.);
#12071 = DIRECTION('',(0.,1.,0.));
#12072 = ORIENTED_EDGE('',*,*,#12073,.T.);
#12073 = EDGE_CURVE('',#12066,#12042,#12074,.T.);
#12074 = LINE('',#12075,#12076);
#12075 = CARTESIAN_POINT('',(0.487179487944,1.,2.683656692505));
#12076 = VECTOR('',#12077,1.);
#12077 = DIRECTION('',(-0.67722886757,-0.695050636265,0.241382836915));
#12078 = PLANE('',#12079);
#12079 = AXIS2_PLACEMENT_3D('',#12080,#12081,#12082);
#12080 = CARTESIAN_POINT('',(0.451252868163,0.875,2.696461919539));
#12081 = DIRECTION('',(0.335738528902,0.,0.941955221977));
#12082 = DIRECTION('',(0.941955221977,0.,-0.335738528902));
#12083 = ADVANCED_FACE('',(#12084),#12101,.T.);
#12084 = FACE_BOUND('',#12085,.T.);
#12085 = EDGE_LOOP('',(#12086,#12087,#12095));
#12086 = ORIENTED_EDGE('',*,*,#12073,.F.);
#12087 = ORIENTED_EDGE('',*,*,#12088,.T.);
#12088 = EDGE_CURVE('',#12066,#12089,#12091,.T.);
#12089 = VERTEX_POINT('',#12090);
#12090 = CARTESIAN_POINT('',(0.243589743972,1.,2.770478487015));
#12091 = LINE('',#12092,#12093);
#12092 = CARTESIAN_POINT('',(0.487179487944,1.,2.683656692505));
#12093 = VECTOR('',#12094,1.);
#12094 = DIRECTION('',(-0.941955507052,0.,0.33573772909));
#12095 = ORIENTED_EDGE('',*,*,#12096,.T.);
#12096 = EDGE_CURVE('',#12089,#12042,#12097,.T.);
#12097 = LINE('',#12098,#12099);
#12098 = CARTESIAN_POINT('',(0.243589743972,1.,2.770478487015));
#12099 = VECTOR('',#12100,1.);
#12100 = DIRECTION('',(0.677229039429,-0.695050897684,-0.241381601998));
#12101 = PLANE('',#12102);
#12102 = AXIS2_PLACEMENT_3D('',#12103,#12104,#12105);
#12103 = CARTESIAN_POINT('',(0.365384620453,0.963640820039,2.72706762206
    ));
#12104 = DIRECTION('',(0.33573772909,8.783072462057E-07,0.941955507052)
  );
#12105 = DIRECTION('',(0.941955507052,1.574416866407E-23,-0.33573772909)
  );
#12106 = ADVANCED_FACE('',(#12107),#12117,.T.);
#12107 = FACE_BOUND('',#12108,.T.);
#12108 = EDGE_LOOP('',(#12109,#12110,#12116));
#12109 = ORIENTED_EDGE('',*,*,#12096,.F.);
#12110 = ORIENTED_EDGE('',*,*,#12111,.F.);
#12111 = EDGE_CURVE('',#11621,#12089,#12112,.T.);
#12112 = LINE('',#12113,#12114);
#12113 = CARTESIAN_POINT('',(0.243589743972,0.75,2.770478487015));
#12114 = VECTOR('',#12115,1.);
#12115 = DIRECTION('',(0.,1.,0.));
#12116 = ORIENTED_EDGE('',*,*,#12041,.F.);
#12117 = PLANE('',#12118);
#12118 = AXIS2_PLACEMENT_3D('',#12119,#12120,#12121);
#12119 = CARTESIAN_POINT('',(0.279516353816,0.875,2.757673332283));
#12120 = DIRECTION('',(0.335736929277,0.,0.941955792126));
#12121 = DIRECTION('',(0.941955792126,0.,-0.335736929277));
#12122 = ADVANCED_FACE('',(#12123),#12140,.T.);
#12123 = FACE_BOUND('',#12124,.T.);
#12124 = EDGE_LOOP('',(#12125,#12133,#12134));
#12125 = ORIENTED_EDGE('',*,*,#12126,.T.);
#12126 = EDGE_CURVE('',#12127,#11598,#12129,.T.);
#12127 = VERTEX_POINT('',#12128);
#12128 = CARTESIAN_POINT('',(0.608974337578,0.875,2.61415886879));
#12129 = LINE('',#12130,#12131);
#12130 = CARTESIAN_POINT('',(0.608974337578,0.875,2.61415886879));
#12131 = VECTOR('',#12132,1.);
#12132 = DIRECTION('',(-0.648350217109,-0.665412186,0.369957590405));
#12133 = ORIENTED_EDGE('',*,*,#11705,.F.);
#12134 = ORIENTED_EDGE('',*,*,#12135,.T.);
#12135 = EDGE_CURVE('',#11683,#12127,#12136,.T.);
#12136 = LINE('',#12137,#12138);
#12137 = CARTESIAN_POINT('',(0.730769217014,0.75,2.544661283493));
#12138 = VECTOR('',#12139,1.);
#12139 = DIRECTION('',(-0.648350613493,0.665412429994,0.369956456887));
#12140 = PLANE('',#12141);
#12141 = AXIS2_PLACEMENT_3D('',#12142,#12143,#12144);
#12142 = CARTESIAN_POINT('',(0.60897434182,0.785786348623,2.614158957518
    ));
#12143 = DIRECTION('',(0.495604694288,8.873928005945E-07,0.868548206491)
  );
#12144 = DIRECTION('',(0.868548206491,5.087371028207E-23,-0.495604694288
    ));
#12145 = ADVANCED_FACE('',(#12146),#12163,.T.);
#12146 = FACE_BOUND('',#12147,.T.);
#12147 = EDGE_LOOP('',(#12148,#12149,#12157));
#12148 = ORIENTED_EDGE('',*,*,#12135,.F.);
#12149 = ORIENTED_EDGE('',*,*,#12150,.T.);
#12150 = EDGE_CURVE('',#11683,#12151,#12153,.T.);
#12151 = VERTEX_POINT('',#12152);
#12152 = CARTESIAN_POINT('',(0.730769217014,1.,2.544661283493));
#12153 = LINE('',#12154,#12155);
#12154 = CARTESIAN_POINT('',(0.730769217014,0.75,2.544661283493));
#12155 = VECTOR('',#12156,1.);
#12156 = DIRECTION('',(0.,1.,0.));
#12157 = ORIENTED_EDGE('',*,*,#12158,.T.);
#12158 = EDGE_CURVE('',#12151,#12127,#12159,.T.);
#12159 = LINE('',#12160,#12161);
#12160 = CARTESIAN_POINT('',(0.730769217014,1.,2.544661283493));
#12161 = VECTOR('',#12162,1.);
#12162 = DIRECTION('',(-0.648350613493,-0.665412429994,0.369956456887));
#12163 = PLANE('',#12164);
#12164 = AXIS2_PLACEMENT_3D('',#12165,#12166,#12167);
#12165 = CARTESIAN_POINT('',(0.694203235747,0.875,2.565526260854));
#12166 = DIRECTION('',(0.495604007243,0.,0.868548598528));
#12167 = DIRECTION('',(0.868548598528,0.,-0.495604007243));
#12168 = ADVANCED_FACE('',(#12169),#12184,.T.);
#12169 = FACE_BOUND('',#12170,.T.);
#12170 = EDGE_LOOP('',(#12171,#12172,#12178));
#12171 = ORIENTED_EDGE('',*,*,#12158,.F.);
#12172 = ORIENTED_EDGE('',*,*,#12173,.T.);
#12173 = EDGE_CURVE('',#12151,#12066,#12174,.T.);
#12174 = LINE('',#12175,#12176);
#12175 = CARTESIAN_POINT('',(0.730769217014,1.,2.544661283493));
#12176 = VECTOR('',#12177,1.);
#12177 = DIRECTION('',(-0.868548206491,0.,0.495604694288));
#12178 = ORIENTED_EDGE('',*,*,#12179,.T.);
#12179 = EDGE_CURVE('',#12066,#12127,#12180,.T.);
#12180 = LINE('',#12181,#12182);
#12181 = CARTESIAN_POINT('',(0.487179487944,1.,2.683656692505));
#12182 = VECTOR('',#12183,1.);
#12183 = DIRECTION('',(0.648350217109,-0.665412186,-0.369957590405));
#12184 = PLANE('',#12185);
#12185 = AXIS2_PLACEMENT_3D('',#12186,#12187,#12188);
#12186 = CARTESIAN_POINT('',(0.60897434182,0.964213651377,2.614158957518
    ));
#12187 = DIRECTION('',(0.495604694288,-8.87392800612E-07,0.868548206491)
  );
#12188 = DIRECTION('',(0.868548206491,-4.913425354798E-23,
    -0.495604694288));
#12189 = ADVANCED_FACE('',(#12190),#12195,.T.);
#12190 = FACE_BOUND('',#12191,.T.);
#12191 = EDGE_LOOP('',(#12192,#12193,#12194));
#12192 = ORIENTED_EDGE('',*,*,#12179,.F.);
#12193 = ORIENTED_EDGE('',*,*,#12065,.F.);
#12194 = ORIENTED_EDGE('',*,*,#12126,.F.);
#12195 = PLANE('',#12196);
#12196 = AXIS2_PLACEMENT_3D('',#12197,#12198,#12199);
#12197 = CARTESIAN_POINT('',(0.523745465621,0.875,2.662791640508));
#12198 = DIRECTION('',(0.495605381332,0.,0.868547814455));
#12199 = DIRECTION('',(0.868547814455,0.,-0.495605381332));
#12200 = ADVANCED_FACE('',(#12201),#12218,.T.);
#12201 = FACE_BOUND('',#12202,.T.);
#12202 = EDGE_LOOP('',(#12203,#12211,#12212));
#12203 = ORIENTED_EDGE('',*,*,#12204,.T.);
#12204 = EDGE_CURVE('',#12205,#11683,#12207,.T.);
#12205 = VERTEX_POINT('',#12206);
#12206 = CARTESIAN_POINT('',(0.852564096451,0.875,2.453179836273));
#12207 = LINE('',#12208,#12209);
#12208 = CARTESIAN_POINT('',(0.852564096451,0.875,2.453179836273));
#12209 = VECTOR('',#12210,1.);
#12210 = DIRECTION('',(-0.618098045525,-0.634363743764,0.464260106747));
#12211 = ORIENTED_EDGE('',*,*,#11783,.F.);
#12212 = ORIENTED_EDGE('',*,*,#12213,.T.);
#12213 = EDGE_CURVE('',#11761,#12205,#12214,.T.);
#12214 = LINE('',#12215,#12216);
#12215 = CARTESIAN_POINT('',(0.974358975887,0.75,2.361698627472));
#12216 = VECTOR('',#12217,1.);
#12217 = DIRECTION('',(-0.618098392731,0.634364100107,0.464259157583));
#12218 = PLANE('',#12219);
#12219 = AXIS2_PLACEMENT_3D('',#12220,#12221,#12222);
#12220 = CARTESIAN_POINT('',(0.852564086804,0.785250300126,
    2.453179929111));
#12221 = DIRECTION('',(0.600567765739,7.62533055049E-07,0.799573860725)
  );
#12222 = DIRECTION('',(0.799573860725,-1.855194689392E-23,
    -0.600567765739));
#12223 = ADVANCED_FACE('',(#12224),#12241,.T.);
#12224 = FACE_BOUND('',#12225,.T.);
#12225 = EDGE_LOOP('',(#12226,#12227,#12235));
#12226 = ORIENTED_EDGE('',*,*,#12213,.F.);
#12227 = ORIENTED_EDGE('',*,*,#12228,.T.);
#12228 = EDGE_CURVE('',#11761,#12229,#12231,.T.);
#12229 = VERTEX_POINT('',#12230);
#12230 = CARTESIAN_POINT('',(0.974358975887,1.,2.361698627472));
#12231 = LINE('',#12232,#12233);
#12232 = CARTESIAN_POINT('',(0.974358975887,0.75,2.361698627472));
#12233 = VECTOR('',#12234,1.);
#12234 = DIRECTION('',(0.,1.,0.));
#12235 = ORIENTED_EDGE('',*,*,#12236,.T.);
#12236 = EDGE_CURVE('',#12229,#12205,#12237,.T.);
#12237 = LINE('',#12238,#12239);
#12238 = CARTESIAN_POINT('',(0.974358975887,1.,2.361698627472));
#12239 = VECTOR('',#12240,1.);
#12240 = DIRECTION('',(-0.618098392731,-0.634364100107,0.464259157583));
#12241 = PLANE('',#12242);
#12242 = AXIS2_PLACEMENT_3D('',#12243,#12244,#12245);
#12243 = CARTESIAN_POINT('',(0.937098343624,0.875,2.389685417195));
#12244 = DIRECTION('',(0.600567265409,0.,0.799574236528));
#12245 = DIRECTION('',(0.799574236528,0.,-0.600567265409));
#12246 = ADVANCED_FACE('',(#12247),#12262,.T.);
#12247 = FACE_BOUND('',#12248,.T.);
#12248 = EDGE_LOOP('',(#12249,#12250,#12256));
#12249 = ORIENTED_EDGE('',*,*,#12236,.F.);
#12250 = ORIENTED_EDGE('',*,*,#12251,.T.);
#12251 = EDGE_CURVE('',#12229,#12151,#12252,.T.);
#12252 = LINE('',#12253,#12254);
#12253 = CARTESIAN_POINT('',(0.974358975887,1.,2.361698627472));
#12254 = VECTOR('',#12255,1.);
#12255 = DIRECTION('',(-0.799573860725,0.,0.600567765739));
#12256 = ORIENTED_EDGE('',*,*,#12257,.T.);
#12257 = EDGE_CURVE('',#12151,#12205,#12258,.T.);
#12258 = LINE('',#12259,#12260);
#12259 = CARTESIAN_POINT('',(0.730769217014,1.,2.544661283493));
#12260 = VECTOR('',#12261,1.);
#12261 = DIRECTION('',(0.618098045525,-0.634363743764,-0.464260106747));
#12262 = PLANE('',#12263);
#12263 = AXIS2_PLACEMENT_3D('',#12264,#12265,#12266);
#12264 = CARTESIAN_POINT('',(0.852564086804,0.964749699874,
    2.453179929111));
#12265 = DIRECTION('',(0.600567765739,-7.625330550942E-07,0.799573860725
    ));
#12266 = DIRECTION('',(0.799573860725,8.165018798785E-25,-0.600567765739
    ));
#12267 = ADVANCED_FACE('',(#12268),#12273,.T.);
#12268 = FACE_BOUND('',#12269,.T.);
#12269 = EDGE_LOOP('',(#12270,#12271,#12272));
#12270 = ORIENTED_EDGE('',*,*,#12257,.F.);
#12271 = ORIENTED_EDGE('',*,*,#12150,.F.);
#12272 = ORIENTED_EDGE('',*,*,#12204,.F.);
#12273 = PLANE('',#12274);
#12274 = AXIS2_PLACEMENT_3D('',#12275,#12276,#12277);
#12275 = CARTESIAN_POINT('',(0.768029857402,0.875,2.516674414729));
#12276 = DIRECTION('',(0.600568266069,0.,0.799573484922));
#12277 = DIRECTION('',(0.799573484922,0.,-0.600568266069));
#12278 = ADVANCED_FACE('',(#12279),#12296,.T.);
#12279 = FACE_BOUND('',#12280,.T.);
#12280 = EDGE_LOOP('',(#12281,#12289,#12290));
#12281 = ORIENTED_EDGE('',*,*,#12282,.T.);
#12282 = EDGE_CURVE('',#12283,#11761,#12285,.T.);
#12283 = VERTEX_POINT('',#12284);
#12284 = CARTESIAN_POINT('',(1.096153855324,0.875,2.253634929657));
#12285 = LINE('',#12286,#12287);
#12286 = CARTESIAN_POINT('',(1.096153855324,0.875,2.253634929657));
#12287 = VECTOR('',#12288,1.);
#12288 = DIRECTION('',(-0.593332973281,-0.608946960687,0.52644048276));
#12289 = ORIENTED_EDGE('',*,*,#11861,.F.);
#12290 = ORIENTED_EDGE('',*,*,#12291,.T.);
#12291 = EDGE_CURVE('',#11839,#12283,#12292,.T.);
#12292 = LINE('',#12293,#12294);
#12293 = CARTESIAN_POINT('',(1.217948675156,0.75,2.145571470261));
#12294 = VECTOR('',#12295,1.);
#12295 = DIRECTION('',(-0.593333147926,0.608947437938,0.526439733873));
#12296 = PLANE('',#12297);
#12297 = AXIS2_PLACEMENT_3D('',#12298,#12299,#12300);
#12298 = CARTESIAN_POINT('',(1.096153820523,0.784853683361,
    2.253635027435));
#12299 = DIRECTION('',(0.663682510904,5.551278689472E-07,0.748014388043)
  );
#12300 = DIRECTION('',(0.748014388043,1.668475243028E-23,-0.663682510905
    ));
#12301 = ADVANCED_FACE('',(#12302),#12319,.T.);
#12302 = FACE_BOUND('',#12303,.T.);
#12303 = EDGE_LOOP('',(#12304,#12305,#12313));
#12304 = ORIENTED_EDGE('',*,*,#12291,.F.);
#12305 = ORIENTED_EDGE('',*,*,#12306,.T.);
#12306 = EDGE_CURVE('',#11839,#12307,#12309,.T.);
#12307 = VERTEX_POINT('',#12308);
#12308 = CARTESIAN_POINT('',(1.217948675156,1.,2.145571470261));
#12309 = LINE('',#12310,#12311);
#12310 = CARTESIAN_POINT('',(1.217948675156,0.75,2.145571470261));
#12311 = VECTOR('',#12312,1.);
#12312 = DIRECTION('',(0.,1.,0.));
#12313 = ORIENTED_EDGE('',*,*,#12314,.T.);
#12314 = EDGE_CURVE('',#12307,#12283,#12315,.T.);
#12315 = LINE('',#12316,#12317);
#12316 = CARTESIAN_POINT('',(1.217948675156,1.,2.145571470261));
#12317 = VECTOR('',#12318,1.);
#12318 = DIRECTION('',(-0.593333147926,-0.608947437938,0.526439733873));
#12319 = PLANE('',#12320);
#12320 = AXIS2_PLACEMENT_3D('',#12321,#12322,#12323);
#12321 = CARTESIAN_POINT('',(1.18009945244,0.875,2.179153505586));
#12322 = DIRECTION('',(0.663682192122,0.,0.748014670886));
#12323 = DIRECTION('',(0.748014670886,0.,-0.663682192122));
#12324 = ADVANCED_FACE('',(#12325),#12340,.T.);
#12325 = FACE_BOUND('',#12326,.T.);
#12326 = EDGE_LOOP('',(#12327,#12328,#12334));
#12327 = ORIENTED_EDGE('',*,*,#12314,.F.);
#12328 = ORIENTED_EDGE('',*,*,#12329,.T.);
#12329 = EDGE_CURVE('',#12307,#12229,#12330,.T.);
#12330 = LINE('',#12331,#12332);
#12331 = CARTESIAN_POINT('',(1.217948675156,1.,2.145571470261));
#12332 = VECTOR('',#12333,1.);
#12333 = DIRECTION('',(-0.748014388043,0.,0.663682510905));
#12334 = ORIENTED_EDGE('',*,*,#12335,.T.);
#12335 = EDGE_CURVE('',#12229,#12283,#12336,.T.);
#12336 = LINE('',#12337,#12338);
#12337 = CARTESIAN_POINT('',(0.974358975887,1.,2.361698627472));
#12338 = VECTOR('',#12339,1.);
#12339 = DIRECTION('',(0.593332973281,-0.608946960687,-0.52644048276));
#12340 = PLANE('',#12341);
#12341 = AXIS2_PLACEMENT_3D('',#12342,#12343,#12344);
#12342 = CARTESIAN_POINT('',(1.096153820523,0.965146316639,
    2.253635027435));
#12343 = DIRECTION('',(0.663682510904,-5.551278689814E-07,0.748014388043
    ));
#12344 = DIRECTION('',(0.748014388043,6.521284065544E-24,-0.663682510905
    ));
#12345 = ADVANCED_FACE('',(#12346),#12351,.T.);
#12346 = FACE_BOUND('',#12347,.T.);
#12347 = EDGE_LOOP('',(#12348,#12349,#12350));
#12348 = ORIENTED_EDGE('',*,*,#12335,.F.);
#12349 = ORIENTED_EDGE('',*,*,#12228,.F.);
#12350 = ORIENTED_EDGE('',*,*,#12282,.F.);
#12351 = PLANE('',#12352);
#12352 = AXIS2_PLACEMENT_3D('',#12353,#12354,#12355);
#12353 = CARTESIAN_POINT('',(1.012208228353,0.875,2.328116508093));
#12354 = DIRECTION('',(0.663682829686,0.,0.748014105201));
#12355 = DIRECTION('',(0.748014105201,0.,-0.663682829686));
#12356 = ADVANCED_FACE('',(#12357),#12374,.T.);
#12357 = FACE_BOUND('',#12358,.T.);
#12358 = EDGE_LOOP('',(#12359,#12367,#12368));
#12359 = ORIENTED_EDGE('',*,*,#12360,.T.);
#12360 = EDGE_CURVE('',#12361,#11839,#12363,.T.);
#12361 = VERTEX_POINT('',#12362);
#12362 = CARTESIAN_POINT('',(1.339743614197,0.875,2.027306079865));
#12363 = LINE('',#12364,#12365);
#12364 = CARTESIAN_POINT('',(1.339743614197,0.875,2.027306079865));
#12365 = VECTOR('',#12366,1.);
#12366 = DIRECTION('',(-0.577715898785,-0.592918621387,0.560974017851));
#12367 = ORIENTED_EDGE('',*,*,#11939,.F.);
#12368 = ORIENTED_EDGE('',*,*,#12369,.T.);
#12369 = EDGE_CURVE('',#11917,#12361,#12370,.T.);
#12370 = LINE('',#12371,#12372);
#12371 = CARTESIAN_POINT('',(1.461538434029,0.75,1.909040570259));
#12372 = VECTOR('',#12373,1.);
#12373 = DIRECTION('',(-0.577715338803,0.592918626999,0.560974588613));
#12374 = PLANE('',#12375);
#12375 = AXIS2_PLACEMENT_3D('',#12376,#12377,#12378);
#12376 = CARTESIAN_POINT('',(1.339743570941,0.784621006119,
    2.027306036923));
#12377 = DIRECTION('',(0.696635426221,-6.742767054604E-07,0.717425315231
    ));
#12378 = DIRECTION('',(0.717425315231,-4.082537994468E-24,
    -0.696635426221));
#12379 = ADVANCED_FACE('',(#12380),#12397,.T.);
#12380 = FACE_BOUND('',#12381,.T.);
#12381 = EDGE_LOOP('',(#12382,#12383,#12391));
#12382 = ORIENTED_EDGE('',*,*,#12369,.F.);
#12383 = ORIENTED_EDGE('',*,*,#12384,.T.);
#12384 = EDGE_CURVE('',#11917,#12385,#12387,.T.);
#12385 = VERTEX_POINT('',#12386);
#12386 = CARTESIAN_POINT('',(1.461538434029,1.,1.909040570259));
#12387 = LINE('',#12388,#12389);
#12388 = CARTESIAN_POINT('',(1.461538434029,0.75,1.909040570259));
#12389 = VECTOR('',#12390,1.);
#12390 = DIRECTION('',(0.,1.,0.));
#12391 = ORIENTED_EDGE('',*,*,#12392,.T.);
#12392 = EDGE_CURVE('',#12385,#12361,#12393,.T.);
#12393 = LINE('',#12394,#12395);
#12394 = CARTESIAN_POINT('',(1.461538434029,1.,1.909040570259));
#12395 = VECTOR('',#12396,1.);
#12396 = DIRECTION('',(-0.577715338803,-0.592918626999,0.560974588613));
#12397 = PLANE('',#12398);
#12398 = AXIS2_PLACEMENT_3D('',#12399,#12400,#12401);
#12399 = CARTESIAN_POINT('',(1.423308351912,0.875,1.94616283991));
#12400 = DIRECTION('',(0.696635782403,0.,0.71742496937));
#12401 = DIRECTION('',(0.71742496937,0.,-0.696635782403));
#12402 = ADVANCED_FACE('',(#12403),#12418,.T.);
#12403 = FACE_BOUND('',#12404,.T.);
#12404 = EDGE_LOOP('',(#12405,#12406,#12412));
#12405 = ORIENTED_EDGE('',*,*,#12392,.F.);
#12406 = ORIENTED_EDGE('',*,*,#12407,.T.);
#12407 = EDGE_CURVE('',#12385,#12307,#12408,.T.);
#12408 = LINE('',#12409,#12410);
#12409 = CARTESIAN_POINT('',(1.461538434029,1.,1.909040570259));
#12410 = VECTOR('',#12411,1.);
#12411 = DIRECTION('',(-0.717425315231,0.,0.696635426221));
#12412 = ORIENTED_EDGE('',*,*,#12413,.T.);
#12413 = EDGE_CURVE('',#12307,#12361,#12414,.T.);
#12414 = LINE('',#12415,#12416);
#12415 = CARTESIAN_POINT('',(1.217948675156,1.,2.145571470261));
#12416 = VECTOR('',#12417,1.);
#12417 = DIRECTION('',(0.577715898785,-0.592918621387,-0.560974017851));
#12418 = PLANE('',#12419);
#12419 = AXIS2_PLACEMENT_3D('',#12420,#12421,#12422);
#12420 = CARTESIAN_POINT('',(1.339743570941,0.965378993881,
    2.027306036923));
#12421 = DIRECTION('',(0.696635426221,6.742767054897E-07,0.717425315231)
  );
#12422 = DIRECTION('',(0.717425315231,3.653110721499E-23,-0.696635426221
    ));
#12423 = ADVANCED_FACE('',(#12424),#12429,.T.);
#12424 = FACE_BOUND('',#12425,.T.);
#12425 = EDGE_LOOP('',(#12426,#12427,#12428));
#12426 = ORIENTED_EDGE('',*,*,#12413,.F.);
#12427 = ORIENTED_EDGE('',*,*,#12306,.F.);
#12428 = ORIENTED_EDGE('',*,*,#12360,.F.);
#12429 = PLANE('',#12430);
#12430 = AXIS2_PLACEMENT_3D('',#12431,#12432,#12433);
#12431 = CARTESIAN_POINT('',(1.256178794826,0.875,2.108449237898));
#12432 = DIRECTION('',(0.696635070038,0.,0.717425661092));
#12433 = DIRECTION('',(0.717425661092,0.,-0.696635070038));
#12434 = ADVANCED_FACE('',(#12435),#12452,.T.);
#12435 = FACE_BOUND('',#12436,.T.);
#12436 = EDGE_LOOP('',(#12437,#12445,#12446));
#12437 = ORIENTED_EDGE('',*,*,#12438,.T.);
#12438 = EDGE_CURVE('',#12439,#11917,#12441,.T.);
#12439 = VERTEX_POINT('',#12440);
#12440 = CARTESIAN_POINT('',(1.58333337307,0.875,1.787556171417));
#12441 = LINE('',#12442,#12443);
#12442 = CARTESIAN_POINT('',(1.58333337307,0.875,1.787556171417));
#12443 = VECTOR('',#12444,1.);
#12444 = DIRECTION('',(-0.572764549972,-0.587836976726,0.571304173877));
#12445 = ORIENTED_EDGE('',*,*,#12010,.F.);
#12446 = ORIENTED_EDGE('',*,*,#12447,.T.);
#12447 = EDGE_CURVE('',#10600,#12439,#12448,.T.);
#12448 = LINE('',#12449,#12450);
#12449 = CARTESIAN_POINT('',(1.705128192902,0.75,1.666071772575));
#12450 = VECTOR('',#12451,1.);
#12451 = DIRECTION('',(-0.572764173278,0.587837165477,0.571304357319));
#12452 = PLANE('',#12453);
#12453 = AXIS2_PLACEMENT_3D('',#12454,#12455,#12456);
#12454 = CARTESIAN_POINT('',(1.583333324535,0.784549869368,
    1.787556176808));
#12455 = DIRECTION('',(0.706203774361,-3.367442008854E-07,0.708008636302
    ));
#12456 = DIRECTION('',(0.708008636302,9.170734468422E-24,-0.706203774361
    ));
#12457 = ADVANCED_FACE('',(#12458),#12468,.T.);
#12458 = FACE_BOUND('',#12459,.T.);
#12459 = EDGE_LOOP('',(#12460,#12461,#12462));
#12460 = ORIENTED_EDGE('',*,*,#12447,.F.);
#12461 = ORIENTED_EDGE('',*,*,#10599,.T.);
#12462 = ORIENTED_EDGE('',*,*,#12463,.T.);
#12463 = EDGE_CURVE('',#10592,#12439,#12464,.T.);
#12464 = LINE('',#12465,#12466);
#12465 = CARTESIAN_POINT('',(1.705128192902,1.,1.666071772575));
#12466 = VECTOR('',#12467,1.);
#12467 = DIRECTION('',(-0.572764173278,-0.587837165477,0.571304357319));
#12468 = PLANE('',#12469);
#12469 = AXIS2_PLACEMENT_3D('',#12470,#12471,#12472);
#12470 = CARTESIAN_POINT('',(1.66677576531,0.875,1.704326450537));
#12471 = DIRECTION('',(0.706203947605,0.,0.708008463499));
#12472 = DIRECTION('',(0.708008463499,0.,-0.706203947605));
#12473 = ADVANCED_FACE('',(#12474),#12489,.T.);
#12474 = FACE_BOUND('',#12475,.T.);
#12475 = EDGE_LOOP('',(#12476,#12477,#12483));
#12476 = ORIENTED_EDGE('',*,*,#12463,.F.);
#12477 = ORIENTED_EDGE('',*,*,#12478,.T.);
#12478 = EDGE_CURVE('',#10592,#12385,#12479,.T.);
#12479 = LINE('',#12480,#12481);
#12480 = CARTESIAN_POINT('',(1.705128192902,1.,1.666071772575));
#12481 = VECTOR('',#12482,1.);
#12482 = DIRECTION('',(-0.708008636302,0.,0.706203774361));
#12483 = ORIENTED_EDGE('',*,*,#12484,.T.);
#12484 = EDGE_CURVE('',#12385,#12439,#12485,.T.);
#12485 = LINE('',#12486,#12487);
#12486 = CARTESIAN_POINT('',(1.461538434029,1.,1.909040570259));
#12487 = VECTOR('',#12488,1.);
#12488 = DIRECTION('',(0.572764549972,-0.587836976726,-0.571304173877));
#12489 = PLANE('',#12490);
#12490 = AXIS2_PLACEMENT_3D('',#12491,#12492,#12493);
#12491 = CARTESIAN_POINT('',(1.583333324535,0.965450130632,
    1.787556176808));
#12492 = DIRECTION('',(0.706203774361,3.367442009082E-07,0.708008636302)
  );
#12493 = DIRECTION('',(0.708008636302,1.040774910652E-23,-0.706203774361
    ));
#12494 = ADVANCED_FACE('',(#12495),#12500,.T.);
#12495 = FACE_BOUND('',#12496,.T.);
#12496 = EDGE_LOOP('',(#12497,#12498,#12499));
#12497 = ORIENTED_EDGE('',*,*,#12484,.F.);
#12498 = ORIENTED_EDGE('',*,*,#12384,.F.);
#12499 = ORIENTED_EDGE('',*,*,#12438,.F.);
#12500 = PLANE('',#12501);
#12501 = AXIS2_PLACEMENT_3D('',#12502,#12503,#12504);
#12502 = CARTESIAN_POINT('',(1.499890903717,0.875,1.87078588775));
#12503 = DIRECTION('',(0.706203601117,0.,0.708008809104));
#12504 = DIRECTION('',(0.708008809104,0.,-0.706203601117));
#12505 = ADVANCED_FACE('',(#12506),#12527,.T.);
#12506 = FACE_BOUND('',#12507,.T.);
#12507 = EDGE_LOOP('',(#12508,#12509,#12510,#12511,#12512,#12513,#12521)
  );
#12508 = ORIENTED_EDGE('',*,*,#763,.T.);
#12509 = ORIENTED_EDGE('',*,*,#11090,.T.);
#12510 = ORIENTED_EDGE('',*,*,#11175,.T.);
#12511 = ORIENTED_EDGE('',*,*,#11643,.T.);
#12512 = ORIENTED_EDGE('',*,*,#12111,.T.);
#12513 = ORIENTED_EDGE('',*,*,#12514,.T.);
#12514 = EDGE_CURVE('',#12089,#12515,#12517,.T.);
#12515 = VERTEX_POINT('',#12516);
#12516 = CARTESIAN_POINT('',(0.,1.,2.799999952316));
#12517 = LINE('',#12518,#12519);
#12518 = CARTESIAN_POINT('',(0.243589743972,1.,2.770478487015));
#12519 = VECTOR('',#12520,1.);
#12520 = DIRECTION('',(-0.992736003935,0.,0.120313035417));
#12521 = ORIENTED_EDGE('',*,*,#12522,.T.);
#12522 = EDGE_CURVE('',#12515,#764,#12523,.T.);
#12523 = LINE('',#12524,#12525);
#12524 = CARTESIAN_POINT('',(0.,1.,2.799999952316));
#12525 = VECTOR('',#12526,1.);
#12526 = DIRECTION('',(0.,-1.,0.));
#12527 = PLANE('',#12528);
#12528 = AXIS2_PLACEMENT_3D('',#12529,#12530,#12531);
#12529 = CARTESIAN_POINT('',(0.121794871986,0.5,2.785239219666));
#12530 = DIRECTION('',(0.120313035417,0.,0.992736003935));
#12531 = DIRECTION('',(0.992736003935,0.,-0.120313035417));
#12532 = ADVANCED_FACE('',(#12533),#12547,.T.);
#12533 = FACE_BOUND('',#12534,.T.);
#12534 = EDGE_LOOP('',(#12535,#12536,#12537,#12543,#12544,#12545,#12546)
  );
#12535 = ORIENTED_EDGE('',*,*,#771,.F.);
#12536 = ORIENTED_EDGE('',*,*,#12522,.F.);
#12537 = ORIENTED_EDGE('',*,*,#12538,.F.);
#12538 = EDGE_CURVE('',#191,#12515,#12539,.T.);
#12539 = LINE('',#12540,#12541);
#12540 = CARTESIAN_POINT('',(0.,1.,1.799999952316));
#12541 = VECTOR('',#12542,1.);
#12542 = DIRECTION('',(0.,0.,1.));
#12543 = ORIENTED_EDGE('',*,*,#190,.F.);
#12544 = ORIENTED_EDGE('',*,*,#137,.F.);
#12545 = ORIENTED_EDGE('',*,*,#84,.F.);
#12546 = ORIENTED_EDGE('',*,*,#31,.F.);
#12547 = PLANE('',#12548);
#12548 = AXIS2_PLACEMENT_3D('',#12549,#12550,#12551);
#12549 = CARTESIAN_POINT('',(0.,0.5,2.299999952316));
#12550 = DIRECTION('',(-1.,-0.,-0.));
#12551 = DIRECTION('',(0.,0.,-1.));
#12552 = ADVANCED_FACE('',(#12553),#12574,.T.);
#12553 = FACE_BOUND('',#12554,.T.);
#12554 = EDGE_LOOP('',(#12555,#12556,#12557,#12558,#12559,#12567,#12573)
  );
#12555 = ORIENTED_EDGE('',*,*,#332,.F.);
#12556 = ORIENTED_EDGE('',*,*,#300,.F.);
#12557 = ORIENTED_EDGE('',*,*,#268,.F.);
#12558 = ORIENTED_EDGE('',*,*,#236,.F.);
#12559 = ORIENTED_EDGE('',*,*,#12560,.T.);
#12560 = EDGE_CURVE('',#214,#12561,#12563,.T.);
#12561 = VERTEX_POINT('',#12562);
#12562 = CARTESIAN_POINT('',(0.487179487944,1.,1.683656811714));
#12563 = LINE('',#12564,#12565);
#12564 = CARTESIAN_POINT('',(0.243589743972,1.,1.770478367805));
#12565 = VECTOR('',#12566,1.);
#12566 = DIRECTION('',(0.941955798621,0.,-0.335736911054));
#12567 = ORIENTED_EDGE('',*,*,#12568,.T.);
#12568 = EDGE_CURVE('',#12561,#372,#12569,.T.);
#12569 = LINE('',#12570,#12571);
#12570 = CARTESIAN_POINT('',(0.487179487944,1.,1.683656811714));
#12571 = VECTOR('',#12572,1.);
#12572 = DIRECTION('',(0.,-1.,0.));
#12573 = ORIENTED_EDGE('',*,*,#371,.T.);
#12574 = PLANE('',#12575);
#12575 = AXIS2_PLACEMENT_3D('',#12576,#12577,#12578);
#12576 = CARTESIAN_POINT('',(0.365384615958,0.5,1.72706758976));
#12577 = DIRECTION('',(-0.335736911054,-0.,-0.941955798621));
#12578 = DIRECTION('',(-0.941955798621,0.,0.335736911054));
#12579 = ADVANCED_FACE('',(#12580),#12654,.T.);
#12580 = FACE_BOUND('',#12581,.T.);
#12581 = EDGE_LOOP('',(#12582,#12583,#12591,#12599,#12607,#12615,#12623,
    #12631,#12639,#12647,#12653));
#12582 = ORIENTED_EDGE('',*,*,#12568,.F.);
#12583 = ORIENTED_EDGE('',*,*,#12584,.T.);
#12584 = EDGE_CURVE('',#12561,#12585,#12587,.T.);
#12585 = VERTEX_POINT('',#12586);
#12586 = CARTESIAN_POINT('',(0.730769217014,1.,1.544661164284));
#12587 = LINE('',#12588,#12589);
#12588 = CARTESIAN_POINT('',(0.487179487944,1.,1.683656811714));
#12589 = VECTOR('',#12590,1.);
#12590 = DIRECTION('',(0.868547840556,0.,-0.49560533559));
#12591 = ORIENTED_EDGE('',*,*,#12592,.T.);
#12592 = EDGE_CURVE('',#12585,#12593,#12595,.T.);
#12593 = VERTEX_POINT('',#12594);
#12594 = CARTESIAN_POINT('',(0.608974337578,0.875,1.614158987999));
#12595 = LINE('',#12596,#12597);
#12596 = CARTESIAN_POINT('',(0.730769217014,1.,1.544661164284));
#12597 = VECTOR('',#12598,1.);
#12598 = DIRECTION('',(-0.648350309067,-0.665412117556,0.369957552351));
#12599 = ORIENTED_EDGE('',*,*,#12600,.F.);
#12600 = EDGE_CURVE('',#12601,#12593,#12603,.T.);
#12601 = VERTEX_POINT('',#12602);
#12602 = CARTESIAN_POINT('',(0.730769217014,0.75,1.544661164284));
#12603 = LINE('',#12604,#12605);
#12604 = CARTESIAN_POINT('',(0.730769217014,0.75,1.544661164284));
#12605 = VECTOR('',#12606,1.);
#12606 = DIRECTION('',(-0.648350309067,0.665412117556,0.369957552351));
#12607 = ORIENTED_EDGE('',*,*,#12608,.T.);
#12608 = EDGE_CURVE('',#12601,#12609,#12611,.T.);
#12609 = VERTEX_POINT('',#12610);
#12610 = CARTESIAN_POINT('',(0.608974337578,0.625,1.614158987999));
#12611 = LINE('',#12612,#12613);
#12612 = CARTESIAN_POINT('',(0.730769217014,0.75,1.544661164284));
#12613 = VECTOR('',#12614,1.);
#12614 = DIRECTION('',(-0.648350309067,-0.665412117556,0.369957552351));
#12615 = ORIENTED_EDGE('',*,*,#12616,.F.);
#12616 = EDGE_CURVE('',#12617,#12609,#12619,.T.);
#12617 = VERTEX_POINT('',#12618);
#12618 = CARTESIAN_POINT('',(0.730769217014,0.5,1.544661164284));
#12619 = LINE('',#12620,#12621);
#12620 = CARTESIAN_POINT('',(0.730769217014,0.5,1.544661164284));
#12621 = VECTOR('',#12622,1.);
#12622 = DIRECTION('',(-0.648350309067,0.665412117556,0.369957552351));
#12623 = ORIENTED_EDGE('',*,*,#12624,.T.);
#12624 = EDGE_CURVE('',#12617,#12625,#12627,.T.);
#12625 = VERTEX_POINT('',#12626);
#12626 = CARTESIAN_POINT('',(0.608974337578,0.375,1.614158987999));
#12627 = LINE('',#12628,#12629);
#12628 = CARTESIAN_POINT('',(0.730769217014,0.5,1.544661164284));
#12629 = VECTOR('',#12630,1.);
#12630 = DIRECTION('',(-0.648350309067,-0.665412117556,0.369957552351));
#12631 = ORIENTED_EDGE('',*,*,#12632,.F.);
#12632 = EDGE_CURVE('',#12633,#12625,#12635,.T.);
#12633 = VERTEX_POINT('',#12634);
#12634 = CARTESIAN_POINT('',(0.730769217014,0.25,1.544661164284));
#12635 = LINE('',#12636,#12637);
#12636 = CARTESIAN_POINT('',(0.730769217014,0.25,1.544661164284));
#12637 = VECTOR('',#12638,1.);
#12638 = DIRECTION('',(-0.648350309067,0.665412117556,0.369957552351));
#12639 = ORIENTED_EDGE('',*,*,#12640,.T.);
#12640 = EDGE_CURVE('',#12633,#12641,#12643,.T.);
#12641 = VERTEX_POINT('',#12642);
#12642 = CARTESIAN_POINT('',(0.608974337578,0.125,1.614158987999));
#12643 = LINE('',#12644,#12645);
#12644 = CARTESIAN_POINT('',(0.730769217014,0.25,1.544661164284));
#12645 = VECTOR('',#12646,1.);
#12646 = DIRECTION('',(-0.648350309067,-0.665412117556,0.369957552351));
#12647 = ORIENTED_EDGE('',*,*,#12648,.F.);
#12648 = EDGE_CURVE('',#380,#12641,#12649,.T.);
#12649 = LINE('',#12650,#12651);
#12650 = CARTESIAN_POINT('',(0.730769217014,0.,1.544661164284));
#12651 = VECTOR('',#12652,1.);
#12652 = DIRECTION('',(-0.648350309067,0.665412117556,0.369957552351));
#12653 = ORIENTED_EDGE('',*,*,#379,.T.);
#12654 = PLANE('',#12655);
#12655 = AXIS2_PLACEMENT_3D('',#12656,#12657,#12658);
#12656 = CARTESIAN_POINT('',(0.599092149991,0.5,1.619797906479));
#12657 = DIRECTION('',(-0.495605336807,-0.,-0.868547839862));
#12658 = DIRECTION('',(-0.868547839862,0.,0.495605336807));
#12659 = ADVANCED_FACE('',(#12660),#12670,.T.);
#12660 = FACE_BOUND('',#12661,.T.);
#12661 = EDGE_LOOP('',(#12662,#12663,#12669));
#12662 = ORIENTED_EDGE('',*,*,#12592,.F.);
#12663 = ORIENTED_EDGE('',*,*,#12664,.T.);
#12664 = EDGE_CURVE('',#12585,#12601,#12665,.T.);
#12665 = LINE('',#12666,#12667);
#12666 = CARTESIAN_POINT('',(0.730769217014,1.,1.544661164284));
#12667 = VECTOR('',#12668,1.);
#12668 = DIRECTION('',(0.,-1.,0.));
#12669 = ORIENTED_EDGE('',*,*,#12600,.T.);
#12670 = PLANE('',#12671);
#12671 = AXIS2_PLACEMENT_3D('',#12672,#12673,#12674);
#12672 = CARTESIAN_POINT('',(0.694203228887,0.875,1.565526217138));
#12673 = DIRECTION('',(-0.495605289848,-0.,-0.868547866657));
#12674 = DIRECTION('',(-0.868547866657,0.,0.495605289848));
#12675 = ADVANCED_FACE('',(#12676),#12686,.T.);
#12676 = FACE_BOUND('',#12677,.T.);
#12677 = EDGE_LOOP('',(#12678,#12679,#12685));
#12678 = ORIENTED_EDGE('',*,*,#12608,.F.);
#12679 = ORIENTED_EDGE('',*,*,#12680,.T.);
#12680 = EDGE_CURVE('',#12601,#12617,#12681,.T.);
#12681 = LINE('',#12682,#12683);
#12682 = CARTESIAN_POINT('',(0.730769217014,0.75,1.544661164284));
#12683 = VECTOR('',#12684,1.);
#12684 = DIRECTION('',(0.,-1.,0.));
#12685 = ORIENTED_EDGE('',*,*,#12616,.T.);
#12686 = PLANE('',#12687);
#12687 = AXIS2_PLACEMENT_3D('',#12688,#12689,#12690);
#12688 = CARTESIAN_POINT('',(0.694203228887,0.625,1.565526217138));
#12689 = DIRECTION('',(-0.495605289848,-0.,-0.868547866657));
#12690 = DIRECTION('',(-0.868547866657,0.,0.495605289848));
#12691 = ADVANCED_FACE('',(#12692),#12702,.T.);
#12692 = FACE_BOUND('',#12693,.T.);
#12693 = EDGE_LOOP('',(#12694,#12695,#12701));
#12694 = ORIENTED_EDGE('',*,*,#12624,.F.);
#12695 = ORIENTED_EDGE('',*,*,#12696,.T.);
#12696 = EDGE_CURVE('',#12617,#12633,#12697,.T.);
#12697 = LINE('',#12698,#12699);
#12698 = CARTESIAN_POINT('',(0.730769217014,0.5,1.544661164284));
#12699 = VECTOR('',#12700,1.);
#12700 = DIRECTION('',(0.,-1.,0.));
#12701 = ORIENTED_EDGE('',*,*,#12632,.T.);
#12702 = PLANE('',#12703);
#12703 = AXIS2_PLACEMENT_3D('',#12704,#12705,#12706);
#12704 = CARTESIAN_POINT('',(0.694203228887,0.375,1.565526217138));
#12705 = DIRECTION('',(-0.495605289848,-0.,-0.868547866657));
#12706 = DIRECTION('',(-0.868547866657,0.,0.495605289848));
#12707 = ADVANCED_FACE('',(#12708),#12718,.T.);
#12708 = FACE_BOUND('',#12709,.T.);
#12709 = EDGE_LOOP('',(#12710,#12711,#12717));
#12710 = ORIENTED_EDGE('',*,*,#12640,.F.);
#12711 = ORIENTED_EDGE('',*,*,#12712,.T.);
#12712 = EDGE_CURVE('',#12633,#380,#12713,.T.);
#12713 = LINE('',#12714,#12715);
#12714 = CARTESIAN_POINT('',(0.730769217014,0.25,1.544661164284));
#12715 = VECTOR('',#12716,1.);
#12716 = DIRECTION('',(0.,-1.,0.));
#12717 = ORIENTED_EDGE('',*,*,#12648,.T.);
#12718 = PLANE('',#12719);
#12719 = AXIS2_PLACEMENT_3D('',#12720,#12721,#12722);
#12720 = CARTESIAN_POINT('',(0.694203228887,0.125,1.565526217138));
#12721 = DIRECTION('',(-0.495605289848,-0.,-0.868547866657));
#12722 = DIRECTION('',(-0.868547866657,0.,0.495605289848));
#12723 = ADVANCED_FACE('',(#12724),#12741,.T.);
#12724 = FACE_BOUND('',#12725,.T.);
#12725 = EDGE_LOOP('',(#12726,#12727,#12728,#12729,#12730,#12736,#12737,
    #12738,#12739,#12740));
#12726 = ORIENTED_EDGE('',*,*,#12712,.F.);
#12727 = ORIENTED_EDGE('',*,*,#12696,.F.);
#12728 = ORIENTED_EDGE('',*,*,#12680,.F.);
#12729 = ORIENTED_EDGE('',*,*,#12664,.F.);
#12730 = ORIENTED_EDGE('',*,*,#12731,.T.);
#12731 = EDGE_CURVE('',#12585,#796,#12732,.T.);
#12732 = LINE('',#12733,#12734);
#12733 = CARTESIAN_POINT('',(0.730769217014,1.,1.544661164284));
#12734 = VECTOR('',#12735,1.);
#12735 = DIRECTION('',(0.799573860725,0.,-0.600567765739));
#12736 = ORIENTED_EDGE('',*,*,#795,.T.);
#12737 = ORIENTED_EDGE('',*,*,#889,.T.);
#12738 = ORIENTED_EDGE('',*,*,#974,.T.);
#12739 = ORIENTED_EDGE('',*,*,#1057,.T.);
#12740 = ORIENTED_EDGE('',*,*,#387,.T.);
#12741 = PLANE('',#12742);
#12742 = AXIS2_PLACEMENT_3D('',#12743,#12744,#12745);
#12743 = CARTESIAN_POINT('',(0.852564096451,0.5,1.453179836273));
#12744 = DIRECTION('',(-0.600567765739,-0.,-0.799573860725));
#12745 = DIRECTION('',(-0.799573860725,0.,0.600567765739));
#12746 = ADVANCED_FACE('',(#12747),#12764,.T.);
#12747 = FACE_BOUND('',#12748,.T.);
#12748 = EDGE_LOOP('',(#12749,#12750,#12751,#12752,#12753,#12759,#12760,
    #12761,#12762,#12763));
#12749 = ORIENTED_EDGE('',*,*,#1484,.F.);
#12750 = ORIENTED_EDGE('',*,*,#1874,.F.);
#12751 = ORIENTED_EDGE('',*,*,#2264,.F.);
#12752 = ORIENTED_EDGE('',*,*,#2654,.F.);
#12753 = ORIENTED_EDGE('',*,*,#12754,.T.);
#12754 = EDGE_CURVE('',#2632,#2696,#12755,.T.);
#12755 = LINE('',#12756,#12757);
#12756 = CARTESIAN_POINT('',(2.435897350311,1.,3.883915767074E-02));
#12757 = VECTOR('',#12758,1.);
#12758 = DIRECTION('',(0.876245507341,0.,-0.481864930105));
#12759 = ORIENTED_EDGE('',*,*,#2695,.T.);
#12760 = ORIENTED_EDGE('',*,*,#2789,.T.);
#12761 = ORIENTED_EDGE('',*,*,#2874,.T.);
#12762 = ORIENTED_EDGE('',*,*,#2957,.T.);
#12763 = ORIENTED_EDGE('',*,*,#443,.T.);
#12764 = PLANE('',#12765);
#12765 = AXIS2_PLACEMENT_3D('',#12766,#12767,#12768);
#12766 = CARTESIAN_POINT('',(2.557692289352,0.5,-2.813831530511E-02));
#12767 = DIRECTION('',(-0.481864930105,-0.,-0.876245507341));
#12768 = DIRECTION('',(-0.876245507341,0.,0.481864930105));
#12769 = ADVANCED_FACE('',(#12770),#12791,.T.);
#12770 = FACE_BOUND('',#12771,.T.);
#12771 = EDGE_LOOP('',(#12772,#12773,#12774,#12775,#12776,#12782,#12783,
    #12784,#12785,#12786,#12787,#12788,#12789,#12790));
#12772 = ORIENTED_EDGE('',*,*,#2994,.F.);
#12773 = ORIENTED_EDGE('',*,*,#2911,.F.);
#12774 = ORIENTED_EDGE('',*,*,#2826,.F.);
#12775 = ORIENTED_EDGE('',*,*,#2741,.F.);
#12776 = ORIENTED_EDGE('',*,*,#12777,.T.);
#12777 = EDGE_CURVE('',#2719,#3026,#12778,.T.);
#12778 = LINE('',#12779,#12780);
#12779 = CARTESIAN_POINT('',(2.923076868057,1.,-0.176220282912));
#12780 = VECTOR('',#12781,1.);
#12781 = DIRECTION('',(0.99539216538,0.,-9.588762745734E-02));
#12782 = ORIENTED_EDGE('',*,*,#3025,.T.);
#12783 = ORIENTED_EDGE('',*,*,#3043,.F.);
#12784 = ORIENTED_EDGE('',*,*,#3142,.T.);
#12785 = ORIENTED_EDGE('',*,*,#3158,.F.);
#12786 = ORIENTED_EDGE('',*,*,#3250,.T.);
#12787 = ORIENTED_EDGE('',*,*,#3266,.F.);
#12788 = ORIENTED_EDGE('',*,*,#3358,.T.);
#12789 = ORIENTED_EDGE('',*,*,#3372,.F.);
#12790 = ORIENTED_EDGE('',*,*,#459,.T.);
#12791 = PLANE('',#12792);
#12792 = AXIS2_PLACEMENT_3D('',#12793,#12794,#12795);
#12793 = CARTESIAN_POINT('',(3.032209768492,0.5,-0.186733221491));
#12794 = DIRECTION('',(-9.588762949104E-02,-0.,-0.995392165184));
#12795 = DIRECTION('',(-0.995392165184,0.,9.588762949104E-02));
#12796 = ADVANCED_FACE('',(#12797),#12814,.T.);
#12797 = FACE_BOUND('',#12798,.T.);
#12798 = EDGE_LOOP('',(#12799,#12800,#12801,#12802,#12803,#12809,#12810,
    #12811,#12812,#12813));
#12799 = ORIENTED_EDGE('',*,*,#3426,.F.);
#12800 = ORIENTED_EDGE('',*,*,#3320,.F.);
#12801 = ORIENTED_EDGE('',*,*,#3212,.F.);
#12802 = ORIENTED_EDGE('',*,*,#3104,.F.);
#12803 = ORIENTED_EDGE('',*,*,#12804,.T.);
#12804 = EDGE_CURVE('',#3082,#3468,#12805,.T.);
#12805 = LINE('',#12806,#12807);
#12806 = CARTESIAN_POINT('',(3.410256385803,1.,-0.164126455784));
#12807 = VECTOR('',#12808,1.);
#12808 = DIRECTION('',(0.934885341896,0.,0.354949852103));
#12809 = ORIENTED_EDGE('',*,*,#3467,.T.);
#12810 = ORIENTED_EDGE('',*,*,#3561,.T.);
#12811 = ORIENTED_EDGE('',*,*,#3646,.T.);
#12812 = ORIENTED_EDGE('',*,*,#3729,.T.);
#12813 = ORIENTED_EDGE('',*,*,#475,.T.);
#12814 = PLANE('',#12815);
#12815 = AXIS2_PLACEMENT_3D('',#12816,#12817,#12818);
#12816 = CARTESIAN_POINT('',(3.532051324844,0.5,-0.117884319276));
#12817 = DIRECTION('',(0.354949852103,0.,-0.934885341896));
#12818 = DIRECTION('',(-0.934885341896,0.,-0.354949852103));
#12819 = ADVANCED_FACE('',(#12820),#12837,.T.);
#12820 = FACE_BOUND('',#12821,.T.);
#12821 = EDGE_LOOP('',(#12822,#12823,#12824,#12825,#12826,#12832,#12833,
    #12834,#12835,#12836));
#12822 = ORIENTED_EDGE('',*,*,#4000,.F.);
#12823 = ORIENTED_EDGE('',*,*,#4234,.F.);
#12824 = ORIENTED_EDGE('',*,*,#4468,.F.);
#12825 = ORIENTED_EDGE('',*,*,#4702,.F.);
#12826 = ORIENTED_EDGE('',*,*,#12827,.T.);
#12827 = EDGE_CURVE('',#4680,#4744,#12828,.T.);
#12828 = LINE('',#12829,#12830);
#12829 = CARTESIAN_POINT('',(4.628205299377,1.,0.715915560722));
#12830 = VECTOR('',#12831,1.);
#12831 = DIRECTION('',(0.708230078223,0.,0.705981696859));
#12832 = ORIENTED_EDGE('',*,*,#4743,.T.);
#12833 = ORIENTED_EDGE('',*,*,#4837,.T.);
#12834 = ORIENTED_EDGE('',*,*,#4922,.T.);
#12835 = ORIENTED_EDGE('',*,*,#5005,.T.);
#12836 = ORIENTED_EDGE('',*,*,#515,.T.);
#12837 = PLANE('',#12838);
#12838 = AXIS2_PLACEMENT_3D('',#12839,#12840,#12841);
#12839 = CARTESIAN_POINT('',(4.75,0.5,0.837323606014));
#12840 = DIRECTION('',(0.705981696859,0.,-0.708230078223));
#12841 = DIRECTION('',(-0.708230078223,0.,-0.705981696859));
#12842 = ADVANCED_FACE('',(#12843),#12860,.T.);
#12843 = FACE_BOUND('',#12844,.T.);
#12844 = EDGE_LOOP('',(#12845,#12846,#12847,#12848,#12849,#12855,#12856,
    #12857,#12858,#12859));
#12845 = ORIENTED_EDGE('',*,*,#5198,.F.);
#12846 = ORIENTED_EDGE('',*,*,#5354,.F.);
#12847 = ORIENTED_EDGE('',*,*,#5510,.F.);
#12848 = ORIENTED_EDGE('',*,*,#5666,.F.);
#12849 = ORIENTED_EDGE('',*,*,#12850,.T.);
#12850 = EDGE_CURVE('',#5644,#5708,#12851,.T.);
#12851 = LINE('',#12852,#12853);
#12852 = CARTESIAN_POINT('',(5.602564334869,1.,1.57718193531));
#12853 = VECTOR('',#12854,1.);
#12854 = DIRECTION('',(0.883981272823,0.,0.467522308879));
#12855 = ORIENTED_EDGE('',*,*,#5707,.T.);
#12856 = ORIENTED_EDGE('',*,*,#5801,.T.);
#12857 = ORIENTED_EDGE('',*,*,#5886,.T.);
#12858 = ORIENTED_EDGE('',*,*,#5969,.T.);
#12859 = ORIENTED_EDGE('',*,*,#547,.T.);
#12860 = PLANE('',#12861);
#12861 = AXIS2_PLACEMENT_3D('',#12862,#12863,#12864);
#12862 = CARTESIAN_POINT('',(5.724359035492,0.5,1.641597032547));
#12863 = DIRECTION('',(0.467522308879,0.,-0.883981272823));
#12864 = DIRECTION('',(-0.883981272823,0.,-0.467522308879));
#12865 = ADVANCED_FACE('',(#12866),#12883,.T.);
#12866 = FACE_BOUND('',#12867,.T.);
#12867 = EDGE_LOOP('',(#12868,#12869,#12870,#12871,#12872,#12878,#12879,
    #12880,#12881,#12882));
#12868 = ORIENTED_EDGE('',*,*,#6006,.F.);
#12869 = ORIENTED_EDGE('',*,*,#5923,.F.);
#12870 = ORIENTED_EDGE('',*,*,#5838,.F.);
#12871 = ORIENTED_EDGE('',*,*,#5753,.F.);
#12872 = ORIENTED_EDGE('',*,*,#12873,.T.);
#12873 = EDGE_CURVE('',#5731,#6317,#12874,.T.);
#12874 = LINE('',#12875,#12876);
#12875 = CARTESIAN_POINT('',(6.089743614197,1.,1.781348466873));
#12876 = VECTOR('',#12877,1.);
#12877 = DIRECTION('',(0.,0.,1.));
#12878 = ORIENTED_EDGE('',*,*,#6316,.F.);
#12879 = ORIENTED_EDGE('',*,*,#6231,.F.);
#12880 = ORIENTED_EDGE('',*,*,#6146,.F.);
#12881 = ORIENTED_EDGE('',*,*,#6061,.F.);
#12882 = ORIENTED_EDGE('',*,*,#563,.F.);
#12883 = PLANE('',#12884);
#12884 = AXIS2_PLACEMENT_3D('',#12885,#12886,#12887);
#12885 = CARTESIAN_POINT('',(6.089743614197,0.5,2.281348466873));
#12886 = DIRECTION('',(1.,0.,0.));
#12887 = DIRECTION('',(0.,0.,1.));
#12888 = ADVANCED_FACE('',(#12889),#12943,.T.);
#12889 = FACE_BOUND('',#12890,.T.);
#12890 = EDGE_LOOP('',(#12891,#12892,#12893,#12894,#12895,#12896,#12897,
    #12898,#12899,#12900,#12901,#12902,#12903,#12904,#12905,#12906,
    #12907,#12908,#12909,#12910,#12911,#12912,#12913,#12914,#12915,
    #12916,#12917,#12918,#12919,#12920,#12921,#12922,#12923,#12924,
    #12925,#12926,#12927,#12928,#12929,#12930,#12931,#12932,#12933,
    #12934,#12935,#12936,#12937,#12938,#12939,#12940,#12941,#12942));
#12891 = ORIENTED_EDGE('',*,*,#213,.F.);
#12892 = ORIENTED_EDGE('',*,*,#12538,.T.);
#12893 = ORIENTED_EDGE('',*,*,#12514,.F.);
#12894 = ORIENTED_EDGE('',*,*,#12088,.F.);
#12895 = ORIENTED_EDGE('',*,*,#12173,.F.);
#12896 = ORIENTED_EDGE('',*,*,#12251,.F.);
#12897 = ORIENTED_EDGE('',*,*,#12329,.F.);
#12898 = ORIENTED_EDGE('',*,*,#12407,.F.);
#12899 = ORIENTED_EDGE('',*,*,#12478,.F.);
#12900 = ORIENTED_EDGE('',*,*,#10591,.F.);
#12901 = ORIENTED_EDGE('',*,*,#10477,.F.);
#12902 = ORIENTED_EDGE('',*,*,#10555,.F.);
#12903 = ORIENTED_EDGE('',*,*,#9916,.F.);
#12904 = ORIENTED_EDGE('',*,*,#9873,.F.);
#12905 = ORIENTED_EDGE('',*,*,#9553,.F.);
#12906 = ORIENTED_EDGE('',*,*,#8815,.F.);
#12907 = ORIENTED_EDGE('',*,*,#8900,.F.);
#12908 = ORIENTED_EDGE('',*,*,#8978,.F.);
#12909 = ORIENTED_EDGE('',*,*,#9056,.F.);
#12910 = ORIENTED_EDGE('',*,*,#9134,.F.);
#12911 = ORIENTED_EDGE('',*,*,#9212,.F.);
#12912 = ORIENTED_EDGE('',*,*,#9290,.F.);
#12913 = ORIENTED_EDGE('',*,*,#9368,.F.);
#12914 = ORIENTED_EDGE('',*,*,#9446,.F.);
#12915 = ORIENTED_EDGE('',*,*,#9517,.F.);
#12916 = ORIENTED_EDGE('',*,*,#6382,.F.);
#12917 = ORIENTED_EDGE('',*,*,#6339,.F.);
#12918 = ORIENTED_EDGE('',*,*,#12873,.F.);
#12919 = ORIENTED_EDGE('',*,*,#5730,.F.);
#12920 = ORIENTED_EDGE('',*,*,#12850,.F.);
#12921 = ORIENTED_EDGE('',*,*,#5643,.F.);
#12922 = ORIENTED_EDGE('',*,*,#5565,.F.);
#12923 = ORIENTED_EDGE('',*,*,#4766,.F.);
#12924 = ORIENTED_EDGE('',*,*,#12827,.F.);
#12925 = ORIENTED_EDGE('',*,*,#4679,.F.);
#12926 = ORIENTED_EDGE('',*,*,#4601,.F.);
#12927 = ORIENTED_EDGE('',*,*,#4523,.F.);
#12928 = ORIENTED_EDGE('',*,*,#3490,.F.);
#12929 = ORIENTED_EDGE('',*,*,#12804,.F.);
#12930 = ORIENTED_EDGE('',*,*,#3081,.F.);
#12931 = ORIENTED_EDGE('',*,*,#12777,.F.);
#12932 = ORIENTED_EDGE('',*,*,#2718,.F.);
#12933 = ORIENTED_EDGE('',*,*,#12754,.F.);
#12934 = ORIENTED_EDGE('',*,*,#2631,.F.);
#12935 = ORIENTED_EDGE('',*,*,#2553,.F.);
#12936 = ORIENTED_EDGE('',*,*,#2475,.F.);
#12937 = ORIENTED_EDGE('',*,*,#2397,.F.);
#12938 = ORIENTED_EDGE('',*,*,#2319,.F.);
#12939 = ORIENTED_EDGE('',*,*,#818,.F.);
#12940 = ORIENTED_EDGE('',*,*,#12731,.F.);
#12941 = ORIENTED_EDGE('',*,*,#12584,.F.);
#12942 = ORIENTED_EDGE('',*,*,#12560,.F.);
#12943 = PLANE('',#12944);
#12944 = AXIS2_PLACEMENT_3D('',#12945,#12946,#12947);
#12945 = CARTESIAN_POINT('',(3.060083317255,1.,1.394625644201));
#12946 = DIRECTION('',(0.,1.,0.));
#12947 = DIRECTION('',(0.,0.,1.));
#12948 = ( GEOMETRIC_REPRESENTATION_CONTEXT(3) 
GLOBAL_UNCERTAINTY_ASSIGNED_CONTEXT((#12952)) 
GLOBAL_UNIT_ASSIGNED_CONTEXT((#12949,#12950,#12951)) 
REPRESENTATION_CONTEXT('Context #1',
  '3D Context with UNIT and UNCERTAINTY') );
#12949 = ( LENGTH_UNIT() NAMED_UNIT(*) SI_UNIT(.MILLI.,.METRE.) );
#12950 = ( NAMED_UNIT(*) PLANE_ANGLE_UNIT() SI_UNIT($,.RADIAN.) );
#12951 = ( NAMED_UNIT(*) SI_UNIT($,.STERADIAN.) SOLID_ANGLE_UNIT() );
#12952 = UNCERTAINTY_MEASURE_WITH_UNIT(LENGTH_MEASURE(1.E-07),#12949,
  'distance_accuracy_value','confusion accuracy');
#12953 = PRODUCT_RELATED_PRODUCT_CATEGORY('part',$,(#7));
ENDSEC;
END-ISO-10303-21;
