ISO-10303-21;
HEADER;
FILE_DESCRIPTION(('FreeCAD Model'),'2;1');
FILE_NAME('Open CASCADE Shape Model','2025-09-18T11:20:49',('FreeCAD'),(
    'FreeCAD'),'Open CASCADE STEP processor 7.8','FreeCAD','Unknown');
FILE_SCHEMA(('AUTOMOTIVE_DESIGN { 1 0 10303 214 1 1 1 1 }'));
ENDSEC;
DATA;
#1 = APPLICATION_PROTOCOL_DEFINITION('international standard',
  'automotive_design',2000,#2);
#2 = APPLICATION_CONTEXT(
  'core data for automotive mechanical design processes');
#3 = SHAPE_DEFINITION_REPRESENTATION(#4,#10);
#4 = PRODUCT_DEFINITION_SHAPE('','',#5);
#5 = PRODUCT_DEFINITION('design','',#6,#9);
#6 = PRODUCT_DEFINITION_FORMATION('','',#7);
#7 = PRODUCT('Open CASCADE STEP translator 7.8 1',
  'Open CASCADE STEP translator 7.8 1','',(#8));
#8 = PRODUCT_CONTEXT('',#2,'mechanical');
#9 = PRODUCT_DEFINITION_CONTEXT('part definition',#2,'design');
#10 = ADVANCED_BREP_SHAPE_REPRESENTATION('',(#11,#15),#20145);
#11 = AXIS2_PLACEMENT_3D('',#12,#13,#14);
#12 = CARTESIAN_POINT('',(0.,0.,0.));
#13 = DIRECTION('',(0.,0.,1.));
#14 = DIRECTION('',(1.,0.,-0.));
#15 = MANIFOLD_SOLID_BREP('',#16);
#16 = CLOSED_SHELL('',(#17,#49,#72,#95,#111,#141,#157,#180,#196,#226,
    #242,#265,#281,#313,#336,#359,#375,#405,#421,#444,#460,#490,#506,
    #529,#545,#575,#591,#614,#630,#660,#676,#699,#715,#745,#761,#784,
    #800,#830,#846,#869,#885,#915,#931,#954,#970,#1000,#1016,#1039,#1055
    ,#1085,#1101,#1124,#1140,#1170,#1186,#1209,#1225,#1255,#1271,#1294,
    #1310,#1340,#1356,#1379,#1395,#1425,#1441,#1464,#1480,#1510,#1526,
    #1549,#1565,#1595,#1611,#1634,#1650,#1680,#1696,#1719,#1735,#1765,
    #1781,#1804,#1820,#1850,#1866,#1889,#1905,#1935,#1951,#1974,#1990,
    #2020,#2036,#2059,#2075,#2105,#2121,#2144,#2160,#2190,#2206,#2229,
    #2245,#2275,#2291,#2314,#2330,#2360,#2376,#2399,#2415,#2438,#2459,
    #2482,#2505,#2521,#2544,#2560,#2576,#2599,#2615,#2636,#2647,#2670,
    #2693,#2716,#2732,#2755,#2776,#2792,#2803,#2826,#2849,#2872,#2888,
    #2911,#2932,#2948,#2959,#2982,#3005,#3028,#3044,#3067,#3088,#3104,
    #3115,#3138,#3161,#3184,#3200,#3223,#3244,#3260,#3271,#3294,#3317,
    #3340,#3356,#3379,#3400,#3416,#3427,#3450,#3473,#3496,#3512,#3535,
    #3556,#3572,#3583,#3606,#3629,#3652,#3668,#3691,#3712,#3728,#3739,
    #3762,#3785,#3808,#3824,#3847,#3868,#3884,#3895,#3918,#3941,#3964,
    #3980,#4003,#4024,#4040,#4051,#4074,#4097,#4120,#4136,#4159,#4180,
    #4196,#4207,#4230,#4253,#4276,#4292,#4315,#4336,#4352,#4363,#4386,
    #4409,#4432,#4448,#4471,#4492,#4508,#4519,#4542,#4565,#4588,#4604,
    #4627,#4648,#4664,#4675,#4698,#4721,#4744,#4760,#4783,#4804,#4820,
    #4831,#4854,#4877,#4900,#4916,#4939,#4960,#4976,#4987,#5010,#5033,
    #5056,#5072,#5095,#5116,#5132,#5143,#5166,#5189,#5212,#5228,#5251,
    #5272,#5288,#5299,#5322,#5345,#5368,#5384,#5407,#5428,#5444,#5455,
    #5478,#5501,#5524,#5540,#5563,#5584,#5600,#5611,#5634,#5657,#5680,
    #5696,#5719,#5740,#5756,#5767,#5790,#5813,#5836,#5852,#5875,#5896,
    #5912,#5923,#5946,#5969,#5992,#6008,#6031,#6052,#6068,#6079,#6102,
    #6125,#6148,#6164,#6187,#6208,#6224,#6235,#6258,#6281,#6304,#6320,
    #6343,#6364,#6380,#6391,#6414,#6435,#6451,#6462,#6485,#6508,#6531,
    #6547,#6570,#6586,#6607,#6618,#6641,#6664,#6685,#6696,#6719,#6742,
    #6763,#6774,#6797,#6820,#6841,#6852,#6875,#6898,#6919,#6930,#6953,
    #6976,#6997,#7008,#7031,#7054,#7075,#7086,#7109,#7132,#7153,#7164,
    #7187,#7210,#7231,#7242,#7265,#7288,#7309,#7320,#7343,#7366,#7387,
    #7398,#7421,#7444,#7465,#7476,#7499,#7522,#7543,#7554,#7577,#7600,
    #7621,#7632,#7655,#7678,#7699,#7710,#7733,#7756,#7777,#7788,#7811,
    #7834,#7855,#7866,#7889,#7912,#7933,#7944,#7967,#7990,#8011,#8022,
    #8045,#8068,#8089,#8100,#8123,#8146,#8167,#8178,#8201,#8224,#8245,
    #8256,#8279,#8302,#8323,#8334,#8357,#8380,#8401,#8412,#8435,#8458,
    #8479,#8490,#8513,#8536,#8557,#8568,#8591,#8614,#8635,#8646,#8669,
    #8692,#8713,#8724,#8747,#8770,#8791,#8802,#8825,#8848,#8869,#8880,
    #8903,#8926,#8947,#8958,#8981,#9004,#9025,#9036,#9059,#9082,#9103,
    #9114,#9137,#9160,#9181,#9192,#9215,#9238,#9259,#9270,#9293,#9316,
    #9337,#9348,#9371,#9394,#9415,#9426,#9449,#9472,#9493,#9504,#9527,
    #9550,#9571,#9582,#9605,#9628,#9649,#9660,#9683,#9706,#9727,#9738,
    #9761,#9784,#9805,#9816,#9839,#9862,#9883,#9894,#9917,#9940,#9961,
    #9972,#9995,#10018,#10039,#10050,#10073,#10096,#10117,#10128,#10151,
    #10174,#10195,#10206,#10229,#10252,#10273,#10284,#10307,#10330,
    #10351,#10362,#10385,#10406,#10422,#10433,#10456,#10479,#10502,
    #10518,#10541,#10557,#10578,#10589,#10612,#10635,#10656,#10667,
    #10690,#10713,#10734,#10745,#10768,#10791,#10812,#10823,#10846,
    #10869,#10890,#10901,#10924,#10947,#10968,#10979,#11002,#11025,
    #11046,#11057,#11080,#11103,#11124,#11135,#11158,#11181,#11202,
    #11213,#11236,#11259,#11280,#11291,#11314,#11337,#11358,#11369,
    #11392,#11415,#11436,#11447,#11470,#11493,#11514,#11525,#11548,
    #11571,#11592,#11603,#11626,#11649,#11670,#11681,#11704,#11727,
    #11748,#11759,#11782,#11805,#11826,#11837,#11860,#11883,#11904,
    #11915,#11938,#11961,#11982,#11993,#12016,#12039,#12060,#12071,
    #12094,#12117,#12138,#12149,#12172,#12195,#12216,#12227,#12250,
    #12273,#12294,#12305,#12328,#12351,#12372,#12383,#12406,#12429,
    #12450,#12461,#12484,#12507,#12528,#12539,#12562,#12585,#12606,
    #12617,#12640,#12663,#12684,#12695,#12718,#12741,#12762,#12773,
    #12796,#12819,#12840,#12851,#12874,#12897,#12918,#12929,#12952,
    #12975,#12996,#13007,#13030,#13053,#13074,#13085,#13108,#13131,
    #13152,#13163,#13186,#13209,#13230,#13241,#13264,#13287,#13308,
    #13319,#13342,#13365,#13386,#13397,#13420,#13443,#13464,#13475,
    #13498,#13521,#13542,#13553,#13576,#13599,#13620,#13631,#13654,
    #13677,#13698,#13709,#13732,#13755,#13776,#13787,#13810,#13833,
    #13854,#13865,#13888,#13911,#13932,#13943,#13966,#13989,#14010,
    #14021,#14044,#14067,#14088,#14099,#14122,#14145,#14166,#14177,
    #14200,#14223,#14244,#14255,#14278,#14301,#14322,#14333,#14356,
    #14377,#14393,#14404,#14427,#14450,#14473,#14489,#14512,#14533,
    #14549,#14565,#14588,#14604,#14620,#14631,#14654,#14677,#14698,
    #14709,#14732,#14755,#14776,#14787,#14810,#14826,#14842,#14858,
    #14881,#14904,#14925,#14936,#14959,#14982,#15003,#15014,#15037,
    #15053,#15069,#15085,#15108,#15131,#15152,#15163,#15186,#15209,
    #15230,#15241,#15264,#15280,#15296,#15312,#15335,#15358,#15379,
    #15390,#15413,#15436,#15457,#15468,#15491,#15507,#15523,#15539,
    #15562,#15585,#15606,#15617,#15640,#15663,#15684,#15695,#15718,
    #15734,#15750,#15766,#15789,#15812,#15833,#15844,#15867,#15890,
    #15911,#15922,#15945,#15961,#15977,#15993,#16016,#16039,#16060,
    #16071,#16094,#16117,#16138,#16149,#16172,#16188,#16204,#16220,
    #16243,#16266,#16287,#16298,#16321,#16344,#16365,#16376,#16399,
    #16415,#16431,#16447,#16470,#16493,#16514,#16525,#16548,#16571,
    #16592,#16603,#16626,#16642,#16658,#16674,#16697,#16720,#16741,
    #16752,#16775,#16798,#16819,#16830,#16853,#16869,#16885,#16901,
    #16924,#16947,#16968,#16979,#17002,#17025,#17046,#17057,#17080,
    #17096,#17112,#17128,#17151,#17174,#17195,#17206,#17229,#17252,
    #17273,#17284,#17307,#17323,#17339,#17355,#17378,#17401,#17422,
    #17433,#17456,#17479,#17500,#17511,#17534,#17550,#17566,#17582,
    #17605,#17628,#17649,#17660,#17683,#17706,#17727,#17738,#17761,
    #17777,#17793,#17809,#17832,#17855,#17876,#17887,#17910,#17933,
    #17954,#17965,#17988,#18004,#18020,#18036,#18059,#18082,#18103,
    #18114,#18137,#18160,#18181,#18192,#18215,#18231,#18247,#18263,
    #18286,#18309,#18330,#18341,#18364,#18387,#18408,#18419,#18442,
    #18458,#18474,#18490,#18513,#18536,#18557,#18568,#18591,#18614,
    #18635,#18646,#18669,#18685,#18701,#18717,#18740,#18763,#18784,
    #18795,#18818,#18841,#18862,#18873,#18896,#18912,#18928,#18944,
    #18967,#18990,#19011,#19022,#19045,#19068,#19089,#19100,#19123,
    #19139,#19155,#19171,#19194,#19217,#19238,#19249,#19272,#19295,
    #19316,#19327,#19350,#19366,#19382,#19398,#19421,#19444,#19465,
    #19476,#19499,#19522,#19543,#19554,#19577,#19593,#19609,#19625,
    #19648,#19671,#19692,#19703,#19726,#19749,#19770,#19781,#19804,
    #19820,#19836,#19852,#19875,#19898,#19919,#19930,#19953,#19976,
    #19997,#20008,#20031,#20052,#20068,#20079,#20102,#20118,#20134));
#17 = ADVANCED_FACE('',(#18),#44,.T.);
#18 = FACE_BOUND('',#19,.T.);
#19 = EDGE_LOOP('',(#20,#30,#38));
#20 = ORIENTED_EDGE('',*,*,#21,.T.);
#21 = EDGE_CURVE('',#22,#24,#26,.T.);
#22 = VERTEX_POINT('',#23);
#23 = CARTESIAN_POINT('',(0.121794871986,0.875,1.785239219666));
#24 = VERTEX_POINT('',#25);
#25 = CARTESIAN_POINT('',(0.,0.75,1.799999952316));
#26 = LINE('',#27,#28);
#27 = CARTESIAN_POINT('',(0.121794871986,0.875,1.785239219666));
#28 = VECTOR('',#29,1.);
#29 = DIRECTION('',(-0.695382056144,-0.713681582817,8.427570433388E-02)
  );
#30 = ORIENTED_EDGE('',*,*,#31,.T.);
#31 = EDGE_CURVE('',#24,#32,#34,.T.);
#32 = VERTEX_POINT('',#33);
#33 = CARTESIAN_POINT('',(0.,1.,1.799999952316));
#34 = LINE('',#35,#36);
#35 = CARTESIAN_POINT('',(0.,0.75,1.799999952316));
#36 = VECTOR('',#37,1.);
#37 = DIRECTION('',(0.,1.,0.));
#38 = ORIENTED_EDGE('',*,*,#39,.T.);
#39 = EDGE_CURVE('',#32,#22,#40,.T.);
#40 = LINE('',#41,#42);
#41 = CARTESIAN_POINT('',(0.,1.,1.799999952316));
#42 = VECTOR('',#43,1.);
#43 = DIRECTION('',(0.695382056144,-0.713681582817,-8.427570433388E-02)
  );
#44 = PLANE('',#45);
#45 = AXIS2_PLACEMENT_3D('',#46,#47,#48);
#46 = CARTESIAN_POINT('',(3.553602758153E-02,0.875,1.795693220891));
#47 = DIRECTION('',(-0.120313035417,-0.,-0.992736003935));
#48 = DIRECTION('',(-0.992736003935,0.,0.120313035417));
#49 = ADVANCED_FACE('',(#50),#67,.T.);
#50 = FACE_BOUND('',#51,.T.);
#51 = EDGE_LOOP('',(#52,#53,#61));
#52 = ORIENTED_EDGE('',*,*,#39,.F.);
#53 = ORIENTED_EDGE('',*,*,#54,.T.);
#54 = EDGE_CURVE('',#32,#55,#57,.T.);
#55 = VERTEX_POINT('',#56);
#56 = CARTESIAN_POINT('',(0.243589743972,1.,1.770478367805));
#57 = LINE('',#58,#59);
#58 = CARTESIAN_POINT('',(0.,1.,1.799999952316));
#59 = VECTOR('',#60,1.);
#60 = DIRECTION('',(0.992735945908,0.,-0.120313514215));
#61 = ORIENTED_EDGE('',*,*,#62,.T.);
#62 = EDGE_CURVE('',#55,#22,#63,.T.);
#63 = LINE('',#64,#65);
#64 = CARTESIAN_POINT('',(0.243589743972,1.,1.770478367805));
#65 = VECTOR('',#66,1.);
#66 = DIRECTION('',(-0.695382016256,-0.713681541881,8.427638011959E-02)
  );
#67 = PLANE('',#68);
#68 = AXIS2_PLACEMENT_3D('',#69,#70,#71);
#69 = CARTESIAN_POINT('',(0.121794873013,0.963245461942,1.785239177462)
  );
#70 = DIRECTION('',(-0.120313514215,-4.733733872911E-07,-0.992735945908)
  );
#71 = DIRECTION('',(-0.992735945908,7.439009957954E-24,0.120313514215));
#72 = ADVANCED_FACE('',(#73),#90,.T.);
#73 = FACE_BOUND('',#74,.T.);
#74 = EDGE_LOOP('',(#75,#76,#84));
#75 = ORIENTED_EDGE('',*,*,#62,.F.);
#76 = ORIENTED_EDGE('',*,*,#77,.T.);
#77 = EDGE_CURVE('',#55,#78,#80,.T.);
#78 = VERTEX_POINT('',#79);
#79 = CARTESIAN_POINT('',(0.243589743972,0.75,1.770478367805));
#80 = LINE('',#81,#82);
#81 = CARTESIAN_POINT('',(0.243589743972,1.,1.770478367805));
#82 = VECTOR('',#83,1.);
#83 = DIRECTION('',(0.,-1.,0.));
#84 = ORIENTED_EDGE('',*,*,#85,.T.);
#85 = EDGE_CURVE('',#78,#22,#86,.T.);
#86 = LINE('',#87,#88);
#87 = CARTESIAN_POINT('',(0.243589743972,0.75,1.770478367805));
#88 = VECTOR('',#89,1.);
#89 = DIRECTION('',(-0.695382016256,0.713681541881,8.427638011959E-02));
#90 = PLANE('',#91);
#91 = AXIS2_PLACEMENT_3D('',#92,#93,#94);
#92 = CARTESIAN_POINT('',(0.208053715541,0.875,1.774785134115));
#93 = DIRECTION('',(-0.120313993013,-0.,-0.99273588788));
#94 = DIRECTION('',(-0.99273588788,0.,0.120313993013));
#95 = ADVANCED_FACE('',(#96),#106,.T.);
#96 = FACE_BOUND('',#97,.T.);
#97 = EDGE_LOOP('',(#98,#99,#105));
#98 = ORIENTED_EDGE('',*,*,#85,.F.);
#99 = ORIENTED_EDGE('',*,*,#100,.F.);
#100 = EDGE_CURVE('',#24,#78,#101,.T.);
#101 = LINE('',#102,#103);
#102 = CARTESIAN_POINT('',(0.,0.75,1.799999952316));
#103 = VECTOR('',#104,1.);
#104 = DIRECTION('',(0.992735945908,0.,-0.120313514215));
#105 = ORIENTED_EDGE('',*,*,#21,.F.);
#106 = PLANE('',#107);
#107 = AXIS2_PLACEMENT_3D('',#108,#109,#110);
#108 = CARTESIAN_POINT('',(0.121794873013,0.786754538058,1.785239177462)
  );
#109 = DIRECTION('',(-0.120313514215,4.733733872941E-07,-0.992735945908)
  );
#110 = DIRECTION('',(-0.992735945908,-3.384787216273E-24,0.120313514215)
  );
#111 = ADVANCED_FACE('',(#112),#136,.T.);
#112 = FACE_BOUND('',#113,.T.);
#113 = EDGE_LOOP('',(#114,#124,#130));
#114 = ORIENTED_EDGE('',*,*,#115,.T.);
#115 = EDGE_CURVE('',#116,#118,#120,.T.);
#116 = VERTEX_POINT('',#117);
#117 = CARTESIAN_POINT('',(0.121794871986,0.625,1.785239219666));
#118 = VERTEX_POINT('',#119);
#119 = CARTESIAN_POINT('',(0.,0.5,1.799999952316));
#120 = LINE('',#121,#122);
#121 = CARTESIAN_POINT('',(0.121794871986,0.625,1.785239219666));
#122 = VECTOR('',#123,1.);
#123 = DIRECTION('',(-0.695382056144,-0.713681582817,8.427570433388E-02)
  );
#124 = ORIENTED_EDGE('',*,*,#125,.T.);
#125 = EDGE_CURVE('',#118,#24,#126,.T.);
#126 = LINE('',#127,#128);
#127 = CARTESIAN_POINT('',(0.,0.5,1.799999952316));
#128 = VECTOR('',#129,1.);
#129 = DIRECTION('',(0.,1.,0.));
#130 = ORIENTED_EDGE('',*,*,#131,.T.);
#131 = EDGE_CURVE('',#24,#116,#132,.T.);
#132 = LINE('',#133,#134);
#133 = CARTESIAN_POINT('',(0.,0.75,1.799999952316));
#134 = VECTOR('',#135,1.);
#135 = DIRECTION('',(0.695382056144,-0.713681582817,-8.427570433388E-02)
  );
#136 = PLANE('',#137);
#137 = AXIS2_PLACEMENT_3D('',#138,#139,#140);
#138 = CARTESIAN_POINT('',(3.553602758153E-02,0.625,1.795693220891));
#139 = DIRECTION('',(-0.120313035417,-0.,-0.992736003935));
#140 = DIRECTION('',(-0.992736003935,0.,0.120313035417));
#141 = ADVANCED_FACE('',(#142),#152,.T.);
#142 = FACE_BOUND('',#143,.T.);
#143 = EDGE_LOOP('',(#144,#145,#146));
#144 = ORIENTED_EDGE('',*,*,#131,.F.);
#145 = ORIENTED_EDGE('',*,*,#100,.T.);
#146 = ORIENTED_EDGE('',*,*,#147,.T.);
#147 = EDGE_CURVE('',#78,#116,#148,.T.);
#148 = LINE('',#149,#150);
#149 = CARTESIAN_POINT('',(0.243589743972,0.75,1.770478367805));
#150 = VECTOR('',#151,1.);
#151 = DIRECTION('',(-0.695382016256,-0.713681541881,8.427638011959E-02)
  );
#152 = PLANE('',#153);
#153 = AXIS2_PLACEMENT_3D('',#154,#155,#156);
#154 = CARTESIAN_POINT('',(0.121794873013,0.713245461942,1.785239177462)
  );
#155 = DIRECTION('',(-0.120313514215,-4.733733872929E-07,-0.992735945908
    ));
#156 = DIRECTION('',(-0.992735945908,7.050575946921E-24,0.120313514215)
  );
#157 = ADVANCED_FACE('',(#158),#175,.T.);
#158 = FACE_BOUND('',#159,.T.);
#159 = EDGE_LOOP('',(#160,#161,#169));
#160 = ORIENTED_EDGE('',*,*,#147,.F.);
#161 = ORIENTED_EDGE('',*,*,#162,.T.);
#162 = EDGE_CURVE('',#78,#163,#165,.T.);
#163 = VERTEX_POINT('',#164);
#164 = CARTESIAN_POINT('',(0.243589743972,0.5,1.770478367805));
#165 = LINE('',#166,#167);
#166 = CARTESIAN_POINT('',(0.243589743972,0.75,1.770478367805));
#167 = VECTOR('',#168,1.);
#168 = DIRECTION('',(0.,-1.,0.));
#169 = ORIENTED_EDGE('',*,*,#170,.T.);
#170 = EDGE_CURVE('',#163,#116,#171,.T.);
#171 = LINE('',#172,#173);
#172 = CARTESIAN_POINT('',(0.243589743972,0.5,1.770478367805));
#173 = VECTOR('',#174,1.);
#174 = DIRECTION('',(-0.695382016256,0.713681541881,8.427638011959E-02)
  );
#175 = PLANE('',#176);
#176 = AXIS2_PLACEMENT_3D('',#177,#178,#179);
#177 = CARTESIAN_POINT('',(0.208053715541,0.625,1.774785134115));
#178 = DIRECTION('',(-0.120313993013,-0.,-0.99273588788));
#179 = DIRECTION('',(-0.99273588788,0.,0.120313993013));
#180 = ADVANCED_FACE('',(#181),#191,.T.);
#181 = FACE_BOUND('',#182,.T.);
#182 = EDGE_LOOP('',(#183,#184,#190));
#183 = ORIENTED_EDGE('',*,*,#170,.F.);
#184 = ORIENTED_EDGE('',*,*,#185,.F.);
#185 = EDGE_CURVE('',#118,#163,#186,.T.);
#186 = LINE('',#187,#188);
#187 = CARTESIAN_POINT('',(0.,0.5,1.799999952316));
#188 = VECTOR('',#189,1.);
#189 = DIRECTION('',(0.992735945908,0.,-0.120313514215));
#190 = ORIENTED_EDGE('',*,*,#115,.F.);
#191 = PLANE('',#192);
#192 = AXIS2_PLACEMENT_3D('',#193,#194,#195);
#193 = CARTESIAN_POINT('',(0.121794873013,0.536754538058,1.785239177462)
  );
#194 = DIRECTION('',(-0.120313514215,4.733733872959E-07,-0.992735945908)
  );
#195 = DIRECTION('',(-0.992735945908,-9.421520194823E-24,0.120313514215)
  );
#196 = ADVANCED_FACE('',(#197),#221,.T.);
#197 = FACE_BOUND('',#198,.T.);
#198 = EDGE_LOOP('',(#199,#209,#215));
#199 = ORIENTED_EDGE('',*,*,#200,.T.);
#200 = EDGE_CURVE('',#201,#203,#205,.T.);
#201 = VERTEX_POINT('',#202);
#202 = CARTESIAN_POINT('',(0.121794871986,0.375,1.785239219666));
#203 = VERTEX_POINT('',#204);
#204 = CARTESIAN_POINT('',(0.,0.25,1.799999952316));
#205 = LINE('',#206,#207);
#206 = CARTESIAN_POINT('',(0.121794871986,0.375,1.785239219666));
#207 = VECTOR('',#208,1.);
#208 = DIRECTION('',(-0.695382056144,-0.713681582817,8.427570433388E-02)
  );
#209 = ORIENTED_EDGE('',*,*,#210,.T.);
#210 = EDGE_CURVE('',#203,#118,#211,.T.);
#211 = LINE('',#212,#213);
#212 = CARTESIAN_POINT('',(0.,0.25,1.799999952316));
#213 = VECTOR('',#214,1.);
#214 = DIRECTION('',(0.,1.,0.));
#215 = ORIENTED_EDGE('',*,*,#216,.T.);
#216 = EDGE_CURVE('',#118,#201,#217,.T.);
#217 = LINE('',#218,#219);
#218 = CARTESIAN_POINT('',(0.,0.5,1.799999952316));
#219 = VECTOR('',#220,1.);
#220 = DIRECTION('',(0.695382056144,-0.713681582817,-8.427570433388E-02)
  );
#221 = PLANE('',#222);
#222 = AXIS2_PLACEMENT_3D('',#223,#224,#225);
#223 = CARTESIAN_POINT('',(3.553602758153E-02,0.375,1.795693220891));
#224 = DIRECTION('',(-0.120313035417,-0.,-0.992736003935));
#225 = DIRECTION('',(-0.992736003935,0.,0.120313035417));
#226 = ADVANCED_FACE('',(#227),#237,.T.);
#227 = FACE_BOUND('',#228,.T.);
#228 = EDGE_LOOP('',(#229,#230,#231));
#229 = ORIENTED_EDGE('',*,*,#216,.F.);
#230 = ORIENTED_EDGE('',*,*,#185,.T.);
#231 = ORIENTED_EDGE('',*,*,#232,.T.);
#232 = EDGE_CURVE('',#163,#201,#233,.T.);
#233 = LINE('',#234,#235);
#234 = CARTESIAN_POINT('',(0.243589743972,0.5,1.770478367805));
#235 = VECTOR('',#236,1.);
#236 = DIRECTION('',(-0.695382016256,-0.713681541881,8.427638011959E-02)
  );
#237 = PLANE('',#238);
#238 = AXIS2_PLACEMENT_3D('',#239,#240,#241);
#239 = CARTESIAN_POINT('',(0.121794873013,0.463245461942,1.785239177462)
  );
#240 = DIRECTION('',(-0.120313514215,-4.733733872954E-07,-0.992735945908
    ));
#241 = DIRECTION('',(-0.992735945908,4.414383463906E-24,0.120313514215)
  );
#242 = ADVANCED_FACE('',(#243),#260,.T.);
#243 = FACE_BOUND('',#244,.T.);
#244 = EDGE_LOOP('',(#245,#246,#254));
#245 = ORIENTED_EDGE('',*,*,#232,.F.);
#246 = ORIENTED_EDGE('',*,*,#247,.T.);
#247 = EDGE_CURVE('',#163,#248,#250,.T.);
#248 = VERTEX_POINT('',#249);
#249 = CARTESIAN_POINT('',(0.243589743972,0.25,1.770478367805));
#250 = LINE('',#251,#252);
#251 = CARTESIAN_POINT('',(0.243589743972,0.5,1.770478367805));
#252 = VECTOR('',#253,1.);
#253 = DIRECTION('',(0.,-1.,0.));
#254 = ORIENTED_EDGE('',*,*,#255,.T.);
#255 = EDGE_CURVE('',#248,#201,#256,.T.);
#256 = LINE('',#257,#258);
#257 = CARTESIAN_POINT('',(0.243589743972,0.25,1.770478367805));
#258 = VECTOR('',#259,1.);
#259 = DIRECTION('',(-0.695382016256,0.713681541881,8.427638011959E-02)
  );
#260 = PLANE('',#261);
#261 = AXIS2_PLACEMENT_3D('',#262,#263,#264);
#262 = CARTESIAN_POINT('',(0.208053715541,0.375,1.774785134115));
#263 = DIRECTION('',(-0.120313993013,-0.,-0.99273588788));
#264 = DIRECTION('',(-0.99273588788,0.,0.120313993013));
#265 = ADVANCED_FACE('',(#266),#276,.T.);
#266 = FACE_BOUND('',#267,.T.);
#267 = EDGE_LOOP('',(#268,#269,#275));
#268 = ORIENTED_EDGE('',*,*,#255,.F.);
#269 = ORIENTED_EDGE('',*,*,#270,.F.);
#270 = EDGE_CURVE('',#203,#248,#271,.T.);
#271 = LINE('',#272,#273);
#272 = CARTESIAN_POINT('',(0.,0.25,1.799999952316));
#273 = VECTOR('',#274,1.);
#274 = DIRECTION('',(0.992735945908,0.,-0.120313514215));
#275 = ORIENTED_EDGE('',*,*,#200,.F.);
#276 = PLANE('',#277);
#277 = AXIS2_PLACEMENT_3D('',#278,#279,#280);
#278 = CARTESIAN_POINT('',(0.121794873013,0.286754538058,1.785239177462)
  );
#279 = DIRECTION('',(-0.120313514215,4.733733872934E-07,-0.992735945908)
  );
#280 = DIRECTION('',(-0.992735945908,-5.007642478019E-24,0.120313514215)
  );
#281 = ADVANCED_FACE('',(#282),#308,.T.);
#282 = FACE_BOUND('',#283,.T.);
#283 = EDGE_LOOP('',(#284,#294,#302));
#284 = ORIENTED_EDGE('',*,*,#285,.T.);
#285 = EDGE_CURVE('',#286,#288,#290,.T.);
#286 = VERTEX_POINT('',#287);
#287 = CARTESIAN_POINT('',(5.967948913574,0.125,2.743680238724));
#288 = VERTEX_POINT('',#289);
#289 = CARTESIAN_POINT('',(5.846153736115,0.,2.706012010574));
#290 = LINE('',#291,#292);
#291 = CARTESIAN_POINT('',(5.967948913574,0.125,2.743680238724));
#292 = VECTOR('',#293,1.);
#293 = DIRECTION('',(-0.682157765415,-0.700107528519,-0.210974480907));
#294 = ORIENTED_EDGE('',*,*,#295,.T.);
#295 = EDGE_CURVE('',#288,#296,#298,.T.);
#296 = VERTEX_POINT('',#297);
#297 = CARTESIAN_POINT('',(6.089743614197,0.,2.781348466873));
#298 = LINE('',#299,#300);
#299 = CARTESIAN_POINT('',(5.846153736115,0.,2.706012010574));
#300 = VECTOR('',#301,1.);
#301 = DIRECTION('',(0.955352789837,0.,0.295467505744));
#302 = ORIENTED_EDGE('',*,*,#303,.T.);
#303 = EDGE_CURVE('',#296,#286,#304,.T.);
#304 = LINE('',#305,#306);
#305 = CARTESIAN_POINT('',(6.089743614197,0.,2.781348466873));
#306 = VECTOR('',#307,1.);
#307 = DIRECTION('',(-0.682156337494,0.700108804003,-0.210974865269));
#308 = PLANE('',#309);
#309 = AXIS2_PLACEMENT_3D('',#310,#311,#312);
#310 = CARTESIAN_POINT('',(5.967948712341,3.646362779578E-02,
    2.743680228714));
#311 = DIRECTION('',(-0.295467505744,5.635595431244E-07,0.955352789837)
  );
#312 = DIRECTION('',(0.955352789837,7.930114572134E-24,0.295467505744));
#313 = ADVANCED_FACE('',(#314),#331,.T.);
#314 = FACE_BOUND('',#315,.T.);
#315 = EDGE_LOOP('',(#316,#317,#325));
#316 = ORIENTED_EDGE('',*,*,#303,.F.);
#317 = ORIENTED_EDGE('',*,*,#318,.T.);
#318 = EDGE_CURVE('',#296,#319,#321,.T.);
#319 = VERTEX_POINT('',#320);
#320 = CARTESIAN_POINT('',(6.089743614197,0.25,2.781348466873));
#321 = LINE('',#322,#323);
#322 = CARTESIAN_POINT('',(6.089743614197,0.,2.781348466873));
#323 = VECTOR('',#324,1.);
#324 = DIRECTION('',(0.,1.,0.));
#325 = ORIENTED_EDGE('',*,*,#326,.T.);
#326 = EDGE_CURVE('',#319,#286,#327,.T.);
#327 = LINE('',#328,#329);
#328 = CARTESIAN_POINT('',(6.089743614197,0.25,2.781348466873));
#329 = VECTOR('',#330,1.);
#330 = DIRECTION('',(-0.682156337494,-0.700108804003,-0.210974865269));
#331 = PLANE('',#332);
#332 = AXIS2_PLACEMENT_3D('',#333,#334,#335);
#333 = CARTESIAN_POINT('',(6.053923935969,0.125,2.770270285271));
#334 = DIRECTION('',(-0.295468033641,0.,0.955352626571));
#335 = DIRECTION('',(0.955352626571,0.,0.295468033641));
#336 = ADVANCED_FACE('',(#337),#354,.T.);
#337 = FACE_BOUND('',#338,.T.);
#338 = EDGE_LOOP('',(#339,#340,#348));
#339 = ORIENTED_EDGE('',*,*,#326,.F.);
#340 = ORIENTED_EDGE('',*,*,#341,.T.);
#341 = EDGE_CURVE('',#319,#342,#344,.T.);
#342 = VERTEX_POINT('',#343);
#343 = CARTESIAN_POINT('',(5.846153736115,0.25,2.706012010574));
#344 = LINE('',#345,#346);
#345 = CARTESIAN_POINT('',(6.089743614197,0.25,2.781348466873));
#346 = VECTOR('',#347,1.);
#347 = DIRECTION('',(-0.955352789837,0.,-0.295467505744));
#348 = ORIENTED_EDGE('',*,*,#349,.T.);
#349 = EDGE_CURVE('',#342,#286,#350,.T.);
#350 = LINE('',#351,#352);
#351 = CARTESIAN_POINT('',(5.846153736115,0.25,2.706012010574));
#352 = VECTOR('',#353,1.);
#353 = DIRECTION('',(0.682157765415,-0.700107528519,0.210974480907));
#354 = PLANE('',#355);
#355 = AXIS2_PLACEMENT_3D('',#356,#357,#358);
#356 = CARTESIAN_POINT('',(5.967948712341,0.213536372204,2.743680228714)
  );
#357 = DIRECTION('',(-0.295467505744,-5.635595431293E-07,0.955352789837)
  );
#358 = DIRECTION('',(0.955352789837,-8.444137606552E-24,0.295467505744)
  );
#359 = ADVANCED_FACE('',(#360),#370,.T.);
#360 = FACE_BOUND('',#361,.T.);
#361 = EDGE_LOOP('',(#362,#363,#369));
#362 = ORIENTED_EDGE('',*,*,#349,.F.);
#363 = ORIENTED_EDGE('',*,*,#364,.F.);
#364 = EDGE_CURVE('',#288,#342,#365,.T.);
#365 = LINE('',#366,#367);
#366 = CARTESIAN_POINT('',(5.846153736115,0.,2.706012010574));
#367 = VECTOR('',#368,1.);
#368 = DIRECTION('',(0.,1.,0.));
#369 = ORIENTED_EDGE('',*,*,#285,.F.);
#370 = PLANE('',#371);
#371 = AXIS2_PLACEMENT_3D('',#372,#373,#374);
#372 = CARTESIAN_POINT('',(5.881973581453,0.125,2.717090200488));
#373 = DIRECTION('',(-0.295466977849,0.,0.955352953102));
#374 = DIRECTION('',(0.955352953102,0.,0.295466977849));
#375 = ADVANCED_FACE('',(#376),#400,.T.);
#376 = FACE_BOUND('',#377,.T.);
#377 = EDGE_LOOP('',(#378,#388,#394));
#378 = ORIENTED_EDGE('',*,*,#379,.T.);
#379 = EDGE_CURVE('',#380,#382,#384,.T.);
#380 = VERTEX_POINT('',#381);
#381 = CARTESIAN_POINT('',(5.724359035492,0.125,2.641597032547));
#382 = VERTEX_POINT('',#383);
#383 = CARTESIAN_POINT('',(5.602564334869,0.,2.57718205452));
#384 = LINE('',#385,#386);
#385 = CARTESIAN_POINT('',(5.724359035492,0.125,2.641597032547));
#386 = VECTOR('',#387,1.);
#387 = DIRECTION('',(-0.654694428059,-0.671924173129,-0.346255846785));
#388 = ORIENTED_EDGE('',*,*,#389,.T.);
#389 = EDGE_CURVE('',#382,#288,#390,.T.);
#390 = LINE('',#391,#392);
#391 = CARTESIAN_POINT('',(5.602564334869,0.,2.57718205452));
#392 = VECTOR('',#393,1.);
#393 = DIRECTION('',(0.8839816304,0.,0.467521632778));
#394 = ORIENTED_EDGE('',*,*,#395,.T.);
#395 = EDGE_CURVE('',#288,#380,#396,.T.);
#396 = LINE('',#397,#398);
#397 = CARTESIAN_POINT('',(5.846153736115,0.,2.706012010574));
#398 = VECTOR('',#399,1.);
#399 = DIRECTION('',(-0.654694428059,0.671924173129,-0.346255846785));
#400 = PLANE('',#401);
#401 = AXIS2_PLACEMENT_3D('',#402,#403,#404);
#402 = CARTESIAN_POINT('',(5.724359035492,3.590674697008E-02,
    2.641597032547));
#403 = DIRECTION('',(-0.467521632778,0.,0.8839816304));
#404 = DIRECTION('',(0.8839816304,0.,0.467521632778));
#405 = ADVANCED_FACE('',(#406),#416,.T.);
#406 = FACE_BOUND('',#407,.T.);
#407 = EDGE_LOOP('',(#408,#409,#410));
#408 = ORIENTED_EDGE('',*,*,#395,.F.);
#409 = ORIENTED_EDGE('',*,*,#364,.T.);
#410 = ORIENTED_EDGE('',*,*,#411,.T.);
#411 = EDGE_CURVE('',#342,#380,#412,.T.);
#412 = LINE('',#413,#414);
#413 = CARTESIAN_POINT('',(5.846153736115,0.25,2.706012010574));
#414 = VECTOR('',#415,1.);
#415 = DIRECTION('',(-0.654694428059,-0.671924173129,-0.346255846785));
#416 = PLANE('',#417);
#417 = AXIS2_PLACEMENT_3D('',#418,#419,#420);
#418 = CARTESIAN_POINT('',(5.809730224038,0.125,2.686748284664));
#419 = DIRECTION('',(-0.467521632778,0.,0.8839816304));
#420 = DIRECTION('',(0.8839816304,0.,0.467521632778));
#421 = ADVANCED_FACE('',(#422),#439,.T.);
#422 = FACE_BOUND('',#423,.T.);
#423 = EDGE_LOOP('',(#424,#425,#433));
#424 = ORIENTED_EDGE('',*,*,#411,.F.);
#425 = ORIENTED_EDGE('',*,*,#426,.T.);
#426 = EDGE_CURVE('',#342,#427,#429,.T.);
#427 = VERTEX_POINT('',#428);
#428 = CARTESIAN_POINT('',(5.602564334869,0.25,2.57718205452));
#429 = LINE('',#430,#431);
#430 = CARTESIAN_POINT('',(5.846153736115,0.25,2.706012010574));
#431 = VECTOR('',#432,1.);
#432 = DIRECTION('',(-0.8839816304,0.,-0.467521632778));
#433 = ORIENTED_EDGE('',*,*,#434,.T.);
#434 = EDGE_CURVE('',#427,#380,#435,.T.);
#435 = LINE('',#436,#437);
#436 = CARTESIAN_POINT('',(5.602564334869,0.25,2.57718205452));
#437 = VECTOR('',#438,1.);
#438 = DIRECTION('',(0.654694428059,-0.671924173129,0.346255846785));
#439 = PLANE('',#440);
#440 = AXIS2_PLACEMENT_3D('',#441,#442,#443);
#441 = CARTESIAN_POINT('',(5.724359035492,0.21409325303,2.641597032547)
  );
#442 = DIRECTION('',(-0.467521632778,0.,0.8839816304));
#443 = DIRECTION('',(0.8839816304,0.,0.467521632778));
#444 = ADVANCED_FACE('',(#445),#455,.T.);
#445 = FACE_BOUND('',#446,.T.);
#446 = EDGE_LOOP('',(#447,#448,#454));
#447 = ORIENTED_EDGE('',*,*,#434,.F.);
#448 = ORIENTED_EDGE('',*,*,#449,.F.);
#449 = EDGE_CURVE('',#382,#427,#450,.T.);
#450 = LINE('',#451,#452);
#451 = CARTESIAN_POINT('',(5.602564334869,0.,2.57718205452));
#452 = VECTOR('',#453,1.);
#453 = DIRECTION('',(0.,1.,0.));
#454 = ORIENTED_EDGE('',*,*,#379,.F.);
#455 = PLANE('',#456);
#456 = AXIS2_PLACEMENT_3D('',#457,#458,#459);
#457 = CARTESIAN_POINT('',(5.638987846946,0.125,2.59644578043));
#458 = DIRECTION('',(-0.467521632778,0.,0.8839816304));
#459 = DIRECTION('',(0.8839816304,0.,0.467521632778));
#460 = ADVANCED_FACE('',(#461),#485,.T.);
#461 = FACE_BOUND('',#462,.T.);
#462 = EDGE_LOOP('',(#463,#473,#479));
#463 = ORIENTED_EDGE('',*,*,#464,.T.);
#464 = EDGE_CURVE('',#465,#467,#469,.T.);
#465 = VERTEX_POINT('',#466);
#466 = CARTESIAN_POINT('',(5.48076915741,0.125,2.48982334137));
#467 = VERTEX_POINT('',#468);
#468 = CARTESIAN_POINT('',(5.358974456787,0.,2.40246462822));
#469 = LINE('',#470,#471);
#470 = CARTESIAN_POINT('',(5.48076915741,0.125,2.48982334137));
#471 = VECTOR('',#472,1.);
#472 = DIRECTION('',(-0.624051010066,-0.640474305199,-0.447608088863));
#473 = ORIENTED_EDGE('',*,*,#474,.T.);
#474 = EDGE_CURVE('',#467,#382,#475,.T.);
#475 = LINE('',#476,#477);
#476 = CARTESIAN_POINT('',(5.358974456787,0.,2.40246462822));
#477 = VECTOR('',#478,1.);
#478 = DIRECTION('',(0.812588545206,0.,0.582837761474));
#479 = ORIENTED_EDGE('',*,*,#480,.T.);
#480 = EDGE_CURVE('',#382,#465,#481,.T.);
#481 = LINE('',#482,#483);
#482 = CARTESIAN_POINT('',(5.602564334869,0.,2.57718205452));
#483 = VECTOR('',#484,1.);
#484 = DIRECTION('',(-0.624052501793,0.640473328674,-0.447607406399));
#485 = PLANE('',#486);
#486 = AXIS2_PLACEMENT_3D('',#487,#488,#489);
#487 = CARTESIAN_POINT('',(5.48076935466,3.535107850951E-02,
    2.489823360204));
#488 = DIRECTION('',(-0.582837761474,-1.111674807486E-06,0.812588545205)
  );
#489 = DIRECTION('',(0.812588545206,-7.943987805763E-25,0.582837761474)
  );
#490 = ADVANCED_FACE('',(#491),#501,.T.);
#491 = FACE_BOUND('',#492,.T.);
#492 = EDGE_LOOP('',(#493,#494,#495));
#493 = ORIENTED_EDGE('',*,*,#480,.F.);
#494 = ORIENTED_EDGE('',*,*,#449,.T.);
#495 = ORIENTED_EDGE('',*,*,#496,.T.);
#496 = EDGE_CURVE('',#427,#465,#497,.T.);
#497 = LINE('',#498,#499);
#498 = CARTESIAN_POINT('',(5.602564334869,0.25,2.57718205452));
#499 = VECTOR('',#500,1.);
#500 = DIRECTION('',(-0.624052501793,-0.640473328674,-0.447607406399));
#501 = PLANE('',#502);
#502 = AXIS2_PLACEMENT_3D('',#503,#504,#505);
#503 = CARTESIAN_POINT('',(5.565442372771,0.125,2.550555985195));
#504 = DIRECTION('',(-0.58283700812,0.,0.812589085557));
#505 = DIRECTION('',(0.812589085557,0.,0.58283700812));
#506 = ADVANCED_FACE('',(#507),#524,.T.);
#507 = FACE_BOUND('',#508,.T.);
#508 = EDGE_LOOP('',(#509,#510,#518));
#509 = ORIENTED_EDGE('',*,*,#496,.F.);
#510 = ORIENTED_EDGE('',*,*,#511,.T.);
#511 = EDGE_CURVE('',#427,#512,#514,.T.);
#512 = VERTEX_POINT('',#513);
#513 = CARTESIAN_POINT('',(5.358974456787,0.25,2.40246462822));
#514 = LINE('',#515,#516);
#515 = CARTESIAN_POINT('',(5.602564334869,0.25,2.57718205452));
#516 = VECTOR('',#517,1.);
#517 = DIRECTION('',(-0.812588545206,0.,-0.582837761474));
#518 = ORIENTED_EDGE('',*,*,#519,.T.);
#519 = EDGE_CURVE('',#512,#465,#520,.T.);
#520 = LINE('',#521,#522);
#521 = CARTESIAN_POINT('',(5.358974456787,0.25,2.40246462822));
#522 = VECTOR('',#523,1.);
#523 = DIRECTION('',(0.624051010066,-0.640474305199,0.447608088863));
#524 = PLANE('',#525);
#525 = AXIS2_PLACEMENT_3D('',#526,#527,#528);
#526 = CARTESIAN_POINT('',(5.48076935466,0.21464892149,2.489823360204));
#527 = DIRECTION('',(-0.582837761474,1.111674807513E-06,0.812588545205)
  );
#528 = DIRECTION('',(0.812588545206,4.628169377993E-23,0.582837761474));
#529 = ADVANCED_FACE('',(#530),#540,.T.);
#530 = FACE_BOUND('',#531,.T.);
#531 = EDGE_LOOP('',(#532,#533,#539));
#532 = ORIENTED_EDGE('',*,*,#519,.F.);
#533 = ORIENTED_EDGE('',*,*,#534,.F.);
#534 = EDGE_CURVE('',#467,#512,#535,.T.);
#535 = LINE('',#536,#537);
#536 = CARTESIAN_POINT('',(5.358974456787,0.,2.40246462822));
#537 = VECTOR('',#538,1.);
#538 = DIRECTION('',(0.,1.,0.));
#539 = ORIENTED_EDGE('',*,*,#464,.F.);
#540 = PLANE('',#541);
#541 = AXIS2_PLACEMENT_3D('',#542,#543,#544);
#542 = CARTESIAN_POINT('',(5.396096251452,0.125,2.429090681695));
#543 = DIRECTION('',(-0.58283851483,0.,0.812588004853));
#544 = DIRECTION('',(0.812588004853,0.,0.58283851483));
#545 = ADVANCED_FACE('',(#546),#570,.T.);
#546 = FACE_BOUND('',#547,.T.);
#547 = EDGE_LOOP('',(#548,#558,#564));
#548 = ORIENTED_EDGE('',*,*,#549,.T.);
#549 = EDGE_CURVE('',#550,#552,#554,.T.);
#550 = VERTEX_POINT('',#551);
#551 = CARTESIAN_POINT('',(5.237179279327,0.125,2.297320127487));
#552 = VERTEX_POINT('',#553);
#553 = CARTESIAN_POINT('',(5.115384578705,0.,2.192175865173));
#554 = LINE('',#555,#556);
#555 = CARTESIAN_POINT('',(5.237179279327,0.125,2.297320127487));
#556 = VECTOR('',#557,1.);
#557 = DIRECTION('',(-0.597763943944,-0.613495436263,-0.516044200631));
#558 = ORIENTED_EDGE('',*,*,#559,.T.);
#559 = EDGE_CURVE('',#552,#467,#560,.T.);
#560 = LINE('',#561,#562);
#561 = CARTESIAN_POINT('',(5.115384578705,0.,2.192175865173));
#562 = VECTOR('',#563,1.);
#563 = DIRECTION('',(0.756952599166,0.,0.653469787072));
#564 = ORIENTED_EDGE('',*,*,#565,.T.);
#565 = EDGE_CURVE('',#467,#550,#566,.T.);
#566 = LINE('',#567,#568);
#567 = CARTESIAN_POINT('',(5.358974456787,0.,2.40246462822));
#568 = VECTOR('',#569,1.);
#569 = DIRECTION('',(-0.597765087041,0.613494207559,-0.516044337248));
#570 = PLANE('',#571);
#571 = AXIS2_PLACEMENT_3D('',#572,#573,#574);
#572 = CARTESIAN_POINT('',(5.237179485212,3.492207851805E-02,
    2.297320242808));
#573 = DIRECTION('',(-0.653469787072,-5.245084524275E-07,0.756952599166)
  );
#574 = DIRECTION('',(0.756952599166,2.995172191912E-23,0.653469787072));
#575 = ADVANCED_FACE('',(#576),#586,.T.);
#576 = FACE_BOUND('',#577,.T.);
#577 = EDGE_LOOP('',(#578,#579,#580));
#578 = ORIENTED_EDGE('',*,*,#565,.F.);
#579 = ORIENTED_EDGE('',*,*,#534,.T.);
#580 = ORIENTED_EDGE('',*,*,#581,.T.);
#581 = EDGE_CURVE('',#512,#550,#582,.T.);
#582 = LINE('',#583,#584);
#583 = CARTESIAN_POINT('',(5.358974456787,0.25,2.40246462822));
#584 = VECTOR('',#585,1.);
#585 = DIRECTION('',(-0.597765087041,-0.613494207559,-0.516044337248));
#586 = PLANE('',#587);
#587 = AXIS2_PLACEMENT_3D('',#588,#589,#590);
#588 = CARTESIAN_POINT('',(5.321231781019,0.125,2.369881771634));
#589 = DIRECTION('',(-0.653469478632,0.,0.756952865439));
#590 = DIRECTION('',(0.756952865439,0.,0.653469478632));
#591 = ADVANCED_FACE('',(#592),#609,.T.);
#592 = FACE_BOUND('',#593,.T.);
#593 = EDGE_LOOP('',(#594,#595,#603));
#594 = ORIENTED_EDGE('',*,*,#581,.F.);
#595 = ORIENTED_EDGE('',*,*,#596,.T.);
#596 = EDGE_CURVE('',#512,#597,#599,.T.);
#597 = VERTEX_POINT('',#598);
#598 = CARTESIAN_POINT('',(5.115384578705,0.25,2.192175865173));
#599 = LINE('',#600,#601);
#600 = CARTESIAN_POINT('',(5.358974456787,0.25,2.40246462822));
#601 = VECTOR('',#602,1.);
#602 = DIRECTION('',(-0.756952599166,0.,-0.653469787072));
#603 = ORIENTED_EDGE('',*,*,#604,.T.);
#604 = EDGE_CURVE('',#597,#550,#605,.T.);
#605 = LINE('',#606,#607);
#606 = CARTESIAN_POINT('',(5.115384578705,0.25,2.192175865173));
#607 = VECTOR('',#608,1.);
#608 = DIRECTION('',(0.597763943944,-0.613495436263,0.516044200631));
#609 = PLANE('',#610);
#610 = AXIS2_PLACEMENT_3D('',#611,#612,#613);
#611 = CARTESIAN_POINT('',(5.237179485212,0.215077921482,2.297320242808)
  );
#612 = DIRECTION('',(-0.653469787072,5.245084524134E-07,0.756952599166)
  );
#613 = DIRECTION('',(0.756952599166,-4.404606905826E-24,0.653469787072)
  );
#614 = ADVANCED_FACE('',(#615),#625,.T.);
#615 = FACE_BOUND('',#616,.T.);
#616 = EDGE_LOOP('',(#617,#618,#624));
#617 = ORIENTED_EDGE('',*,*,#604,.F.);
#618 = ORIENTED_EDGE('',*,*,#619,.F.);
#619 = EDGE_CURVE('',#552,#597,#620,.T.);
#620 = LINE('',#621,#622);
#621 = CARTESIAN_POINT('',(5.115384578705,0.,2.192175865173));
#622 = VECTOR('',#623,1.);
#623 = DIRECTION('',(0.,1.,0.));
#624 = ORIENTED_EDGE('',*,*,#549,.F.);
#625 = PLANE('',#626);
#626 = AXIS2_PLACEMENT_3D('',#627,#628,#629);
#627 = CARTESIAN_POINT('',(5.153127077966,0.125,2.224758623064));
#628 = DIRECTION('',(-0.653470095512,0.,0.756952332892));
#629 = DIRECTION('',(0.756952332892,0.,0.653470095512));
#630 = ADVANCED_FACE('',(#631),#655,.T.);
#631 = FACE_BOUND('',#632,.T.);
#632 = EDGE_LOOP('',(#633,#643,#649));
#633 = ORIENTED_EDGE('',*,*,#634,.T.);
#634 = EDGE_CURVE('',#635,#637,#639,.T.);
#635 = VERTEX_POINT('',#636);
#636 = CARTESIAN_POINT('',(4.993589878082,0.125,2.07545375824));
#637 = VERTEX_POINT('',#638);
#638 = CARTESIAN_POINT('',(4.871794700623,0.,1.958731651306));
#639 = LINE('',#640,#641);
#640 = CARTESIAN_POINT('',(4.993589878082,0.125,2.07545375824));
#641 = VECTOR('',#642,1.);
#642 = DIRECTION('',(-0.580088094881,-0.595352076925,-0.555925990288));
#643 = ORIENTED_EDGE('',*,*,#644,.T.);
#644 = EDGE_CURVE('',#637,#552,#645,.T.);
#645 = LINE('',#646,#647);
#646 = CARTESIAN_POINT('',(4.871794700623,0.,1.958731651306));
#647 = VECTOR('',#648,1.);
#648 = DIRECTION('',(0.721982409879,0.,0.691911410388));
#649 = ORIENTED_EDGE('',*,*,#650,.T.);
#650 = EDGE_CURVE('',#552,#635,#651,.T.);
#651 = LINE('',#652,#653);
#652 = CARTESIAN_POINT('',(5.115384578705,0.,2.192175865173));
#653 = VECTOR('',#654,1.);
#654 = DIRECTION('',(-0.580086588016,0.595352861261,-0.555926722682));
#655 = PLANE('',#656);
#656 = AXIS2_PLACEMENT_3D('',#657,#658,#659);
#657 = CARTESIAN_POINT('',(4.993589683521,3.46555171652E-02,
    2.075453736923));
#658 = DIRECTION('',(-0.691911410387,1.319716282588E-06,0.721982409878)
  );
#659 = DIRECTION('',(0.721982409879,2.813024044589E-23,0.691911410388));
#660 = ADVANCED_FACE('',(#661),#671,.T.);
#661 = FACE_BOUND('',#662,.T.);
#662 = EDGE_LOOP('',(#663,#664,#665));
#663 = ORIENTED_EDGE('',*,*,#650,.F.);
#664 = ORIENTED_EDGE('',*,*,#619,.T.);
#665 = ORIENTED_EDGE('',*,*,#666,.T.);
#666 = EDGE_CURVE('',#597,#635,#667,.T.);
#667 = LINE('',#668,#669);
#668 = CARTESIAN_POINT('',(5.115384578705,0.25,2.192175865173));
#669 = VECTOR('',#670,1.);
#670 = DIRECTION('',(-0.580086588016,-0.595352861261,-0.555926722682));
#671 = PLANE('',#672);
#672 = AXIS2_PLACEMENT_3D('',#673,#674,#675);
#673 = CARTESIAN_POINT('',(5.077212866484,0.125,2.155593956002));
#674 = DIRECTION('',(-0.691912116405,0.,0.721981733268));
#675 = DIRECTION('',(0.721981733268,0.,0.691912116405));
#676 = ADVANCED_FACE('',(#677),#694,.T.);
#677 = FACE_BOUND('',#678,.T.);
#678 = EDGE_LOOP('',(#679,#680,#688));
#679 = ORIENTED_EDGE('',*,*,#666,.F.);
#680 = ORIENTED_EDGE('',*,*,#681,.T.);
#681 = EDGE_CURVE('',#597,#682,#684,.T.);
#682 = VERTEX_POINT('',#683);
#683 = CARTESIAN_POINT('',(4.871794700623,0.25,1.958731651306));
#684 = LINE('',#685,#686);
#685 = CARTESIAN_POINT('',(5.115384578705,0.25,2.192175865173));
#686 = VECTOR('',#687,1.);
#687 = DIRECTION('',(-0.721982409879,0.,-0.691911410388));
#688 = ORIENTED_EDGE('',*,*,#689,.T.);
#689 = EDGE_CURVE('',#682,#635,#690,.T.);
#690 = LINE('',#691,#692);
#691 = CARTESIAN_POINT('',(4.871794700623,0.25,1.958731651306));
#692 = VECTOR('',#693,1.);
#693 = DIRECTION('',(0.580088094881,-0.595352076925,0.555925990288));
#694 = PLANE('',#695);
#695 = AXIS2_PLACEMENT_3D('',#696,#697,#698);
#696 = CARTESIAN_POINT('',(4.993589683521,0.215344482835,2.075453736923)
  );
#697 = DIRECTION('',(-0.691911410387,-1.319716282585E-06,0.721982409878)
  );
#698 = DIRECTION('',(0.721982409879,3.645503500049E-23,0.691911410388));
#699 = ADVANCED_FACE('',(#700),#710,.T.);
#700 = FACE_BOUND('',#701,.T.);
#701 = EDGE_LOOP('',(#702,#703,#709));
#702 = ORIENTED_EDGE('',*,*,#689,.F.);
#703 = ORIENTED_EDGE('',*,*,#704,.F.);
#704 = EDGE_CURVE('',#637,#682,#705,.T.);
#705 = LINE('',#706,#707);
#706 = CARTESIAN_POINT('',(4.871794700623,0.,1.958731651306));
#707 = VECTOR('',#708,1.);
#708 = DIRECTION('',(0.,1.,0.));
#709 = ORIENTED_EDGE('',*,*,#634,.F.);
#710 = PLANE('',#711);
#711 = AXIS2_PLACEMENT_3D('',#712,#713,#714);
#712 = CARTESIAN_POINT('',(4.909966581056,0.125,1.995313578462));
#713 = DIRECTION('',(-0.691910704372,0.,0.721983086488));
#714 = DIRECTION('',(0.721983086488,0.,0.691910704372));
#715 = ADVANCED_FACE('',(#716),#740,.T.);
#716 = FACE_BOUND('',#717,.T.);
#717 = EDGE_LOOP('',(#718,#728,#734));
#718 = ORIENTED_EDGE('',*,*,#719,.T.);
#719 = EDGE_CURVE('',#720,#722,#724,.T.);
#720 = VERTEX_POINT('',#721);
#721 = CARTESIAN_POINT('',(4.75,0.125,1.83732354641));
#722 = VERTEX_POINT('',#723);
#723 = CARTESIAN_POINT('',(4.628205299377,0.,1.715915560722));
#724 = LINE('',#725,#726);
#725 = CARTESIAN_POINT('',(4.75,0.125,1.83732354641));
#726 = VECTOR('',#727,1.);
#727 = DIRECTION('',(-0.572881382593,-0.587958034775,-0.571062405366));
#728 = ORIENTED_EDGE('',*,*,#729,.T.);
#729 = EDGE_CURVE('',#722,#637,#730,.T.);
#730 = LINE('',#731,#732);
#731 = CARTESIAN_POINT('',(4.628205299377,0.,1.715915560722));
#732 = VECTOR('',#733,1.);
#733 = DIRECTION('',(0.708230078223,0.,0.705981696859));
#734 = ORIENTED_EDGE('',*,*,#735,.T.);
#735 = EDGE_CURVE('',#637,#720,#736,.T.);
#736 = LINE('',#737,#738);
#737 = CARTESIAN_POINT('',(4.871794700623,0.,1.958731651306));
#738 = VECTOR('',#739,1.);
#739 = DIRECTION('',(-0.572881199152,0.587957846507,-0.571062783228));
#740 = PLANE('',#741);
#741 = AXIS2_PLACEMENT_3D('',#742,#743,#744);
#742 = CARTESIAN_POINT('',(4.75000000539,3.455154716189E-02,
    1.837323594912));
#743 = DIRECTION('',(-0.705981696859,3.377104178597E-07,0.708230078223)
  );
#744 = DIRECTION('',(0.708230078223,3.312359247801E-25,0.705981696859));
#745 = ADVANCED_FACE('',(#746),#756,.T.);
#746 = FACE_BOUND('',#747,.T.);
#747 = EDGE_LOOP('',(#748,#749,#750));
#748 = ORIENTED_EDGE('',*,*,#735,.F.);
#749 = ORIENTED_EDGE('',*,*,#704,.T.);
#750 = ORIENTED_EDGE('',*,*,#751,.T.);
#751 = EDGE_CURVE('',#682,#720,#752,.T.);
#752 = LINE('',#753,#754);
#753 = CARTESIAN_POINT('',(4.871794700623,0.25,1.958731651306));
#754 = VECTOR('',#755,1.);
#755 = DIRECTION('',(-0.572881199152,-0.587957846507,-0.571062783228));
#756 = PLANE('',#757);
#757 = AXIS2_PLACEMENT_3D('',#758,#759,#760);
#758 = CARTESIAN_POINT('',(4.83344522526,0.125,1.92050390327));
#759 = DIRECTION('',(-0.705981870709,0.,0.708229904925));
#760 = DIRECTION('',(0.708229904925,0.,0.705981870709));
#761 = ADVANCED_FACE('',(#762),#779,.T.);
#762 = FACE_BOUND('',#763,.T.);
#763 = EDGE_LOOP('',(#764,#765,#773));
#764 = ORIENTED_EDGE('',*,*,#751,.F.);
#765 = ORIENTED_EDGE('',*,*,#766,.T.);
#766 = EDGE_CURVE('',#682,#767,#769,.T.);
#767 = VERTEX_POINT('',#768);
#768 = CARTESIAN_POINT('',(4.628205299377,0.25,1.715915560722));
#769 = LINE('',#770,#771);
#770 = CARTESIAN_POINT('',(4.871794700623,0.25,1.958731651306));
#771 = VECTOR('',#772,1.);
#772 = DIRECTION('',(-0.708230078223,0.,-0.705981696859));
#773 = ORIENTED_EDGE('',*,*,#774,.T.);
#774 = EDGE_CURVE('',#767,#720,#775,.T.);
#775 = LINE('',#776,#777);
#776 = CARTESIAN_POINT('',(4.628205299377,0.25,1.715915560722));
#777 = VECTOR('',#778,1.);
#778 = DIRECTION('',(0.572881382593,-0.587958034775,0.571062405366));
#779 = PLANE('',#780);
#780 = AXIS2_PLACEMENT_3D('',#781,#782,#783);
#781 = CARTESIAN_POINT('',(4.75000000539,0.215448452838,1.837323594912)
  );
#782 = DIRECTION('',(-0.705981696859,-3.377104178827E-07,0.708230078223)
  );
#783 = DIRECTION('',(0.708230078223,-2.095532283735E-24,0.705981696859)
  );
#784 = ADVANCED_FACE('',(#785),#795,.T.);
#785 = FACE_BOUND('',#786,.T.);
#786 = EDGE_LOOP('',(#787,#788,#794));
#787 = ORIENTED_EDGE('',*,*,#774,.F.);
#788 = ORIENTED_EDGE('',*,*,#789,.F.);
#789 = EDGE_CURVE('',#722,#767,#790,.T.);
#790 = LINE('',#791,#792);
#791 = CARTESIAN_POINT('',(4.628205299377,0.,1.715915560722));
#792 = VECTOR('',#793,1.);
#793 = DIRECTION('',(0.,1.,0.));
#794 = ORIENTED_EDGE('',*,*,#719,.F.);
#795 = PLANE('',#796);
#796 = AXIS2_PLACEMENT_3D('',#797,#798,#799);
#797 = CARTESIAN_POINT('',(4.666554770193,0.125,1.754143266691));
#798 = DIRECTION('',(-0.705981523009,0.,0.708230251521));
#799 = DIRECTION('',(0.708230251521,0.,0.705981523009));
#800 = ADVANCED_FACE('',(#801),#825,.T.);
#801 = FACE_BOUND('',#802,.T.);
#802 = EDGE_LOOP('',(#803,#813,#819));
#803 = ORIENTED_EDGE('',*,*,#804,.T.);
#804 = EDGE_CURVE('',#805,#807,#809,.T.);
#805 = VERTEX_POINT('',#806);
#806 = CARTESIAN_POINT('',(4.506410121918,0.125,1.596989750862));
#807 = VERTEX_POINT('',#808);
#808 = CARTESIAN_POINT('',(4.384615421295,0.,1.478064060211));
#809 = LINE('',#810,#811);
#810 = CARTESIAN_POINT('',(4.506410121918,0.125,1.596989750862));
#811 = VECTOR('',#812,1.);
#812 = DIRECTION('',(-0.576699952887,-0.59187709927,-0.563115142489));
#813 = ORIENTED_EDGE('',*,*,#814,.T.);
#814 = EDGE_CURVE('',#807,#722,#815,.T.);
#815 = LINE('',#816,#817);
#816 = CARTESIAN_POINT('',(4.384615421295,0.,1.478064060211));
#817 = VECTOR('',#818,1.);
#818 = DIRECTION('',(0.715484079826,0.,0.698629037126));
#819 = ORIENTED_EDGE('',*,*,#820,.T.);
#820 = EDGE_CURVE('',#722,#805,#821,.T.);
#821 = LINE('',#822,#823);
#822 = CARTESIAN_POINT('',(4.628205299377,0.,1.715915560722));
#823 = VECTOR('',#824,1.);
#824 = DIRECTION('',(-0.576701276493,0.591876140461,-0.56311479473));
#825 = PLANE('',#826);
#826 = AXIS2_PLACEMENT_3D('',#827,#828,#829);
#827 = CARTESIAN_POINT('',(4.506410321641,3.460631841475E-02,
    1.596989820633));
#828 = DIRECTION('',(-0.698629037126,-9.913597434256E-07,0.715484079825)
  );
#829 = DIRECTION('',(0.715484079826,-5.319953144146E-23,0.698629037126)
  );
#830 = ADVANCED_FACE('',(#831),#841,.T.);
#831 = FACE_BOUND('',#832,.T.);
#832 = EDGE_LOOP('',(#833,#834,#835));
#833 = ORIENTED_EDGE('',*,*,#820,.F.);
#834 = ORIENTED_EDGE('',*,*,#789,.T.);
#835 = ORIENTED_EDGE('',*,*,#836,.T.);
#836 = EDGE_CURVE('',#767,#805,#837,.T.);
#837 = LINE('',#838,#839);
#838 = CARTESIAN_POINT('',(4.628205299377,0.25,1.715915560722));
#839 = VECTOR('',#840,1.);
#840 = DIRECTION('',(-0.576701276493,-0.591876140461,-0.56311479473));
#841 = PLANE('',#842);
#842 = AXIS2_PLACEMENT_3D('',#843,#844,#845);
#843 = CARTESIAN_POINT('',(4.589950068847,0.125,1.678561583601));
#844 = DIRECTION('',(-0.698628516278,0.,0.715484588404));
#845 = DIRECTION('',(0.715484588404,0.,0.698628516278));
#846 = ADVANCED_FACE('',(#847),#864,.T.);
#847 = FACE_BOUND('',#848,.T.);
#848 = EDGE_LOOP('',(#849,#850,#858));
#849 = ORIENTED_EDGE('',*,*,#836,.F.);
#850 = ORIENTED_EDGE('',*,*,#851,.T.);
#851 = EDGE_CURVE('',#767,#852,#854,.T.);
#852 = VERTEX_POINT('',#853);
#853 = CARTESIAN_POINT('',(4.384615421295,0.25,1.478064060211));
#854 = LINE('',#855,#856);
#855 = CARTESIAN_POINT('',(4.628205299377,0.25,1.715915560722));
#856 = VECTOR('',#857,1.);
#857 = DIRECTION('',(-0.715484079826,0.,-0.698629037126));
#858 = ORIENTED_EDGE('',*,*,#859,.T.);
#859 = EDGE_CURVE('',#852,#805,#860,.T.);
#860 = LINE('',#861,#862);
#861 = CARTESIAN_POINT('',(4.384615421295,0.25,1.478064060211));
#862 = VECTOR('',#863,1.);
#863 = DIRECTION('',(0.576699952887,-0.59187709927,0.563115142489));
#864 = PLANE('',#865);
#865 = AXIS2_PLACEMENT_3D('',#866,#867,#868);
#866 = CARTESIAN_POINT('',(4.506410321641,0.215393681585,1.596989820633)
  );
#867 = DIRECTION('',(-0.698629037126,9.913597434535E-07,0.715484079825)
  );
#868 = DIRECTION('',(0.715484079826,-7.049819730995E-23,0.698629037126)
  );
#869 = ADVANCED_FACE('',(#870),#880,.T.);
#870 = FACE_BOUND('',#871,.T.);
#871 = EDGE_LOOP('',(#872,#873,#879));
#872 = ORIENTED_EDGE('',*,*,#859,.F.);
#873 = ORIENTED_EDGE('',*,*,#874,.F.);
#874 = EDGE_CURVE('',#807,#852,#875,.T.);
#875 = LINE('',#876,#877);
#876 = CARTESIAN_POINT('',(4.384615421295,0.,1.478064060211));
#877 = VECTOR('',#878,1.);
#878 = DIRECTION('',(0.,1.,0.));
#879 = ORIENTED_EDGE('',*,*,#804,.F.);
#880 = PLANE('',#881);
#881 = AXIS2_PLACEMENT_3D('',#882,#883,#884);
#882 = CARTESIAN_POINT('',(4.422870479012,0.125,1.51541797739));
#883 = DIRECTION('',(-0.698629557976,0.,0.715483571245));
#884 = DIRECTION('',(0.715483571245,0.,0.698629557976));
#885 = ADVANCED_FACE('',(#886),#910,.T.);
#886 = FACE_BOUND('',#887,.T.);
#887 = EDGE_LOOP('',(#888,#898,#904));
#888 = ORIENTED_EDGE('',*,*,#889,.T.);
#889 = EDGE_CURVE('',#890,#892,#894,.T.);
#890 = VERTEX_POINT('',#891);
#891 = CARTESIAN_POINT('',(4.262820720673,0.125,1.36864233017));
#892 = VERTEX_POINT('',#893);
#893 = CARTESIAN_POINT('',(4.141025543213,0.,1.259220600128));
#894 = LINE('',#895,#896);
#895 = CARTESIAN_POINT('',(4.262820720673,0.125,1.36864233017));
#896 = VECTOR('',#897,1.);
#897 = DIRECTION('',(-0.591265336571,-0.606823427765,-0.531197354366));
#898 = ORIENTED_EDGE('',*,*,#899,.T.);
#899 = EDGE_CURVE('',#892,#807,#900,.T.);
#900 = LINE('',#901,#902);
#901 = CARTESIAN_POINT('',(4.141025543213,0.,1.259220600128));
#902 = VECTOR('',#903,1.);
#903 = DIRECTION('',(0.743882163499,0.,0.668310801071));
#904 = ORIENTED_EDGE('',*,*,#905,.T.);
#905 = EDGE_CURVE('',#807,#890,#906,.T.);
#906 = LINE('',#907,#908);
#907 = CARTESIAN_POINT('',(4.384615421295,0.,1.478064060211));
#908 = VECTOR('',#909,1.);
#909 = DIRECTION('',(-0.591263830978,0.606824258318,-0.53119808141));
#910 = PLANE('',#911);
#911 = AXIS2_PLACEMENT_3D('',#912,#913,#914);
#912 = CARTESIAN_POINT('',(4.262820525453,3.482211623074E-02,
    1.368642309309));
#913 = DIRECTION('',(-0.668310801071,1.274701692704E-06,0.743882163498)
  );
#914 = DIRECTION('',(0.743882163499,-1.747756442903E-23,0.668310801071)
  );
#915 = ADVANCED_FACE('',(#916),#926,.T.);
#916 = FACE_BOUND('',#917,.T.);
#917 = EDGE_LOOP('',(#918,#919,#920));
#918 = ORIENTED_EDGE('',*,*,#905,.F.);
#919 = ORIENTED_EDGE('',*,*,#874,.T.);
#920 = ORIENTED_EDGE('',*,*,#921,.T.);
#921 = EDGE_CURVE('',#852,#890,#922,.T.);
#922 = LINE('',#923,#924);
#923 = CARTESIAN_POINT('',(4.384615421295,0.25,1.478064060211));
#924 = VECTOR('',#925,1.);
#925 = DIRECTION('',(-0.591263830978,-0.606824258318,-0.53119808141));
#926 = PLANE('',#927);
#927 = AXIS2_PLACEMENT_3D('',#928,#929,#930);
#928 = CARTESIAN_POINT('',(4.346716223548,0.125,1.444014994336));
#929 = DIRECTION('',(-0.668311525004,0.,0.74388151311));
#930 = DIRECTION('',(0.74388151311,0.,0.668311525004));
#931 = ADVANCED_FACE('',(#932),#949,.T.);
#932 = FACE_BOUND('',#933,.T.);
#933 = EDGE_LOOP('',(#934,#935,#943));
#934 = ORIENTED_EDGE('',*,*,#921,.F.);
#935 = ORIENTED_EDGE('',*,*,#936,.T.);
#936 = EDGE_CURVE('',#852,#937,#939,.T.);
#937 = VERTEX_POINT('',#938);
#938 = CARTESIAN_POINT('',(4.141025543213,0.25,1.259220600128));
#939 = LINE('',#940,#941);
#940 = CARTESIAN_POINT('',(4.384615421295,0.25,1.478064060211));
#941 = VECTOR('',#942,1.);
#942 = DIRECTION('',(-0.743882163499,0.,-0.668310801071));
#943 = ORIENTED_EDGE('',*,*,#944,.T.);
#944 = EDGE_CURVE('',#937,#890,#945,.T.);
#945 = LINE('',#946,#947);
#946 = CARTESIAN_POINT('',(4.141025543213,0.25,1.259220600128));
#947 = VECTOR('',#948,1.);
#948 = DIRECTION('',(0.591265336571,-0.606823427765,0.531197354366));
#949 = PLANE('',#950);
#950 = AXIS2_PLACEMENT_3D('',#951,#952,#953);
#951 = CARTESIAN_POINT('',(4.262820525453,0.215177883769,1.368642309309)
  );
#952 = DIRECTION('',(-0.668310801071,-1.274701692677E-06,0.743882163498)
  );
#953 = DIRECTION('',(0.743882163499,-1.417913975076E-23,0.668310801071)
  );
#954 = ADVANCED_FACE('',(#955),#965,.T.);
#955 = FACE_BOUND('',#956,.T.);
#956 = EDGE_LOOP('',(#957,#958,#964));
#957 = ORIENTED_EDGE('',*,*,#944,.F.);
#958 = ORIENTED_EDGE('',*,*,#959,.F.);
#959 = EDGE_CURVE('',#892,#937,#960,.T.);
#960 = LINE('',#961,#962);
#961 = CARTESIAN_POINT('',(4.141025543213,0.,1.259220600128));
#962 = VECTOR('',#963,1.);
#963 = DIRECTION('',(0.,1.,0.));
#964 = ORIENTED_EDGE('',*,*,#889,.F.);
#965 = PLANE('',#966);
#966 = AXIS2_PLACEMENT_3D('',#967,#968,#969);
#967 = CARTESIAN_POINT('',(4.178924908929,0.125,1.293269683603));
#968 = DIRECTION('',(-0.66831007714,0.,0.743882813885));
#969 = DIRECTION('',(0.743882813885,0.,0.66831007714));
#970 = ADVANCED_FACE('',(#971),#995,.T.);
#971 = FACE_BOUND('',#972,.T.);
#972 = EDGE_LOOP('',(#973,#983,#989));
#973 = ORIENTED_EDGE('',*,*,#974,.T.);
#974 = EDGE_CURVE('',#975,#977,#979,.T.);
#975 = VERTEX_POINT('',#976);
#976 = CARTESIAN_POINT('',(4.01923084259,0.125,1.165763616562));
#977 = VERTEX_POINT('',#978);
#978 = CARTESIAN_POINT('',(3.897435903549,0.,1.072306632996));
#979 = LINE('',#980,#981);
#980 = CARTESIAN_POINT('',(4.01923084259,0.125,1.165763616562));
#981 = VECTOR('',#982,1.);
#982 = DIRECTION('',(-0.615210582996,-0.631399986567,-0.472069905346));
#983 = ORIENTED_EDGE('',*,*,#984,.T.);
#984 = EDGE_CURVE('',#977,#892,#985,.T.);
#985 = LINE('',#986,#987);
#986 = CARTESIAN_POINT('',(3.897435903549,0.,1.072306632996));
#987 = VECTOR('',#988,1.);
#988 = DIRECTION('',(0.793351668808,0.,0.608763607322));
#989 = ORIENTED_EDGE('',*,*,#990,.T.);
#990 = EDGE_CURVE('',#892,#975,#991,.T.);
#991 = LINE('',#992,#993);
#992 = CARTESIAN_POINT('',(4.141025543213,0.,1.259220600128));
#993 = VECTOR('',#994,1.);
#994 = DIRECTION('',(-0.615209834503,0.63140045437,-0.472070255102));
#995 = PLANE('',#996);
#996 = AXIS2_PLACEMENT_3D('',#997,#998,#999);
#997 = CARTESIAN_POINT('',(4.019230744246,3.520220168564E-02,
    1.165763606812));
#998 = DIRECTION('',(-0.608763607322,5.80562217051E-07,0.793351668807));
#999 = DIRECTION('',(0.793351668808,2.620909568685E-24,0.608763607322));
#1000 = ADVANCED_FACE('',(#1001),#1011,.T.);
#1001 = FACE_BOUND('',#1002,.T.);
#1002 = EDGE_LOOP('',(#1003,#1004,#1005));
#1003 = ORIENTED_EDGE('',*,*,#990,.F.);
#1004 = ORIENTED_EDGE('',*,*,#959,.T.);
#1005 = ORIENTED_EDGE('',*,*,#1006,.T.);
#1006 = EDGE_CURVE('',#937,#975,#1007,.T.);
#1007 = LINE('',#1008,#1009);
#1008 = CARTESIAN_POINT('',(4.141025543213,0.25,1.259220600128));
#1009 = VECTOR('',#1010,1.);
#1010 = DIRECTION('',(-0.615209834503,-0.63140045437,-0.472070255102));
#1011 = PLANE('',#1012);
#1012 = AXIS2_PLACEMENT_3D('',#1013,#1014,#1015);
#1013 = CARTESIAN_POINT('',(4.103697277091,0.125,1.230577423244));
#1014 = DIRECTION('',(-0.608763982349,0.,0.793351381038));
#1015 = DIRECTION('',(0.793351381038,0.,0.608763982349));
#1016 = ADVANCED_FACE('',(#1017),#1034,.T.);
#1017 = FACE_BOUND('',#1018,.T.);
#1018 = EDGE_LOOP('',(#1019,#1020,#1028));
#1019 = ORIENTED_EDGE('',*,*,#1006,.F.);
#1020 = ORIENTED_EDGE('',*,*,#1021,.T.);
#1021 = EDGE_CURVE('',#937,#1022,#1024,.T.);
#1022 = VERTEX_POINT('',#1023);
#1023 = CARTESIAN_POINT('',(3.897435903549,0.25,1.072306632996));
#1024 = LINE('',#1025,#1026);
#1025 = CARTESIAN_POINT('',(4.141025543213,0.25,1.259220600128));
#1026 = VECTOR('',#1027,1.);
#1027 = DIRECTION('',(-0.793351668808,0.,-0.608763607322));
#1028 = ORIENTED_EDGE('',*,*,#1029,.T.);
#1029 = EDGE_CURVE('',#1022,#975,#1030,.T.);
#1030 = LINE('',#1031,#1032);
#1031 = CARTESIAN_POINT('',(3.897435903549,0.25,1.072306632996));
#1032 = VECTOR('',#1033,1.);
#1033 = DIRECTION('',(0.615210582996,-0.631399986567,0.472069905346));
#1034 = PLANE('',#1035);
#1035 = AXIS2_PLACEMENT_3D('',#1036,#1037,#1038);
#1036 = CARTESIAN_POINT('',(4.019230744246,0.214797798314,1.165763606812
    ));
#1037 = DIRECTION('',(-0.608763607322,-5.805622171064E-07,0.793351668807
    ));
#1038 = DIRECTION('',(0.793351668808,-2.783128583219E-24,0.608763607322)
  );
#1039 = ADVANCED_FACE('',(#1040),#1050,.T.);
#1040 = FACE_BOUND('',#1041,.T.);
#1041 = EDGE_LOOP('',(#1042,#1043,#1049));
#1042 = ORIENTED_EDGE('',*,*,#1029,.F.);
#1043 = ORIENTED_EDGE('',*,*,#1044,.F.);
#1044 = EDGE_CURVE('',#977,#1022,#1045,.T.);
#1045 = LINE('',#1046,#1047);
#1046 = CARTESIAN_POINT('',(3.897435903549,0.,1.072306632996));
#1047 = VECTOR('',#1048,1.);
#1048 = DIRECTION('',(0.,1.,0.));
#1049 = ORIENTED_EDGE('',*,*,#974,.F.);
#1050 = PLANE('',#1051);
#1051 = AXIS2_PLACEMENT_3D('',#1052,#1053,#1054);
#1052 = CARTESIAN_POINT('',(3.934764253446,0.125,1.100949818093));
#1053 = DIRECTION('',(-0.608763232297,0.,0.793351956577));
#1054 = DIRECTION('',(0.793351956577,0.,0.608763232297));
#1055 = ADVANCED_FACE('',(#1056),#1080,.T.);
#1056 = FACE_BOUND('',#1057,.T.);
#1057 = EDGE_LOOP('',(#1058,#1068,#1074));
#1058 = ORIENTED_EDGE('',*,*,#1059,.T.);
#1059 = EDGE_CURVE('',#1060,#1062,#1064,.T.);
#1060 = VERTEX_POINT('',#1061);
#1061 = CARTESIAN_POINT('',(3.775640964508,0.125,1.00033223629));
#1062 = VERTEX_POINT('',#1063);
#1063 = CARTESIAN_POINT('',(3.653846263885,0.,0.928357839584));
#1064 = LINE('',#1065,#1066);
#1065 = CARTESIAN_POINT('',(3.775640964508,0.125,1.00033223629));
#1066 = VECTOR('',#1067,1.);
#1067 = DIRECTION('',(-0.645154952874,-0.662133645364,-0.381253357309));
#1068 = ORIENTED_EDGE('',*,*,#1069,.T.);
#1069 = EDGE_CURVE('',#1062,#977,#1070,.T.);
#1070 = LINE('',#1071,#1072);
#1071 = CARTESIAN_POINT('',(3.653846263885,0.,0.928357839584));
#1072 = VECTOR('',#1073,1.);
#1073 = DIRECTION('',(0.860911883025,0.,0.508754095478));
#1074 = ORIENTED_EDGE('',*,*,#1075,.T.);
#1075 = EDGE_CURVE('',#977,#1060,#1076,.T.);
#1076 = LINE('',#1077,#1078);
#1077 = CARTESIAN_POINT('',(3.897435903549,0.,1.072306632996));
#1078 = VECTOR('',#1079,1.);
#1079 = DIRECTION('',(-0.645155690134,0.662133105872,-0.381253046672));
#1080 = PLANE('',#1081);
#1081 = AXIS2_PLACEMENT_3D('',#1082,#1083,#1084);
#1082 = CARTESIAN_POINT('',(3.775641063827,3.572682050792E-02,
    1.000332244671));
#1083 = DIRECTION('',(-0.508754095478,-4.8518571421E-07,0.860911883025)
  );
#1084 = DIRECTION('',(0.860911883025,-6.539945476827E-24,0.508754095478)
  );
#1085 = ADVANCED_FACE('',(#1086),#1096,.T.);
#1086 = FACE_BOUND('',#1087,.T.);
#1087 = EDGE_LOOP('',(#1088,#1089,#1090));
#1088 = ORIENTED_EDGE('',*,*,#1075,.F.);
#1089 = ORIENTED_EDGE('',*,*,#1044,.T.);
#1090 = ORIENTED_EDGE('',*,*,#1091,.T.);
#1091 = EDGE_CURVE('',#1022,#1060,#1092,.T.);
#1092 = LINE('',#1093,#1094);
#1093 = CARTESIAN_POINT('',(3.897435903549,0.25,1.072306632996));
#1094 = VECTOR('',#1095,1.);
#1095 = DIRECTION('',(-0.645155690134,-0.662133105872,-0.381253046672));
#1096 = PLANE('',#1097);
#1097 = AXIS2_PLACEMENT_3D('',#1098,#1099,#1100);
#1098 = CARTESIAN_POINT('',(3.860797761089,0.125,1.050655419729));
#1099 = DIRECTION('',(-0.50875372641,0.,0.860912101125));
#1100 = DIRECTION('',(0.860912101125,0.,0.50875372641));
#1101 = ADVANCED_FACE('',(#1102),#1119,.T.);
#1102 = FACE_BOUND('',#1103,.T.);
#1103 = EDGE_LOOP('',(#1104,#1105,#1113));
#1104 = ORIENTED_EDGE('',*,*,#1091,.F.);
#1105 = ORIENTED_EDGE('',*,*,#1106,.T.);
#1106 = EDGE_CURVE('',#1022,#1107,#1109,.T.);
#1107 = VERTEX_POINT('',#1108);
#1108 = CARTESIAN_POINT('',(3.653846263885,0.25,0.928357839584));
#1109 = LINE('',#1110,#1111);
#1110 = CARTESIAN_POINT('',(3.897435903549,0.25,1.072306632996));
#1111 = VECTOR('',#1112,1.);
#1112 = DIRECTION('',(-0.860911883025,0.,-0.508754095478));
#1113 = ORIENTED_EDGE('',*,*,#1114,.T.);
#1114 = EDGE_CURVE('',#1107,#1060,#1115,.T.);
#1115 = LINE('',#1116,#1117);
#1116 = CARTESIAN_POINT('',(3.653846263885,0.25,0.928357839584));
#1117 = VECTOR('',#1118,1.);
#1118 = DIRECTION('',(0.645154952874,-0.662133645364,0.381253357309));
#1119 = PLANE('',#1120);
#1120 = AXIS2_PLACEMENT_3D('',#1121,#1122,#1123);
#1121 = CARTESIAN_POINT('',(3.775641063827,0.214273179492,1.000332244671
    ));
#1122 = DIRECTION('',(-0.508754095478,4.851857142091E-07,0.860911883025)
  );
#1123 = DIRECTION('',(0.860911883025,-2.016136228153E-23,0.508754095478)
  );
#1124 = ADVANCED_FACE('',(#1125),#1135,.T.);
#1125 = FACE_BOUND('',#1126,.T.);
#1126 = EDGE_LOOP('',(#1127,#1128,#1134));
#1127 = ORIENTED_EDGE('',*,*,#1114,.F.);
#1128 = ORIENTED_EDGE('',*,*,#1129,.F.);
#1129 = EDGE_CURVE('',#1062,#1107,#1130,.T.);
#1130 = LINE('',#1131,#1132);
#1131 = CARTESIAN_POINT('',(3.653846263885,0.,0.928357839584));
#1132 = VECTOR('',#1133,1.);
#1133 = DIRECTION('',(0.,1.,0.));
#1134 = ORIENTED_EDGE('',*,*,#1059,.F.);
#1135 = PLANE('',#1136);
#1136 = AXIS2_PLACEMENT_3D('',#1137,#1138,#1139);
#1137 = CARTESIAN_POINT('',(3.690484322733,0.125,0.950009045824));
#1138 = DIRECTION('',(-0.508754464546,0.,0.860911664925));
#1139 = DIRECTION('',(0.860911664925,0.,0.508754464546));
#1140 = ADVANCED_FACE('',(#1141),#1165,.T.);
#1141 = FACE_BOUND('',#1142,.T.);
#1142 = EDGE_LOOP('',(#1143,#1153,#1159));
#1143 = ORIENTED_EDGE('',*,*,#1144,.T.);
#1144 = EDGE_CURVE('',#1145,#1147,#1149,.T.);
#1145 = VERTEX_POINT('',#1146);
#1146 = CARTESIAN_POINT('',(3.532051324844,0.125,0.882115662098));
#1147 = VERTEX_POINT('',#1148);
#1148 = CARTESIAN_POINT('',(3.410256385803,0.,0.835873544216));
#1149 = LINE('',#1150,#1151);
#1150 = CARTESIAN_POINT('',(3.532051324844,0.125,0.882115662098));
#1151 = VECTOR('',#1152,1.);
#1152 = DIRECTION('',(-0.674587294071,-0.692339209024,-0.256121850543));
#1153 = ORIENTED_EDGE('',*,*,#1154,.T.);
#1154 = EDGE_CURVE('',#1147,#1062,#1155,.T.);
#1155 = LINE('',#1156,#1157);
#1156 = CARTESIAN_POINT('',(3.410256385803,0.,0.835873544216));
#1157 = VECTOR('',#1158,1.);
#1158 = DIRECTION('',(0.93488531343,0.,0.354949927079));
#1159 = ORIENTED_EDGE('',*,*,#1160,.T.);
#1160 = EDGE_CURVE('',#1062,#1145,#1161,.T.);
#1161 = LINE('',#1162,#1163);
#1162 = CARTESIAN_POINT('',(3.653846263885,0.,0.928357839584));
#1163 = VECTOR('',#1164,1.);
#1164 = DIRECTION('',(-0.674587237032,0.692339150484,-0.25612215902));
#1165 = PLANE('',#1166);
#1166 = AXIS2_PLACEMENT_3D('',#1167,#1168,#1169);
#1167 = CARTESIAN_POINT('',(3.53205132634,3.630402459316E-02,
    0.882115683812));
#1168 = DIRECTION('',(-0.354949927079,2.228940280359E-07,0.93488531343)
  );
#1169 = DIRECTION('',(0.93488531343,-5.76916475008E-24,0.354949927079));
#1170 = ADVANCED_FACE('',(#1171),#1181,.T.);
#1171 = FACE_BOUND('',#1172,.T.);
#1172 = EDGE_LOOP('',(#1173,#1174,#1175));
#1173 = ORIENTED_EDGE('',*,*,#1160,.F.);
#1174 = ORIENTED_EDGE('',*,*,#1129,.T.);
#1175 = ORIENTED_EDGE('',*,*,#1176,.T.);
#1176 = EDGE_CURVE('',#1107,#1145,#1177,.T.);
#1177 = LINE('',#1178,#1179);
#1178 = CARTESIAN_POINT('',(3.653846263885,0.25,0.928357839584));
#1179 = VECTOR('',#1180,1.);
#1180 = DIRECTION('',(-0.674587237032,-0.692339150484,-0.25612215902));
#1181 = PLANE('',#1182);
#1182 = AXIS2_PLACEMENT_3D('',#1183,#1184,#1185);
#1183 = CARTESIAN_POINT('',(3.61786206444,0.125,0.91469563202));
#1184 = DIRECTION('',(-0.354950127018,0.,0.934885237519));
#1185 = DIRECTION('',(0.934885237519,0.,0.354950127018));
#1186 = ADVANCED_FACE('',(#1187),#1204,.T.);
#1187 = FACE_BOUND('',#1188,.T.);
#1188 = EDGE_LOOP('',(#1189,#1190,#1198));
#1189 = ORIENTED_EDGE('',*,*,#1176,.F.);
#1190 = ORIENTED_EDGE('',*,*,#1191,.T.);
#1191 = EDGE_CURVE('',#1107,#1192,#1194,.T.);
#1192 = VERTEX_POINT('',#1193);
#1193 = CARTESIAN_POINT('',(3.410256385803,0.25,0.835873544216));
#1194 = LINE('',#1195,#1196);
#1195 = CARTESIAN_POINT('',(3.653846263885,0.25,0.928357839584));
#1196 = VECTOR('',#1197,1.);
#1197 = DIRECTION('',(-0.93488531343,0.,-0.354949927079));
#1198 = ORIENTED_EDGE('',*,*,#1199,.T.);
#1199 = EDGE_CURVE('',#1192,#1145,#1200,.T.);
#1200 = LINE('',#1201,#1202);
#1201 = CARTESIAN_POINT('',(3.410256385803,0.25,0.835873544216));
#1202 = VECTOR('',#1203,1.);
#1203 = DIRECTION('',(0.674587294071,-0.692339209024,0.256121850543));
#1204 = PLANE('',#1205);
#1205 = AXIS2_PLACEMENT_3D('',#1206,#1207,#1208);
#1206 = CARTESIAN_POINT('',(3.53205132634,0.213695975407,0.882115683812)
  );
#1207 = DIRECTION('',(-0.354949927079,-2.228940280301E-07,0.93488531343)
  );
#1208 = DIRECTION('',(0.93488531343,-3.981801381836E-24,0.354949927079)
  );
#1209 = ADVANCED_FACE('',(#1210),#1220,.T.);
#1210 = FACE_BOUND('',#1211,.T.);
#1211 = EDGE_LOOP('',(#1212,#1213,#1219));
#1212 = ORIENTED_EDGE('',*,*,#1199,.F.);
#1213 = ORIENTED_EDGE('',*,*,#1214,.F.);
#1214 = EDGE_CURVE('',#1147,#1192,#1215,.T.);
#1215 = LINE('',#1216,#1217);
#1216 = CARTESIAN_POINT('',(3.410256385803,0.,0.835873544216));
#1217 = VECTOR('',#1218,1.);
#1218 = DIRECTION('',(0.,1.,0.));
#1219 = ORIENTED_EDGE('',*,*,#1144,.F.);
#1220 = PLANE('',#1221);
#1221 = AXIS2_PLACEMENT_3D('',#1222,#1223,#1224);
#1222 = CARTESIAN_POINT('',(3.446240584004,0.125,0.849535733698));
#1223 = DIRECTION('',(-0.354949727141,0.,0.934885389341));
#1224 = DIRECTION('',(0.934885389341,0.,0.354949727141));
#1225 = ADVANCED_FACE('',(#1226),#1250,.T.);
#1226 = FACE_BOUND('',#1227,.T.);
#1227 = EDGE_LOOP('',(#1228,#1238,#1244));
#1228 = ORIENTED_EDGE('',*,*,#1229,.T.);
#1229 = EDGE_CURVE('',#1230,#1232,#1234,.T.);
#1230 = VERTEX_POINT('',#1231);
#1231 = CARTESIAN_POINT('',(3.288461446762,0.125,0.818093955517));
#1232 = VERTEX_POINT('',#1233);
#1233 = CARTESIAN_POINT('',(3.16666674614,0.,0.800314307213));
#1234 = LINE('',#1235,#1236);
#1235 = CARTESIAN_POINT('',(3.288461446762,0.125,0.818093955517));
#1236 = VECTOR('',#1237,1.);
#1237 = DIRECTION('',(-0.694270804767,-0.71254209052,-0.10134998217));
#1238 = ORIENTED_EDGE('',*,*,#1239,.T.);
#1239 = EDGE_CURVE('',#1232,#1147,#1240,.T.);
#1240 = LINE('',#1241,#1242);
#1241 = CARTESIAN_POINT('',(3.16666674614,0.,0.800314307213));
#1242 = VECTOR('',#1243,1.);
#1243 = DIRECTION('',(0.989512234605,0.,0.14444908296));
#1244 = ORIENTED_EDGE('',*,*,#1245,.T.);
#1245 = EDGE_CURVE('',#1147,#1230,#1246,.T.);
#1246 = LINE('',#1247,#1248);
#1247 = CARTESIAN_POINT('',(3.410256385803,0.,0.835873544216));
#1248 = VECTOR('',#1249,1.);
#1249 = DIRECTION('',(-0.694271532653,0.712541442731,-0.101349550264));
#1250 = PLANE('',#1251);
#1251 = AXIS2_PLACEMENT_3D('',#1252,#1253,#1254);
#1252 = CARTESIAN_POINT('',(3.288461547211,3.672949533832E-02,
    0.818093936846));
#1253 = DIRECTION('',(-0.14444908296,-3.736754814289E-07,0.989512234604)
  );
#1254 = DIRECTION('',(0.989512234605,-1.096667781772E-24,0.14444908296)
  );
#1255 = ADVANCED_FACE('',(#1256),#1266,.T.);
#1256 = FACE_BOUND('',#1257,.T.);
#1257 = EDGE_LOOP('',(#1258,#1259,#1260));
#1258 = ORIENTED_EDGE('',*,*,#1245,.F.);
#1259 = ORIENTED_EDGE('',*,*,#1214,.T.);
#1260 = ORIENTED_EDGE('',*,*,#1261,.T.);
#1261 = EDGE_CURVE('',#1192,#1230,#1262,.T.);
#1262 = LINE('',#1263,#1264);
#1263 = CARTESIAN_POINT('',(3.410256385803,0.25,0.835873544216));
#1264 = VECTOR('',#1265,1.);
#1265 = DIRECTION('',(-0.694271532653,-0.712541442731,-0.101349550264));
#1266 = PLANE('',#1267);
#1267 = AXIS2_PLACEMENT_3D('',#1268,#1269,#1270);
#1268 = CARTESIAN_POINT('',(3.374696680209,0.125,0.830682549051));
#1269 = DIRECTION('',(-0.144448707453,0.,0.989512289421));
#1270 = DIRECTION('',(0.989512289421,0.,0.144448707453));
#1271 = ADVANCED_FACE('',(#1272),#1289,.T.);
#1272 = FACE_BOUND('',#1273,.T.);
#1273 = EDGE_LOOP('',(#1274,#1275,#1283));
#1274 = ORIENTED_EDGE('',*,*,#1261,.F.);
#1275 = ORIENTED_EDGE('',*,*,#1276,.T.);
#1276 = EDGE_CURVE('',#1192,#1277,#1279,.T.);
#1277 = VERTEX_POINT('',#1278);
#1278 = CARTESIAN_POINT('',(3.16666674614,0.25,0.800314307213));
#1279 = LINE('',#1280,#1281);
#1280 = CARTESIAN_POINT('',(3.410256385803,0.25,0.835873544216));
#1281 = VECTOR('',#1282,1.);
#1282 = DIRECTION('',(-0.989512234605,0.,-0.14444908296));
#1283 = ORIENTED_EDGE('',*,*,#1284,.T.);
#1284 = EDGE_CURVE('',#1277,#1230,#1285,.T.);
#1285 = LINE('',#1286,#1287);
#1286 = CARTESIAN_POINT('',(3.16666674614,0.25,0.800314307213));
#1287 = VECTOR('',#1288,1.);
#1288 = DIRECTION('',(0.694270804767,-0.71254209052,0.10134998217));
#1289 = PLANE('',#1290);
#1290 = AXIS2_PLACEMENT_3D('',#1291,#1292,#1293);
#1291 = CARTESIAN_POINT('',(3.288461547211,0.213270504662,0.818093936846
    ));
#1292 = DIRECTION('',(-0.14444908296,3.736754814339E-07,0.989512234604)
  );
#1293 = DIRECTION('',(0.989512234605,3.447236447168E-24,0.14444908296));
#1294 = ADVANCED_FACE('',(#1295),#1305,.T.);
#1295 = FACE_BOUND('',#1296,.T.);
#1296 = EDGE_LOOP('',(#1297,#1298,#1304));
#1297 = ORIENTED_EDGE('',*,*,#1284,.F.);
#1298 = ORIENTED_EDGE('',*,*,#1299,.F.);
#1299 = EDGE_CURVE('',#1232,#1277,#1300,.T.);
#1300 = LINE('',#1301,#1302);
#1301 = CARTESIAN_POINT('',(3.16666674614,0.,0.800314307213));
#1302 = VECTOR('',#1303,1.);
#1303 = DIRECTION('',(0.,1.,0.));
#1304 = ORIENTED_EDGE('',*,*,#1229,.F.);
#1305 = PLANE('',#1306);
#1306 = AXIS2_PLACEMENT_3D('',#1307,#1308,#1309);
#1307 = CARTESIAN_POINT('',(3.202226368673,0.125,0.805505317817));
#1308 = DIRECTION('',(-0.144449458467,0.,0.989512179788));
#1309 = DIRECTION('',(0.989512179788,0.,0.144449458467));
#1310 = ADVANCED_FACE('',(#1311),#1335,.T.);
#1311 = FACE_BOUND('',#1312,.T.);
#1312 = EDGE_LOOP('',(#1313,#1323,#1329));
#1313 = ORIENTED_EDGE('',*,*,#1314,.T.);
#1314 = EDGE_CURVE('',#1315,#1317,#1319,.T.);
#1315 = VERTEX_POINT('',#1316);
#1316 = CARTESIAN_POINT('',(3.044871807098,0.125,0.8120470047));
#1317 = VERTEX_POINT('',#1318);
#1318 = CARTESIAN_POINT('',(2.923076868057,0.,0.823779702187));
#1319 = LINE('',#1320,#1321);
#1320 = CARTESIAN_POINT('',(3.044871807098,0.125,0.8120470047));
#1321 = VECTOR('',#1322,1.);
#1322 = DIRECTION('',(-0.696293287157,-0.714616400155,6.707502433741E-02
    ));
#1323 = ORIENTED_EDGE('',*,*,#1324,.T.);
#1324 = EDGE_CURVE('',#1317,#1232,#1325,.T.);
#1325 = LINE('',#1326,#1327);
#1326 = CARTESIAN_POINT('',(2.923076868057,0.,0.823779702187));
#1327 = VECTOR('',#1328,1.);
#1328 = DIRECTION('',(0.995392159569,0.,-9.588768778876E-02));
#1329 = ORIENTED_EDGE('',*,*,#1330,.T.);
#1330 = EDGE_CURVE('',#1232,#1315,#1331,.T.);
#1331 = LINE('',#1332,#1333);
#1332 = CARTESIAN_POINT('',(3.16666674614,0.,0.800314307213));
#1333 = VECTOR('',#1334,1.);
#1334 = DIRECTION('',(-0.696293287157,0.714616400155,6.707502433741E-02)
  );
#1335 = PLANE('',#1336);
#1336 = AXIS2_PLACEMENT_3D('',#1337,#1338,#1339);
#1337 = CARTESIAN_POINT('',(3.044871807098,3.67751641379E-02,
    0.8120470047));
#1338 = DIRECTION('',(9.588768778876E-02,0.,0.995392159569));
#1339 = DIRECTION('',(0.995392159569,0.,-9.588768778876E-02));
#1340 = ADVANCED_FACE('',(#1341),#1351,.T.);
#1341 = FACE_BOUND('',#1342,.T.);
#1342 = EDGE_LOOP('',(#1343,#1344,#1345));
#1343 = ORIENTED_EDGE('',*,*,#1330,.F.);
#1344 = ORIENTED_EDGE('',*,*,#1299,.T.);
#1345 = ORIENTED_EDGE('',*,*,#1346,.T.);
#1346 = EDGE_CURVE('',#1277,#1315,#1347,.T.);
#1347 = LINE('',#1348,#1349);
#1348 = CARTESIAN_POINT('',(3.16666674614,0.25,0.800314307213));
#1349 = VECTOR('',#1350,1.);
#1350 = DIRECTION('',(-0.696293287157,-0.714616400155,6.707502433741E-02
    ));
#1351 = PLANE('',#1352);
#1352 = AXIS2_PLACEMENT_3D('',#1353,#1354,#1355);
#1353 = CARTESIAN_POINT('',(3.131150073422,0.125,0.803735683996));
#1354 = DIRECTION('',(9.588768778876E-02,0.,0.995392159569));
#1355 = DIRECTION('',(0.995392159569,0.,-9.588768778876E-02));
#1356 = ADVANCED_FACE('',(#1357),#1374,.T.);
#1357 = FACE_BOUND('',#1358,.T.);
#1358 = EDGE_LOOP('',(#1359,#1360,#1368));
#1359 = ORIENTED_EDGE('',*,*,#1346,.F.);
#1360 = ORIENTED_EDGE('',*,*,#1361,.T.);
#1361 = EDGE_CURVE('',#1277,#1362,#1364,.T.);
#1362 = VERTEX_POINT('',#1363);
#1363 = CARTESIAN_POINT('',(2.923076868057,0.25,0.823779702187));
#1364 = LINE('',#1365,#1366);
#1365 = CARTESIAN_POINT('',(3.16666674614,0.25,0.800314307213));
#1366 = VECTOR('',#1367,1.);
#1367 = DIRECTION('',(-0.995392159569,0.,9.588768778876E-02));
#1368 = ORIENTED_EDGE('',*,*,#1369,.T.);
#1369 = EDGE_CURVE('',#1362,#1315,#1370,.T.);
#1370 = LINE('',#1371,#1372);
#1371 = CARTESIAN_POINT('',(2.923076868057,0.25,0.823779702187));
#1372 = VECTOR('',#1373,1.);
#1373 = DIRECTION('',(0.696293287157,-0.714616400155,-6.707502433741E-02
    ));
#1374 = PLANE('',#1375);
#1375 = AXIS2_PLACEMENT_3D('',#1376,#1377,#1378);
#1376 = CARTESIAN_POINT('',(3.044871807098,0.213224835862,0.8120470047)
  );
#1377 = DIRECTION('',(9.588768778876E-02,0.,0.995392159569));
#1378 = DIRECTION('',(0.995392159569,0.,-9.588768778876E-02));
#1379 = ADVANCED_FACE('',(#1380),#1390,.T.);
#1380 = FACE_BOUND('',#1381,.T.);
#1381 = EDGE_LOOP('',(#1382,#1383,#1389));
#1382 = ORIENTED_EDGE('',*,*,#1369,.F.);
#1383 = ORIENTED_EDGE('',*,*,#1384,.F.);
#1384 = EDGE_CURVE('',#1317,#1362,#1385,.T.);
#1385 = LINE('',#1386,#1387);
#1386 = CARTESIAN_POINT('',(2.923076868057,0.,0.823779702187));
#1387 = VECTOR('',#1388,1.);
#1388 = DIRECTION('',(0.,1.,0.));
#1389 = ORIENTED_EDGE('',*,*,#1314,.F.);
#1390 = PLANE('',#1391);
#1391 = AXIS2_PLACEMENT_3D('',#1392,#1393,#1394);
#1392 = CARTESIAN_POINT('',(2.958593540775,0.125,0.820358325403));
#1393 = DIRECTION('',(9.588768778876E-02,0.,0.995392159569));
#1394 = DIRECTION('',(0.995392159569,0.,-9.588768778876E-02));
#1395 = ADVANCED_FACE('',(#1396),#1420,.T.);
#1396 = FACE_BOUND('',#1397,.T.);
#1397 = EDGE_LOOP('',(#1398,#1408,#1414));
#1398 = ORIENTED_EDGE('',*,*,#1399,.T.);
#1399 = EDGE_CURVE('',#1400,#1402,#1404,.T.);
#1400 = VERTEX_POINT('',#1401);
#1401 = CARTESIAN_POINT('',(2.801282167435,0.125,0.864331960678));
#1402 = VERTEX_POINT('',#1403);
#1403 = CARTESIAN_POINT('',(2.679487228394,0.,0.90488421917));
#1404 = LINE('',#1405,#1406);
#1405 = CARTESIAN_POINT('',(2.801282167435,0.125,0.864331960678));
#1406 = VECTOR('',#1407,1.);
#1407 = DIRECTION('',(-0.679756077818,-0.697644010467,0.22632832198));
#1408 = ORIENTED_EDGE('',*,*,#1409,.T.);
#1409 = EDGE_CURVE('',#1402,#1317,#1410,.T.);
#1410 = LINE('',#1411,#1412);
#1411 = CARTESIAN_POINT('',(2.679487228394,0.,0.90488421917));
#1412 = VECTOR('',#1413,1.);
#1413 = DIRECTION('',(0.948790780786,0.,-0.315905134963));
#1414 = ORIENTED_EDGE('',*,*,#1415,.T.);
#1415 = EDGE_CURVE('',#1317,#1400,#1416,.T.);
#1416 = LINE('',#1417,#1418);
#1417 = CARTESIAN_POINT('',(2.923076868057,0.,0.823779702187));
#1418 = VECTOR('',#1419,1.);
#1419 = DIRECTION('',(-0.679755362018,0.697644641498,0.226328526698));
#1420 = PLANE('',#1421);
#1421 = AXIS2_PLACEMENT_3D('',#1422,#1423,#1424);
#1422 = CARTESIAN_POINT('',(2.801282066905,3.6412484245E-02,
    0.864331966021));
#1423 = DIRECTION('',(0.315905134963,-3.012706136249E-07,0.948790780786)
  );
#1424 = DIRECTION('',(0.948790780786,1.053504341016E-23,-0.315905134963)
  );
#1425 = ADVANCED_FACE('',(#1426),#1436,.T.);
#1426 = FACE_BOUND('',#1427,.T.);
#1427 = EDGE_LOOP('',(#1428,#1429,#1430));
#1428 = ORIENTED_EDGE('',*,*,#1415,.F.);
#1429 = ORIENTED_EDGE('',*,*,#1384,.T.);
#1430 = ORIENTED_EDGE('',*,*,#1431,.T.);
#1431 = EDGE_CURVE('',#1362,#1400,#1432,.T.);
#1432 = LINE('',#1433,#1434);
#1433 = CARTESIAN_POINT('',(2.923076868057,0.25,0.823779702187));
#1434 = VECTOR('',#1435,1.);
#1435 = DIRECTION('',(-0.679755362018,-0.697644641498,0.226328526698));
#1436 = PLANE('',#1437);
#1437 = AXIS2_PLACEMENT_3D('',#1438,#1439,#1440);
#1438 = CARTESIAN_POINT('',(2.887205196906,0.125,0.835723385069));
#1439 = DIRECTION('',(0.315905413305,0.,0.94879068811));
#1440 = DIRECTION('',(0.94879068811,0.,-0.315905413305));
#1441 = ADVANCED_FACE('',(#1442),#1459,.T.);
#1442 = FACE_BOUND('',#1443,.T.);
#1443 = EDGE_LOOP('',(#1444,#1445,#1453));
#1444 = ORIENTED_EDGE('',*,*,#1431,.F.);
#1445 = ORIENTED_EDGE('',*,*,#1446,.T.);
#1446 = EDGE_CURVE('',#1362,#1447,#1449,.T.);
#1447 = VERTEX_POINT('',#1448);
#1448 = CARTESIAN_POINT('',(2.679487228394,0.25,0.90488421917));
#1449 = LINE('',#1450,#1451);
#1450 = CARTESIAN_POINT('',(2.923076868057,0.25,0.823779702187));
#1451 = VECTOR('',#1452,1.);
#1452 = DIRECTION('',(-0.948790780786,0.,0.315905134963));
#1453 = ORIENTED_EDGE('',*,*,#1454,.T.);
#1454 = EDGE_CURVE('',#1447,#1400,#1455,.T.);
#1455 = LINE('',#1456,#1457);
#1456 = CARTESIAN_POINT('',(2.679487228394,0.25,0.90488421917));
#1457 = VECTOR('',#1458,1.);
#1458 = DIRECTION('',(0.679756077818,-0.697644010467,-0.22632832198));
#1459 = PLANE('',#1460);
#1460 = AXIS2_PLACEMENT_3D('',#1461,#1462,#1463);
#1461 = CARTESIAN_POINT('',(2.801282066905,0.213587515755,0.864331966021
    ));
#1462 = DIRECTION('',(0.315905134963,3.012706136382E-07,0.948790780786)
  );
#1463 = DIRECTION('',(0.948790780786,-1.873859063387E-24,-0.315905134963
    ));
#1464 = ADVANCED_FACE('',(#1465),#1475,.T.);
#1465 = FACE_BOUND('',#1466,.T.);
#1466 = EDGE_LOOP('',(#1467,#1468,#1474));
#1467 = ORIENTED_EDGE('',*,*,#1454,.F.);
#1468 = ORIENTED_EDGE('',*,*,#1469,.F.);
#1469 = EDGE_CURVE('',#1402,#1447,#1470,.T.);
#1470 = LINE('',#1471,#1472);
#1471 = CARTESIAN_POINT('',(2.679487228394,0.,0.90488421917));
#1472 = VECTOR('',#1473,1.);
#1473 = DIRECTION('',(0.,1.,0.));
#1474 = ORIENTED_EDGE('',*,*,#1399,.F.);
#1475 = PLANE('',#1476);
#1476 = AXIS2_PLACEMENT_3D('',#1477,#1478,#1479);
#1477 = CARTESIAN_POINT('',(2.715358983099,0.125,0.892940531847));
#1478 = DIRECTION('',(0.315904856621,0.,0.948790873461));
#1479 = DIRECTION('',(0.948790873461,0.,-0.315904856621));
#1480 = ADVANCED_FACE('',(#1481),#1505,.T.);
#1481 = FACE_BOUND('',#1482,.T.);
#1482 = EDGE_LOOP('',(#1483,#1493,#1499));
#1483 = ORIENTED_EDGE('',*,*,#1484,.T.);
#1484 = EDGE_CURVE('',#1485,#1487,#1489,.T.);
#1485 = VERTEX_POINT('',#1486);
#1486 = CARTESIAN_POINT('',(2.557692289352,0.125,0.97186166048));
#1487 = VERTEX_POINT('',#1488);
#1488 = CARTESIAN_POINT('',(2.435897350311,0.,1.038839101791));
#1489 = LINE('',#1490,#1491);
#1490 = CARTESIAN_POINT('',(2.557692289352,0.125,0.97186166048));
#1491 = VECTOR('',#1492,1.);
#1492 = DIRECTION('',(-0.651533595254,-0.668678846986,0.358291185839));
#1493 = ORIENTED_EDGE('',*,*,#1494,.T.);
#1494 = EDGE_CURVE('',#1487,#1402,#1495,.T.);
#1495 = LINE('',#1496,#1497);
#1496 = CARTESIAN_POINT('',(2.435897350311,0.,1.038839101791));
#1497 = VECTOR('',#1498,1.);
#1498 = DIRECTION('',(0.87624560353,0.,-0.481864755189));
#1499 = ORIENTED_EDGE('',*,*,#1500,.T.);
#1500 = EDGE_CURVE('',#1402,#1485,#1501,.T.);
#1501 = LINE('',#1502,#1503);
#1502 = CARTESIAN_POINT('',(2.679487228394,0.,0.90488421917));
#1503 = VECTOR('',#1504,1.);
#1504 = DIRECTION('',(-0.651533595254,0.668678846986,0.358291185839));
#1505 = PLANE('',#1506);
#1506 = AXIS2_PLACEMENT_3D('',#1507,#1508,#1509);
#1507 = CARTESIAN_POINT('',(2.557692289352,3.584637771232E-02,
    0.97186166048));
#1508 = DIRECTION('',(0.481864755189,0.,0.87624560353));
#1509 = DIRECTION('',(0.87624560353,0.,-0.481864755189));
#1510 = ADVANCED_FACE('',(#1511),#1521,.T.);
#1511 = FACE_BOUND('',#1512,.T.);
#1512 = EDGE_LOOP('',(#1513,#1514,#1515));
#1513 = ORIENTED_EDGE('',*,*,#1500,.F.);
#1514 = ORIENTED_EDGE('',*,*,#1469,.T.);
#1515 = ORIENTED_EDGE('',*,*,#1516,.T.);
#1516 = EDGE_CURVE('',#1447,#1485,#1517,.T.);
#1517 = LINE('',#1518,#1519);
#1518 = CARTESIAN_POINT('',(2.679487228394,0.25,0.90488421917));
#1519 = VECTOR('',#1520,1.);
#1520 = DIRECTION('',(-0.651533595254,-0.668678846986,0.358291185839));
#1521 = PLANE('',#1522);
#1522 = AXIS2_PLACEMENT_3D('',#1523,#1524,#1525);
#1523 = CARTESIAN_POINT('',(2.642992806695,0.125,0.924953222091));
#1524 = DIRECTION('',(0.481864755189,0.,0.87624560353));
#1525 = DIRECTION('',(0.87624560353,0.,-0.481864755189));
#1526 = ADVANCED_FACE('',(#1527),#1544,.T.);
#1527 = FACE_BOUND('',#1528,.T.);
#1528 = EDGE_LOOP('',(#1529,#1530,#1538));
#1529 = ORIENTED_EDGE('',*,*,#1516,.F.);
#1530 = ORIENTED_EDGE('',*,*,#1531,.T.);
#1531 = EDGE_CURVE('',#1447,#1532,#1534,.T.);
#1532 = VERTEX_POINT('',#1533);
#1533 = CARTESIAN_POINT('',(2.435897350311,0.25,1.038839101791));
#1534 = LINE('',#1535,#1536);
#1535 = CARTESIAN_POINT('',(2.679487228394,0.25,0.90488421917));
#1536 = VECTOR('',#1537,1.);
#1537 = DIRECTION('',(-0.87624560353,0.,0.481864755189));
#1538 = ORIENTED_EDGE('',*,*,#1539,.T.);
#1539 = EDGE_CURVE('',#1532,#1485,#1540,.T.);
#1540 = LINE('',#1541,#1542);
#1541 = CARTESIAN_POINT('',(2.435897350311,0.25,1.038839101791));
#1542 = VECTOR('',#1543,1.);
#1543 = DIRECTION('',(0.651533595254,-0.668678846986,-0.358291185839));
#1544 = PLANE('',#1545);
#1545 = AXIS2_PLACEMENT_3D('',#1546,#1547,#1548);
#1546 = CARTESIAN_POINT('',(2.557692289352,0.214153622288,0.97186166048)
  );
#1547 = DIRECTION('',(0.481864755189,0.,0.87624560353));
#1548 = DIRECTION('',(0.87624560353,0.,-0.481864755189));
#1549 = ADVANCED_FACE('',(#1550),#1560,.T.);
#1550 = FACE_BOUND('',#1551,.T.);
#1551 = EDGE_LOOP('',(#1552,#1553,#1559));
#1552 = ORIENTED_EDGE('',*,*,#1539,.F.);
#1553 = ORIENTED_EDGE('',*,*,#1554,.F.);
#1554 = EDGE_CURVE('',#1487,#1532,#1555,.T.);
#1555 = LINE('',#1556,#1557);
#1556 = CARTESIAN_POINT('',(2.435897350311,0.,1.038839101791));
#1557 = VECTOR('',#1558,1.);
#1558 = DIRECTION('',(0.,1.,0.));
#1559 = ORIENTED_EDGE('',*,*,#1484,.F.);
#1560 = PLANE('',#1561);
#1561 = AXIS2_PLACEMENT_3D('',#1562,#1563,#1564);
#1562 = CARTESIAN_POINT('',(2.472391772009,0.125,1.01877009887));
#1563 = DIRECTION('',(0.481864755189,0.,0.87624560353));
#1564 = DIRECTION('',(0.87624560353,0.,-0.481864755189));
#1565 = ADVANCED_FACE('',(#1566),#1590,.T.);
#1566 = FACE_BOUND('',#1567,.T.);
#1567 = EDGE_LOOP('',(#1568,#1578,#1584));
#1568 = ORIENTED_EDGE('',*,*,#1569,.T.);
#1569 = EDGE_CURVE('',#1570,#1572,#1574,.T.);
#1570 = VERTEX_POINT('',#1571);
#1571 = CARTESIAN_POINT('',(2.314102649689,0.125,1.128287315369));
#1572 = VERTEX_POINT('',#1573);
#1573 = CARTESIAN_POINT('',(2.192307710648,0.,1.217735409737));
#1574 = LINE('',#1575,#1576);
#1575 = CARTESIAN_POINT('',(2.314102649689,0.125,1.128287315369));
#1576 = VECTOR('',#1577,1.);
#1577 = DIRECTION('',(-0.621047444109,-0.63739044598,0.45610688609));
#1578 = ORIENTED_EDGE('',*,*,#1579,.T.);
#1579 = EDGE_CURVE('',#1572,#1487,#1580,.T.);
#1580 = LINE('',#1581,#1582);
#1581 = CARTESIAN_POINT('',(2.192307710648,0.,1.217735409737));
#1582 = VECTOR('',#1583,1.);
#1583 = DIRECTION('',(0.805988380997,0.,-0.591931355562));
#1584 = ORIENTED_EDGE('',*,*,#1585,.T.);
#1585 = EDGE_CURVE('',#1487,#1570,#1586,.T.);
#1586 = LINE('',#1587,#1588);
#1587 = CARTESIAN_POINT('',(2.435897350311,0.,1.038839101791));
#1588 = VECTOR('',#1589,1.);
#1589 = DIRECTION('',(-0.621046525102,0.637390750508,0.456107711869));
#1590 = PLANE('',#1591);
#1591 = AXIS2_PLACEMENT_3D('',#1592,#1593,#1594);
#1592 = CARTESIAN_POINT('',(2.314102555928,3.529994772838E-02,
    1.128287278631));
#1593 = DIRECTION('',(0.591931355562,-9.488349399819E-07,0.805988380997)
  );
#1594 = DIRECTION('',(0.805988380997,-4.923813438865E-23,-0.591931355562
    ));
#1595 = ADVANCED_FACE('',(#1596),#1606,.T.);
#1596 = FACE_BOUND('',#1597,.T.);
#1597 = EDGE_LOOP('',(#1598,#1599,#1600));
#1598 = ORIENTED_EDGE('',*,*,#1585,.F.);
#1599 = ORIENTED_EDGE('',*,*,#1554,.T.);
#1600 = ORIENTED_EDGE('',*,*,#1601,.T.);
#1601 = EDGE_CURVE('',#1532,#1570,#1602,.T.);
#1602 = LINE('',#1603,#1604);
#1603 = CARTESIAN_POINT('',(2.435897350311,0.25,1.038839101791));
#1604 = VECTOR('',#1605,1.);
#1605 = DIRECTION('',(-0.621046525102,-0.637390750508,0.456107711869));
#1606 = PLANE('',#1607);
#1607 = AXIS2_PLACEMENT_3D('',#1608,#1609,#1610);
#1608 = CARTESIAN_POINT('',(2.398705647419,0.125,1.06615335575));
#1609 = DIRECTION('',(0.591931988163,0.,0.805987916404));
#1610 = DIRECTION('',(0.805987916404,0.,-0.591931988163));
#1611 = ADVANCED_FACE('',(#1612),#1629,.T.);
#1612 = FACE_BOUND('',#1613,.T.);
#1613 = EDGE_LOOP('',(#1614,#1615,#1623));
#1614 = ORIENTED_EDGE('',*,*,#1601,.F.);
#1615 = ORIENTED_EDGE('',*,*,#1616,.T.);
#1616 = EDGE_CURVE('',#1532,#1617,#1619,.T.);
#1617 = VERTEX_POINT('',#1618);
#1618 = CARTESIAN_POINT('',(2.192307710648,0.25,1.217735409737));
#1619 = LINE('',#1620,#1621);
#1620 = CARTESIAN_POINT('',(2.435897350311,0.25,1.038839101791));
#1621 = VECTOR('',#1622,1.);
#1622 = DIRECTION('',(-0.805988380997,0.,0.591931355562));
#1623 = ORIENTED_EDGE('',*,*,#1624,.T.);
#1624 = EDGE_CURVE('',#1617,#1570,#1625,.T.);
#1625 = LINE('',#1626,#1627);
#1626 = CARTESIAN_POINT('',(2.192307710648,0.25,1.217735409737));
#1627 = VECTOR('',#1628,1.);
#1628 = DIRECTION('',(0.621047444109,-0.63739044598,-0.45610688609));
#1629 = PLANE('',#1630);
#1630 = AXIS2_PLACEMENT_3D('',#1631,#1632,#1633);
#1631 = CARTESIAN_POINT('',(2.314102555928,0.214700052272,1.128287278631
    ));
#1632 = DIRECTION('',(0.591931355562,9.488349400477E-07,0.805988380997)
  );
#1633 = DIRECTION('',(0.805988380997,-5.553061896919E-23,-0.591931355562
    ));
#1634 = ADVANCED_FACE('',(#1635),#1645,.T.);
#1635 = FACE_BOUND('',#1636,.T.);
#1636 = EDGE_LOOP('',(#1637,#1638,#1644));
#1637 = ORIENTED_EDGE('',*,*,#1624,.F.);
#1638 = ORIENTED_EDGE('',*,*,#1639,.F.);
#1639 = EDGE_CURVE('',#1572,#1617,#1640,.T.);
#1640 = LINE('',#1641,#1642);
#1641 = CARTESIAN_POINT('',(2.192307710648,0.,1.217735409737));
#1642 = VECTOR('',#1643,1.);
#1643 = DIRECTION('',(0.,1.,0.));
#1644 = ORIENTED_EDGE('',*,*,#1569,.F.);
#1645 = PLANE('',#1646);
#1646 = AXIS2_PLACEMENT_3D('',#1647,#1648,#1649);
#1647 = CARTESIAN_POINT('',(2.229499493261,0.125,1.1904211871));
#1648 = DIRECTION('',(0.591930722962,0.,0.805988845589));
#1649 = DIRECTION('',(0.805988845589,0.,-0.591930722962));
#1650 = ADVANCED_FACE('',(#1651),#1675,.T.);
#1651 = FACE_BOUND('',#1652,.T.);
#1652 = EDGE_LOOP('',(#1653,#1663,#1669));
#1653 = ORIENTED_EDGE('',*,*,#1654,.T.);
#1654 = EDGE_CURVE('',#1655,#1657,#1659,.T.);
#1655 = VERTEX_POINT('',#1656);
#1656 = CARTESIAN_POINT('',(2.070512771606,0.125,1.324372887611));
#1657 = VERTEX_POINT('',#1658);
#1658 = CARTESIAN_POINT('',(1.948717951775,0.,1.431010484695));
#1659 = LINE('',#1660,#1661);
#1660 = CARTESIAN_POINT('',(2.070512771606,0.125,1.324372887611));
#1661 = VECTOR('',#1662,1.);
#1662 = DIRECTION('',(-0.595500324719,-0.611171646649,0.521391006436));
#1663 = ORIENTED_EDGE('',*,*,#1664,.T.);
#1664 = EDGE_CURVE('',#1657,#1572,#1665,.T.);
#1665 = LINE('',#1666,#1667);
#1666 = CARTESIAN_POINT('',(1.948717951775,0.,1.431010484695));
#1667 = VECTOR('',#1668,1.);
#1668 = DIRECTION('',(0.752371492757,0.,-0.658739050677));
#1669 = ORIENTED_EDGE('',*,*,#1670,.T.);
#1670 = EDGE_CURVE('',#1572,#1655,#1671,.T.);
#1671 = LINE('',#1672,#1673);
#1672 = CARTESIAN_POINT('',(2.192307710648,0.,1.217735409737));
#1673 = VECTOR('',#1674,1.);
#1674 = DIRECTION('',(-0.595500881855,0.611171620249,0.521390401056));
#1675 = PLANE('',#1676);
#1676 = AXIS2_PLACEMENT_3D('',#1677,#1678,#1679);
#1677 = CARTESIAN_POINT('',(2.07051281531,3.48870033257E-02,
    1.324372929938));
#1678 = DIRECTION('',(0.658739050677,6.728699414759E-07,0.752371492757)
  );
#1679 = DIRECTION('',(0.752371492757,3.824998471483E-23,-0.658739050677)
  );
#1680 = ADVANCED_FACE('',(#1681),#1691,.T.);
#1681 = FACE_BOUND('',#1682,.T.);
#1682 = EDGE_LOOP('',(#1683,#1684,#1685));
#1683 = ORIENTED_EDGE('',*,*,#1670,.F.);
#1684 = ORIENTED_EDGE('',*,*,#1639,.T.);
#1685 = ORIENTED_EDGE('',*,*,#1686,.T.);
#1686 = EDGE_CURVE('',#1617,#1655,#1687,.T.);
#1687 = LINE('',#1688,#1689);
#1688 = CARTESIAN_POINT('',(2.192307710648,0.25,1.217735409737));
#1689 = VECTOR('',#1690,1.);
#1690 = DIRECTION('',(-0.595500881855,-0.611171620249,0.521390401056));
#1691 = PLANE('',#1692);
#1692 = AXIS2_PLACEMENT_3D('',#1693,#1694,#1695);
#1693 = CARTESIAN_POINT('',(2.154510700847,0.125,1.250828556529));
#1694 = DIRECTION('',(0.658738659767,0.,0.752371835018));
#1695 = DIRECTION('',(0.752371835018,0.,-0.658738659767));
#1696 = ADVANCED_FACE('',(#1697),#1714,.T.);
#1697 = FACE_BOUND('',#1698,.T.);
#1698 = EDGE_LOOP('',(#1699,#1700,#1708));
#1699 = ORIENTED_EDGE('',*,*,#1686,.F.);
#1700 = ORIENTED_EDGE('',*,*,#1701,.T.);
#1701 = EDGE_CURVE('',#1617,#1702,#1704,.T.);
#1702 = VERTEX_POINT('',#1703);
#1703 = CARTESIAN_POINT('',(1.948717951775,0.25,1.431010484695));
#1704 = LINE('',#1705,#1706);
#1705 = CARTESIAN_POINT('',(2.192307710648,0.25,1.217735409737));
#1706 = VECTOR('',#1707,1.);
#1707 = DIRECTION('',(-0.752371492757,0.,0.658739050677));
#1708 = ORIENTED_EDGE('',*,*,#1709,.T.);
#1709 = EDGE_CURVE('',#1702,#1655,#1710,.T.);
#1710 = LINE('',#1711,#1712);
#1711 = CARTESIAN_POINT('',(1.948717951775,0.25,1.431010484695));
#1712 = VECTOR('',#1713,1.);
#1713 = DIRECTION('',(0.595500324719,-0.611171646649,-0.521391006436));
#1714 = PLANE('',#1715);
#1715 = AXIS2_PLACEMENT_3D('',#1716,#1717,#1718);
#1716 = CARTESIAN_POINT('',(2.07051281531,0.215112996674,1.324372929938)
  );
#1717 = DIRECTION('',(0.658739050677,-6.728699414337E-07,0.752371492757)
  );
#1718 = DIRECTION('',(0.752371492757,-6.916055004272E-23,-0.658739050677
    ));
#1719 = ADVANCED_FACE('',(#1720),#1730,.T.);
#1720 = FACE_BOUND('',#1721,.T.);
#1721 = EDGE_LOOP('',(#1722,#1723,#1729));
#1722 = ORIENTED_EDGE('',*,*,#1709,.F.);
#1723 = ORIENTED_EDGE('',*,*,#1724,.F.);
#1724 = EDGE_CURVE('',#1657,#1702,#1725,.T.);
#1725 = LINE('',#1726,#1727);
#1726 = CARTESIAN_POINT('',(1.948717951775,0.,1.431010484695));
#1727 = VECTOR('',#1728,1.);
#1728 = DIRECTION('',(0.,1.,0.));
#1729 = ORIENTED_EDGE('',*,*,#1654,.F.);
#1730 = PLANE('',#1731);
#1731 = AXIS2_PLACEMENT_3D('',#1732,#1733,#1734);
#1732 = CARTESIAN_POINT('',(1.986514923961,0.125,1.39791730145));
#1733 = DIRECTION('',(0.658739441587,0.,0.752371150495));
#1734 = DIRECTION('',(0.752371150495,0.,-0.658739441587));
#1735 = ADVANCED_FACE('',(#1736),#1760,.T.);
#1736 = FACE_BOUND('',#1737,.T.);
#1737 = EDGE_LOOP('',(#1738,#1748,#1754));
#1738 = ORIENTED_EDGE('',*,*,#1739,.T.);
#1739 = EDGE_CURVE('',#1740,#1742,#1744,.T.);
#1740 = VERTEX_POINT('',#1741);
#1741 = CARTESIAN_POINT('',(1.826923131943,0.125,1.548541069031));
#1742 = VERTEX_POINT('',#1743);
#1743 = CARTESIAN_POINT('',(1.705128192902,0.,1.666071772575));
#1744 = LINE('',#1745,#1746);
#1745 = CARTESIAN_POINT('',(1.826923131943,0.125,1.548541069031));
#1746 = VECTOR('',#1747,1.);
#1747 = DIRECTION('',(-0.578845084018,-0.59407752138,0.558578792383));
#1748 = ORIENTED_EDGE('',*,*,#1749,.T.);
#1749 = EDGE_CURVE('',#1742,#1657,#1750,.T.);
#1750 = LINE('',#1751,#1752);
#1751 = CARTESIAN_POINT('',(1.705128192902,0.,1.666071772575));
#1752 = VECTOR('',#1753,1.);
#1753 = DIRECTION('',(0.719591597067,0.,-0.694397532707));
#1754 = ORIENTED_EDGE('',*,*,#1755,.T.);
#1755 = EDGE_CURVE('',#1657,#1740,#1756,.T.);
#1756 = LINE('',#1757,#1758);
#1757 = CARTESIAN_POINT('',(1.948717951775,0.,1.431010484695));
#1758 = VECTOR('',#1759,1.);
#1759 = DIRECTION('',(-0.578844890477,0.594077904213,0.558578585782));
#1760 = PLANE('',#1761);
#1761 = AXIS2_PLACEMENT_3D('',#1762,#1763,#1764);
#1762 = CARTESIAN_POINT('',(1.82692307798,3.463740575397E-02,
    1.548541122613));
#1763 = DIRECTION('',(0.694397532707,1.201346602202E-08,0.719591597067)
  );
#1764 = DIRECTION('',(0.719591597067,7.153196979118E-25,-0.694397532707)
  );
#1765 = ADVANCED_FACE('',(#1766),#1776,.T.);
#1766 = FACE_BOUND('',#1767,.T.);
#1767 = EDGE_LOOP('',(#1768,#1769,#1770));
#1768 = ORIENTED_EDGE('',*,*,#1755,.F.);
#1769 = ORIENTED_EDGE('',*,*,#1724,.T.);
#1770 = ORIENTED_EDGE('',*,*,#1771,.T.);
#1771 = EDGE_CURVE('',#1702,#1740,#1772,.T.);
#1772 = LINE('',#1773,#1774);
#1773 = CARTESIAN_POINT('',(1.948717951775,0.25,1.431010484695));
#1774 = VECTOR('',#1775,1.);
#1775 = DIRECTION('',(-0.578844890477,-0.594077904213,0.558578585782));
#1776 = PLANE('',#1777);
#1777 = AXIS2_PLACEMENT_3D('',#1778,#1779,#1780);
#1778 = CARTESIAN_POINT('',(1.910515672102,0.125,1.467875240183));
#1779 = DIRECTION('',(0.694397526323,0.,0.719591603228));
#1780 = DIRECTION('',(0.719591603228,0.,-0.694397526323));
#1781 = ADVANCED_FACE('',(#1782),#1799,.T.);
#1782 = FACE_BOUND('',#1783,.T.);
#1783 = EDGE_LOOP('',(#1784,#1785,#1793));
#1784 = ORIENTED_EDGE('',*,*,#1771,.F.);
#1785 = ORIENTED_EDGE('',*,*,#1786,.T.);
#1786 = EDGE_CURVE('',#1702,#1787,#1789,.T.);
#1787 = VERTEX_POINT('',#1788);
#1788 = CARTESIAN_POINT('',(1.705128192902,0.25,1.666071772575));
#1789 = LINE('',#1790,#1791);
#1790 = CARTESIAN_POINT('',(1.948717951775,0.25,1.431010484695));
#1791 = VECTOR('',#1792,1.);
#1792 = DIRECTION('',(-0.719591597067,0.,0.694397532707));
#1793 = ORIENTED_EDGE('',*,*,#1794,.T.);
#1794 = EDGE_CURVE('',#1787,#1740,#1795,.T.);
#1795 = LINE('',#1796,#1797);
#1796 = CARTESIAN_POINT('',(1.705128192902,0.25,1.666071772575));
#1797 = VECTOR('',#1798,1.);
#1798 = DIRECTION('',(0.578845084018,-0.59407752138,-0.558578792383));
#1799 = PLANE('',#1800);
#1800 = AXIS2_PLACEMENT_3D('',#1801,#1802,#1803);
#1801 = CARTESIAN_POINT('',(1.82692307798,0.215362594246,1.548541122613)
  );
#1802 = DIRECTION('',(0.694397532707,-1.201346607241E-08,0.719591597067)
  );
#1803 = DIRECTION('',(0.719591597067,5.673115508997E-25,-0.694397532707)
  );
#1804 = ADVANCED_FACE('',(#1805),#1815,.T.);
#1805 = FACE_BOUND('',#1806,.T.);
#1806 = EDGE_LOOP('',(#1807,#1808,#1814));
#1807 = ORIENTED_EDGE('',*,*,#1794,.F.);
#1808 = ORIENTED_EDGE('',*,*,#1809,.F.);
#1809 = EDGE_CURVE('',#1742,#1787,#1810,.T.);
#1810 = LINE('',#1811,#1812);
#1811 = CARTESIAN_POINT('',(1.705128192902,0.,1.666071772575));
#1812 = VECTOR('',#1813,1.);
#1813 = DIRECTION('',(0.,1.,0.));
#1814 = ORIENTED_EDGE('',*,*,#1739,.F.);
#1815 = PLANE('',#1816);
#1816 = AXIS2_PLACEMENT_3D('',#1817,#1818,#1819);
#1817 = CARTESIAN_POINT('',(1.74333051914,0.125,1.629206970843));
#1818 = DIRECTION('',(0.694397539092,0.,0.719591590906));
#1819 = DIRECTION('',(0.719591590906,0.,-0.694397539092));
#1820 = ADVANCED_FACE('',(#1821),#1845,.T.);
#1821 = FACE_BOUND('',#1822,.T.);
#1822 = EDGE_LOOP('',(#1823,#1833,#1839));
#1823 = ORIENTED_EDGE('',*,*,#1824,.T.);
#1824 = EDGE_CURVE('',#1825,#1827,#1829,.T.);
#1825 = VERTEX_POINT('',#1826);
#1826 = CARTESIAN_POINT('',(1.58333337307,0.125,1.787556171417));
#1827 = VERTEX_POINT('',#1828);
#1828 = CARTESIAN_POINT('',(1.461538434029,0.,1.909040570259));
#1829 = LINE('',#1830,#1831);
#1830 = CARTESIAN_POINT('',(1.58333337307,0.125,1.787556171417));
#1831 = VECTOR('',#1832,1.);
#1832 = DIRECTION('',(-0.572764549972,-0.587836976726,0.571304173877));
#1833 = ORIENTED_EDGE('',*,*,#1834,.T.);
#1834 = EDGE_CURVE('',#1827,#1742,#1835,.T.);
#1835 = LINE('',#1836,#1837);
#1836 = CARTESIAN_POINT('',(1.461538434029,0.,1.909040570259));
#1837 = VECTOR('',#1838,1.);
#1838 = DIRECTION('',(0.708008636302,0.,-0.706203774361));
#1839 = ORIENTED_EDGE('',*,*,#1840,.T.);
#1840 = EDGE_CURVE('',#1742,#1825,#1841,.T.);
#1841 = LINE('',#1842,#1843);
#1842 = CARTESIAN_POINT('',(1.705128192902,0.,1.666071772575));
#1843 = VECTOR('',#1844,1.);
#1844 = DIRECTION('',(-0.572764173278,0.587837165477,0.571304357319));
#1845 = PLANE('',#1846);
#1846 = AXIS2_PLACEMENT_3D('',#1847,#1848,#1849);
#1847 = CARTESIAN_POINT('',(1.583333324535,3.454986936833E-02,
    1.787556176808));
#1848 = DIRECTION('',(0.706203774361,-3.367442008714E-07,0.708008636302)
  );
#1849 = DIRECTION('',(0.708008636302,4.624006478772E-24,-0.706203774361)
  );
#1850 = ADVANCED_FACE('',(#1851),#1861,.T.);
#1851 = FACE_BOUND('',#1852,.T.);
#1852 = EDGE_LOOP('',(#1853,#1854,#1855));
#1853 = ORIENTED_EDGE('',*,*,#1840,.F.);
#1854 = ORIENTED_EDGE('',*,*,#1809,.T.);
#1855 = ORIENTED_EDGE('',*,*,#1856,.T.);
#1856 = EDGE_CURVE('',#1787,#1825,#1857,.T.);
#1857 = LINE('',#1858,#1859);
#1858 = CARTESIAN_POINT('',(1.705128192902,0.25,1.666071772575));
#1859 = VECTOR('',#1860,1.);
#1860 = DIRECTION('',(-0.572764173278,-0.587837165477,0.571304357319));
#1861 = PLANE('',#1862);
#1862 = AXIS2_PLACEMENT_3D('',#1863,#1864,#1865);
#1863 = CARTESIAN_POINT('',(1.66677576531,0.125,1.704326450537));
#1864 = DIRECTION('',(0.706203947605,0.,0.708008463499));
#1865 = DIRECTION('',(0.708008463499,0.,-0.706203947605));
#1866 = ADVANCED_FACE('',(#1867),#1884,.T.);
#1867 = FACE_BOUND('',#1868,.T.);
#1868 = EDGE_LOOP('',(#1869,#1870,#1878));
#1869 = ORIENTED_EDGE('',*,*,#1856,.F.);
#1870 = ORIENTED_EDGE('',*,*,#1871,.T.);
#1871 = EDGE_CURVE('',#1787,#1872,#1874,.T.);
#1872 = VERTEX_POINT('',#1873);
#1873 = CARTESIAN_POINT('',(1.461538434029,0.25,1.909040570259));
#1874 = LINE('',#1875,#1876);
#1875 = CARTESIAN_POINT('',(1.705128192902,0.25,1.666071772575));
#1876 = VECTOR('',#1877,1.);
#1877 = DIRECTION('',(-0.708008636302,0.,0.706203774361));
#1878 = ORIENTED_EDGE('',*,*,#1879,.T.);
#1879 = EDGE_CURVE('',#1872,#1825,#1880,.T.);
#1880 = LINE('',#1881,#1882);
#1881 = CARTESIAN_POINT('',(1.461538434029,0.25,1.909040570259));
#1882 = VECTOR('',#1883,1.);
#1883 = DIRECTION('',(0.572764549972,-0.587836976726,-0.571304173877));
#1884 = PLANE('',#1885);
#1885 = AXIS2_PLACEMENT_3D('',#1886,#1887,#1888);
#1886 = CARTESIAN_POINT('',(1.583333324535,0.215450130632,1.787556176808
    ));
#1887 = DIRECTION('',(0.706203774361,3.367442008465E-07,0.708008636302)
  );
#1888 = DIRECTION('',(0.708008636302,8.503230062735E-25,-0.706203774361)
  );
#1889 = ADVANCED_FACE('',(#1890),#1900,.T.);
#1890 = FACE_BOUND('',#1891,.T.);
#1891 = EDGE_LOOP('',(#1892,#1893,#1899));
#1892 = ORIENTED_EDGE('',*,*,#1879,.F.);
#1893 = ORIENTED_EDGE('',*,*,#1894,.F.);
#1894 = EDGE_CURVE('',#1827,#1872,#1895,.T.);
#1895 = LINE('',#1896,#1897);
#1896 = CARTESIAN_POINT('',(1.461538434029,0.,1.909040570259));
#1897 = VECTOR('',#1898,1.);
#1898 = DIRECTION('',(0.,1.,0.));
#1899 = ORIENTED_EDGE('',*,*,#1824,.F.);
#1900 = PLANE('',#1901);
#1901 = AXIS2_PLACEMENT_3D('',#1902,#1903,#1904);
#1902 = CARTESIAN_POINT('',(1.499890903717,0.125,1.87078588775));
#1903 = DIRECTION('',(0.706203601117,0.,0.708008809104));
#1904 = DIRECTION('',(0.708008809104,0.,-0.706203601117));
#1905 = ADVANCED_FACE('',(#1906),#1930,.T.);
#1906 = FACE_BOUND('',#1907,.T.);
#1907 = EDGE_LOOP('',(#1908,#1918,#1924));
#1908 = ORIENTED_EDGE('',*,*,#1909,.T.);
#1909 = EDGE_CURVE('',#1910,#1912,#1914,.T.);
#1910 = VERTEX_POINT('',#1911);
#1911 = CARTESIAN_POINT('',(1.339743614197,0.125,2.027306079865));
#1912 = VERTEX_POINT('',#1913);
#1913 = CARTESIAN_POINT('',(1.217948675156,0.,2.145571470261));
#1914 = LINE('',#1915,#1916);
#1915 = CARTESIAN_POINT('',(1.339743614197,0.125,2.027306079865));
#1916 = VECTOR('',#1917,1.);
#1917 = DIRECTION('',(-0.577715898785,-0.592918621387,0.560974017851));
#1918 = ORIENTED_EDGE('',*,*,#1919,.T.);
#1919 = EDGE_CURVE('',#1912,#1827,#1920,.T.);
#1920 = LINE('',#1921,#1922);
#1921 = CARTESIAN_POINT('',(1.217948675156,0.,2.145571470261));
#1922 = VECTOR('',#1923,1.);
#1923 = DIRECTION('',(0.717425315231,0.,-0.696635426221));
#1924 = ORIENTED_EDGE('',*,*,#1925,.T.);
#1925 = EDGE_CURVE('',#1827,#1910,#1926,.T.);
#1926 = LINE('',#1927,#1928);
#1927 = CARTESIAN_POINT('',(1.461538434029,0.,1.909040570259));
#1928 = VECTOR('',#1929,1.);
#1929 = DIRECTION('',(-0.577715338803,0.592918626999,0.560974588613));
#1930 = PLANE('',#1931);
#1931 = AXIS2_PLACEMENT_3D('',#1932,#1933,#1934);
#1932 = CARTESIAN_POINT('',(1.339743570941,3.462100611908E-02,
    2.027306036923));
#1933 = DIRECTION('',(0.696635426221,-6.74276705461E-07,0.717425315231)
  );
#1934 = DIRECTION('',(0.717425315231,-5.082634707714E-23,-0.696635426221
    ));
#1935 = ADVANCED_FACE('',(#1936),#1946,.T.);
#1936 = FACE_BOUND('',#1937,.T.);
#1937 = EDGE_LOOP('',(#1938,#1939,#1940));
#1938 = ORIENTED_EDGE('',*,*,#1925,.F.);
#1939 = ORIENTED_EDGE('',*,*,#1894,.T.);
#1940 = ORIENTED_EDGE('',*,*,#1941,.T.);
#1941 = EDGE_CURVE('',#1872,#1910,#1942,.T.);
#1942 = LINE('',#1943,#1944);
#1943 = CARTESIAN_POINT('',(1.461538434029,0.25,1.909040570259));
#1944 = VECTOR('',#1945,1.);
#1945 = DIRECTION('',(-0.577715338803,-0.592918626999,0.560974588613));
#1946 = PLANE('',#1947);
#1947 = AXIS2_PLACEMENT_3D('',#1948,#1949,#1950);
#1948 = CARTESIAN_POINT('',(1.423308351912,0.125,1.94616283991));
#1949 = DIRECTION('',(0.696635782403,0.,0.71742496937));
#1950 = DIRECTION('',(0.71742496937,0.,-0.696635782403));
#1951 = ADVANCED_FACE('',(#1952),#1969,.T.);
#1952 = FACE_BOUND('',#1953,.T.);
#1953 = EDGE_LOOP('',(#1954,#1955,#1963));
#1954 = ORIENTED_EDGE('',*,*,#1941,.F.);
#1955 = ORIENTED_EDGE('',*,*,#1956,.T.);
#1956 = EDGE_CURVE('',#1872,#1957,#1959,.T.);
#1957 = VERTEX_POINT('',#1958);
#1958 = CARTESIAN_POINT('',(1.217948675156,0.25,2.145571470261));
#1959 = LINE('',#1960,#1961);
#1960 = CARTESIAN_POINT('',(1.461538434029,0.25,1.909040570259));
#1961 = VECTOR('',#1962,1.);
#1962 = DIRECTION('',(-0.717425315231,0.,0.696635426221));
#1963 = ORIENTED_EDGE('',*,*,#1964,.T.);
#1964 = EDGE_CURVE('',#1957,#1910,#1965,.T.);
#1965 = LINE('',#1966,#1967);
#1966 = CARTESIAN_POINT('',(1.217948675156,0.25,2.145571470261));
#1967 = VECTOR('',#1968,1.);
#1968 = DIRECTION('',(0.577715898785,-0.592918621387,-0.560974017851));
#1969 = PLANE('',#1970);
#1970 = AXIS2_PLACEMENT_3D('',#1971,#1972,#1973);
#1971 = CARTESIAN_POINT('',(1.339743570941,0.215378993881,2.027306036923
    ));
#1972 = DIRECTION('',(0.696635426221,6.742767054897E-07,0.717425315231)
  );
#1973 = DIRECTION('',(0.717425315231,3.653110721499E-23,-0.696635426221)
  );
#1974 = ADVANCED_FACE('',(#1975),#1985,.T.);
#1975 = FACE_BOUND('',#1976,.T.);
#1976 = EDGE_LOOP('',(#1977,#1978,#1984));
#1977 = ORIENTED_EDGE('',*,*,#1964,.F.);
#1978 = ORIENTED_EDGE('',*,*,#1979,.F.);
#1979 = EDGE_CURVE('',#1912,#1957,#1980,.T.);
#1980 = LINE('',#1981,#1982);
#1981 = CARTESIAN_POINT('',(1.217948675156,0.,2.145571470261));
#1982 = VECTOR('',#1983,1.);
#1983 = DIRECTION('',(0.,1.,0.));
#1984 = ORIENTED_EDGE('',*,*,#1909,.F.);
#1985 = PLANE('',#1986);
#1986 = AXIS2_PLACEMENT_3D('',#1987,#1988,#1989);
#1987 = CARTESIAN_POINT('',(1.256178794826,0.125,2.108449237898));
#1988 = DIRECTION('',(0.696635070038,0.,0.717425661092));
#1989 = DIRECTION('',(0.717425661092,0.,-0.696635070038));
#1990 = ADVANCED_FACE('',(#1991),#2015,.T.);
#1991 = FACE_BOUND('',#1992,.T.);
#1992 = EDGE_LOOP('',(#1993,#2003,#2009));
#1993 = ORIENTED_EDGE('',*,*,#1994,.T.);
#1994 = EDGE_CURVE('',#1995,#1997,#1999,.T.);
#1995 = VERTEX_POINT('',#1996);
#1996 = CARTESIAN_POINT('',(1.096153855324,0.125,2.253634929657));
#1997 = VERTEX_POINT('',#1998);
#1998 = CARTESIAN_POINT('',(0.974358975887,0.,2.361698627472));
#1999 = LINE('',#2000,#2001);
#2000 = CARTESIAN_POINT('',(1.096153855324,0.125,2.253634929657));
#2001 = VECTOR('',#2002,1.);
#2002 = DIRECTION('',(-0.593332973281,-0.608946960687,0.52644048276));
#2003 = ORIENTED_EDGE('',*,*,#2004,.T.);
#2004 = EDGE_CURVE('',#1997,#1912,#2005,.T.);
#2005 = LINE('',#2006,#2007);
#2006 = CARTESIAN_POINT('',(0.974358975887,0.,2.361698627472));
#2007 = VECTOR('',#2008,1.);
#2008 = DIRECTION('',(0.748014388043,0.,-0.663682510905));
#2009 = ORIENTED_EDGE('',*,*,#2010,.T.);
#2010 = EDGE_CURVE('',#1912,#1995,#2011,.T.);
#2011 = LINE('',#2012,#2013);
#2012 = CARTESIAN_POINT('',(1.217948675156,0.,2.145571470261));
#2013 = VECTOR('',#2014,1.);
#2014 = DIRECTION('',(-0.593333147926,0.608947437938,0.526439733873));
#2015 = PLANE('',#2016);
#2016 = AXIS2_PLACEMENT_3D('',#2017,#2018,#2019);
#2017 = CARTESIAN_POINT('',(1.096153820523,3.485368336136E-02,
    2.253635027435));
#2018 = DIRECTION('',(0.663682510904,5.551278689096E-07,0.748014388043)
  );
#2019 = DIRECTION('',(0.748014388043,1.600347640118E-23,-0.663682510905)
  );
#2020 = ADVANCED_FACE('',(#2021),#2031,.T.);
#2021 = FACE_BOUND('',#2022,.T.);
#2022 = EDGE_LOOP('',(#2023,#2024,#2025));
#2023 = ORIENTED_EDGE('',*,*,#2010,.F.);
#2024 = ORIENTED_EDGE('',*,*,#1979,.T.);
#2025 = ORIENTED_EDGE('',*,*,#2026,.T.);
#2026 = EDGE_CURVE('',#1957,#1995,#2027,.T.);
#2027 = LINE('',#2028,#2029);
#2028 = CARTESIAN_POINT('',(1.217948675156,0.25,2.145571470261));
#2029 = VECTOR('',#2030,1.);
#2030 = DIRECTION('',(-0.593333147926,-0.608947437938,0.526439733873));
#2031 = PLANE('',#2032);
#2032 = AXIS2_PLACEMENT_3D('',#2033,#2034,#2035);
#2033 = CARTESIAN_POINT('',(1.18009945244,0.125,2.179153505586));
#2034 = DIRECTION('',(0.663682192122,0.,0.748014670886));
#2035 = DIRECTION('',(0.748014670886,0.,-0.663682192122));
#2036 = ADVANCED_FACE('',(#2037),#2054,.T.);
#2037 = FACE_BOUND('',#2038,.T.);
#2038 = EDGE_LOOP('',(#2039,#2040,#2048));
#2039 = ORIENTED_EDGE('',*,*,#2026,.F.);
#2040 = ORIENTED_EDGE('',*,*,#2041,.T.);
#2041 = EDGE_CURVE('',#1957,#2042,#2044,.T.);
#2042 = VERTEX_POINT('',#2043);
#2043 = CARTESIAN_POINT('',(0.974358975887,0.25,2.361698627472));
#2044 = LINE('',#2045,#2046);
#2045 = CARTESIAN_POINT('',(1.217948675156,0.25,2.145571470261));
#2046 = VECTOR('',#2047,1.);
#2047 = DIRECTION('',(-0.748014388043,0.,0.663682510905));
#2048 = ORIENTED_EDGE('',*,*,#2049,.T.);
#2049 = EDGE_CURVE('',#2042,#1995,#2050,.T.);
#2050 = LINE('',#2051,#2052);
#2051 = CARTESIAN_POINT('',(0.974358975887,0.25,2.361698627472));
#2052 = VECTOR('',#2053,1.);
#2053 = DIRECTION('',(0.593332973281,-0.608946960687,-0.52644048276));
#2054 = PLANE('',#2055);
#2055 = AXIS2_PLACEMENT_3D('',#2056,#2057,#2058);
#2056 = CARTESIAN_POINT('',(1.096153820523,0.215146316639,2.253635027435
    ));
#2057 = DIRECTION('',(0.663682510904,-5.551278689748E-07,0.748014388043)
  );
#2058 = DIRECTION('',(0.748014388043,-1.400292170015E-23,-0.663682510905
    ));
#2059 = ADVANCED_FACE('',(#2060),#2070,.T.);
#2060 = FACE_BOUND('',#2061,.T.);
#2061 = EDGE_LOOP('',(#2062,#2063,#2069));
#2062 = ORIENTED_EDGE('',*,*,#2049,.F.);
#2063 = ORIENTED_EDGE('',*,*,#2064,.F.);
#2064 = EDGE_CURVE('',#1997,#2042,#2065,.T.);
#2065 = LINE('',#2066,#2067);
#2066 = CARTESIAN_POINT('',(0.974358975887,0.,2.361698627472));
#2067 = VECTOR('',#2068,1.);
#2068 = DIRECTION('',(0.,1.,0.));
#2069 = ORIENTED_EDGE('',*,*,#1994,.F.);
#2070 = PLANE('',#2071);
#2071 = AXIS2_PLACEMENT_3D('',#2072,#2073,#2074);
#2072 = CARTESIAN_POINT('',(1.012208228353,0.125,2.328116508093));
#2073 = DIRECTION('',(0.663682829686,0.,0.748014105201));
#2074 = DIRECTION('',(0.748014105201,0.,-0.663682829686));
#2075 = ADVANCED_FACE('',(#2076),#2100,.T.);
#2076 = FACE_BOUND('',#2077,.T.);
#2077 = EDGE_LOOP('',(#2078,#2088,#2094));
#2078 = ORIENTED_EDGE('',*,*,#2079,.T.);
#2079 = EDGE_CURVE('',#2080,#2082,#2084,.T.);
#2080 = VERTEX_POINT('',#2081);
#2081 = CARTESIAN_POINT('',(0.852564096451,0.125,2.453179836273));
#2082 = VERTEX_POINT('',#2083);
#2083 = CARTESIAN_POINT('',(0.730769217014,0.,2.544661283493));
#2084 = LINE('',#2085,#2086);
#2085 = CARTESIAN_POINT('',(0.852564096451,0.125,2.453179836273));
#2086 = VECTOR('',#2087,1.);
#2087 = DIRECTION('',(-0.618098045525,-0.634363743764,0.464260106747));
#2088 = ORIENTED_EDGE('',*,*,#2089,.T.);
#2089 = EDGE_CURVE('',#2082,#1997,#2090,.T.);
#2090 = LINE('',#2091,#2092);
#2091 = CARTESIAN_POINT('',(0.730769217014,0.,2.544661283493));
#2092 = VECTOR('',#2093,1.);
#2093 = DIRECTION('',(0.799573860725,0.,-0.600567765739));
#2094 = ORIENTED_EDGE('',*,*,#2095,.T.);
#2095 = EDGE_CURVE('',#1997,#2080,#2096,.T.);
#2096 = LINE('',#2097,#2098);
#2097 = CARTESIAN_POINT('',(0.974358975887,0.,2.361698627472));
#2098 = VECTOR('',#2099,1.);
#2099 = DIRECTION('',(-0.618098392731,0.634364100107,0.464259157583));
#2100 = PLANE('',#2101);
#2101 = AXIS2_PLACEMENT_3D('',#2102,#2103,#2104);
#2102 = CARTESIAN_POINT('',(0.852564086804,3.525030012618E-02,
    2.453179929111));
#2103 = DIRECTION('',(0.600567765739,7.625330550147E-07,0.799573860725)
  );
#2104 = DIRECTION('',(0.799573860725,-3.061379932552E-23,-0.600567765739
    ));
#2105 = ADVANCED_FACE('',(#2106),#2116,.T.);
#2106 = FACE_BOUND('',#2107,.T.);
#2107 = EDGE_LOOP('',(#2108,#2109,#2110));
#2108 = ORIENTED_EDGE('',*,*,#2095,.F.);
#2109 = ORIENTED_EDGE('',*,*,#2064,.T.);
#2110 = ORIENTED_EDGE('',*,*,#2111,.T.);
#2111 = EDGE_CURVE('',#2042,#2080,#2112,.T.);
#2112 = LINE('',#2113,#2114);
#2113 = CARTESIAN_POINT('',(0.974358975887,0.25,2.361698627472));
#2114 = VECTOR('',#2115,1.);
#2115 = DIRECTION('',(-0.618098392731,-0.634364100107,0.464259157583));
#2116 = PLANE('',#2117);
#2117 = AXIS2_PLACEMENT_3D('',#2118,#2119,#2120);
#2118 = CARTESIAN_POINT('',(0.937098343624,0.125,2.389685417195));
#2119 = DIRECTION('',(0.600567265409,0.,0.799574236528));
#2120 = DIRECTION('',(0.799574236528,0.,-0.600567265409));
#2121 = ADVANCED_FACE('',(#2122),#2139,.T.);
#2122 = FACE_BOUND('',#2123,.T.);
#2123 = EDGE_LOOP('',(#2124,#2125,#2133));
#2124 = ORIENTED_EDGE('',*,*,#2111,.F.);
#2125 = ORIENTED_EDGE('',*,*,#2126,.T.);
#2126 = EDGE_CURVE('',#2042,#2127,#2129,.T.);
#2127 = VERTEX_POINT('',#2128);
#2128 = CARTESIAN_POINT('',(0.730769217014,0.25,2.544661283493));
#2129 = LINE('',#2130,#2131);
#2130 = CARTESIAN_POINT('',(0.974358975887,0.25,2.361698627472));
#2131 = VECTOR('',#2132,1.);
#2132 = DIRECTION('',(-0.799573860725,0.,0.600567765739));
#2133 = ORIENTED_EDGE('',*,*,#2134,.T.);
#2134 = EDGE_CURVE('',#2127,#2080,#2135,.T.);
#2135 = LINE('',#2136,#2137);
#2136 = CARTESIAN_POINT('',(0.730769217014,0.25,2.544661283493));
#2137 = VECTOR('',#2138,1.);
#2138 = DIRECTION('',(0.618098045525,-0.634363743764,-0.464260106747));
#2139 = PLANE('',#2140);
#2140 = AXIS2_PLACEMENT_3D('',#2141,#2142,#2143);
#2141 = CARTESIAN_POINT('',(0.852564086804,0.214749699874,2.453179929111
    ));
#2142 = DIRECTION('',(0.600567765739,-7.625330550435E-07,0.799573860725)
  );
#2143 = DIRECTION('',(0.799573860725,-5.483618169077E-23,-0.600567765739
    ));
#2144 = ADVANCED_FACE('',(#2145),#2155,.T.);
#2145 = FACE_BOUND('',#2146,.T.);
#2146 = EDGE_LOOP('',(#2147,#2148,#2154));
#2147 = ORIENTED_EDGE('',*,*,#2134,.F.);
#2148 = ORIENTED_EDGE('',*,*,#2149,.F.);
#2149 = EDGE_CURVE('',#2082,#2127,#2150,.T.);
#2150 = LINE('',#2151,#2152);
#2151 = CARTESIAN_POINT('',(0.730769217014,0.,2.544661283493));
#2152 = VECTOR('',#2153,1.);
#2153 = DIRECTION('',(0.,1.,0.));
#2154 = ORIENTED_EDGE('',*,*,#2079,.F.);
#2155 = PLANE('',#2156);
#2156 = AXIS2_PLACEMENT_3D('',#2157,#2158,#2159);
#2157 = CARTESIAN_POINT('',(0.768029857402,0.125,2.516674414729));
#2158 = DIRECTION('',(0.600568266069,0.,0.799573484922));
#2159 = DIRECTION('',(0.799573484922,0.,-0.600568266069));
#2160 = ADVANCED_FACE('',(#2161),#2185,.T.);
#2161 = FACE_BOUND('',#2162,.T.);
#2162 = EDGE_LOOP('',(#2163,#2173,#2179));
#2163 = ORIENTED_EDGE('',*,*,#2164,.T.);
#2164 = EDGE_CURVE('',#2165,#2167,#2169,.T.);
#2165 = VERTEX_POINT('',#2166);
#2166 = CARTESIAN_POINT('',(0.608974337578,0.125,2.61415886879));
#2167 = VERTEX_POINT('',#2168);
#2168 = CARTESIAN_POINT('',(0.487179487944,0.,2.683656692505));
#2169 = LINE('',#2170,#2171);
#2170 = CARTESIAN_POINT('',(0.608974337578,0.125,2.61415886879));
#2171 = VECTOR('',#2172,1.);
#2172 = DIRECTION('',(-0.648350217109,-0.665412186,0.369957590405));
#2173 = ORIENTED_EDGE('',*,*,#2174,.T.);
#2174 = EDGE_CURVE('',#2167,#2082,#2175,.T.);
#2175 = LINE('',#2176,#2177);
#2176 = CARTESIAN_POINT('',(0.487179487944,0.,2.683656692505));
#2177 = VECTOR('',#2178,1.);
#2178 = DIRECTION('',(0.868548206491,0.,-0.495604694288));
#2179 = ORIENTED_EDGE('',*,*,#2180,.T.);
#2180 = EDGE_CURVE('',#2082,#2165,#2181,.T.);
#2181 = LINE('',#2182,#2183);
#2182 = CARTESIAN_POINT('',(0.730769217014,0.,2.544661283493));
#2183 = VECTOR('',#2184,1.);
#2184 = DIRECTION('',(-0.648350613493,0.665412429994,0.369956456887));
#2185 = PLANE('',#2186);
#2186 = AXIS2_PLACEMENT_3D('',#2187,#2188,#2189);
#2187 = CARTESIAN_POINT('',(0.60897434182,3.578634862333E-02,
    2.614158957518));
#2188 = DIRECTION('',(0.495604694288,8.873928005885E-07,0.868548206491)
  );
#2189 = DIRECTION('',(0.868548206491,2.97628367099E-23,-0.495604694288)
  );
#2190 = ADVANCED_FACE('',(#2191),#2201,.T.);
#2191 = FACE_BOUND('',#2192,.T.);
#2192 = EDGE_LOOP('',(#2193,#2194,#2195));
#2193 = ORIENTED_EDGE('',*,*,#2180,.F.);
#2194 = ORIENTED_EDGE('',*,*,#2149,.T.);
#2195 = ORIENTED_EDGE('',*,*,#2196,.T.);
#2196 = EDGE_CURVE('',#2127,#2165,#2197,.T.);
#2197 = LINE('',#2198,#2199);
#2198 = CARTESIAN_POINT('',(0.730769217014,0.25,2.544661283493));
#2199 = VECTOR('',#2200,1.);
#2200 = DIRECTION('',(-0.648350613493,-0.665412429994,0.369956456887));
#2201 = PLANE('',#2202);
#2202 = AXIS2_PLACEMENT_3D('',#2203,#2204,#2205);
#2203 = CARTESIAN_POINT('',(0.694203235747,0.125,2.565526260854));
#2204 = DIRECTION('',(0.495604007243,0.,0.868548598528));
#2205 = DIRECTION('',(0.868548598528,0.,-0.495604007243));
#2206 = ADVANCED_FACE('',(#2207),#2224,.T.);
#2207 = FACE_BOUND('',#2208,.T.);
#2208 = EDGE_LOOP('',(#2209,#2210,#2218));
#2209 = ORIENTED_EDGE('',*,*,#2196,.F.);
#2210 = ORIENTED_EDGE('',*,*,#2211,.T.);
#2211 = EDGE_CURVE('',#2127,#2212,#2214,.T.);
#2212 = VERTEX_POINT('',#2213);
#2213 = CARTESIAN_POINT('',(0.487179487944,0.25,2.683656692505));
#2214 = LINE('',#2215,#2216);
#2215 = CARTESIAN_POINT('',(0.730769217014,0.25,2.544661283493));
#2216 = VECTOR('',#2217,1.);
#2217 = DIRECTION('',(-0.868548206491,0.,0.495604694288));
#2218 = ORIENTED_EDGE('',*,*,#2219,.T.);
#2219 = EDGE_CURVE('',#2212,#2165,#2220,.T.);
#2220 = LINE('',#2221,#2222);
#2221 = CARTESIAN_POINT('',(0.487179487944,0.25,2.683656692505));
#2222 = VECTOR('',#2223,1.);
#2223 = DIRECTION('',(0.648350217109,-0.665412186,-0.369957590405));
#2224 = PLANE('',#2225);
#2225 = AXIS2_PLACEMENT_3D('',#2226,#2227,#2228);
#2226 = CARTESIAN_POINT('',(0.60897434182,0.214213651377,2.614158957518)
  );
#2227 = DIRECTION('',(0.495604694288,-8.873928006356E-07,0.868548206491)
  );
#2228 = DIRECTION('',(0.868548206491,1.590354301871E-23,-0.495604694288)
  );
#2229 = ADVANCED_FACE('',(#2230),#2240,.T.);
#2230 = FACE_BOUND('',#2231,.T.);
#2231 = EDGE_LOOP('',(#2232,#2233,#2239));
#2232 = ORIENTED_EDGE('',*,*,#2219,.F.);
#2233 = ORIENTED_EDGE('',*,*,#2234,.F.);
#2234 = EDGE_CURVE('',#2167,#2212,#2235,.T.);
#2235 = LINE('',#2236,#2237);
#2236 = CARTESIAN_POINT('',(0.487179487944,0.,2.683656692505));
#2237 = VECTOR('',#2238,1.);
#2238 = DIRECTION('',(0.,1.,0.));
#2239 = ORIENTED_EDGE('',*,*,#2164,.F.);
#2240 = PLANE('',#2241);
#2241 = AXIS2_PLACEMENT_3D('',#2242,#2243,#2244);
#2242 = CARTESIAN_POINT('',(0.523745465621,0.125,2.662791640508));
#2243 = DIRECTION('',(0.495605381332,0.,0.868547814455));
#2244 = DIRECTION('',(0.868547814455,0.,-0.495605381332));
#2245 = ADVANCED_FACE('',(#2246),#2270,.T.);
#2246 = FACE_BOUND('',#2247,.T.);
#2247 = EDGE_LOOP('',(#2248,#2258,#2264));
#2248 = ORIENTED_EDGE('',*,*,#2249,.T.);
#2249 = EDGE_CURVE('',#2250,#2252,#2254,.T.);
#2250 = VERTEX_POINT('',#2251);
#2251 = CARTESIAN_POINT('',(0.365384608507,0.125,2.727067708969));
#2252 = VERTEX_POINT('',#2253);
#2253 = CARTESIAN_POINT('',(0.243589743972,0.,2.770478487015));
#2254 = LINE('',#2255,#2256);
#2255 = CARTESIAN_POINT('',(0.365384608507,0.125,2.727067708969));
#2256 = VECTOR('',#2257,1.);
#2257 = DIRECTION('',(-0.677229039429,-0.695050897684,0.241381601998));
#2258 = ORIENTED_EDGE('',*,*,#2259,.T.);
#2259 = EDGE_CURVE('',#2252,#2167,#2260,.T.);
#2260 = LINE('',#2261,#2262);
#2261 = CARTESIAN_POINT('',(0.243589743972,0.,2.770478487015));
#2262 = VECTOR('',#2263,1.);
#2263 = DIRECTION('',(0.941955507052,0.,-0.33573772909));
#2264 = ORIENTED_EDGE('',*,*,#2265,.T.);
#2265 = EDGE_CURVE('',#2167,#2250,#2266,.T.);
#2266 = LINE('',#2267,#2268);
#2267 = CARTESIAN_POINT('',(0.487179487944,0.,2.683656692505));
#2268 = VECTOR('',#2269,1.);
#2269 = DIRECTION('',(-0.67722886757,0.695050636265,0.241382836915));
#2270 = PLANE('',#2271);
#2271 = AXIS2_PLACEMENT_3D('',#2272,#2273,#2274);
#2272 = CARTESIAN_POINT('',(0.365384620453,3.63591799607E-02,
    2.72706762206));
#2273 = DIRECTION('',(0.33573772909,-8.78307246181E-07,0.941955507052));
#2274 = DIRECTION('',(0.941955507052,-1.459836966335E-23,-0.33573772909)
  );
#2275 = ADVANCED_FACE('',(#2276),#2286,.T.);
#2276 = FACE_BOUND('',#2277,.T.);
#2277 = EDGE_LOOP('',(#2278,#2279,#2280));
#2278 = ORIENTED_EDGE('',*,*,#2265,.F.);
#2279 = ORIENTED_EDGE('',*,*,#2234,.T.);
#2280 = ORIENTED_EDGE('',*,*,#2281,.T.);
#2281 = EDGE_CURVE('',#2212,#2250,#2282,.T.);
#2282 = LINE('',#2283,#2284);
#2283 = CARTESIAN_POINT('',(0.487179487944,0.25,2.683656692505));
#2284 = VECTOR('',#2285,1.);
#2285 = DIRECTION('',(-0.67722886757,-0.695050636265,0.241382836915));
#2286 = PLANE('',#2287);
#2287 = AXIS2_PLACEMENT_3D('',#2288,#2289,#2290);
#2288 = CARTESIAN_POINT('',(0.451252868163,0.125,2.696461919539));
#2289 = DIRECTION('',(0.335738528902,0.,0.941955221977));
#2290 = DIRECTION('',(0.941955221977,0.,-0.335738528902));
#2291 = ADVANCED_FACE('',(#2292),#2309,.T.);
#2292 = FACE_BOUND('',#2293,.T.);
#2293 = EDGE_LOOP('',(#2294,#2295,#2303));
#2294 = ORIENTED_EDGE('',*,*,#2281,.F.);
#2295 = ORIENTED_EDGE('',*,*,#2296,.T.);
#2296 = EDGE_CURVE('',#2212,#2297,#2299,.T.);
#2297 = VERTEX_POINT('',#2298);
#2298 = CARTESIAN_POINT('',(0.243589743972,0.25,2.770478487015));
#2299 = LINE('',#2300,#2301);
#2300 = CARTESIAN_POINT('',(0.487179487944,0.25,2.683656692505));
#2301 = VECTOR('',#2302,1.);
#2302 = DIRECTION('',(-0.941955507052,0.,0.33573772909));
#2303 = ORIENTED_EDGE('',*,*,#2304,.T.);
#2304 = EDGE_CURVE('',#2297,#2250,#2305,.T.);
#2305 = LINE('',#2306,#2307);
#2306 = CARTESIAN_POINT('',(0.243589743972,0.25,2.770478487015));
#2307 = VECTOR('',#2308,1.);
#2308 = DIRECTION('',(0.677229039429,-0.695050897684,-0.241381601998));
#2309 = PLANE('',#2310);
#2310 = AXIS2_PLACEMENT_3D('',#2311,#2312,#2313);
#2311 = CARTESIAN_POINT('',(0.365384620453,0.213640820039,2.72706762206)
  );
#2312 = DIRECTION('',(0.33573772909,8.783072462007E-07,0.941955507052));
#2313 = DIRECTION('',(0.941955507052,1.095565421726E-23,-0.33573772909)
  );
#2314 = ADVANCED_FACE('',(#2315),#2325,.T.);
#2315 = FACE_BOUND('',#2316,.T.);
#2316 = EDGE_LOOP('',(#2317,#2318,#2324));
#2317 = ORIENTED_EDGE('',*,*,#2304,.F.);
#2318 = ORIENTED_EDGE('',*,*,#2319,.F.);
#2319 = EDGE_CURVE('',#2252,#2297,#2320,.T.);
#2320 = LINE('',#2321,#2322);
#2321 = CARTESIAN_POINT('',(0.243589743972,0.,2.770478487015));
#2322 = VECTOR('',#2323,1.);
#2323 = DIRECTION('',(0.,1.,0.));
#2324 = ORIENTED_EDGE('',*,*,#2249,.F.);
#2325 = PLANE('',#2326);
#2326 = AXIS2_PLACEMENT_3D('',#2327,#2328,#2329);
#2327 = CARTESIAN_POINT('',(0.279516353816,0.125,2.757673332283));
#2328 = DIRECTION('',(0.335736929277,0.,0.941955792126));
#2329 = DIRECTION('',(0.941955792126,0.,-0.335736929277));
#2330 = ADVANCED_FACE('',(#2331),#2355,.T.);
#2331 = FACE_BOUND('',#2332,.T.);
#2332 = EDGE_LOOP('',(#2333,#2343,#2349));
#2333 = ORIENTED_EDGE('',*,*,#2334,.T.);
#2334 = EDGE_CURVE('',#2335,#2337,#2339,.T.);
#2335 = VERTEX_POINT('',#2336);
#2336 = CARTESIAN_POINT('',(0.121794871986,0.125,1.785239219666));
#2337 = VERTEX_POINT('',#2338);
#2338 = CARTESIAN_POINT('',(0.,0.,1.799999952316));
#2339 = LINE('',#2340,#2341);
#2340 = CARTESIAN_POINT('',(0.121794871986,0.125,1.785239219666));
#2341 = VECTOR('',#2342,1.);
#2342 = DIRECTION('',(-0.695382056144,-0.713681582817,8.427570433388E-02
    ));
#2343 = ORIENTED_EDGE('',*,*,#2344,.T.);
#2344 = EDGE_CURVE('',#2337,#203,#2345,.T.);
#2345 = LINE('',#2346,#2347);
#2346 = CARTESIAN_POINT('',(0.,0.,1.799999952316));
#2347 = VECTOR('',#2348,1.);
#2348 = DIRECTION('',(0.,1.,0.));
#2349 = ORIENTED_EDGE('',*,*,#2350,.T.);
#2350 = EDGE_CURVE('',#203,#2335,#2351,.T.);
#2351 = LINE('',#2352,#2353);
#2352 = CARTESIAN_POINT('',(0.,0.25,1.799999952316));
#2353 = VECTOR('',#2354,1.);
#2354 = DIRECTION('',(0.695382056144,-0.713681582817,-8.427570433388E-02
    ));
#2355 = PLANE('',#2356);
#2356 = AXIS2_PLACEMENT_3D('',#2357,#2358,#2359);
#2357 = CARTESIAN_POINT('',(3.553602758153E-02,0.125,1.795693220891));
#2358 = DIRECTION('',(-0.120313035417,-0.,-0.992736003935));
#2359 = DIRECTION('',(-0.992736003935,0.,0.120313035417));
#2360 = ADVANCED_FACE('',(#2361),#2371,.T.);
#2361 = FACE_BOUND('',#2362,.T.);
#2362 = EDGE_LOOP('',(#2363,#2364,#2365));
#2363 = ORIENTED_EDGE('',*,*,#2350,.F.);
#2364 = ORIENTED_EDGE('',*,*,#270,.T.);
#2365 = ORIENTED_EDGE('',*,*,#2366,.T.);
#2366 = EDGE_CURVE('',#248,#2335,#2367,.T.);
#2367 = LINE('',#2368,#2369);
#2368 = CARTESIAN_POINT('',(0.243589743972,0.25,1.770478367805));
#2369 = VECTOR('',#2370,1.);
#2370 = DIRECTION('',(-0.695382016256,-0.713681541881,8.427638011959E-02
    ));
#2371 = PLANE('',#2372);
#2372 = AXIS2_PLACEMENT_3D('',#2373,#2374,#2375);
#2373 = CARTESIAN_POINT('',(0.121794873013,0.213245461942,1.785239177462
    ));
#2374 = DIRECTION('',(-0.120313514215,-4.733733872982E-07,
    -0.992735945908));
#2375 = DIRECTION('',(-0.992735945908,1.965729272382E-25,0.120313514215)
  );
#2376 = ADVANCED_FACE('',(#2377),#2394,.T.);
#2377 = FACE_BOUND('',#2378,.T.);
#2378 = EDGE_LOOP('',(#2379,#2380,#2388));
#2379 = ORIENTED_EDGE('',*,*,#2366,.F.);
#2380 = ORIENTED_EDGE('',*,*,#2381,.T.);
#2381 = EDGE_CURVE('',#248,#2382,#2384,.T.);
#2382 = VERTEX_POINT('',#2383);
#2383 = CARTESIAN_POINT('',(0.243589743972,0.,1.770478367805));
#2384 = LINE('',#2385,#2386);
#2385 = CARTESIAN_POINT('',(0.243589743972,0.25,1.770478367805));
#2386 = VECTOR('',#2387,1.);
#2387 = DIRECTION('',(0.,-1.,0.));
#2388 = ORIENTED_EDGE('',*,*,#2389,.T.);
#2389 = EDGE_CURVE('',#2382,#2335,#2390,.T.);
#2390 = LINE('',#2391,#2392);
#2391 = CARTESIAN_POINT('',(0.243589743972,0.,1.770478367805));
#2392 = VECTOR('',#2393,1.);
#2393 = DIRECTION('',(-0.695382016256,0.713681541881,8.427638011959E-02)
  );
#2394 = PLANE('',#2395);
#2395 = AXIS2_PLACEMENT_3D('',#2396,#2397,#2398);
#2396 = CARTESIAN_POINT('',(0.208053715541,0.125,1.774785134115));
#2397 = DIRECTION('',(-0.120313993013,-0.,-0.99273588788));
#2398 = DIRECTION('',(-0.99273588788,0.,0.120313993013));
#2399 = ADVANCED_FACE('',(#2400),#2410,.T.);
#2400 = FACE_BOUND('',#2401,.T.);
#2401 = EDGE_LOOP('',(#2402,#2403,#2409));
#2402 = ORIENTED_EDGE('',*,*,#2389,.F.);
#2403 = ORIENTED_EDGE('',*,*,#2404,.T.);
#2404 = EDGE_CURVE('',#2382,#2337,#2405,.T.);
#2405 = LINE('',#2406,#2407);
#2406 = CARTESIAN_POINT('',(0.243589743972,0.,1.770478367805));
#2407 = VECTOR('',#2408,1.);
#2408 = DIRECTION('',(-0.992735945908,0.,0.120313514215));
#2409 = ORIENTED_EDGE('',*,*,#2334,.F.);
#2410 = PLANE('',#2411);
#2411 = AXIS2_PLACEMENT_3D('',#2412,#2413,#2414);
#2412 = CARTESIAN_POINT('',(0.121794873013,3.675453805768E-02,
    1.785239177462));
#2413 = DIRECTION('',(-0.120313514215,4.733733872935E-07,-0.992735945908
    ));
#2414 = DIRECTION('',(-0.992735945908,-3.455074133358E-24,0.120313514215
    ));
#2415 = ADVANCED_FACE('',(#2416),#2433,.T.);
#2416 = FACE_BOUND('',#2417,.T.);
#2417 = EDGE_LOOP('',(#2418,#2426,#2427));
#2418 = ORIENTED_EDGE('',*,*,#2419,.T.);
#2419 = EDGE_CURVE('',#2420,#2337,#2422,.T.);
#2420 = VERTEX_POINT('',#2421);
#2421 = CARTESIAN_POINT('',(0.121794871986,0.,2.285239219666));
#2422 = LINE('',#2423,#2424);
#2423 = CARTESIAN_POINT('',(0.121794871986,0.,2.285239219666));
#2424 = VECTOR('',#2425,1.);
#2425 = DIRECTION('',(-0.243448031554,0.,-0.969913942539));
#2426 = ORIENTED_EDGE('',*,*,#2404,.F.);
#2427 = ORIENTED_EDGE('',*,*,#2428,.T.);
#2428 = EDGE_CURVE('',#2382,#2420,#2429,.T.);
#2429 = LINE('',#2430,#2431);
#2430 = CARTESIAN_POINT('',(0.243589743972,0.,1.770478367805));
#2431 = VECTOR('',#2432,1.);
#2432 = DIRECTION('',(-0.23024768507,0.,0.973132058623));
#2433 = PLANE('',#2434);
#2434 = AXIS2_PLACEMENT_3D('',#2435,#2436,#2437);
#2435 = CARTESIAN_POINT('',(0.123165202922,0.,1.986947202196));
#2436 = DIRECTION('',(-0.,-1.,-0.));
#2437 = DIRECTION('',(0.,0.,-1.));
#2438 = ADVANCED_FACE('',(#2439),#2454,.T.);
#2439 = FACE_BOUND('',#2440,.T.);
#2440 = EDGE_LOOP('',(#2441,#2442,#2448));
#2441 = ORIENTED_EDGE('',*,*,#2428,.F.);
#2442 = ORIENTED_EDGE('',*,*,#2443,.T.);
#2443 = EDGE_CURVE('',#2382,#2252,#2444,.T.);
#2444 = LINE('',#2445,#2446);
#2445 = CARTESIAN_POINT('',(0.243589743972,0.,1.770478367805));
#2446 = VECTOR('',#2447,1.);
#2447 = DIRECTION('',(0.,0.,1.));
#2448 = ORIENTED_EDGE('',*,*,#2449,.T.);
#2449 = EDGE_CURVE('',#2252,#2420,#2450,.T.);
#2450 = LINE('',#2451,#2452);
#2451 = CARTESIAN_POINT('',(0.243589743972,0.,2.770478487015));
#2452 = VECTOR('',#2453,1.);
#2453 = DIRECTION('',(-0.243448031554,0.,-0.969913942539));
#2454 = PLANE('',#2455);
#2455 = AXIS2_PLACEMENT_3D('',#2456,#2457,#2458);
#2456 = CARTESIAN_POINT('',(0.212701922227,0.,2.270688268016));
#2457 = DIRECTION('',(-0.,-1.,-0.));
#2458 = DIRECTION('',(0.,0.,-1.));
#2459 = ADVANCED_FACE('',(#2460),#2477,.T.);
#2460 = FACE_BOUND('',#2461,.T.);
#2461 = EDGE_LOOP('',(#2462,#2463,#2471));
#2462 = ORIENTED_EDGE('',*,*,#2449,.F.);
#2463 = ORIENTED_EDGE('',*,*,#2464,.F.);
#2464 = EDGE_CURVE('',#2465,#2252,#2467,.T.);
#2465 = VERTEX_POINT('',#2466);
#2466 = CARTESIAN_POINT('',(0.,0.,2.799999952316));
#2467 = LINE('',#2468,#2469);
#2468 = CARTESIAN_POINT('',(0.,0.,2.799999952316));
#2469 = VECTOR('',#2470,1.);
#2470 = DIRECTION('',(0.992736003935,0.,-0.120313035417));
#2471 = ORIENTED_EDGE('',*,*,#2472,.T.);
#2472 = EDGE_CURVE('',#2465,#2420,#2473,.T.);
#2473 = LINE('',#2474,#2475);
#2474 = CARTESIAN_POINT('',(0.,0.,2.799999952316));
#2475 = VECTOR('',#2476,1.);
#2476 = DIRECTION('',(0.230247735564,0.,-0.973132046676));
#2477 = PLANE('',#2478);
#2478 = AXIS2_PLACEMENT_3D('',#2479,#2480,#2481);
#2479 = CARTESIAN_POINT('',(0.120424546452,0.,2.583531202379));
#2480 = DIRECTION('',(-0.,-1.,-0.));
#2481 = DIRECTION('',(0.,0.,-1.));
#2482 = ADVANCED_FACE('',(#2483),#2500,.T.);
#2483 = FACE_BOUND('',#2484,.T.);
#2484 = EDGE_LOOP('',(#2485,#2493,#2494));
#2485 = ORIENTED_EDGE('',*,*,#2486,.T.);
#2486 = EDGE_CURVE('',#2487,#2465,#2489,.T.);
#2487 = VERTEX_POINT('',#2488);
#2488 = CARTESIAN_POINT('',(0.121794871986,0.125,2.785239219666));
#2489 = LINE('',#2490,#2491);
#2490 = CARTESIAN_POINT('',(0.121794871986,0.125,2.785239219666));
#2491 = VECTOR('',#2492,1.);
#2492 = DIRECTION('',(-0.695382056144,-0.713681582817,8.427570433388E-02
    ));
#2493 = ORIENTED_EDGE('',*,*,#2464,.T.);
#2494 = ORIENTED_EDGE('',*,*,#2495,.T.);
#2495 = EDGE_CURVE('',#2252,#2487,#2496,.T.);
#2496 = LINE('',#2497,#2498);
#2497 = CARTESIAN_POINT('',(0.243589743972,0.,2.770478487015));
#2498 = VECTOR('',#2499,1.);
#2499 = DIRECTION('',(-0.695382056144,0.713681582817,8.427570433388E-02)
  );
#2500 = PLANE('',#2501);
#2501 = AXIS2_PLACEMENT_3D('',#2502,#2503,#2504);
#2502 = CARTESIAN_POINT('',(0.121794871986,3.675453850843E-02,
    2.785239219666));
#2503 = DIRECTION('',(0.120313035417,0.,0.992736003935));
#2504 = DIRECTION('',(0.992736003935,0.,-0.120313035417));
#2505 = ADVANCED_FACE('',(#2506),#2516,.T.);
#2506 = FACE_BOUND('',#2507,.T.);
#2507 = EDGE_LOOP('',(#2508,#2509,#2510));
#2508 = ORIENTED_EDGE('',*,*,#2495,.F.);
#2509 = ORIENTED_EDGE('',*,*,#2319,.T.);
#2510 = ORIENTED_EDGE('',*,*,#2511,.T.);
#2511 = EDGE_CURVE('',#2297,#2487,#2512,.T.);
#2512 = LINE('',#2513,#2514);
#2513 = CARTESIAN_POINT('',(0.243589743972,0.25,2.770478487015));
#2514 = VECTOR('',#2515,1.);
#2515 = DIRECTION('',(-0.695382056144,-0.713681582817,8.427570433388E-02
    ));
#2516 = PLANE('',#2517);
#2517 = AXIS2_PLACEMENT_3D('',#2518,#2519,#2520);
#2518 = CARTESIAN_POINT('',(0.20805371639,0.125,2.77478521844));
#2519 = DIRECTION('',(0.120313035417,0.,0.992736003935));
#2520 = DIRECTION('',(0.992736003935,0.,-0.120313035417));
#2521 = ADVANCED_FACE('',(#2522),#2539,.T.);
#2522 = FACE_BOUND('',#2523,.T.);
#2523 = EDGE_LOOP('',(#2524,#2525,#2533));
#2524 = ORIENTED_EDGE('',*,*,#2511,.F.);
#2525 = ORIENTED_EDGE('',*,*,#2526,.T.);
#2526 = EDGE_CURVE('',#2297,#2527,#2529,.T.);
#2527 = VERTEX_POINT('',#2528);
#2528 = CARTESIAN_POINT('',(0.,0.25,2.799999952316));
#2529 = LINE('',#2530,#2531);
#2530 = CARTESIAN_POINT('',(0.243589743972,0.25,2.770478487015));
#2531 = VECTOR('',#2532,1.);
#2532 = DIRECTION('',(-0.992736003935,0.,0.120313035417));
#2533 = ORIENTED_EDGE('',*,*,#2534,.T.);
#2534 = EDGE_CURVE('',#2527,#2487,#2535,.T.);
#2535 = LINE('',#2536,#2537);
#2536 = CARTESIAN_POINT('',(0.,0.25,2.799999952316));
#2537 = VECTOR('',#2538,1.);
#2538 = DIRECTION('',(0.695382056144,-0.713681582817,-8.427570433388E-02
    ));
#2539 = PLANE('',#2540);
#2540 = AXIS2_PLACEMENT_3D('',#2541,#2542,#2543);
#2541 = CARTESIAN_POINT('',(0.121794871986,0.213245461492,2.785239219666
    ));
#2542 = DIRECTION('',(0.120313035417,0.,0.992736003935));
#2543 = DIRECTION('',(0.992736003935,0.,-0.120313035417));
#2544 = ADVANCED_FACE('',(#2545),#2555,.T.);
#2545 = FACE_BOUND('',#2546,.T.);
#2546 = EDGE_LOOP('',(#2547,#2548,#2554));
#2547 = ORIENTED_EDGE('',*,*,#2534,.F.);
#2548 = ORIENTED_EDGE('',*,*,#2549,.T.);
#2549 = EDGE_CURVE('',#2527,#2465,#2550,.T.);
#2550 = LINE('',#2551,#2552);
#2551 = CARTESIAN_POINT('',(0.,0.25,2.799999952316));
#2552 = VECTOR('',#2553,1.);
#2553 = DIRECTION('',(0.,-1.,0.));
#2554 = ORIENTED_EDGE('',*,*,#2486,.F.);
#2555 = PLANE('',#2556);
#2556 = AXIS2_PLACEMENT_3D('',#2557,#2558,#2559);
#2557 = CARTESIAN_POINT('',(3.553602758153E-02,0.125,2.795693220891));
#2558 = DIRECTION('',(0.120313035417,0.,0.992736003935));
#2559 = DIRECTION('',(0.992736003935,0.,-0.120313035417));
#2560 = ADVANCED_FACE('',(#2561),#2571,.T.);
#2561 = FACE_BOUND('',#2562,.T.);
#2562 = EDGE_LOOP('',(#2563,#2564,#2570));
#2563 = ORIENTED_EDGE('',*,*,#2472,.F.);
#2564 = ORIENTED_EDGE('',*,*,#2565,.T.);
#2565 = EDGE_CURVE('',#2465,#2337,#2566,.T.);
#2566 = LINE('',#2567,#2568);
#2567 = CARTESIAN_POINT('',(0.,0.,2.799999952316));
#2568 = VECTOR('',#2569,1.);
#2569 = DIRECTION('',(0.,0.,-1.));
#2570 = ORIENTED_EDGE('',*,*,#2419,.F.);
#2571 = PLANE('',#2572);
#2572 = AXIS2_PLACEMENT_3D('',#2573,#2574,#2575);
#2573 = CARTESIAN_POINT('',(3.08878218442E-02,0.,2.299790112512));
#2574 = DIRECTION('',(-0.,-1.,-0.));
#2575 = DIRECTION('',(0.,0.,-1.));
#2576 = ADVANCED_FACE('',(#2577),#2594,.T.);
#2577 = FACE_BOUND('',#2578,.T.);
#2578 = EDGE_LOOP('',(#2579,#2587,#2588));
#2579 = ORIENTED_EDGE('',*,*,#2580,.T.);
#2580 = EDGE_CURVE('',#2581,#2337,#2583,.T.);
#2581 = VERTEX_POINT('',#2582);
#2582 = CARTESIAN_POINT('',(0.,0.125,2.299999952316));
#2583 = LINE('',#2584,#2585);
#2584 = CARTESIAN_POINT('',(0.,0.125,2.299999952316));
#2585 = VECTOR('',#2586,1.);
#2586 = DIRECTION('',(0.,-0.242535625036,-0.970142500145));
#2587 = ORIENTED_EDGE('',*,*,#2565,.F.);
#2588 = ORIENTED_EDGE('',*,*,#2589,.T.);
#2589 = EDGE_CURVE('',#2465,#2581,#2590,.T.);
#2590 = LINE('',#2591,#2592);
#2591 = CARTESIAN_POINT('',(0.,0.,2.799999952316));
#2592 = VECTOR('',#2593,1.);
#2593 = DIRECTION('',(0.,0.242535625036,-0.970142500145));
#2594 = PLANE('',#2595);
#2595 = AXIS2_PLACEMENT_3D('',#2596,#2597,#2598);
#2596 = CARTESIAN_POINT('',(0.,3.172359359558E-02,2.299999952316));
#2597 = DIRECTION('',(-1.,-0.,-0.));
#2598 = DIRECTION('',(0.,0.,-1.));
#2599 = ADVANCED_FACE('',(#2600),#2610,.T.);
#2600 = FACE_BOUND('',#2601,.T.);
#2601 = EDGE_LOOP('',(#2602,#2603,#2604));
#2602 = ORIENTED_EDGE('',*,*,#2589,.F.);
#2603 = ORIENTED_EDGE('',*,*,#2549,.F.);
#2604 = ORIENTED_EDGE('',*,*,#2605,.T.);
#2605 = EDGE_CURVE('',#2527,#2581,#2606,.T.);
#2606 = LINE('',#2607,#2608);
#2607 = CARTESIAN_POINT('',(0.,0.25,2.799999952316));
#2608 = VECTOR('',#2609,1.);
#2609 = DIRECTION('',(0.,-0.242535625036,-0.970142500145));
#2610 = PLANE('',#2611);
#2611 = AXIS2_PLACEMENT_3D('',#2612,#2613,#2614);
#2612 = CARTESIAN_POINT('',(0.,0.125,2.598798477717));
#2613 = DIRECTION('',(-1.,-0.,-0.));
#2614 = DIRECTION('',(0.,0.,-1.));
#2615 = ADVANCED_FACE('',(#2616),#2631,.T.);
#2616 = FACE_BOUND('',#2617,.T.);
#2617 = EDGE_LOOP('',(#2618,#2619,#2625));
#2618 = ORIENTED_EDGE('',*,*,#2605,.F.);
#2619 = ORIENTED_EDGE('',*,*,#2620,.T.);
#2620 = EDGE_CURVE('',#2527,#203,#2621,.T.);
#2621 = LINE('',#2622,#2623);
#2622 = CARTESIAN_POINT('',(0.,0.25,2.799999952316));
#2623 = VECTOR('',#2624,1.);
#2624 = DIRECTION('',(0.,0.,-1.));
#2625 = ORIENTED_EDGE('',*,*,#2626,.T.);
#2626 = EDGE_CURVE('',#203,#2581,#2627,.T.);
#2627 = LINE('',#2628,#2629);
#2628 = CARTESIAN_POINT('',(0.,0.25,1.799999952316));
#2629 = VECTOR('',#2630,1.);
#2630 = DIRECTION('',(0.,-0.242535625036,0.970142500145));
#2631 = PLANE('',#2632);
#2632 = AXIS2_PLACEMENT_3D('',#2633,#2634,#2635);
#2633 = CARTESIAN_POINT('',(0.,0.218276406404,2.299999952316));
#2634 = DIRECTION('',(-1.,-0.,-0.));
#2635 = DIRECTION('',(0.,0.,-1.));
#2636 = ADVANCED_FACE('',(#2637),#2642,.T.);
#2637 = FACE_BOUND('',#2638,.T.);
#2638 = EDGE_LOOP('',(#2639,#2640,#2641));
#2639 = ORIENTED_EDGE('',*,*,#2626,.F.);
#2640 = ORIENTED_EDGE('',*,*,#2344,.F.);
#2641 = ORIENTED_EDGE('',*,*,#2580,.F.);
#2642 = PLANE('',#2643);
#2643 = AXIS2_PLACEMENT_3D('',#2644,#2645,#2646);
#2644 = CARTESIAN_POINT('',(0.,0.125,2.001201426916));
#2645 = DIRECTION('',(-1.,-0.,-0.));
#2646 = DIRECTION('',(0.,0.,-1.));
#2647 = ADVANCED_FACE('',(#2648),#2665,.T.);
#2648 = FACE_BOUND('',#2649,.T.);
#2649 = EDGE_LOOP('',(#2650,#2658,#2659));
#2650 = ORIENTED_EDGE('',*,*,#2651,.T.);
#2651 = EDGE_CURVE('',#2652,#2382,#2654,.T.);
#2652 = VERTEX_POINT('',#2653);
#2653 = CARTESIAN_POINT('',(0.365384608507,0.125,1.72706758976));
#2654 = LINE('',#2655,#2656);
#2655 = CARTESIAN_POINT('',(0.365384608507,0.125,1.72706758976));
#2656 = VECTOR('',#2657,1.);
#2657 = DIRECTION('',(-0.677229039429,-0.695050897684,0.241381601998));
#2658 = ORIENTED_EDGE('',*,*,#2381,.F.);
#2659 = ORIENTED_EDGE('',*,*,#2660,.T.);
#2660 = EDGE_CURVE('',#248,#2652,#2661,.T.);
#2661 = LINE('',#2662,#2663);
#2662 = CARTESIAN_POINT('',(0.243589743972,0.25,1.770478367805));
#2663 = VECTOR('',#2664,1.);
#2664 = DIRECTION('',(0.677229039429,-0.695050897684,-0.241381601998));
#2665 = PLANE('',#2666);
#2666 = AXIS2_PLACEMENT_3D('',#2667,#2668,#2669);
#2667 = CARTESIAN_POINT('',(0.279516353816,0.125,1.757673213074));
#2668 = DIRECTION('',(-0.335736929277,-0.,-0.941955792126));
#2669 = DIRECTION('',(-0.941955792126,0.,0.335736929277));
#2670 = ADVANCED_FACE('',(#2671),#2688,.T.);
#2671 = FACE_BOUND('',#2672,.T.);
#2672 = EDGE_LOOP('',(#2673,#2674,#2682));
#2673 = ORIENTED_EDGE('',*,*,#2660,.F.);
#2674 = ORIENTED_EDGE('',*,*,#2675,.T.);
#2675 = EDGE_CURVE('',#248,#2676,#2678,.T.);
#2676 = VERTEX_POINT('',#2677);
#2677 = CARTESIAN_POINT('',(0.487179487944,0.25,1.683656811714));
#2678 = LINE('',#2679,#2680);
#2679 = CARTESIAN_POINT('',(0.243589743972,0.25,1.770478367805));
#2680 = VECTOR('',#2681,1.);
#2681 = DIRECTION('',(0.941955798621,0.,-0.335736911054));
#2682 = ORIENTED_EDGE('',*,*,#2683,.T.);
#2683 = EDGE_CURVE('',#2676,#2652,#2684,.T.);
#2684 = LINE('',#2685,#2686);
#2685 = CARTESIAN_POINT('',(0.487179487944,0.25,1.683656811714));
#2686 = VECTOR('',#2687,1.);
#2687 = DIRECTION('',(-0.677229084284,-0.695050858683,0.241381588454));
#2688 = PLANE('',#2689);
#2689 = AXIS2_PLACEMENT_3D('',#2690,#2691,#2692);
#2690 = CARTESIAN_POINT('',(0.365384614785,0.213640817765,1.727067589406
    ));
#2691 = DIRECTION('',(-0.335736911054,2.001147930849E-08,-0.941955798621
    ));
#2692 = DIRECTION('',(-0.941955798621,1.147339768217E-24,0.335736911054)
  );
#2693 = ADVANCED_FACE('',(#2694),#2711,.T.);
#2694 = FACE_BOUND('',#2695,.T.);
#2695 = EDGE_LOOP('',(#2696,#2697,#2705));
#2696 = ORIENTED_EDGE('',*,*,#2683,.F.);
#2697 = ORIENTED_EDGE('',*,*,#2698,.T.);
#2698 = EDGE_CURVE('',#2676,#2699,#2701,.T.);
#2699 = VERTEX_POINT('',#2700);
#2700 = CARTESIAN_POINT('',(0.487179487944,0.,1.683656811714));
#2701 = LINE('',#2702,#2703);
#2702 = CARTESIAN_POINT('',(0.487179487944,0.25,1.683656811714));
#2703 = VECTOR('',#2704,1.);
#2704 = DIRECTION('',(0.,-1.,0.));
#2705 = ORIENTED_EDGE('',*,*,#2706,.T.);
#2706 = EDGE_CURVE('',#2699,#2652,#2707,.T.);
#2707 = LINE('',#2708,#2709);
#2708 = CARTESIAN_POINT('',(0.487179487944,0.,1.683656811714));
#2709 = VECTOR('',#2710,1.);
#2710 = DIRECTION('',(-0.677229084284,0.695050858683,0.241381588454));
#2711 = PLANE('',#2712);
#2712 = AXIS2_PLACEMENT_3D('',#2713,#2714,#2715);
#2713 = CARTESIAN_POINT('',(0.451252872877,0.125,1.69646196674));
#2714 = DIRECTION('',(-0.335736892831,-0.,-0.941955805116));
#2715 = DIRECTION('',(-0.941955805116,0.,0.335736892831));
#2716 = ADVANCED_FACE('',(#2717),#2727,.T.);
#2717 = FACE_BOUND('',#2718,.T.);
#2718 = EDGE_LOOP('',(#2719,#2720,#2726));
#2719 = ORIENTED_EDGE('',*,*,#2706,.F.);
#2720 = ORIENTED_EDGE('',*,*,#2721,.T.);
#2721 = EDGE_CURVE('',#2699,#2382,#2722,.T.);
#2722 = LINE('',#2723,#2724);
#2723 = CARTESIAN_POINT('',(0.487179487944,0.,1.683656811714));
#2724 = VECTOR('',#2725,1.);
#2725 = DIRECTION('',(-0.941955798621,0.,0.335736911054));
#2726 = ORIENTED_EDGE('',*,*,#2651,.F.);
#2727 = PLANE('',#2728);
#2728 = AXIS2_PLACEMENT_3D('',#2729,#2730,#2731);
#2729 = CARTESIAN_POINT('',(0.365384614785,3.635918223473E-02,
    1.727067589406));
#2730 = DIRECTION('',(-0.335736911054,-2.001147934932E-08,
    -0.941955798621));
#2731 = DIRECTION('',(-0.941955798621,3.049700770702E-26,0.335736911054)
  );
#2732 = ADVANCED_FACE('',(#2733),#2750,.T.);
#2733 = FACE_BOUND('',#2734,.T.);
#2734 = EDGE_LOOP('',(#2735,#2743,#2744));
#2735 = ORIENTED_EDGE('',*,*,#2736,.T.);
#2736 = EDGE_CURVE('',#2737,#2382,#2739,.T.);
#2737 = VERTEX_POINT('',#2738);
#2738 = CARTESIAN_POINT('',(0.365384608507,0.,2.227067708969));
#2739 = LINE('',#2740,#2741);
#2740 = CARTESIAN_POINT('',(0.365384608507,0.,2.227067708969));
#2741 = VECTOR('',#2742,1.);
#2742 = DIRECTION('',(-0.257737146016,0.,-0.96621507107));
#2743 = ORIENTED_EDGE('',*,*,#2721,.F.);
#2744 = ORIENTED_EDGE('',*,*,#2745,.T.);
#2745 = EDGE_CURVE('',#2699,#2737,#2746,.T.);
#2746 = LINE('',#2747,#2748);
#2747 = CARTESIAN_POINT('',(0.487179487944,0.,1.683656811714));
#2748 = VECTOR('',#2749,1.);
#2749 = DIRECTION('',(-0.21870442154,0.,0.975791153884));
#2750 = PLANE('',#2751);
#2751 = AXIS2_PLACEMENT_3D('',#2752,#2753,#2754);
#2752 = CARTESIAN_POINT('',(0.369372022652,0.,1.925454167299));
#2753 = DIRECTION('',(-0.,-1.,-0.));
#2754 = DIRECTION('',(0.,0.,-1.));
#2755 = ADVANCED_FACE('',(#2756),#2771,.T.);
#2756 = FACE_BOUND('',#2757,.T.);
#2757 = EDGE_LOOP('',(#2758,#2759,#2765));
#2758 = ORIENTED_EDGE('',*,*,#2745,.F.);
#2759 = ORIENTED_EDGE('',*,*,#2760,.T.);
#2760 = EDGE_CURVE('',#2699,#2167,#2761,.T.);
#2761 = LINE('',#2762,#2763);
#2762 = CARTESIAN_POINT('',(0.487179487944,0.,1.683656811714));
#2763 = VECTOR('',#2764,1.);
#2764 = DIRECTION('',(0.,0.,1.));
#2765 = ORIENTED_EDGE('',*,*,#2766,.T.);
#2766 = EDGE_CURVE('',#2167,#2737,#2767,.T.);
#2767 = LINE('',#2768,#2769);
#2768 = CARTESIAN_POINT('',(0.487179487944,0.,2.683656692505));
#2769 = VECTOR('',#2770,1.);
#2770 = DIRECTION('',(-0.25773736392,0.,-0.966215012945));
#2771 = PLANE('',#2772);
#2772 = AXIS2_PLACEMENT_3D('',#2773,#2774,#2775);
#2773 = CARTESIAN_POINT('',(0.456288961749,0.,2.18427762971));
#2774 = DIRECTION('',(-0.,-1.,-0.));
#2775 = DIRECTION('',(0.,0.,-1.));
#2776 = ADVANCED_FACE('',(#2777),#2787,.T.);
#2777 = FACE_BOUND('',#2778,.T.);
#2778 = EDGE_LOOP('',(#2779,#2780,#2781));
#2779 = ORIENTED_EDGE('',*,*,#2766,.F.);
#2780 = ORIENTED_EDGE('',*,*,#2259,.F.);
#2781 = ORIENTED_EDGE('',*,*,#2782,.T.);
#2782 = EDGE_CURVE('',#2252,#2737,#2783,.T.);
#2783 = LINE('',#2784,#2785);
#2784 = CARTESIAN_POINT('',(0.243589743972,0.,2.770478487015));
#2785 = VECTOR('',#2786,1.);
#2786 = DIRECTION('',(0.218704441745,0.,-0.975791149356));
#2787 = PLANE('',#2788);
#2788 = AXIS2_PLACEMENT_3D('',#2789,#2790,#2791);
#2789 = CARTESIAN_POINT('',(0.361397191627,0.,2.528681145955));
#2790 = DIRECTION('',(-0.,-1.,-0.));
#2791 = DIRECTION('',(0.,0.,-1.));
#2792 = ADVANCED_FACE('',(#2793),#2798,.T.);
#2793 = FACE_BOUND('',#2794,.T.);
#2794 = EDGE_LOOP('',(#2795,#2796,#2797));
#2795 = ORIENTED_EDGE('',*,*,#2782,.F.);
#2796 = ORIENTED_EDGE('',*,*,#2443,.F.);
#2797 = ORIENTED_EDGE('',*,*,#2736,.F.);
#2798 = PLANE('',#2799);
#2799 = AXIS2_PLACEMENT_3D('',#2800,#2801,#2802);
#2800 = CARTESIAN_POINT('',(0.274480266043,0.,2.269857553697));
#2801 = DIRECTION('',(-0.,-1.,-0.));
#2802 = DIRECTION('',(0.,0.,-1.));
#2803 = ADVANCED_FACE('',(#2804),#2821,.T.);
#2804 = FACE_BOUND('',#2805,.T.);
#2805 = EDGE_LOOP('',(#2806,#2814,#2815));
#2806 = ORIENTED_EDGE('',*,*,#2807,.T.);
#2807 = EDGE_CURVE('',#2808,#2699,#2810,.T.);
#2808 = VERTEX_POINT('',#2809);
#2809 = CARTESIAN_POINT('',(0.608974337578,0.125,1.614158987999));
#2810 = LINE('',#2811,#2812);
#2811 = CARTESIAN_POINT('',(0.608974337578,0.125,1.614158987999));
#2812 = VECTOR('',#2813,1.);
#2813 = DIRECTION('',(-0.648350217109,-0.665412186,0.369957590405));
#2814 = ORIENTED_EDGE('',*,*,#2698,.F.);
#2815 = ORIENTED_EDGE('',*,*,#2816,.T.);
#2816 = EDGE_CURVE('',#2676,#2808,#2817,.T.);
#2817 = LINE('',#2818,#2819);
#2818 = CARTESIAN_POINT('',(0.487179487944,0.25,1.683656811714));
#2819 = VECTOR('',#2820,1.);
#2820 = DIRECTION('',(0.648350217109,-0.665412186,-0.369957590405));
#2821 = PLANE('',#2822);
#2822 = AXIS2_PLACEMENT_3D('',#2823,#2824,#2825);
#2823 = CARTESIAN_POINT('',(0.523745465621,0.125,1.662791759717));
#2824 = DIRECTION('',(-0.495605381332,-0.,-0.868547814455));
#2825 = DIRECTION('',(-0.868547814455,0.,0.495605381332));
#2826 = ADVANCED_FACE('',(#2827),#2844,.T.);
#2827 = FACE_BOUND('',#2828,.T.);
#2828 = EDGE_LOOP('',(#2829,#2830,#2838));
#2829 = ORIENTED_EDGE('',*,*,#2816,.F.);
#2830 = ORIENTED_EDGE('',*,*,#2831,.T.);
#2831 = EDGE_CURVE('',#2676,#2832,#2834,.T.);
#2832 = VERTEX_POINT('',#2833);
#2833 = CARTESIAN_POINT('',(0.730769217014,0.25,1.544661164284));
#2834 = LINE('',#2835,#2836);
#2835 = CARTESIAN_POINT('',(0.487179487944,0.25,1.683656811714));
#2836 = VECTOR('',#2837,1.);
#2837 = DIRECTION('',(0.868547840556,0.,-0.49560533559));
#2838 = ORIENTED_EDGE('',*,*,#2839,.T.);
#2839 = EDGE_CURVE('',#2832,#2808,#2840,.T.);
#2840 = LINE('',#2841,#2842);
#2841 = CARTESIAN_POINT('',(0.730769217014,0.25,1.544661164284));
#2842 = VECTOR('',#2843,1.);
#2843 = DIRECTION('',(-0.648350309067,-0.665412117556,0.369957552351));
#2844 = PLANE('',#2845);
#2845 = AXIS2_PLACEMENT_3D('',#2846,#2847,#2848);
#2846 = CARTESIAN_POINT('',(0.608974350006,0.21421365423,1.614158986976)
  );
#2847 = DIRECTION('',(-0.49560533559,5.908075995945E-08,-0.868547840556)
  );
#2848 = DIRECTION('',(-0.868547840556,1.795054564513E-24,0.49560533559)
  );
#2849 = ADVANCED_FACE('',(#2850),#2867,.T.);
#2850 = FACE_BOUND('',#2851,.T.);
#2851 = EDGE_LOOP('',(#2852,#2853,#2861));
#2852 = ORIENTED_EDGE('',*,*,#2839,.F.);
#2853 = ORIENTED_EDGE('',*,*,#2854,.T.);
#2854 = EDGE_CURVE('',#2832,#2855,#2857,.T.);
#2855 = VERTEX_POINT('',#2856);
#2856 = CARTESIAN_POINT('',(0.730769217014,0.,1.544661164284));
#2857 = LINE('',#2858,#2859);
#2858 = CARTESIAN_POINT('',(0.730769217014,0.25,1.544661164284));
#2859 = VECTOR('',#2860,1.);
#2860 = DIRECTION('',(0.,-1.,0.));
#2861 = ORIENTED_EDGE('',*,*,#2862,.T.);
#2862 = EDGE_CURVE('',#2855,#2808,#2863,.T.);
#2863 = LINE('',#2864,#2865);
#2864 = CARTESIAN_POINT('',(0.730769217014,0.,1.544661164284));
#2865 = VECTOR('',#2866,1.);
#2866 = DIRECTION('',(-0.648350309067,0.665412117556,0.369957552351));
#2867 = PLANE('',#2868);
#2868 = AXIS2_PLACEMENT_3D('',#2869,#2870,#2871);
#2869 = CARTESIAN_POINT('',(0.694203228887,0.125,1.565526217138));
#2870 = DIRECTION('',(-0.495605289848,-0.,-0.868547866657));
#2871 = DIRECTION('',(-0.868547866657,0.,0.495605289848));
#2872 = ADVANCED_FACE('',(#2873),#2883,.T.);
#2873 = FACE_BOUND('',#2874,.T.);
#2874 = EDGE_LOOP('',(#2875,#2876,#2882));
#2875 = ORIENTED_EDGE('',*,*,#2862,.F.);
#2876 = ORIENTED_EDGE('',*,*,#2877,.T.);
#2877 = EDGE_CURVE('',#2855,#2699,#2878,.T.);
#2878 = LINE('',#2879,#2880);
#2879 = CARTESIAN_POINT('',(0.730769217014,0.,1.544661164284));
#2880 = VECTOR('',#2881,1.);
#2881 = DIRECTION('',(-0.868547840556,0.,0.49560533559));
#2882 = ORIENTED_EDGE('',*,*,#2807,.F.);
#2883 = PLANE('',#2884);
#2884 = AXIS2_PLACEMENT_3D('',#2885,#2886,#2887);
#2885 = CARTESIAN_POINT('',(0.608974350006,3.578634576993E-02,
    1.614158986976));
#2886 = DIRECTION('',(-0.49560533559,-5.90807599291E-08,-0.868547840556)
  );
#2887 = DIRECTION('',(-0.868547840556,-1.243859793747E-24,0.49560533559)
  );
#2888 = ADVANCED_FACE('',(#2889),#2906,.T.);
#2889 = FACE_BOUND('',#2890,.T.);
#2890 = EDGE_LOOP('',(#2891,#2899,#2900));
#2891 = ORIENTED_EDGE('',*,*,#2892,.T.);
#2892 = EDGE_CURVE('',#2893,#2699,#2895,.T.);
#2893 = VERTEX_POINT('',#2894);
#2894 = CARTESIAN_POINT('',(0.608974337578,0.,2.11415886879));
#2895 = LINE('',#2896,#2897);
#2896 = CARTESIAN_POINT('',(0.608974337578,0.,2.11415886879));
#2897 = VECTOR('',#2898,1.);
#2898 = DIRECTION('',(-0.2722286072,0.,-0.962232604635));
#2899 = ORIENTED_EDGE('',*,*,#2877,.F.);
#2900 = ORIENTED_EDGE('',*,*,#2901,.T.);
#2901 = EDGE_CURVE('',#2855,#2893,#2902,.T.);
#2902 = LINE('',#2903,#2904);
#2903 = CARTESIAN_POINT('',(0.730769217014,0.,1.544661164284));
#2904 = VECTOR('',#2905,1.);
#2905 = DIRECTION('',(-0.209134496044,0.,0.977886886385));
#2906 = PLANE('',#2907);
#2907 = AXIS2_PLACEMENT_3D('',#2908,#2909,#2910);
#2908 = CARTESIAN_POINT('',(0.615247844806,0.,1.807066448266));
#2909 = DIRECTION('',(-0.,-1.,-0.));
#2910 = DIRECTION('',(0.,0.,-1.));
#2911 = ADVANCED_FACE('',(#2912),#2927,.T.);
#2912 = FACE_BOUND('',#2913,.T.);
#2913 = EDGE_LOOP('',(#2914,#2915,#2921));
#2914 = ORIENTED_EDGE('',*,*,#2901,.F.);
#2915 = ORIENTED_EDGE('',*,*,#2916,.T.);
#2916 = EDGE_CURVE('',#2855,#2082,#2917,.T.);
#2917 = LINE('',#2918,#2919);
#2918 = CARTESIAN_POINT('',(0.730769217014,0.,1.544661164284));
#2919 = VECTOR('',#2920,1.);
#2920 = DIRECTION('',(0.,0.,1.));
#2921 = ORIENTED_EDGE('',*,*,#2922,.T.);
#2922 = EDGE_CURVE('',#2082,#2893,#2923,.T.);
#2923 = LINE('',#2924,#2925);
#2924 = CARTESIAN_POINT('',(0.730769217014,0.,2.544661283493));
#2925 = VECTOR('',#2926,1.);
#2926 = DIRECTION('',(-0.272228459489,0.,-0.962232646424));
#2927 = PLANE('',#2928);
#2928 = AXIS2_PLACEMENT_3D('',#2929,#2930,#2931);
#2929 = CARTESIAN_POINT('',(0.699873837949,0.,2.045665961939));
#2930 = DIRECTION('',(-0.,-1.,-0.));
#2931 = DIRECTION('',(0.,0.,-1.));
#2932 = ADVANCED_FACE('',(#2933),#2943,.T.);
#2933 = FACE_BOUND('',#2934,.T.);
#2934 = EDGE_LOOP('',(#2935,#2936,#2937));
#2935 = ORIENTED_EDGE('',*,*,#2922,.F.);
#2936 = ORIENTED_EDGE('',*,*,#2174,.F.);
#2937 = ORIENTED_EDGE('',*,*,#2938,.T.);
#2938 = EDGE_CURVE('',#2167,#2893,#2939,.T.);
#2939 = LINE('',#2940,#2941);
#2940 = CARTESIAN_POINT('',(0.487179487944,0.,2.683656692505));
#2941 = VECTOR('',#2942,1.);
#2942 = DIRECTION('',(0.209134405246,0.,-0.977886905804));
#2943 = PLANE('',#2944);
#2944 = AXIS2_PLACEMENT_3D('',#2945,#2946,#2947);
#2945 = CARTESIAN_POINT('',(0.602700861332,0.,2.42125138393));
#2946 = DIRECTION('',(-0.,-1.,-0.));
#2947 = DIRECTION('',(0.,0.,-1.));
#2948 = ADVANCED_FACE('',(#2949),#2954,.T.);
#2949 = FACE_BOUND('',#2950,.T.);
#2950 = EDGE_LOOP('',(#2951,#2952,#2953));
#2951 = ORIENTED_EDGE('',*,*,#2938,.F.);
#2952 = ORIENTED_EDGE('',*,*,#2760,.F.);
#2953 = ORIENTED_EDGE('',*,*,#2892,.F.);
#2954 = PLANE('',#2955);
#2955 = AXIS2_PLACEMENT_3D('',#2956,#2957,#2958);
#2956 = CARTESIAN_POINT('',(0.518074859503,0.,2.182652010493));
#2957 = DIRECTION('',(-0.,-1.,-0.));
#2958 = DIRECTION('',(0.,0.,-1.));
#2959 = ADVANCED_FACE('',(#2960),#2977,.T.);
#2960 = FACE_BOUND('',#2961,.T.);
#2961 = EDGE_LOOP('',(#2962,#2970,#2971));
#2962 = ORIENTED_EDGE('',*,*,#2963,.T.);
#2963 = EDGE_CURVE('',#2964,#2855,#2966,.T.);
#2964 = VERTEX_POINT('',#2965);
#2965 = CARTESIAN_POINT('',(0.852564096451,0.125,1.453179836273));
#2966 = LINE('',#2967,#2968);
#2967 = CARTESIAN_POINT('',(0.852564096451,0.125,1.453179836273));
#2968 = VECTOR('',#2969,1.);
#2969 = DIRECTION('',(-0.618098219128,-0.634363921935,0.464259632165));
#2970 = ORIENTED_EDGE('',*,*,#2854,.F.);
#2971 = ORIENTED_EDGE('',*,*,#2972,.T.);
#2972 = EDGE_CURVE('',#2832,#2964,#2973,.T.);
#2973 = LINE('',#2974,#2975);
#2974 = CARTESIAN_POINT('',(0.730769217014,0.25,1.544661164284));
#2975 = VECTOR('',#2976,1.);
#2976 = DIRECTION('',(0.618098219128,-0.634363921935,-0.464259632165));
#2977 = PLANE('',#2978);
#2978 = AXIS2_PLACEMENT_3D('',#2979,#2980,#2981);
#2979 = CARTESIAN_POINT('',(0.76802985334,0.125,1.51667433504));
#2980 = DIRECTION('',(-0.600567765739,-0.,-0.799573860725));
#2981 = DIRECTION('',(-0.799573860725,0.,0.600567765739));
#2982 = ADVANCED_FACE('',(#2983),#3000,.T.);
#2983 = FACE_BOUND('',#2984,.T.);
#2984 = EDGE_LOOP('',(#2985,#2986,#2994));
#2985 = ORIENTED_EDGE('',*,*,#2972,.F.);
#2986 = ORIENTED_EDGE('',*,*,#2987,.T.);
#2987 = EDGE_CURVE('',#2832,#2988,#2990,.T.);
#2988 = VERTEX_POINT('',#2989);
#2989 = CARTESIAN_POINT('',(0.974358975887,0.25,1.361698508263));
#2990 = LINE('',#2991,#2992);
#2991 = CARTESIAN_POINT('',(0.730769217014,0.25,1.544661164284));
#2992 = VECTOR('',#2993,1.);
#2993 = DIRECTION('',(0.799573860725,0.,-0.600567765739));
#2994 = ORIENTED_EDGE('',*,*,#2995,.T.);
#2995 = EDGE_CURVE('',#2988,#2964,#2996,.T.);
#2996 = LINE('',#2997,#2998);
#2997 = CARTESIAN_POINT('',(0.974358975887,0.25,1.361698508263));
#2998 = VECTOR('',#2999,1.);
#2999 = DIRECTION('',(-0.618098219128,-0.634363921935,0.464259632165));
#3000 = PLANE('',#3001);
#3001 = AXIS2_PLACEMENT_3D('',#3002,#3003,#3004);
#3002 = CARTESIAN_POINT('',(0.852564096451,0.214749699874,1.453179836273
    ));
#3003 = DIRECTION('',(-0.600567765739,-0.,-0.799573860725));
#3004 = DIRECTION('',(-0.799573860725,0.,0.600567765739));
#3005 = ADVANCED_FACE('',(#3006),#3023,.T.);
#3006 = FACE_BOUND('',#3007,.T.);
#3007 = EDGE_LOOP('',(#3008,#3009,#3017));
#3008 = ORIENTED_EDGE('',*,*,#2995,.F.);
#3009 = ORIENTED_EDGE('',*,*,#3010,.T.);
#3010 = EDGE_CURVE('',#2988,#3011,#3013,.T.);
#3011 = VERTEX_POINT('',#3012);
#3012 = CARTESIAN_POINT('',(0.974358975887,0.,1.361698508263));
#3013 = LINE('',#3014,#3015);
#3014 = CARTESIAN_POINT('',(0.974358975887,0.25,1.361698508263));
#3015 = VECTOR('',#3016,1.);
#3016 = DIRECTION('',(0.,-1.,0.));
#3017 = ORIENTED_EDGE('',*,*,#3018,.T.);
#3018 = EDGE_CURVE('',#3011,#2964,#3019,.T.);
#3019 = LINE('',#3020,#3021);
#3020 = CARTESIAN_POINT('',(0.974358975887,0.,1.361698508263));
#3021 = VECTOR('',#3022,1.);
#3022 = DIRECTION('',(-0.618098219128,0.634363921935,0.464259632165));
#3023 = PLANE('',#3024);
#3024 = AXIS2_PLACEMENT_3D('',#3025,#3026,#3027);
#3025 = CARTESIAN_POINT('',(0.937098339562,0.125,1.389685337506));
#3026 = DIRECTION('',(-0.600567765739,-0.,-0.799573860725));
#3027 = DIRECTION('',(-0.799573860725,0.,0.600567765739));
#3028 = ADVANCED_FACE('',(#3029),#3039,.T.);
#3029 = FACE_BOUND('',#3030,.T.);
#3030 = EDGE_LOOP('',(#3031,#3032,#3038));
#3031 = ORIENTED_EDGE('',*,*,#3018,.F.);
#3032 = ORIENTED_EDGE('',*,*,#3033,.T.);
#3033 = EDGE_CURVE('',#3011,#2855,#3034,.T.);
#3034 = LINE('',#3035,#3036);
#3035 = CARTESIAN_POINT('',(0.974358975887,0.,1.361698508263));
#3036 = VECTOR('',#3037,1.);
#3037 = DIRECTION('',(-0.799573860725,0.,0.600567765739));
#3038 = ORIENTED_EDGE('',*,*,#2963,.F.);
#3039 = PLANE('',#3040);
#3040 = AXIS2_PLACEMENT_3D('',#3041,#3042,#3043);
#3041 = CARTESIAN_POINT('',(0.852564096451,3.525030012618E-02,
    1.453179836273));
#3042 = DIRECTION('',(-0.600567765739,-0.,-0.799573860725));
#3043 = DIRECTION('',(-0.799573860725,0.,0.600567765739));
#3044 = ADVANCED_FACE('',(#3045),#3062,.T.);
#3045 = FACE_BOUND('',#3046,.T.);
#3046 = EDGE_LOOP('',(#3047,#3055,#3056));
#3047 = ORIENTED_EDGE('',*,*,#3048,.T.);
#3048 = EDGE_CURVE('',#3049,#2855,#3051,.T.);
#3049 = VERTEX_POINT('',#3050);
#3050 = CARTESIAN_POINT('',(0.852564096451,0.,1.953179836273));
#3051 = LINE('',#3052,#3053);
#3052 = CARTESIAN_POINT('',(0.852564096451,0.,1.953179836273));
#3053 = VECTOR('',#3054,1.);
#3054 = DIRECTION('',(-0.285710285866,0.,-0.958316040015));
#3055 = ORIENTED_EDGE('',*,*,#3033,.F.);
#3056 = ORIENTED_EDGE('',*,*,#3057,.T.);
#3057 = EDGE_CURVE('',#3011,#3049,#3058,.T.);
#3058 = LINE('',#3059,#3060);
#3059 = CARTESIAN_POINT('',(0.974358975887,0.,1.361698508263));
#3060 = VECTOR('',#3061,1.);
#3061 = DIRECTION('',(-0.201683599307,0.,0.979450726566));
#3062 = PLANE('',#3063);
#3063 = AXIS2_PLACEMENT_3D('',#3064,#3065,#3066);
#3064 = CARTESIAN_POINT('',(0.86066667808,0.,1.64003610835));
#3065 = DIRECTION('',(-0.,-1.,-0.));
#3066 = DIRECTION('',(0.,0.,-1.));
#3067 = ADVANCED_FACE('',(#3068),#3083,.T.);
#3068 = FACE_BOUND('',#3069,.T.);
#3069 = EDGE_LOOP('',(#3070,#3071,#3077));
#3070 = ORIENTED_EDGE('',*,*,#3057,.F.);
#3071 = ORIENTED_EDGE('',*,*,#3072,.T.);
#3072 = EDGE_CURVE('',#3011,#1997,#3073,.T.);
#3073 = LINE('',#3074,#3075);
#3074 = CARTESIAN_POINT('',(0.974358975887,0.,1.361698508263));
#3075 = VECTOR('',#3076,1.);
#3076 = DIRECTION('',(0.,0.,1.));
#3077 = ORIENTED_EDGE('',*,*,#3078,.T.);
#3078 = EDGE_CURVE('',#1997,#3049,#3079,.T.);
#3079 = LINE('',#3080,#3081);
#3080 = CARTESIAN_POINT('',(0.974358975887,0.,2.361698627472));
#3081 = VECTOR('',#3082,1.);
#3082 = DIRECTION('',(-0.285710209299,0.,-0.958316062843));
#3083 = PLANE('',#3084);
#3084 = AXIS2_PLACEMENT_3D('',#3085,#3086,#3087);
#3085 = CARTESIAN_POINT('',(0.943457631694,0.,1.863038530556));
#3086 = DIRECTION('',(-0.,-1.,-0.));
#3087 = DIRECTION('',(0.,0.,-1.));
#3088 = ADVANCED_FACE('',(#3089),#3099,.T.);
#3089 = FACE_BOUND('',#3090,.T.);
#3090 = EDGE_LOOP('',(#3091,#3092,#3093));
#3091 = ORIENTED_EDGE('',*,*,#3078,.F.);
#3092 = ORIENTED_EDGE('',*,*,#2089,.F.);
#3093 = ORIENTED_EDGE('',*,*,#3094,.T.);
#3094 = EDGE_CURVE('',#2082,#3049,#3095,.T.);
#3095 = LINE('',#3096,#3097);
#3096 = CARTESIAN_POINT('',(0.730769217014,0.,2.544661283493));
#3097 = VECTOR('',#3098,1.);
#3098 = DIRECTION('',(0.201683560312,0.,-0.979450734596));
#3099 = PLANE('',#3100);
#3100 = AXIS2_PLACEMENT_3D('',#3101,#3102,#3103);
#3101 = CARTESIAN_POINT('',(0.844461516108,0.,2.266323626563));
#3102 = DIRECTION('',(-0.,-1.,-0.));
#3103 = DIRECTION('',(0.,0.,-1.));
#3104 = ADVANCED_FACE('',(#3105),#3110,.T.);
#3105 = FACE_BOUND('',#3106,.T.);
#3106 = EDGE_LOOP('',(#3107,#3108,#3109));
#3107 = ORIENTED_EDGE('',*,*,#3094,.F.);
#3108 = ORIENTED_EDGE('',*,*,#2916,.F.);
#3109 = ORIENTED_EDGE('',*,*,#3048,.F.);
#3110 = PLANE('',#3111);
#3111 = AXIS2_PLACEMENT_3D('',#3112,#3113,#3114);
#3112 = CARTESIAN_POINT('',(0.761670561245,0.,2.043321259345));
#3113 = DIRECTION('',(-0.,-1.,-0.));
#3114 = DIRECTION('',(0.,0.,-1.));
#3115 = ADVANCED_FACE('',(#3116),#3133,.T.);
#3116 = FACE_BOUND('',#3117,.T.);
#3117 = EDGE_LOOP('',(#3118,#3126,#3127));
#3118 = ORIENTED_EDGE('',*,*,#3119,.T.);
#3119 = EDGE_CURVE('',#3120,#3011,#3122,.T.);
#3120 = VERTEX_POINT('',#3121);
#3121 = CARTESIAN_POINT('',(1.096153855324,0.125,1.253634929657));
#3122 = LINE('',#3123,#3124);
#3123 = CARTESIAN_POINT('',(1.096153855324,0.125,1.253634929657));
#3124 = VECTOR('',#3125,1.);
#3125 = DIRECTION('',(-0.593333154676,-0.608947146856,0.526440062968));
#3126 = ORIENTED_EDGE('',*,*,#3010,.F.);
#3127 = ORIENTED_EDGE('',*,*,#3128,.T.);
#3128 = EDGE_CURVE('',#2988,#3120,#3129,.T.);
#3129 = LINE('',#3130,#3131);
#3130 = CARTESIAN_POINT('',(0.974358975887,0.25,1.361698508263));
#3131 = VECTOR('',#3132,1.);
#3132 = DIRECTION('',(0.593333154676,-0.608947146856,-0.526440062968));
#3133 = PLANE('',#3134);
#3134 = AXIS2_PLACEMENT_3D('',#3135,#3136,#3137);
#3135 = CARTESIAN_POINT('',(1.012208223973,0.125,1.328116429816));
#3136 = DIRECTION('',(-0.663682420039,-0.,-0.748014468665));
#3137 = DIRECTION('',(-0.748014468665,0.,0.663682420039));
#3138 = ADVANCED_FACE('',(#3139),#3156,.T.);
#3139 = FACE_BOUND('',#3140,.T.);
#3140 = EDGE_LOOP('',(#3141,#3142,#3150));
#3141 = ORIENTED_EDGE('',*,*,#3128,.F.);
#3142 = ORIENTED_EDGE('',*,*,#3143,.T.);
#3143 = EDGE_CURVE('',#2988,#3144,#3146,.T.);
#3144 = VERTEX_POINT('',#3145);
#3145 = CARTESIAN_POINT('',(1.217948675156,0.25,1.145571351051));
#3146 = LINE('',#3147,#3148);
#3147 = CARTESIAN_POINT('',(0.974358975887,0.25,1.361698508263));
#3148 = VECTOR('',#3149,1.);
#3149 = DIRECTION('',(0.748014388043,0.,-0.663682510905));
#3150 = ORIENTED_EDGE('',*,*,#3151,.T.);
#3151 = EDGE_CURVE('',#3144,#3120,#3152,.T.);
#3152 = LINE('',#3153,#3154);
#3153 = CARTESIAN_POINT('',(1.217948675156,0.25,1.145571351051));
#3154 = VECTOR('',#3155,1.);
#3155 = DIRECTION('',(-0.59333296653,-0.608947251769,0.526440153666));
#3156 = PLANE('',#3157);
#3157 = AXIS2_PLACEMENT_3D('',#3158,#3159,#3160);
#3158 = CARTESIAN_POINT('',(1.096153830906,0.215146316639,1.253634932253
    ));
#3159 = DIRECTION('',(-0.663682510905,-1.582342412448E-07,
    -0.748014388043));
#3160 = DIRECTION('',(-0.748014388043,3.138725647207E-24,0.663682510905)
  );
#3161 = ADVANCED_FACE('',(#3162),#3179,.T.);
#3162 = FACE_BOUND('',#3163,.T.);
#3163 = EDGE_LOOP('',(#3164,#3165,#3173));
#3164 = ORIENTED_EDGE('',*,*,#3151,.F.);
#3165 = ORIENTED_EDGE('',*,*,#3166,.T.);
#3166 = EDGE_CURVE('',#3144,#3167,#3169,.T.);
#3167 = VERTEX_POINT('',#3168);
#3168 = CARTESIAN_POINT('',(1.217948675156,0.,1.145571351051));
#3169 = LINE('',#3170,#3171);
#3170 = CARTESIAN_POINT('',(1.217948675156,0.25,1.145571351051));
#3171 = VECTOR('',#3172,1.);
#3172 = DIRECTION('',(0.,-1.,0.));
#3173 = ORIENTED_EDGE('',*,*,#3174,.T.);
#3174 = EDGE_CURVE('',#3167,#3120,#3175,.T.);
#3175 = LINE('',#3176,#3177);
#3176 = CARTESIAN_POINT('',(1.217948675156,0.,1.145571351051));
#3177 = VECTOR('',#3178,1.);
#3178 = DIRECTION('',(-0.59333296653,0.608947251769,0.526440153666));
#3179 = PLANE('',#3180);
#3180 = AXIS2_PLACEMENT_3D('',#3181,#3182,#3183);
#3181 = CARTESIAN_POINT('',(1.180099448061,0.125,1.179153427309));
#3182 = DIRECTION('',(-0.663682601771,-0.,-0.748014307421));
#3183 = DIRECTION('',(-0.748014307421,0.,0.663682601771));
#3184 = ADVANCED_FACE('',(#3185),#3195,.T.);
#3185 = FACE_BOUND('',#3186,.T.);
#3186 = EDGE_LOOP('',(#3187,#3188,#3194));
#3187 = ORIENTED_EDGE('',*,*,#3174,.F.);
#3188 = ORIENTED_EDGE('',*,*,#3189,.T.);
#3189 = EDGE_CURVE('',#3167,#3011,#3190,.T.);
#3190 = LINE('',#3191,#3192);
#3191 = CARTESIAN_POINT('',(1.217948675156,0.,1.145571351051));
#3192 = VECTOR('',#3193,1.);
#3193 = DIRECTION('',(-0.748014388043,0.,0.663682510905));
#3194 = ORIENTED_EDGE('',*,*,#3119,.F.);
#3195 = PLANE('',#3196);
#3196 = AXIS2_PLACEMENT_3D('',#3197,#3198,#3199);
#3197 = CARTESIAN_POINT('',(1.096153830906,3.485368336136E-02,
    1.253634932253));
#3198 = DIRECTION('',(-0.663682510905,1.582342411813E-07,-0.748014388043
    ));
#3199 = DIRECTION('',(-0.748014388043,2.280104023791E-24,0.663682510905)
  );
#3200 = ADVANCED_FACE('',(#3201),#3218,.T.);
#3201 = FACE_BOUND('',#3202,.T.);
#3202 = EDGE_LOOP('',(#3203,#3211,#3212));
#3203 = ORIENTED_EDGE('',*,*,#3204,.T.);
#3204 = EDGE_CURVE('',#3205,#3011,#3207,.T.);
#3205 = VERTEX_POINT('',#3206);
#3206 = CARTESIAN_POINT('',(1.096153855324,0.,1.753634929657));
#3207 = LINE('',#3208,#3209);
#3208 = CARTESIAN_POINT('',(1.096153855324,0.,1.753634929657));
#3209 = VECTOR('',#3210,1.);
#3210 = DIRECTION('',(-0.296753538114,0.,-0.954954102361));
#3211 = ORIENTED_EDGE('',*,*,#3189,.F.);
#3212 = ORIENTED_EDGE('',*,*,#3213,.T.);
#3213 = EDGE_CURVE('',#3167,#3205,#3214,.T.);
#3214 = LINE('',#3215,#3216);
#3215 = CARTESIAN_POINT('',(1.217948675156,0.,1.145571351051));
#3216 = VECTOR('',#3217,1.);
#3217 = DIRECTION('',(-0.196398482162,0.,0.980524164008));
#3218 = PLANE('',#3219);
#3219 = AXIS2_PLACEMENT_3D('',#3220,#3221,#3222);
#3220 = CARTESIAN_POINT('',(1.105570657356,0.,1.435250825154));
#3221 = DIRECTION('',(-0.,-1.,-0.));
#3222 = DIRECTION('',(0.,0.,-1.));
#3223 = ADVANCED_FACE('',(#3224),#3239,.T.);
#3224 = FACE_BOUND('',#3225,.T.);
#3225 = EDGE_LOOP('',(#3226,#3227,#3233));
#3226 = ORIENTED_EDGE('',*,*,#3213,.F.);
#3227 = ORIENTED_EDGE('',*,*,#3228,.T.);
#3228 = EDGE_CURVE('',#3167,#1912,#3229,.T.);
#3229 = LINE('',#3230,#3231);
#3230 = CARTESIAN_POINT('',(1.217948675156,0.,1.145571351051));
#3231 = VECTOR('',#3232,1.);
#3232 = DIRECTION('',(0.,0.,1.));
#3233 = ORIENTED_EDGE('',*,*,#3234,.T.);
#3234 = EDGE_CURVE('',#1912,#3205,#3235,.T.);
#3235 = LINE('',#3236,#3237);
#3236 = CARTESIAN_POINT('',(1.217948675156,0.,2.145571470261));
#3237 = VECTOR('',#3238,1.);
#3238 = DIRECTION('',(-0.296753323366,0.,-0.954954169095));
#3239 = PLANE('',#3240);
#3240 = AXIS2_PLACEMENT_3D('',#3241,#3242,#3243);
#3241 = CARTESIAN_POINT('',(1.187041632247,0.,1.647173945456));
#3242 = DIRECTION('',(-0.,-1.,-0.));
#3243 = DIRECTION('',(0.,0.,-1.));
#3244 = ADVANCED_FACE('',(#3245),#3255,.T.);
#3245 = FACE_BOUND('',#3246,.T.);
#3246 = EDGE_LOOP('',(#3247,#3248,#3249));
#3247 = ORIENTED_EDGE('',*,*,#3234,.F.);
#3248 = ORIENTED_EDGE('',*,*,#2004,.F.);
#3249 = ORIENTED_EDGE('',*,*,#3250,.T.);
#3250 = EDGE_CURVE('',#1997,#3205,#3251,.T.);
#3251 = LINE('',#3252,#3253);
#3252 = CARTESIAN_POINT('',(0.974358975887,0.,2.361698627472));
#3253 = VECTOR('',#3254,1.);
#3254 = DIRECTION('',(0.196398537551,0.,-0.980524152914));
#3255 = PLANE('',#3256);
#3256 = AXIS2_PLACEMENT_3D('',#3257,#3258,#3259);
#3257 = CARTESIAN_POINT('',(1.086737016437,0.,2.072019098037));
#3258 = DIRECTION('',(-0.,-1.,-0.));
#3259 = DIRECTION('',(0.,0.,-1.));
#3260 = ADVANCED_FACE('',(#3261),#3266,.T.);
#3261 = FACE_BOUND('',#3262,.T.);
#3262 = EDGE_LOOP('',(#3263,#3264,#3265));
#3263 = ORIENTED_EDGE('',*,*,#3250,.F.);
#3264 = ORIENTED_EDGE('',*,*,#3072,.F.);
#3265 = ORIENTED_EDGE('',*,*,#3204,.F.);
#3266 = PLANE('',#3267);
#3267 = AXIS2_PLACEMENT_3D('',#3268,#3269,#3270);
#3268 = CARTESIAN_POINT('',(1.0052660344,0.,1.860096029649));
#3269 = DIRECTION('',(-0.,-1.,-0.));
#3270 = DIRECTION('',(0.,0.,-1.));
#3271 = ADVANCED_FACE('',(#3272),#3289,.T.);
#3272 = FACE_BOUND('',#3273,.T.);
#3273 = EDGE_LOOP('',(#3274,#3282,#3283));
#3274 = ORIENTED_EDGE('',*,*,#3275,.T.);
#3275 = EDGE_CURVE('',#3276,#3167,#3278,.T.);
#3276 = VERTEX_POINT('',#3277);
#3277 = CARTESIAN_POINT('',(1.339743614197,0.125,1.027305960655));
#3278 = LINE('',#3279,#3280);
#3279 = CARTESIAN_POINT('',(1.339743614197,0.125,1.027305960655));
#3280 = VECTOR('',#3281,1.);
#3281 = DIRECTION('',(-0.577715898785,-0.592918621387,0.560974017851));
#3282 = ORIENTED_EDGE('',*,*,#3166,.F.);
#3283 = ORIENTED_EDGE('',*,*,#3284,.T.);
#3284 = EDGE_CURVE('',#3144,#3276,#3285,.T.);
#3285 = LINE('',#3286,#3287);
#3286 = CARTESIAN_POINT('',(1.217948675156,0.25,1.145571351051));
#3287 = VECTOR('',#3288,1.);
#3288 = DIRECTION('',(0.577715898785,-0.592918621387,-0.560974017851));
#3289 = PLANE('',#3290);
#3290 = AXIS2_PLACEMENT_3D('',#3291,#3292,#3293);
#3291 = CARTESIAN_POINT('',(1.256178794826,0.125,1.108449118689));
#3292 = DIRECTION('',(-0.696635070038,-0.,-0.717425661092));
#3293 = DIRECTION('',(-0.717425661092,0.,0.696635070038));
#3294 = ADVANCED_FACE('',(#3295),#3312,.T.);
#3295 = FACE_BOUND('',#3296,.T.);
#3296 = EDGE_LOOP('',(#3297,#3298,#3306));
#3297 = ORIENTED_EDGE('',*,*,#3284,.F.);
#3298 = ORIENTED_EDGE('',*,*,#3299,.T.);
#3299 = EDGE_CURVE('',#3144,#3300,#3302,.T.);
#3300 = VERTEX_POINT('',#3301);
#3301 = CARTESIAN_POINT('',(1.461538434029,0.25,0.909040629864));
#3302 = LINE('',#3303,#3304);
#3303 = CARTESIAN_POINT('',(1.217948675156,0.25,1.145571351051));
#3304 = VECTOR('',#3305,1.);
#3305 = DIRECTION('',(0.71742557844,0.,-0.696635155156));
#3306 = ORIENTED_EDGE('',*,*,#3307,.T.);
#3307 = EDGE_CURVE('',#3300,#3276,#3308,.T.);
#3308 = LINE('',#3309,#3310);
#3309 = CARTESIAN_POINT('',(1.461538434029,0.25,0.909040629864));
#3310 = VECTOR('',#3311,1.);
#3311 = DIRECTION('',(-0.577715613683,-0.592918909113,0.56097400735));
#3312 = PLANE('',#3313);
#3313 = AXIS2_PLACEMENT_3D('',#3314,#3315,#3316);
#3314 = CARTESIAN_POINT('',(1.339743562916,0.215378991889,1.027305990151
    ));
#3315 = DIRECTION('',(-0.696635155156,-1.611339406851E-07,-0.71742557844
    ));
#3316 = DIRECTION('',(-0.71742557844,-1.835037611357E-24,0.696635155156)
  );
#3317 = ADVANCED_FACE('',(#3318),#3335,.T.);
#3318 = FACE_BOUND('',#3319,.T.);
#3319 = EDGE_LOOP('',(#3320,#3321,#3329));
#3320 = ORIENTED_EDGE('',*,*,#3307,.F.);
#3321 = ORIENTED_EDGE('',*,*,#3322,.T.);
#3322 = EDGE_CURVE('',#3300,#3323,#3325,.T.);
#3323 = VERTEX_POINT('',#3324);
#3324 = CARTESIAN_POINT('',(1.461538434029,0.,0.909040629864));
#3325 = LINE('',#3326,#3327);
#3326 = CARTESIAN_POINT('',(1.461538434029,0.25,0.909040629864));
#3327 = VECTOR('',#3328,1.);
#3328 = DIRECTION('',(0.,-1.,0.));
#3329 = ORIENTED_EDGE('',*,*,#3330,.T.);
#3330 = EDGE_CURVE('',#3323,#3276,#3331,.T.);
#3331 = LINE('',#3332,#3333);
#3332 = CARTESIAN_POINT('',(1.461538434029,0.,0.909040629864));
#3333 = VECTOR('',#3334,1.);
#3334 = DIRECTION('',(-0.577715613683,0.592918909113,0.56097400735));
#3335 = PLANE('',#3336);
#3336 = AXIS2_PLACEMENT_3D('',#3337,#3338,#3339);
#3337 = CARTESIAN_POINT('',(1.423308358682,0.125,0.946162836812));
#3338 = DIRECTION('',(-0.696635240274,-0.,-0.717425495789));
#3339 = DIRECTION('',(-0.717425495789,0.,0.696635240274));
#3340 = ADVANCED_FACE('',(#3341),#3351,.T.);
#3341 = FACE_BOUND('',#3342,.T.);
#3342 = EDGE_LOOP('',(#3343,#3344,#3350));
#3343 = ORIENTED_EDGE('',*,*,#3330,.F.);
#3344 = ORIENTED_EDGE('',*,*,#3345,.T.);
#3345 = EDGE_CURVE('',#3323,#3167,#3346,.T.);
#3346 = LINE('',#3347,#3348);
#3347 = CARTESIAN_POINT('',(1.461538434029,0.,0.909040629864));
#3348 = VECTOR('',#3349,1.);
#3349 = DIRECTION('',(-0.71742557844,0.,0.696635155156));
#3350 = ORIENTED_EDGE('',*,*,#3275,.F.);
#3351 = PLANE('',#3352);
#3352 = AXIS2_PLACEMENT_3D('',#3353,#3354,#3355);
#3353 = CARTESIAN_POINT('',(1.339743562916,3.46210081109E-02,
    1.027305990151));
#3354 = DIRECTION('',(-0.696635155156,1.611339407112E-07,-0.71742557844)
  );
#3355 = DIRECTION('',(-0.71742557844,-1.524417072158E-24,0.696635155156)
  );
#3356 = ADVANCED_FACE('',(#3357),#3374,.T.);
#3357 = FACE_BOUND('',#3358,.T.);
#3358 = EDGE_LOOP('',(#3359,#3367,#3368));
#3359 = ORIENTED_EDGE('',*,*,#3360,.T.);
#3360 = EDGE_CURVE('',#3361,#3167,#3363,.T.);
#3361 = VERTEX_POINT('',#3362);
#3362 = CARTESIAN_POINT('',(1.339743614197,0.,1.527305960655));
#3363 = LINE('',#3364,#3365);
#3364 = CARTESIAN_POINT('',(1.339743614197,0.,1.527305960655));
#3365 = VECTOR('',#3366,1.);
#3366 = DIRECTION('',(-0.303960319983,0.,-0.95268469279));
#3367 = ORIENTED_EDGE('',*,*,#3345,.F.);
#3368 = ORIENTED_EDGE('',*,*,#3369,.T.);
#3369 = EDGE_CURVE('',#3323,#3361,#3370,.T.);
#3370 = LINE('',#3371,#3372);
#3371 = CARTESIAN_POINT('',(1.461538434029,0.,0.909040629864));
#3372 = VECTOR('',#3373,1.);
#3373 = DIRECTION('',(-0.193279828236,0.,0.981143673473));
#3374 = PLANE('',#3375);
#3375 = AXIS2_PLACEMENT_3D('',#3376,#3377,#3378);
#3376 = CARTESIAN_POINT('',(1.349940181266,0.,1.205463185018));
#3377 = DIRECTION('',(-0.,-1.,-0.));
#3378 = DIRECTION('',(0.,0.,-1.));
#3379 = ADVANCED_FACE('',(#3380),#3395,.T.);
#3380 = FACE_BOUND('',#3381,.T.);
#3381 = EDGE_LOOP('',(#3382,#3383,#3389));
#3382 = ORIENTED_EDGE('',*,*,#3369,.F.);
#3383 = ORIENTED_EDGE('',*,*,#3384,.T.);
#3384 = EDGE_CURVE('',#3323,#1827,#3385,.T.);
#3385 = LINE('',#3386,#3387);
#3386 = CARTESIAN_POINT('',(1.461538434029,0.,0.909040629864));
#3387 = VECTOR('',#3388,1.);
#3388 = DIRECTION('',(0.,0.,1.));
#3389 = ORIENTED_EDGE('',*,*,#3390,.T.);
#3390 = EDGE_CURVE('',#1827,#3361,#3391,.T.);
#3391 = LINE('',#3392,#3393);
#3392 = CARTESIAN_POINT('',(1.461538434029,0.,1.909040570259));
#3393 = VECTOR('',#3394,1.);
#3394 = DIRECTION('',(-0.303960049963,0.,-0.952684778941));
#3395 = PLANE('',#3396);
#3396 = AXIS2_PLACEMENT_3D('',#3397,#3398,#3399);
#3397 = CARTESIAN_POINT('',(1.430627322761,0.,1.410809758357));
#3398 = DIRECTION('',(-0.,-1.,-0.));
#3399 = DIRECTION('',(0.,0.,-1.));
#3400 = ADVANCED_FACE('',(#3401),#3411,.T.);
#3401 = FACE_BOUND('',#3402,.T.);
#3402 = EDGE_LOOP('',(#3403,#3404,#3405));
#3403 = ORIENTED_EDGE('',*,*,#3390,.F.);
#3404 = ORIENTED_EDGE('',*,*,#1919,.F.);
#3405 = ORIENTED_EDGE('',*,*,#3406,.T.);
#3406 = EDGE_CURVE('',#1912,#3361,#3407,.T.);
#3407 = LINE('',#3408,#3409);
#3408 = CARTESIAN_POINT('',(1.217948675156,0.,2.145571470261));
#3409 = VECTOR('',#3410,1.);
#3410 = DIRECTION('',(0.193279956534,0.,-0.981143648199));
#3411 = PLANE('',#3412);
#3412 = AXIS2_PLACEMENT_3D('',#3413,#3414,#3415);
#3413 = CARTESIAN_POINT('',(1.329546964458,0.,1.849148817374));
#3414 = DIRECTION('',(-0.,-1.,-0.));
#3415 = DIRECTION('',(0.,0.,-1.));
#3416 = ADVANCED_FACE('',(#3417),#3422,.T.);
#3417 = FACE_BOUND('',#3418,.T.);
#3418 = EDGE_LOOP('',(#3419,#3420,#3421));
#3419 = ORIENTED_EDGE('',*,*,#3406,.F.);
#3420 = ORIENTED_EDGE('',*,*,#3228,.F.);
#3421 = ORIENTED_EDGE('',*,*,#3360,.F.);
#3422 = PLANE('',#3423);
#3423 = AXIS2_PLACEMENT_3D('',#3424,#3425,#3426);
#3424 = CARTESIAN_POINT('',(1.248859817422,0.,1.643802248219));
#3425 = DIRECTION('',(-0.,-1.,-0.));
#3426 = DIRECTION('',(0.,0.,-1.));
#3427 = ADVANCED_FACE('',(#3428),#3445,.T.);
#3428 = FACE_BOUND('',#3429,.T.);
#3429 = EDGE_LOOP('',(#3430,#3438,#3439));
#3430 = ORIENTED_EDGE('',*,*,#3431,.T.);
#3431 = EDGE_CURVE('',#3432,#3323,#3434,.T.);
#3432 = VERTEX_POINT('',#3433);
#3433 = CARTESIAN_POINT('',(1.58333337307,0.125,0.787556171417));
#3434 = LINE('',#3435,#3436);
#3435 = CARTESIAN_POINT('',(1.58333337307,0.125,0.787556171417));
#3436 = VECTOR('',#3437,1.);
#3437 = DIRECTION('',(-0.572764458251,-0.587836882591,0.571304362692));
#3438 = ORIENTED_EDGE('',*,*,#3322,.F.);
#3439 = ORIENTED_EDGE('',*,*,#3440,.T.);
#3440 = EDGE_CURVE('',#3300,#3432,#3441,.T.);
#3441 = LINE('',#3442,#3443);
#3442 = CARTESIAN_POINT('',(1.461538434029,0.25,0.909040629864));
#3443 = VECTOR('',#3444,1.);
#3444 = DIRECTION('',(0.572764458251,-0.587836882591,-0.571304362692));
#3445 = PLANE('',#3446);
#3446 = AXIS2_PLACEMENT_3D('',#3447,#3448,#3449);
#3447 = CARTESIAN_POINT('',(1.499890905991,0.125,0.870785926318));
#3448 = DIRECTION('',(-0.706203774804,-0.,-0.70800863586));
#3449 = DIRECTION('',(-0.70800863586,0.,0.706203774804));
#3450 = ADVANCED_FACE('',(#3451),#3468,.T.);
#3451 = FACE_BOUND('',#3452,.T.);
#3452 = EDGE_LOOP('',(#3453,#3454,#3462));
#3453 = ORIENTED_EDGE('',*,*,#3440,.F.);
#3454 = ORIENTED_EDGE('',*,*,#3455,.T.);
#3455 = EDGE_CURVE('',#3300,#3456,#3458,.T.);
#3456 = VERTEX_POINT('',#3457);
#3457 = CARTESIAN_POINT('',(1.705128192902,0.25,0.666071772575));
#3458 = LINE('',#3459,#3460);
#3459 = CARTESIAN_POINT('',(1.461538434029,0.25,0.909040629864));
#3460 = VECTOR('',#3461,1.);
#3461 = DIRECTION('',(0.70800854968,0.,-0.706203861205));
#3462 = ORIENTED_EDGE('',*,*,#3463,.T.);
#3463 = EDGE_CURVE('',#3456,#3432,#3464,.T.);
#3464 = LINE('',#3465,#3466);
#3465 = CARTESIAN_POINT('',(1.705128192902,0.25,0.666071772575));
#3466 = VECTOR('',#3467,1.);
#3467 = DIRECTION('',(-0.572764173278,-0.587837165477,0.571304357319));
#3468 = PLANE('',#3469);
#3469 = AXIS2_PLACEMENT_3D('',#3470,#3471,#3472);
#3470 = CARTESIAN_POINT('',(1.58333332184,0.215450131285,0.787556201062)
  );
#3471 = DIRECTION('',(-0.706203861205,-1.679418499361E-07,-0.70800854968
    ));
#3472 = DIRECTION('',(-0.70800854968,6.125866460481E-25,0.706203861205)
  );
#3473 = ADVANCED_FACE('',(#3474),#3491,.T.);
#3474 = FACE_BOUND('',#3475,.T.);
#3475 = EDGE_LOOP('',(#3476,#3477,#3485));
#3476 = ORIENTED_EDGE('',*,*,#3463,.F.);
#3477 = ORIENTED_EDGE('',*,*,#3478,.T.);
#3478 = EDGE_CURVE('',#3456,#3479,#3481,.T.);
#3479 = VERTEX_POINT('',#3480);
#3480 = CARTESIAN_POINT('',(1.705128192902,0.,0.666071772575));
#3481 = LINE('',#3482,#3483);
#3482 = CARTESIAN_POINT('',(1.705128192902,0.25,0.666071772575));
#3483 = VECTOR('',#3484,1.);
#3484 = DIRECTION('',(0.,-1.,0.));
#3485 = ORIENTED_EDGE('',*,*,#3486,.T.);
#3486 = EDGE_CURVE('',#3479,#3432,#3487,.T.);
#3487 = LINE('',#3488,#3489);
#3488 = CARTESIAN_POINT('',(1.705128192902,0.,0.666071772575));
#3489 = VECTOR('',#3490,1.);
#3490 = DIRECTION('',(-0.572764173278,0.587837165477,0.571304357319));
#3491 = PLANE('',#3492);
#3492 = AXIS2_PLACEMENT_3D('',#3493,#3494,#3495);
#3493 = CARTESIAN_POINT('',(1.66677576531,0.125,0.704326450537));
#3494 = DIRECTION('',(-0.706203947605,-0.,-0.708008463499));
#3495 = DIRECTION('',(-0.708008463499,0.,0.706203947605));
#3496 = ADVANCED_FACE('',(#3497),#3507,.T.);
#3497 = FACE_BOUND('',#3498,.T.);
#3498 = EDGE_LOOP('',(#3499,#3500,#3506));
#3499 = ORIENTED_EDGE('',*,*,#3486,.F.);
#3500 = ORIENTED_EDGE('',*,*,#3501,.T.);
#3501 = EDGE_CURVE('',#3479,#3323,#3502,.T.);
#3502 = LINE('',#3503,#3504);
#3503 = CARTESIAN_POINT('',(1.705128192902,0.,0.666071772575));
#3504 = VECTOR('',#3505,1.);
#3505 = DIRECTION('',(-0.70800854968,0.,0.706203861205));
#3506 = ORIENTED_EDGE('',*,*,#3431,.F.);
#3507 = PLANE('',#3508);
#3508 = AXIS2_PLACEMENT_3D('',#3509,#3510,#3511);
#3509 = CARTESIAN_POINT('',(1.58333332184,3.454986871512E-02,
    0.787556201062));
#3510 = DIRECTION('',(-0.706203861205,1.679418498408E-07,-0.70800854968)
  );
#3511 = DIRECTION('',(-0.70800854968,3.531262868356E-24,0.706203861205)
  );
#3512 = ADVANCED_FACE('',(#3513),#3530,.T.);
#3513 = FACE_BOUND('',#3514,.T.);
#3514 = EDGE_LOOP('',(#3515,#3523,#3524));
#3515 = ORIENTED_EDGE('',*,*,#3516,.T.);
#3516 = EDGE_CURVE('',#3517,#3323,#3519,.T.);
#3517 = VERTEX_POINT('',#3518);
#3518 = CARTESIAN_POINT('',(1.58333337307,0.,1.287556171417));
#3519 = LINE('',#3520,#3521);
#3520 = CARTESIAN_POINT('',(1.58333337307,0.,1.287556171417));
#3521 = VECTOR('',#3522,1.);
#3522 = DIRECTION('',(-0.306303732599,0.,-0.951933833518));
#3523 = ORIENTED_EDGE('',*,*,#3501,.F.);
#3524 = ORIENTED_EDGE('',*,*,#3525,.T.);
#3525 = EDGE_CURVE('',#3479,#3517,#3526,.T.);
#3526 = LINE('',#3527,#3528);
#3527 = CARTESIAN_POINT('',(1.705128192902,0.,0.666071772575));
#3528 = VECTOR('',#3529,1.);
#3529 = DIRECTION('',(-0.192315827136,0.,0.981333084448));
#3530 = PLANE('',#3531);
#3531 = AXIS2_PLACEMENT_3D('',#3532,#3533,#3534);
#3532 = CARTESIAN_POINT('',(1.593771427855,0.,0.964589555359));
#3533 = DIRECTION('',(-0.,-1.,-0.));
#3534 = DIRECTION('',(0.,0.,-1.));
#3535 = ADVANCED_FACE('',(#3536),#3551,.T.);
#3536 = FACE_BOUND('',#3537,.T.);
#3537 = EDGE_LOOP('',(#3538,#3539,#3545));
#3538 = ORIENTED_EDGE('',*,*,#3525,.F.);
#3539 = ORIENTED_EDGE('',*,*,#3540,.T.);
#3540 = EDGE_CURVE('',#3479,#1742,#3541,.T.);
#3541 = LINE('',#3542,#3543);
#3542 = CARTESIAN_POINT('',(1.705128192902,0.,0.666071772575));
#3543 = VECTOR('',#3544,1.);
#3544 = DIRECTION('',(0.,0.,1.));
#3545 = ORIENTED_EDGE('',*,*,#3546,.T.);
#3546 = EDGE_CURVE('',#1742,#3517,#3547,.T.);
#3547 = LINE('',#3548,#3549);
#3548 = CARTESIAN_POINT('',(1.705128192902,0.,1.666071772575));
#3549 = VECTOR('',#3550,1.);
#3550 = DIRECTION('',(-0.306303417218,0.,-0.951933934998));
#3551 = PLANE('',#3552);
#3552 = AXIS2_PLACEMENT_3D('',#3553,#3554,#3555);
#3553 = CARTESIAN_POINT('',(1.674215706798,0.,1.1678944074));
#3554 = DIRECTION('',(-0.,-1.,-0.));
#3555 = DIRECTION('',(0.,0.,-1.));
#3556 = ADVANCED_FACE('',(#3557),#3567,.T.);
#3557 = FACE_BOUND('',#3558,.T.);
#3558 = EDGE_LOOP('',(#3559,#3560,#3561));
#3559 = ORIENTED_EDGE('',*,*,#3546,.F.);
#3560 = ORIENTED_EDGE('',*,*,#1834,.F.);
#3561 = ORIENTED_EDGE('',*,*,#3562,.T.);
#3562 = EDGE_CURVE('',#1827,#3517,#3563,.T.);
#3563 = LINE('',#3564,#3565);
#3564 = CARTESIAN_POINT('',(1.461538434029,0.,1.909040570259));
#3565 = VECTOR('',#3566,1.);
#3566 = DIRECTION('',(0.192316008407,0.,-0.981333048924));
#3567 = PLANE('',#3568);
#3568 = AXIS2_PLACEMENT_3D('',#3569,#3570,#3571);
#3569 = CARTESIAN_POINT('',(1.572895243654,0.,1.610522795961));
#3570 = DIRECTION('',(-0.,-1.,-0.));
#3571 = DIRECTION('',(0.,0.,-1.));
#3572 = ADVANCED_FACE('',(#3573),#3578,.T.);
#3573 = FACE_BOUND('',#3574,.T.);
#3574 = EDGE_LOOP('',(#3575,#3576,#3577));
#3575 = ORIENTED_EDGE('',*,*,#3562,.F.);
#3576 = ORIENTED_EDGE('',*,*,#3384,.F.);
#3577 = ORIENTED_EDGE('',*,*,#3516,.F.);
#3578 = PLANE('',#3579);
#3579 = AXIS2_PLACEMENT_3D('',#3580,#3581,#3582);
#3580 = CARTESIAN_POINT('',(1.492450951336,0.,1.407217961124));
#3581 = DIRECTION('',(-0.,-1.,-0.));
#3582 = DIRECTION('',(0.,0.,-1.));
#3583 = ADVANCED_FACE('',(#3584),#3601,.T.);
#3584 = FACE_BOUND('',#3585,.T.);
#3585 = EDGE_LOOP('',(#3586,#3594,#3595));
#3586 = ORIENTED_EDGE('',*,*,#3587,.T.);
#3587 = EDGE_CURVE('',#3588,#3479,#3590,.T.);
#3588 = VERTEX_POINT('',#3589);
#3589 = CARTESIAN_POINT('',(1.826923131943,0.125,0.548541128635));
#3590 = LINE('',#3591,#3592);
#3591 = CARTESIAN_POINT('',(1.826923131943,0.125,0.548541128635));
#3592 = VECTOR('',#3593,1.);
#3593 = DIRECTION('',(-0.57884517561,-0.594077615383,0.55857859749));
#3594 = ORIENTED_EDGE('',*,*,#3478,.F.);
#3595 = ORIENTED_EDGE('',*,*,#3596,.T.);
#3596 = EDGE_CURVE('',#3456,#3588,#3597,.T.);
#3597 = LINE('',#3598,#3599);
#3598 = CARTESIAN_POINT('',(1.705128192902,0.25,0.666071772575));
#3599 = VECTOR('',#3600,1.);
#3600 = DIRECTION('',(0.57884517561,-0.594077615383,-0.55857859749));
#3601 = PLANE('',#3602);
#3602 = AXIS2_PLACEMENT_3D('',#3603,#3604,#3605);
#3603 = CARTESIAN_POINT('',(1.743330516887,0.125,0.629206991712));
#3604 = DIRECTION('',(-0.69439735674,-0.,-0.719591766873));
#3605 = DIRECTION('',(-0.719591766873,0.,0.69439735674));
#3606 = ADVANCED_FACE('',(#3607),#3624,.T.);
#3607 = FACE_BOUND('',#3608,.T.);
#3608 = EDGE_LOOP('',(#3609,#3610,#3618));
#3609 = ORIENTED_EDGE('',*,*,#3596,.F.);
#3610 = ORIENTED_EDGE('',*,*,#3611,.T.);
#3611 = EDGE_CURVE('',#3456,#3612,#3614,.T.);
#3612 = VERTEX_POINT('',#3613);
#3613 = CARTESIAN_POINT('',(1.948717951775,0.25,0.431010454893));
#3614 = LINE('',#3615,#3616);
#3615 = CARTESIAN_POINT('',(1.705128192902,0.25,0.666071772575));
#3616 = VECTOR('',#3617,1.);
#3617 = DIRECTION('',(0.719591553075,0.,-0.694397578295));
#3618 = ORIENTED_EDGE('',*,*,#3619,.T.);
#3619 = EDGE_CURVE('',#3612,#3588,#3620,.T.);
#3620 = LINE('',#3621,#3622);
#3621 = CARTESIAN_POINT('',(1.948717951775,0.25,0.431010454893));
#3622 = VECTOR('',#3623,1.);
#3623 = DIRECTION('',(-0.578844753088,-0.594077763208,0.558578878121));
#3624 = PLANE('',#3625);
#3625 = AXIS2_PLACEMENT_3D('',#3626,#3627,#3628);
#3626 = CARTESIAN_POINT('',(1.826923084656,0.215362594579,0.548541121915
    ));
#3627 = DIRECTION('',(-0.694397578295,-4.168965656836E-07,
    -0.719591553075));
#3628 = DIRECTION('',(-0.719591553075,-1.440085061763E-23,0.694397578295
    ));
#3629 = ADVANCED_FACE('',(#3630),#3647,.T.);
#3630 = FACE_BOUND('',#3631,.T.);
#3631 = EDGE_LOOP('',(#3632,#3633,#3641));
#3632 = ORIENTED_EDGE('',*,*,#3619,.F.);
#3633 = ORIENTED_EDGE('',*,*,#3634,.T.);
#3634 = EDGE_CURVE('',#3612,#3635,#3637,.T.);
#3635 = VERTEX_POINT('',#3636);
#3636 = CARTESIAN_POINT('',(1.948717951775,0.,0.431010454893));
#3637 = LINE('',#3638,#3639);
#3638 = CARTESIAN_POINT('',(1.948717951775,0.25,0.431010454893));
#3639 = VECTOR('',#3640,1.);
#3640 = DIRECTION('',(0.,-1.,0.));
#3641 = ORIENTED_EDGE('',*,*,#3642,.T.);
#3642 = EDGE_CURVE('',#3635,#3588,#3643,.T.);
#3643 = LINE('',#3644,#3645);
#3644 = CARTESIAN_POINT('',(1.948717951775,0.,0.431010454893));
#3645 = VECTOR('',#3646,1.);
#3646 = DIRECTION('',(-0.578844753088,0.594077763208,0.558578878121));
#3647 = PLANE('',#3648);
#3648 = AXIS2_PLACEMENT_3D('',#3649,#3650,#3651);
#3649 = CARTESIAN_POINT('',(1.910515668723,0.125,0.467875241685));
#3650 = DIRECTION('',(-0.69439779985,-0.,-0.719591339277));
#3651 = DIRECTION('',(-0.719591339277,0.,0.69439779985));
#3652 = ADVANCED_FACE('',(#3653),#3663,.T.);
#3653 = FACE_BOUND('',#3654,.T.);
#3654 = EDGE_LOOP('',(#3655,#3656,#3662));
#3655 = ORIENTED_EDGE('',*,*,#3642,.F.);
#3656 = ORIENTED_EDGE('',*,*,#3657,.T.);
#3657 = EDGE_CURVE('',#3635,#3479,#3658,.T.);
#3658 = LINE('',#3659,#3660);
#3659 = CARTESIAN_POINT('',(1.948717951775,0.,0.431010454893));
#3660 = VECTOR('',#3661,1.);
#3661 = DIRECTION('',(-0.719591553075,0.,0.694397578295));
#3662 = ORIENTED_EDGE('',*,*,#3587,.F.);
#3663 = PLANE('',#3664);
#3664 = AXIS2_PLACEMENT_3D('',#3665,#3666,#3667);
#3665 = CARTESIAN_POINT('',(1.826923084656,3.46374054208E-02,
    0.548541121915));
#3666 = DIRECTION('',(-0.694397578295,4.16896565722E-07,-0.719591553075)
  );
#3667 = DIRECTION('',(-0.719591553075,3.70225816063E-23,0.694397578295)
  );
#3668 = ADVANCED_FACE('',(#3669),#3686,.T.);
#3669 = FACE_BOUND('',#3670,.T.);
#3670 = EDGE_LOOP('',(#3671,#3679,#3680));
#3671 = ORIENTED_EDGE('',*,*,#3672,.T.);
#3672 = EDGE_CURVE('',#3673,#3479,#3675,.T.);
#3673 = VERTEX_POINT('',#3674);
#3674 = CARTESIAN_POINT('',(1.826923131943,0.,1.048541069031));
#3675 = LINE('',#3676,#3677);
#3676 = CARTESIAN_POINT('',(1.826923131943,0.,1.048541069031));
#3677 = VECTOR('',#3678,1.);
#3678 = DIRECTION('',(-0.303430245964,0.,-0.952853653944));
#3679 = ORIENTED_EDGE('',*,*,#3657,.F.);
#3680 = ORIENTED_EDGE('',*,*,#3681,.T.);
#3681 = EDGE_CURVE('',#3635,#3673,#3682,.T.);
#3682 = LINE('',#3683,#3684);
#3683 = CARTESIAN_POINT('',(1.948717951775,0.,0.431010454893));
#3684 = VECTOR('',#3685,1.);
#3685 = DIRECTION('',(-0.193501180605,0.,0.981100042353));
#3686 = PLANE('',#3687);
#3687 = AXIS2_PLACEMENT_3D('',#3688,#3689,#3690);
#3688 = CARTESIAN_POINT('',(1.837064276699,0.,0.726952706657));
#3689 = DIRECTION('',(-0.,-1.,-0.));
#3690 = DIRECTION('',(0.,0.,-1.));
#3691 = ADVANCED_FACE('',(#3692),#3707,.T.);
#3692 = FACE_BOUND('',#3693,.T.);
#3693 = EDGE_LOOP('',(#3694,#3695,#3701));
#3694 = ORIENTED_EDGE('',*,*,#3681,.F.);
#3695 = ORIENTED_EDGE('',*,*,#3696,.T.);
#3696 = EDGE_CURVE('',#3635,#1657,#3697,.T.);
#3697 = LINE('',#3698,#3699);
#3698 = CARTESIAN_POINT('',(1.948717951775,0.,0.431010454893));
#3699 = VECTOR('',#3700,1.);
#3700 = DIRECTION('',(0.,0.,1.));
#3701 = ORIENTED_EDGE('',*,*,#3702,.T.);
#3702 = EDGE_CURVE('',#1657,#3673,#3703,.T.);
#3703 = LINE('',#3704,#3705);
#3704 = CARTESIAN_POINT('',(1.948717951775,0.,1.431010484695));
#3705 = VECTOR('',#3706,1.);
#3706 = DIRECTION('',(-0.303429890453,0.,-0.952853767154));
#3707 = PLANE('',#3708);
#3708 = AXIS2_PLACEMENT_3D('',#3709,#3710,#3711);
#3709 = CARTESIAN_POINT('',(1.917807148194,0.,0.932767484228));
#3710 = DIRECTION('',(-0.,-1.,-0.));
#3711 = DIRECTION('',(0.,0.,-1.));
#3712 = ADVANCED_FACE('',(#3713),#3723,.T.);
#3713 = FACE_BOUND('',#3714,.T.);
#3714 = EDGE_LOOP('',(#3715,#3716,#3717));
#3715 = ORIENTED_EDGE('',*,*,#3702,.F.);
#3716 = ORIENTED_EDGE('',*,*,#1749,.F.);
#3717 = ORIENTED_EDGE('',*,*,#3718,.T.);
#3718 = EDGE_CURVE('',#1742,#3673,#3719,.T.);
#3719 = LINE('',#3720,#3721);
#3720 = CARTESIAN_POINT('',(1.705128192902,0.,1.666071772575));
#3721 = VECTOR('',#3722,1.);
#3722 = DIRECTION('',(0.193501335941,0.,-0.981100011716));
#3723 = PLANE('',#3724);
#3724 = AXIS2_PLACEMENT_3D('',#3725,#3726,#3727);
#3725 = CARTESIAN_POINT('',(1.816781912603,0.,1.370129484108));
#3726 = DIRECTION('',(-0.,-1.,-0.));
#3727 = DIRECTION('',(0.,0.,-1.));
#3728 = ADVANCED_FACE('',(#3729),#3734,.T.);
#3729 = FACE_BOUND('',#3730,.T.);
#3730 = EDGE_LOOP('',(#3731,#3732,#3733));
#3731 = ORIENTED_EDGE('',*,*,#3718,.F.);
#3732 = ORIENTED_EDGE('',*,*,#3540,.F.);
#3733 = ORIENTED_EDGE('',*,*,#3672,.F.);
#3734 = PLANE('',#3735);
#3735 = AXIS2_PLACEMENT_3D('',#3736,#3737,#3738);
#3736 = CARTESIAN_POINT('',(1.736039027683,0.,1.164314753038));
#3737 = DIRECTION('',(-0.,-1.,-0.));
#3738 = DIRECTION('',(0.,0.,-1.));
#3739 = ADVANCED_FACE('',(#3740),#3757,.T.);
#3740 = FACE_BOUND('',#3741,.T.);
#3741 = EDGE_LOOP('',(#3742,#3750,#3751));
#3742 = ORIENTED_EDGE('',*,*,#3743,.T.);
#3743 = EDGE_CURVE('',#3744,#3635,#3746,.T.);
#3744 = VERTEX_POINT('',#3745);
#3745 = CARTESIAN_POINT('',(2.070512771606,0.125,0.324372947216));
#3746 = LINE('',#3747,#3748);
#3747 = CARTESIAN_POINT('',(2.070512771606,0.125,0.324372947216));
#3748 = VECTOR('',#3749,1.);
#3749 = DIRECTION('',(-0.595500460447,-0.611171785949,0.521390688129));
#3750 = ORIENTED_EDGE('',*,*,#3634,.F.);
#3751 = ORIENTED_EDGE('',*,*,#3752,.T.);
#3752 = EDGE_CURVE('',#3612,#3744,#3753,.T.);
#3753 = LINE('',#3754,#3755);
#3754 = CARTESIAN_POINT('',(1.948717951775,0.25,0.431010454893));
#3755 = VECTOR('',#3756,1.);
#3756 = DIRECTION('',(0.595500460447,-0.611171785949,-0.521390688129));
#3757 = PLANE('',#3758);
#3758 = AXIS2_PLACEMENT_3D('',#3759,#3760,#3761);
#3759 = CARTESIAN_POINT('',(1.986514920693,0.125,0.397917302255));
#3760 = DIRECTION('',(-0.658739128951,-0.,-0.752371424224));
#3761 = DIRECTION('',(-0.752371424224,0.,0.658739128951));
#3762 = ADVANCED_FACE('',(#3763),#3780,.T.);
#3763 = FACE_BOUND('',#3764,.T.);
#3764 = EDGE_LOOP('',(#3765,#3766,#3774));
#3765 = ORIENTED_EDGE('',*,*,#3752,.F.);
#3766 = ORIENTED_EDGE('',*,*,#3767,.T.);
#3767 = EDGE_CURVE('',#3612,#3768,#3770,.T.);
#3768 = VERTEX_POINT('',#3769);
#3769 = CARTESIAN_POINT('',(2.192307710648,0.25,0.217735439539));
#3770 = LINE('',#3771,#3772);
#3771 = CARTESIAN_POINT('',(1.948717951775,0.25,0.431010454893));
#3772 = VECTOR('',#3773,1.);
#3773 = DIRECTION('',(0.752371584,0.,-0.658738946465));
#3774 = ORIENTED_EDGE('',*,*,#3775,.T.);
#3775 = EDGE_CURVE('',#3768,#3744,#3776,.T.);
#3776 = LINE('',#3777,#3778);
#3777 = CARTESIAN_POINT('',(2.192307710648,0.25,0.217735439539));
#3778 = VECTOR('',#3779,1.);
#3779 = DIRECTION('',(-0.595500836612,-0.611171573815,0.521390507158));
#3780 = PLANE('',#3781);
#3781 = AXIS2_PLACEMENT_3D('',#3782,#3783,#3784);
#3782 = CARTESIAN_POINT('',(2.070512820475,0.215112995976,0.324372942051
    ));
#3783 = DIRECTION('',(-0.658738946465,3.141112072593E-07,-0.752371584));
#3784 = DIRECTION('',(-0.752371584,-1.33168613104E-23,0.658738946465));
#3785 = ADVANCED_FACE('',(#3786),#3803,.T.);
#3786 = FACE_BOUND('',#3787,.T.);
#3787 = EDGE_LOOP('',(#3788,#3789,#3797));
#3788 = ORIENTED_EDGE('',*,*,#3775,.F.);
#3789 = ORIENTED_EDGE('',*,*,#3790,.T.);
#3790 = EDGE_CURVE('',#3768,#3791,#3793,.T.);
#3791 = VERTEX_POINT('',#3792);
#3792 = CARTESIAN_POINT('',(2.192307710648,0.,0.217735439539));
#3793 = LINE('',#3794,#3795);
#3794 = CARTESIAN_POINT('',(2.192307710648,0.25,0.217735439539));
#3795 = VECTOR('',#3796,1.);
#3796 = DIRECTION('',(0.,-1.,0.));
#3797 = ORIENTED_EDGE('',*,*,#3798,.T.);
#3798 = EDGE_CURVE('',#3791,#3744,#3799,.T.);
#3799 = LINE('',#3800,#3801);
#3800 = CARTESIAN_POINT('',(2.192307710648,0.,0.217735439539));
#3801 = VECTOR('',#3802,1.);
#3802 = DIRECTION('',(-0.595500836612,0.611171573815,0.521390507158));
#3803 = PLANE('',#3804);
#3804 = AXIS2_PLACEMENT_3D('',#3805,#3806,#3807);
#3805 = CARTESIAN_POINT('',(2.154510699758,0.125,0.250828596534));
#3806 = DIRECTION('',(-0.658738763979,-0.,-0.752371743775));
#3807 = DIRECTION('',(-0.752371743775,0.,0.658738763979));
#3808 = ADVANCED_FACE('',(#3809),#3819,.T.);
#3809 = FACE_BOUND('',#3810,.T.);
#3810 = EDGE_LOOP('',(#3811,#3812,#3818));
#3811 = ORIENTED_EDGE('',*,*,#3798,.F.);
#3812 = ORIENTED_EDGE('',*,*,#3813,.T.);
#3813 = EDGE_CURVE('',#3791,#3635,#3814,.T.);
#3814 = LINE('',#3815,#3816);
#3815 = CARTESIAN_POINT('',(2.192307710648,0.,0.217735439539));
#3816 = VECTOR('',#3817,1.);
#3817 = DIRECTION('',(-0.752371584,0.,0.658738946465));
#3818 = ORIENTED_EDGE('',*,*,#3743,.F.);
#3819 = PLANE('',#3820);
#3820 = AXIS2_PLACEMENT_3D('',#3821,#3822,#3823);
#3821 = CARTESIAN_POINT('',(2.070512820475,3.488700402392E-02,
    0.324372942051));
#3822 = DIRECTION('',(-0.658738946465,-3.141112072365E-07,-0.752371584)
  );
#3823 = DIRECTION('',(-0.752371584,1.765953563767E-23,0.658738946465));
#3824 = ADVANCED_FACE('',(#3825),#3842,.T.);
#3825 = FACE_BOUND('',#3826,.T.);
#3826 = EDGE_LOOP('',(#3827,#3835,#3836));
#3827 = ORIENTED_EDGE('',*,*,#3828,.T.);
#3828 = EDGE_CURVE('',#3829,#3635,#3831,.T.);
#3829 = VERTEX_POINT('',#3830);
#3830 = CARTESIAN_POINT('',(2.070512771606,0.,0.824372947216));
#3831 = LINE('',#3832,#3833);
#3832 = CARTESIAN_POINT('',(2.070512771606,0.,0.824372947216));
#3833 = VECTOR('',#3834,1.);
#3834 = DIRECTION('',(-0.295771845991,0.,-0.955258611644));
#3835 = ORIENTED_EDGE('',*,*,#3813,.F.);
#3836 = ORIENTED_EDGE('',*,*,#3837,.T.);
#3837 = EDGE_CURVE('',#3791,#3829,#3838,.T.);
#3838 = LINE('',#3839,#3840);
#3839 = CARTESIAN_POINT('',(2.192307710648,0.,0.217735439539));
#3840 = VECTOR('',#3841,1.);
#3841 = DIRECTION('',(-0.196842487991,0.,0.9804351253));
#3842 = PLANE('',#3843);
#3843 = AXIS2_PLACEMENT_3D('',#3844,#3845,#3846);
#3844 = CARTESIAN_POINT('',(2.07981887802,0.,0.506459002226));
#3845 = DIRECTION('',(-0.,-1.,-0.));
#3846 = DIRECTION('',(0.,0.,-1.));
#3847 = ADVANCED_FACE('',(#3848),#3863,.T.);
#3848 = FACE_BOUND('',#3849,.T.);
#3849 = EDGE_LOOP('',(#3850,#3851,#3857));
#3850 = ORIENTED_EDGE('',*,*,#3837,.F.);
#3851 = ORIENTED_EDGE('',*,*,#3852,.T.);
#3852 = EDGE_CURVE('',#3791,#1572,#3853,.T.);
#3853 = LINE('',#3854,#3855);
#3854 = CARTESIAN_POINT('',(2.192307710648,0.,0.217735439539));
#3855 = VECTOR('',#3856,1.);
#3856 = DIRECTION('',(0.,0.,1.));
#3857 = ORIENTED_EDGE('',*,*,#3858,.T.);
#3858 = EDGE_CURVE('',#1572,#3829,#3859,.T.);
#3859 = LINE('',#3860,#3861);
#3860 = CARTESIAN_POINT('',(2.192307710648,0.,1.217735409737));
#3861 = VECTOR('',#3862,1.);
#3862 = DIRECTION('',(-0.295772130607,0.,-0.955258523519));
#3863 = PLANE('',#3864);
#3864 = AXIS2_PLACEMENT_3D('',#3865,#3866,#3867);
#3865 = CARTESIAN_POINT('',(2.16140117088,0.,0.719314999451));
#3866 = DIRECTION('',(-0.,-1.,-0.));
#3867 = DIRECTION('',(0.,0.,-1.));
#3868 = ADVANCED_FACE('',(#3869),#3879,.T.);
#3869 = FACE_BOUND('',#3870,.T.);
#3870 = EDGE_LOOP('',(#3871,#3872,#3873));
#3871 = ORIENTED_EDGE('',*,*,#3858,.F.);
#3872 = ORIENTED_EDGE('',*,*,#1664,.F.);
#3873 = ORIENTED_EDGE('',*,*,#3874,.T.);
#3874 = EDGE_CURVE('',#1657,#3829,#3875,.T.);
#3875 = LINE('',#3876,#3877);
#3876 = CARTESIAN_POINT('',(1.948717951775,0.,1.431010484695));
#3877 = VECTOR('',#3878,1.);
#3878 = DIRECTION('',(0.196842293497,0.,-0.980435164348));
#3879 = PLANE('',#3880);
#3880 = AXIS2_PLACEMENT_3D('',#3881,#3882,#3883);
#3881 = CARTESIAN_POINT('',(2.06120673945,0.,1.142286899092));
#3882 = DIRECTION('',(-0.,-1.,-0.));
#3883 = DIRECTION('',(0.,0.,-1.));
#3884 = ADVANCED_FACE('',(#3885),#3890,.T.);
#3885 = FACE_BOUND('',#3886,.T.);
#3886 = EDGE_LOOP('',(#3887,#3888,#3889));
#3887 = ORIENTED_EDGE('',*,*,#3874,.F.);
#3888 = ORIENTED_EDGE('',*,*,#3696,.F.);
#3889 = ORIENTED_EDGE('',*,*,#3828,.F.);
#3890 = PLANE('',#3891);
#3891 = AXIS2_PLACEMENT_3D('',#3892,#3893,#3894);
#3892 = CARTESIAN_POINT('',(1.979624460369,0.,0.929430898117));
#3893 = DIRECTION('',(-0.,-1.,-0.));
#3894 = DIRECTION('',(0.,0.,-1.));
#3895 = ADVANCED_FACE('',(#3896),#3913,.T.);
#3896 = FACE_BOUND('',#3897,.T.);
#3897 = EDGE_LOOP('',(#3898,#3906,#3907));
#3898 = ORIENTED_EDGE('',*,*,#3899,.T.);
#3899 = EDGE_CURVE('',#3900,#3791,#3902,.T.);
#3900 = VERTEX_POINT('',#3901);
#3901 = CARTESIAN_POINT('',(2.314102649689,0.125,0.128287300467));
#3902 = LINE('',#3903,#3904);
#3903 = CARTESIAN_POINT('',(2.314102649689,0.125,0.128287300467));
#3904 = VECTOR('',#3905,1.);
#3905 = DIRECTION('',(-0.621047379539,-0.637390379712,0.456107066618));
#3906 = ORIENTED_EDGE('',*,*,#3790,.F.);
#3907 = ORIENTED_EDGE('',*,*,#3908,.T.);
#3908 = EDGE_CURVE('',#3768,#3900,#3909,.T.);
#3909 = LINE('',#3910,#3911);
#3910 = CARTESIAN_POINT('',(2.192307710648,0.25,0.217735439539));
#3911 = VECTOR('',#3912,1.);
#3912 = DIRECTION('',(0.621047379539,-0.637390379712,-0.456107066618));
#3913 = PLANE('',#3914);
#3914 = AXIS2_PLACEMENT_3D('',#3915,#3916,#3917);
#3915 = CARTESIAN_POINT('',(2.229499494766,0.125,0.190421202146));
#3916 = DIRECTION('',(-0.591930915138,-0.,-0.805988704452));
#3917 = DIRECTION('',(-0.805988704452,0.,0.591930915138));
#3918 = ADVANCED_FACE('',(#3919),#3936,.T.);
#3919 = FACE_BOUND('',#3920,.T.);
#3920 = EDGE_LOOP('',(#3921,#3922,#3930));
#3921 = ORIENTED_EDGE('',*,*,#3908,.F.);
#3922 = ORIENTED_EDGE('',*,*,#3923,.T.);
#3923 = EDGE_CURVE('',#3768,#3924,#3926,.T.);
#3924 = VERTEX_POINT('',#3925);
#3925 = CARTESIAN_POINT('',(2.435897350311,0.25,3.883915767074E-02));
#3926 = LINE('',#3927,#3928);
#3927 = CARTESIAN_POINT('',(2.192307710648,0.25,0.217735439539));
#3928 = VECTOR('',#3929,1.);
#3929 = DIRECTION('',(0.805988422162,0.,-0.591931299511));
#3930 = ORIENTED_EDGE('',*,*,#3931,.T.);
#3931 = EDGE_CURVE('',#3924,#3900,#3932,.T.);
#3932 = LINE('',#3933,#3934);
#3933 = CARTESIAN_POINT('',(2.435897350311,0.25,3.883915767074E-02));
#3934 = VECTOR('',#3935,1.);
#3935 = DIRECTION('',(-0.621046627337,-0.637390855434,0.456107426033));
#3936 = PLANE('',#3937);
#3937 = AXIS2_PLACEMENT_3D('',#3938,#3939,#3940);
#3938 = CARTESIAN_POINT('',(2.314102551309,0.214700051953,0.128287308557
    ));
#3939 = DIRECTION('',(-0.591931299511,-5.76519840787E-07,-0.805988422162
    ));
#3940 = DIRECTION('',(-0.805988422162,1.785233499873E-23,0.591931299511)
  );
#3941 = ADVANCED_FACE('',(#3942),#3959,.T.);
#3942 = FACE_BOUND('',#3943,.T.);
#3943 = EDGE_LOOP('',(#3944,#3945,#3953));
#3944 = ORIENTED_EDGE('',*,*,#3931,.F.);
#3945 = ORIENTED_EDGE('',*,*,#3946,.T.);
#3946 = EDGE_CURVE('',#3924,#3947,#3949,.T.);
#3947 = VERTEX_POINT('',#3948);
#3948 = CARTESIAN_POINT('',(2.435897350311,0.,3.883915767074E-02));
#3949 = LINE('',#3950,#3951);
#3950 = CARTESIAN_POINT('',(2.435897350311,0.25,3.883915767074E-02));
#3951 = VECTOR('',#3952,1.);
#3952 = DIRECTION('',(0.,-1.,0.));
#3953 = ORIENTED_EDGE('',*,*,#3954,.T.);
#3954 = EDGE_CURVE('',#3947,#3900,#3955,.T.);
#3955 = LINE('',#3956,#3957);
#3956 = CARTESIAN_POINT('',(2.435897350311,0.,3.883915767074E-02));
#3957 = VECTOR('',#3958,1.);
#3958 = DIRECTION('',(-0.621046627337,0.637390855434,0.456107426033));
#3959 = PLANE('',#3960);
#3960 = AXIS2_PLACEMENT_3D('',#3961,#3962,#3963);
#3961 = CARTESIAN_POINT('',(2.398705649802,0.125,6.615338826507E-02));
#3962 = DIRECTION('',(-0.591931683885,-0.,-0.805988139872));
#3963 = DIRECTION('',(-0.805988139872,0.,0.591931683885));
#3964 = ADVANCED_FACE('',(#3965),#3975,.T.);
#3965 = FACE_BOUND('',#3966,.T.);
#3966 = EDGE_LOOP('',(#3967,#3968,#3974));
#3967 = ORIENTED_EDGE('',*,*,#3954,.F.);
#3968 = ORIENTED_EDGE('',*,*,#3969,.T.);
#3969 = EDGE_CURVE('',#3947,#3791,#3970,.T.);
#3970 = LINE('',#3971,#3972);
#3971 = CARTESIAN_POINT('',(2.435897350311,0.,3.883915767074E-02));
#3972 = VECTOR('',#3973,1.);
#3973 = DIRECTION('',(-0.805988422162,0.,0.591931299511));
#3974 = ORIENTED_EDGE('',*,*,#3899,.F.);
#3975 = PLANE('',#3976);
#3976 = AXIS2_PLACEMENT_3D('',#3977,#3978,#3979);
#3977 = CARTESIAN_POINT('',(2.314102551309,3.529994804715E-02,
    0.128287308557));
#3978 = DIRECTION('',(-0.591931299511,5.765198408712E-07,-0.805988422162
    ));
#3979 = DIRECTION('',(-0.805988422162,2.328780484595E-23,0.591931299511)
  );
#3980 = ADVANCED_FACE('',(#3981),#3998,.T.);
#3981 = FACE_BOUND('',#3982,.T.);
#3982 = EDGE_LOOP('',(#3983,#3991,#3992));
#3983 = ORIENTED_EDGE('',*,*,#3984,.T.);
#3984 = EDGE_CURVE('',#3985,#3791,#3987,.T.);
#3985 = VERTEX_POINT('',#3986);
#3986 = CARTESIAN_POINT('',(2.314102649689,0.,0.628287315369));
#3987 = LINE('',#3988,#3989);
#3988 = CARTESIAN_POINT('',(2.314102649689,0.,0.628287315369));
#3989 = VECTOR('',#3990,1.);
#3990 = DIRECTION('',(-0.284410186472,0.,-0.958702688966));
#3991 = ORIENTED_EDGE('',*,*,#3969,.F.);
#3992 = ORIENTED_EDGE('',*,*,#3993,.T.);
#3993 = EDGE_CURVE('',#3947,#3985,#3994,.T.);
#3994 = LINE('',#3995,#3996);
#3995 = CARTESIAN_POINT('',(2.435897350311,0.,3.883915767074E-02));
#3996 = VECTOR('',#3997,1.);
#3997 = DIRECTION('',(-0.202350539558,0.,0.97931315683));
#3998 = PLANE('',#3999);
#3999 = AXIS2_PLACEMENT_3D('',#4000,#4001,#4002);
#4000 = CARTESIAN_POINT('',(2.322040067979,0.,0.315749395142));
#4001 = DIRECTION('',(-0.,-1.,-0.));
#4002 = DIRECTION('',(0.,0.,-1.));
#4003 = ADVANCED_FACE('',(#4004),#4019,.T.);
#4004 = FACE_BOUND('',#4005,.T.);
#4005 = EDGE_LOOP('',(#4006,#4007,#4013));
#4006 = ORIENTED_EDGE('',*,*,#3993,.F.);
#4007 = ORIENTED_EDGE('',*,*,#4008,.T.);
#4008 = EDGE_CURVE('',#3947,#1487,#4009,.T.);
#4009 = LINE('',#4010,#4011);
#4010 = CARTESIAN_POINT('',(2.435897350311,0.,3.883915767074E-02));
#4011 = VECTOR('',#4012,1.);
#4012 = DIRECTION('',(0.,0.,1.));
#4013 = ORIENTED_EDGE('',*,*,#4014,.T.);
#4014 = EDGE_CURVE('',#1487,#3985,#4015,.T.);
#4015 = LINE('',#4016,#4017);
#4016 = CARTESIAN_POINT('',(2.435897350311,0.,1.038839101791));
#4017 = VECTOR('',#4018,1.);
#4018 = DIRECTION('',(-0.284409731689,0.,-0.958702823883));
#4019 = PLANE('',#4020);
#4020 = AXIS2_PLACEMENT_3D('',#4021,#4022,#4023);
#4021 = CARTESIAN_POINT('',(2.404996679605,0.,0.540147521457));
#4022 = DIRECTION('',(-0.,-1.,-0.));
#4023 = DIRECTION('',(0.,0.,-1.));
#4024 = ADVANCED_FACE('',(#4025),#4035,.T.);
#4025 = FACE_BOUND('',#4026,.T.);
#4026 = EDGE_LOOP('',(#4027,#4028,#4029));
#4027 = ORIENTED_EDGE('',*,*,#4014,.F.);
#4028 = ORIENTED_EDGE('',*,*,#1579,.F.);
#4029 = ORIENTED_EDGE('',*,*,#4030,.T.);
#4030 = EDGE_CURVE('',#1572,#3985,#4031,.T.);
#4031 = LINE('',#4032,#4033);
#4032 = CARTESIAN_POINT('',(2.192307710648,0.,1.217735409737));
#4033 = VECTOR('',#4034,1.);
#4034 = DIRECTION('',(0.2023509403,0.,-0.979313074027));
#4035 = PLANE('',#4036);
#4036 = AXIS2_PLACEMENT_3D('',#4037,#4038,#4039);
#4037 = CARTESIAN_POINT('',(2.306165077856,0.,0.940825204315));
#4038 = DIRECTION('',(-0.,-1.,-0.));
#4039 = DIRECTION('',(0.,0.,-1.));
#4040 = ADVANCED_FACE('',(#4041),#4046,.T.);
#4041 = FACE_BOUND('',#4042,.T.);
#4042 = EDGE_LOOP('',(#4043,#4044,#4045));
#4043 = ORIENTED_EDGE('',*,*,#4030,.F.);
#4044 = ORIENTED_EDGE('',*,*,#3852,.F.);
#4045 = ORIENTED_EDGE('',*,*,#3984,.F.);
#4046 = PLANE('',#4047);
#4047 = AXIS2_PLACEMENT_3D('',#4048,#4049,#4050);
#4048 = CARTESIAN_POINT('',(2.223208443511,0.,0.716427029271));
#4049 = DIRECTION('',(-0.,-1.,-0.));
#4050 = DIRECTION('',(0.,0.,-1.));
#4051 = ADVANCED_FACE('',(#4052),#4069,.T.);
#4052 = FACE_BOUND('',#4053,.T.);
#4053 = EDGE_LOOP('',(#4054,#4062,#4063));
#4054 = ORIENTED_EDGE('',*,*,#4055,.T.);
#4055 = EDGE_CURVE('',#4056,#3947,#4058,.T.);
#4056 = VERTEX_POINT('',#4057);
#4057 = CARTESIAN_POINT('',(2.557692289352,0.125,-2.813831716776E-02));
#4058 = LINE('',#4059,#4060);
#4059 = CARTESIAN_POINT('',(2.557692289352,0.125,-2.813831716776E-02));
#4060 = VECTOR('',#4061,1.);
#4061 = DIRECTION('',(-0.651533553386,-0.668678804016,0.358291342168));
#4062 = ORIENTED_EDGE('',*,*,#3946,.F.);
#4063 = ORIENTED_EDGE('',*,*,#4064,.T.);
#4064 = EDGE_CURVE('',#3924,#4056,#4065,.T.);
#4065 = LINE('',#4066,#4067);
#4066 = CARTESIAN_POINT('',(2.435897350311,0.25,3.883915767074E-02));
#4067 = VECTOR('',#4068,1.);
#4068 = DIRECTION('',(0.651533553386,-0.668678804016,-0.358291342168));
#4069 = PLANE('',#4070);
#4070 = AXIS2_PLACEMENT_3D('',#4071,#4072,#4073);
#4071 = CARTESIAN_POINT('',(2.472391772949,0.125,1.877014418614E-02));
#4072 = DIRECTION('',(-0.481864940394,-0.,-0.876245501683));
#4073 = DIRECTION('',(-0.876245501683,0.,0.481864940394));
#4074 = ADVANCED_FACE('',(#4075),#4092,.T.);
#4075 = FACE_BOUND('',#4076,.T.);
#4076 = EDGE_LOOP('',(#4077,#4078,#4086));
#4077 = ORIENTED_EDGE('',*,*,#4064,.F.);
#4078 = ORIENTED_EDGE('',*,*,#4079,.T.);
#4079 = EDGE_CURVE('',#3924,#4080,#4082,.T.);
#4080 = VERTEX_POINT('',#4081);
#4081 = CARTESIAN_POINT('',(2.679487228394,0.25,-9.511578828096E-02));
#4082 = LINE('',#4083,#4084);
#4083 = CARTESIAN_POINT('',(2.435897350311,0.25,3.883915767074E-02));
#4084 = VECTOR('',#4085,1.);
#4085 = DIRECTION('',(0.876245507341,0.,-0.481864930105));
#4086 = ORIENTED_EDGE('',*,*,#4087,.T.);
#4087 = EDGE_CURVE('',#4080,#4056,#4088,.T.);
#4088 = LINE('',#4089,#4090);
#4089 = CARTESIAN_POINT('',(2.679487228394,0.25,-9.511578828096E-02));
#4090 = VECTOR('',#4091,1.);
#4091 = DIRECTION('',(-0.651533558038,-0.66867880879,0.358291324798));
#4092 = PLANE('',#4093);
#4093 = AXIS2_PLACEMENT_3D('',#4094,#4095,#4096);
#4094 = CARTESIAN_POINT('',(2.557692289228,0.214153623038,
    -2.81383157707E-02));
#4095 = DIRECTION('',(-0.481864930105,1.305707564806E-08,-0.876245507341
    ));
#4096 = DIRECTION('',(-0.876245507341,-4.32537973613E-25,0.481864930105)
  );
#4097 = ADVANCED_FACE('',(#4098),#4115,.T.);
#4098 = FACE_BOUND('',#4099,.T.);
#4099 = EDGE_LOOP('',(#4100,#4101,#4109));
#4100 = ORIENTED_EDGE('',*,*,#4087,.F.);
#4101 = ORIENTED_EDGE('',*,*,#4102,.T.);
#4102 = EDGE_CURVE('',#4080,#4103,#4105,.T.);
#4103 = VERTEX_POINT('',#4104);
#4104 = CARTESIAN_POINT('',(2.679487228394,0.,-9.511578828096E-02));
#4105 = LINE('',#4106,#4107);
#4106 = CARTESIAN_POINT('',(2.679487228394,0.25,-9.511578828096E-02));
#4107 = VECTOR('',#4108,1.);
#4108 = DIRECTION('',(0.,-1.,0.));
#4109 = ORIENTED_EDGE('',*,*,#4110,.T.);
#4110 = EDGE_CURVE('',#4103,#4056,#4111,.T.);
#4111 = LINE('',#4112,#4113);
#4112 = CARTESIAN_POINT('',(2.679487228394,0.,-9.511578828096E-02));
#4113 = VECTOR('',#4114,1.);
#4114 = DIRECTION('',(-0.651533558038,0.66867880879,0.358291324798));
#4115 = PLANE('',#4116);
#4116 = AXIS2_PLACEMENT_3D('',#4117,#4118,#4119);
#4117 = CARTESIAN_POINT('',(2.64299280586,0.125,-7.504677597003E-02));
#4118 = DIRECTION('',(-0.481864919815,-0.,-0.876245512999));
#4119 = DIRECTION('',(-0.876245512999,0.,0.481864919815));
#4120 = ADVANCED_FACE('',(#4121),#4131,.T.);
#4121 = FACE_BOUND('',#4122,.T.);
#4122 = EDGE_LOOP('',(#4123,#4124,#4130));
#4123 = ORIENTED_EDGE('',*,*,#4110,.F.);
#4124 = ORIENTED_EDGE('',*,*,#4125,.T.);
#4125 = EDGE_CURVE('',#4103,#3947,#4126,.T.);
#4126 = LINE('',#4127,#4128);
#4127 = CARTESIAN_POINT('',(2.679487228394,0.,-9.511578828096E-02));
#4128 = VECTOR('',#4129,1.);
#4129 = DIRECTION('',(-0.876245507341,0.,0.481864930105));
#4130 = ORIENTED_EDGE('',*,*,#4055,.F.);
#4131 = PLANE('',#4132);
#4132 = AXIS2_PLACEMENT_3D('',#4133,#4134,#4135);
#4133 = CARTESIAN_POINT('',(2.557692289228,3.584637696198E-02,
    -2.81383157707E-02));
#4134 = DIRECTION('',(-0.481864930105,-1.305707559525E-08,
    -0.876245507341));
#4135 = DIRECTION('',(-0.876245507341,3.43264631226E-25,0.481864930105)
  );
#4136 = ADVANCED_FACE('',(#4137),#4154,.T.);
#4137 = FACE_BOUND('',#4138,.T.);
#4138 = EDGE_LOOP('',(#4139,#4147,#4148));
#4139 = ORIENTED_EDGE('',*,*,#4140,.T.);
#4140 = EDGE_CURVE('',#4141,#3947,#4143,.T.);
#4141 = VERTEX_POINT('',#4142);
#4142 = CARTESIAN_POINT('',(2.557692289352,0.,0.471861690283));
#4143 = LINE('',#4144,#4145);
#4144 = CARTESIAN_POINT('',(2.557692289352,0.,0.471861690283));
#4145 = VECTOR('',#4146,1.);
#4146 = DIRECTION('',(-0.270760722415,0.,-0.962646680354));
#4147 = ORIENTED_EDGE('',*,*,#4125,.F.);
#4148 = ORIENTED_EDGE('',*,*,#4149,.T.);
#4149 = EDGE_CURVE('',#4103,#4141,#4150,.T.);
#4150 = LINE('',#4151,#4152);
#4151 = CARTESIAN_POINT('',(2.679487228394,0.,-9.511578828096E-02));
#4152 = VECTOR('',#4153,1.);
#4153 = DIRECTION('',(-0.21002328323,0.,0.977696384621));
#4154 = PLANE('',#4155);
#4155 = AXIS2_PLACEMENT_3D('',#4156,#4157,#4158);
#4156 = CARTESIAN_POINT('',(2.563750076337,0.,0.165386224452));
#4157 = DIRECTION('',(-0.,-1.,-0.));
#4158 = DIRECTION('',(0.,0.,-1.));
#4159 = ADVANCED_FACE('',(#4160),#4175,.T.);
#4160 = FACE_BOUND('',#4161,.T.);
#4161 = EDGE_LOOP('',(#4162,#4163,#4169));
#4162 = ORIENTED_EDGE('',*,*,#4149,.F.);
#4163 = ORIENTED_EDGE('',*,*,#4164,.T.);
#4164 = EDGE_CURVE('',#4103,#1402,#4165,.T.);
#4165 = LINE('',#4166,#4167);
#4166 = CARTESIAN_POINT('',(2.679487228394,0.,-9.511578828096E-02));
#4167 = VECTOR('',#4168,1.);
#4168 = DIRECTION('',(0.,0.,1.));
#4169 = ORIENTED_EDGE('',*,*,#4170,.T.);
#4170 = EDGE_CURVE('',#1402,#4141,#4171,.T.);
#4171 = LINE('',#4172,#4173);
#4172 = CARTESIAN_POINT('',(2.679487228394,0.,0.90488421917));
#4173 = VECTOR('',#4174,1.);
#4174 = DIRECTION('',(-0.270760724573,0.,-0.962646679747));
#4175 = PLANE('',#4176);
#4176 = AXIS2_PLACEMENT_3D('',#4177,#4178,#4179);
#4177 = CARTESIAN_POINT('',(2.648592405553,0.,0.405851298289));
#4178 = DIRECTION('',(-0.,-1.,-0.));
#4179 = DIRECTION('',(0.,0.,-1.));
#4180 = ADVANCED_FACE('',(#4181),#4191,.T.);
#4181 = FACE_BOUND('',#4182,.T.);
#4182 = EDGE_LOOP('',(#4183,#4184,#4185));
#4183 = ORIENTED_EDGE('',*,*,#4170,.F.);
#4184 = ORIENTED_EDGE('',*,*,#1494,.F.);
#4185 = ORIENTED_EDGE('',*,*,#4186,.T.);
#4186 = EDGE_CURVE('',#1487,#4141,#4187,.T.);
#4187 = LINE('',#4188,#4189);
#4188 = CARTESIAN_POINT('',(2.435897350311,0.,1.038839101791));
#4189 = VECTOR('',#4190,1.);
#4190 = DIRECTION('',(0.210023306974,0.,-0.977696379521));
#4191 = PLANE('',#4192);
#4192 = AXIS2_PLACEMENT_3D('',#4193,#4194,#4195);
#4193 = CARTESIAN_POINT('',(2.551634504792,0.,0.778337129965));
#4194 = DIRECTION('',(-0.,-1.,-0.));
#4195 = DIRECTION('',(0.,0.,-1.));
#4196 = ADVANCED_FACE('',(#4197),#4202,.T.);
#4197 = FACE_BOUND('',#4198,.T.);
#4198 = EDGE_LOOP('',(#4199,#4200,#4201));
#4199 = ORIENTED_EDGE('',*,*,#4186,.F.);
#4200 = ORIENTED_EDGE('',*,*,#4008,.F.);
#4201 = ORIENTED_EDGE('',*,*,#4140,.F.);
#4202 = PLANE('',#4203);
#4203 = AXIS2_PLACEMENT_3D('',#4204,#4205,#4206);
#4204 = CARTESIAN_POINT('',(2.466792173199,0.,0.537872047295));
#4205 = DIRECTION('',(-0.,-1.,-0.));
#4206 = DIRECTION('',(0.,0.,-1.));
#4207 = ADVANCED_FACE('',(#4208),#4225,.T.);
#4208 = FACE_BOUND('',#4209,.T.);
#4209 = EDGE_LOOP('',(#4210,#4218,#4219));
#4210 = ORIENTED_EDGE('',*,*,#4211,.T.);
#4211 = EDGE_CURVE('',#4212,#4103,#4214,.T.);
#4212 = VERTEX_POINT('',#4213);
#4213 = CARTESIAN_POINT('',(2.801282167435,0.125,-0.135668039322));
#4214 = LINE('',#4215,#4216);
#4215 = CARTESIAN_POINT('',(2.801282167435,0.125,-0.135668039322));
#4216 = VECTOR('',#4217,1.);
#4217 = DIRECTION('',(-0.679756084215,-0.697644017032,0.226328282527));
#4218 = ORIENTED_EDGE('',*,*,#4102,.F.);
#4219 = ORIENTED_EDGE('',*,*,#4220,.T.);
#4220 = EDGE_CURVE('',#4080,#4212,#4221,.T.);
#4221 = LINE('',#4222,#4223);
#4222 = CARTESIAN_POINT('',(2.679487228394,0.25,-9.511578828096E-02));
#4223 = VECTOR('',#4224,1.);
#4224 = DIRECTION('',(0.679756084215,-0.697644017032,-0.226328282527));
#4225 = PLANE('',#4226);
#4226 = AXIS2_PLACEMENT_3D('',#4227,#4228,#4229);
#4227 = CARTESIAN_POINT('',(2.71535898296,0.125,-0.107059473363));
#4228 = DIRECTION('',(-0.315904804373,-0.,-0.948790890857));
#4229 = DIRECTION('',(-0.948790890857,0.,0.315904804373));
#4230 = ADVANCED_FACE('',(#4231),#4248,.T.);
#4231 = FACE_BOUND('',#4232,.T.);
#4232 = EDGE_LOOP('',(#4233,#4234,#4242));
#4233 = ORIENTED_EDGE('',*,*,#4220,.F.);
#4234 = ORIENTED_EDGE('',*,*,#4235,.T.);
#4235 = EDGE_CURVE('',#4080,#4236,#4238,.T.);
#4236 = VERTEX_POINT('',#4237);
#4237 = CARTESIAN_POINT('',(2.923076868057,0.25,-0.176220282912));
#4238 = LINE('',#4239,#4240);
#4239 = CARTESIAN_POINT('',(2.679487228394,0.25,-9.511578828096E-02));
#4240 = VECTOR('',#4241,1.);
#4241 = DIRECTION('',(0.94879080688,0.,-0.315905056591));
#4242 = ORIENTED_EDGE('',*,*,#4243,.T.);
#4243 = EDGE_CURVE('',#4236,#4212,#4244,.T.);
#4244 = LINE('',#4245,#4246);
#4245 = CARTESIAN_POINT('',(2.923076868057,0.25,-0.176220282912));
#4246 = VECTOR('',#4247,1.);
#4247 = DIRECTION('',(-0.679755374812,-0.69764465463,0.226328447792));
#4248 = PLANE('',#4249);
#4249 = AXIS2_PLACEMENT_3D('',#4250,#4251,#4252);
#4250 = CARTESIAN_POINT('',(2.801282066738,0.213587515552,
    -0.135668031284));
#4251 = DIRECTION('',(-0.315905056591,-2.729943693887E-07,-0.94879080688
    ));
#4252 = DIRECTION('',(-0.94879080688,-5.148060933185E-24,0.315905056591)
  );
#4253 = ADVANCED_FACE('',(#4254),#4271,.T.);
#4254 = FACE_BOUND('',#4255,.T.);
#4255 = EDGE_LOOP('',(#4256,#4257,#4265));
#4256 = ORIENTED_EDGE('',*,*,#4243,.F.);
#4257 = ORIENTED_EDGE('',*,*,#4258,.T.);
#4258 = EDGE_CURVE('',#4236,#4259,#4261,.T.);
#4259 = VERTEX_POINT('',#4260);
#4260 = CARTESIAN_POINT('',(2.923076868057,0.,-0.176220282912));
#4261 = LINE('',#4262,#4263);
#4262 = CARTESIAN_POINT('',(2.923076868057,0.25,-0.176220282912));
#4263 = VECTOR('',#4264,1.);
#4264 = DIRECTION('',(0.,-1.,0.));
#4265 = ORIENTED_EDGE('',*,*,#4266,.T.);
#4266 = EDGE_CURVE('',#4259,#4212,#4267,.T.);
#4267 = LINE('',#4268,#4269);
#4268 = CARTESIAN_POINT('',(2.923076868057,0.,-0.176220282912));
#4269 = VECTOR('',#4270,1.);
#4270 = DIRECTION('',(-0.679755374812,0.69764465463,0.226328447792));
#4271 = PLANE('',#4272);
#4272 = AXIS2_PLACEMENT_3D('',#4273,#4274,#4275);
#4273 = CARTESIAN_POINT('',(2.887205197184,0.125,-0.164276604511));
#4274 = DIRECTION('',(-0.315905308809,-0.,-0.948790722903));
#4275 = DIRECTION('',(-0.948790722903,0.,0.315905308809));
#4276 = ADVANCED_FACE('',(#4277),#4287,.T.);
#4277 = FACE_BOUND('',#4278,.T.);
#4278 = EDGE_LOOP('',(#4279,#4280,#4286));
#4279 = ORIENTED_EDGE('',*,*,#4266,.F.);
#4280 = ORIENTED_EDGE('',*,*,#4281,.T.);
#4281 = EDGE_CURVE('',#4259,#4103,#4282,.T.);
#4282 = LINE('',#4283,#4284);
#4283 = CARTESIAN_POINT('',(2.923076868057,0.,-0.176220282912));
#4284 = VECTOR('',#4285,1.);
#4285 = DIRECTION('',(-0.94879080688,0.,0.315905056591));
#4286 = ORIENTED_EDGE('',*,*,#4211,.F.);
#4287 = PLANE('',#4288);
#4288 = AXIS2_PLACEMENT_3D('',#4289,#4290,#4291);
#4289 = CARTESIAN_POINT('',(2.801282066738,3.641248444844E-02,
    -0.135668031284));
#4290 = DIRECTION('',(-0.315905056591,2.729943693866E-07,-0.94879080688)
  );
#4291 = DIRECTION('',(-0.94879080688,-5.749749926031E-24,0.315905056591)
  );
#4292 = ADVANCED_FACE('',(#4293),#4310,.T.);
#4293 = FACE_BOUND('',#4294,.T.);
#4294 = EDGE_LOOP('',(#4295,#4303,#4304));
#4295 = ORIENTED_EDGE('',*,*,#4296,.T.);
#4296 = EDGE_CURVE('',#4297,#4103,#4299,.T.);
#4297 = VERTEX_POINT('',#4298);
#4298 = CARTESIAN_POINT('',(2.801282167435,0.,0.364331960678));
#4299 = LINE('',#4300,#4301);
#4300 = CARTESIAN_POINT('',(2.801282167435,0.,0.364331960678));
#4301 = VECTOR('',#4302,1.);
#4302 = DIRECTION('',(-0.256239397171,0.,-0.96661335152));
#4303 = ORIENTED_EDGE('',*,*,#4281,.F.);
#4304 = ORIENTED_EDGE('',*,*,#4305,.T.);
#4305 = EDGE_CURVE('',#4259,#4297,#4306,.T.);
#4306 = LINE('',#4307,#4308);
#4307 = CARTESIAN_POINT('',(2.923076868057,0.,-0.176220282912));
#4308 = VECTOR('',#4309,1.);
#4309 = DIRECTION('',(-0.219804969497,0.,0.975543835706));
#4310 = PLANE('',#4311);
#4311 = AXIS2_PLACEMENT_3D('',#4312,#4313,#4314);
#4312 = CARTESIAN_POINT('',(2.805012505372,0.,6.318603244757E-02));
#4313 = DIRECTION('',(-0.,-1.,-0.));
#4314 = DIRECTION('',(0.,0.,-1.));
#4315 = ADVANCED_FACE('',(#4316),#4331,.T.);
#4316 = FACE_BOUND('',#4317,.T.);
#4317 = EDGE_LOOP('',(#4318,#4319,#4325));
#4318 = ORIENTED_EDGE('',*,*,#4305,.F.);
#4319 = ORIENTED_EDGE('',*,*,#4320,.T.);
#4320 = EDGE_CURVE('',#4259,#1317,#4321,.T.);
#4321 = LINE('',#4322,#4323);
#4322 = CARTESIAN_POINT('',(2.923076868057,0.,-0.176220282912));
#4323 = VECTOR('',#4324,1.);
#4324 = DIRECTION('',(0.,0.,1.));
#4325 = ORIENTED_EDGE('',*,*,#4326,.T.);
#4326 = EDGE_CURVE('',#1317,#4297,#4327,.T.);
#4327 = LINE('',#4328,#4329);
#4328 = CARTESIAN_POINT('',(2.923076868057,0.,0.823779702187));
#4329 = VECTOR('',#4330,1.);
#4330 = DIRECTION('',(-0.256238932388,0.,-0.966613474729));
#4331 = PLANE('',#4332);
#4332 = AXIS2_PLACEMENT_3D('',#4333,#4334,#4335);
#4333 = CARTESIAN_POINT('',(2.892186779674,0.,0.324359193249));
#4334 = DIRECTION('',(-0.,-1.,-0.));
#4335 = DIRECTION('',(0.,0.,-1.));
#4336 = ADVANCED_FACE('',(#4337),#4347,.T.);
#4337 = FACE_BOUND('',#4338,.T.);
#4338 = EDGE_LOOP('',(#4339,#4340,#4341));
#4339 = ORIENTED_EDGE('',*,*,#4326,.F.);
#4340 = ORIENTED_EDGE('',*,*,#1409,.F.);
#4341 = ORIENTED_EDGE('',*,*,#4342,.T.);
#4342 = EDGE_CURVE('',#1402,#4297,#4343,.T.);
#4343 = LINE('',#4344,#4345);
#4344 = CARTESIAN_POINT('',(2.679487228394,0.,0.90488421917));
#4345 = VECTOR('',#4346,1.);
#4346 = DIRECTION('',(0.21980537322,0.,-0.975543744741));
#4347 = PLANE('',#4348);
#4348 = AXIS2_PLACEMENT_3D('',#4349,#4350,#4351);
#4349 = CARTESIAN_POINT('',(2.797551680105,0.,0.665477894763));
#4350 = DIRECTION('',(-0.,-1.,-0.));
#4351 = DIRECTION('',(0.,0.,-1.));
#4352 = ADVANCED_FACE('',(#4353),#4358,.T.);
#4353 = FACE_BOUND('',#4354,.T.);
#4354 = EDGE_LOOP('',(#4355,#4356,#4357));
#4355 = ORIENTED_EDGE('',*,*,#4342,.F.);
#4356 = ORIENTED_EDGE('',*,*,#4164,.F.);
#4357 = ORIENTED_EDGE('',*,*,#4296,.F.);
#4358 = PLANE('',#4359);
#4359 = AXIS2_PLACEMENT_3D('',#4360,#4361,#4362);
#4360 = CARTESIAN_POINT('',(2.710377378904,0.,0.404304729632));
#4361 = DIRECTION('',(-0.,-1.,-0.));
#4362 = DIRECTION('',(0.,0.,-1.));
#4363 = ADVANCED_FACE('',(#4364),#4381,.T.);
#4364 = FACE_BOUND('',#4365,.T.);
#4365 = EDGE_LOOP('',(#4366,#4374,#4375));
#4366 = ORIENTED_EDGE('',*,*,#4367,.T.);
#4367 = EDGE_CURVE('',#4368,#4259,#4370,.T.);
#4368 = VERTEX_POINT('',#4369);
#4369 = CARTESIAN_POINT('',(3.044871807098,0.125,-0.187952980399));
#4370 = LINE('',#4371,#4372);
#4371 = CARTESIAN_POINT('',(3.044871807098,0.125,-0.187952980399));
#4372 = VECTOR('',#4373,1.);
#4373 = DIRECTION('',(-0.696293287157,-0.714616400155,6.707502433741E-02
    ));
#4374 = ORIENTED_EDGE('',*,*,#4258,.F.);
#4375 = ORIENTED_EDGE('',*,*,#4376,.T.);
#4376 = EDGE_CURVE('',#4236,#4368,#4377,.T.);
#4377 = LINE('',#4378,#4379);
#4378 = CARTESIAN_POINT('',(2.923076868057,0.25,-0.176220282912));
#4379 = VECTOR('',#4380,1.);
#4380 = DIRECTION('',(0.696293287157,-0.714616400155,-6.707502433741E-02
    ));
#4381 = PLANE('',#4382);
#4382 = AXIS2_PLACEMENT_3D('',#4383,#4384,#4385);
#4383 = CARTESIAN_POINT('',(2.958593540775,0.125,-0.179641659695));
#4384 = DIRECTION('',(-9.588768778876E-02,-0.,-0.995392159569));
#4385 = DIRECTION('',(-0.995392159569,0.,9.588768778876E-02));
#4386 = ADVANCED_FACE('',(#4387),#4404,.T.);
#4387 = FACE_BOUND('',#4388,.T.);
#4388 = EDGE_LOOP('',(#4389,#4390,#4398));
#4389 = ORIENTED_EDGE('',*,*,#4376,.F.);
#4390 = ORIENTED_EDGE('',*,*,#4391,.T.);
#4391 = EDGE_CURVE('',#4236,#4392,#4394,.T.);
#4392 = VERTEX_POINT('',#4393);
#4393 = CARTESIAN_POINT('',(3.16666674614,0.25,-0.199685662985));
#4394 = LINE('',#4395,#4396);
#4395 = CARTESIAN_POINT('',(2.923076868057,0.25,-0.176220282912));
#4396 = VECTOR('',#4397,1.);
#4397 = DIRECTION('',(0.99539216538,0.,-9.588762745734E-02));
#4398 = ORIENTED_EDGE('',*,*,#4399,.T.);
#4399 = EDGE_CURVE('',#4392,#4368,#4400,.T.);
#4400 = LINE('',#4401,#4402);
#4401 = CARTESIAN_POINT('',(3.16666674614,0.25,-0.199685662985));
#4402 = VECTOR('',#4403,1.);
#4403 = DIRECTION('',(-0.696293291136,-0.714616404238,6.707493953177E-02
    ));
#4404 = PLANE('',#4405);
#4405 = AXIS2_PLACEMENT_3D('',#4406,#4407,#4408);
#4406 = CARTESIAN_POINT('',(3.044871806996,0.213224835817,
    -0.187952975131));
#4407 = DIRECTION('',(-9.588762745734E-02,5.932999643038E-08,
    -0.99539216538));
#4408 = DIRECTION('',(-0.99539216538,-9.640585738167E-25,
    9.588762745734E-02));
#4409 = ADVANCED_FACE('',(#4410),#4427,.T.);
#4410 = FACE_BOUND('',#4411,.T.);
#4411 = EDGE_LOOP('',(#4412,#4413,#4421));
#4412 = ORIENTED_EDGE('',*,*,#4399,.F.);
#4413 = ORIENTED_EDGE('',*,*,#4414,.T.);
#4414 = EDGE_CURVE('',#4392,#4415,#4417,.T.);
#4415 = VERTEX_POINT('',#4416);
#4416 = CARTESIAN_POINT('',(3.16666674614,0.,-0.199685662985));
#4417 = LINE('',#4418,#4419);
#4418 = CARTESIAN_POINT('',(3.16666674614,0.25,-0.199685662985));
#4419 = VECTOR('',#4420,1.);
#4420 = DIRECTION('',(0.,-1.,0.));
#4421 = ORIENTED_EDGE('',*,*,#4422,.T.);
#4422 = EDGE_CURVE('',#4415,#4368,#4423,.T.);
#4423 = LINE('',#4424,#4425);
#4424 = CARTESIAN_POINT('',(3.16666674614,0.,-0.199685662985));
#4425 = VECTOR('',#4426,1.);
#4426 = DIRECTION('',(-0.696293291136,0.714616404238,6.707493953177E-02)
  );
#4427 = PLANE('',#4428);
#4428 = AXIS2_PLACEMENT_3D('',#4429,#4430,#4431);
#4429 = CARTESIAN_POINT('',(3.131150073506,0.125,-0.196264290555));
#4430 = DIRECTION('',(-9.588756712592E-02,-0.,-0.995392171192));
#4431 = DIRECTION('',(-0.995392171192,0.,9.588756712592E-02));
#4432 = ADVANCED_FACE('',(#4433),#4443,.T.);
#4433 = FACE_BOUND('',#4434,.T.);
#4434 = EDGE_LOOP('',(#4435,#4436,#4442));
#4435 = ORIENTED_EDGE('',*,*,#4422,.F.);
#4436 = ORIENTED_EDGE('',*,*,#4437,.T.);
#4437 = EDGE_CURVE('',#4415,#4259,#4438,.T.);
#4438 = LINE('',#4439,#4440);
#4439 = CARTESIAN_POINT('',(3.16666674614,0.,-0.199685662985));
#4440 = VECTOR('',#4441,1.);
#4441 = DIRECTION('',(-0.99539216538,0.,9.588762745734E-02));
#4442 = ORIENTED_EDGE('',*,*,#4367,.F.);
#4443 = PLANE('',#4444);
#4444 = AXIS2_PLACEMENT_3D('',#4445,#4446,#4447);
#4445 = CARTESIAN_POINT('',(3.044871806996,3.677516418303E-02,
    -0.187952975131));
#4446 = DIRECTION('',(-9.588762745734E-02,-5.932999642496E-08,
    -0.99539216538));
#4447 = DIRECTION('',(-0.99539216538,8.107549935747E-25,
    9.588762745734E-02));
#4448 = ADVANCED_FACE('',(#4449),#4466,.T.);
#4449 = FACE_BOUND('',#4450,.T.);
#4450 = EDGE_LOOP('',(#4451,#4459,#4460));
#4451 = ORIENTED_EDGE('',*,*,#4452,.T.);
#4452 = EDGE_CURVE('',#4453,#4259,#4455,.T.);
#4453 = VERTEX_POINT('',#4454);
#4454 = CARTESIAN_POINT('',(3.044871807098,0.,0.312047034502));
#4455 = LINE('',#4456,#4457);
#4456 = CARTESIAN_POINT('',(3.044871807098,0.,0.312047034502));
#4457 = VECTOR('',#4458,1.);
#4458 = DIRECTION('',(-0.242027081696,0.,-0.970269494381));
#4459 = ORIENTED_EDGE('',*,*,#4437,.F.);
#4460 = ORIENTED_EDGE('',*,*,#4461,.T.);
#4461 = EDGE_CURVE('',#4415,#4453,#4462,.T.);
#4462 = LINE('',#4463,#4464);
#4463 = CARTESIAN_POINT('',(3.16666674614,0.,-0.199685662985));
#4464 = VECTOR('',#4465,1.);
#4465 = DIRECTION('',(-0.231537447122,0.,0.972825991933));
#4466 = PLANE('',#4467);
#4467 = AXIS2_PLACEMENT_3D('',#4468,#4469,#4470);
#4468 = CARTESIAN_POINT('',(3.045961598597,0.,1.391954484893E-02));
#4469 = DIRECTION('',(-0.,-1.,-0.));
#4470 = DIRECTION('',(0.,0.,-1.));
#4471 = ADVANCED_FACE('',(#4472),#4487,.T.);
#4472 = FACE_BOUND('',#4473,.T.);
#4473 = EDGE_LOOP('',(#4474,#4475,#4481));
#4474 = ORIENTED_EDGE('',*,*,#4461,.F.);
#4475 = ORIENTED_EDGE('',*,*,#4476,.T.);
#4476 = EDGE_CURVE('',#4415,#1232,#4477,.T.);
#4477 = LINE('',#4478,#4479);
#4478 = CARTESIAN_POINT('',(3.16666674614,0.,-0.199685662985));
#4479 = VECTOR('',#4480,1.);
#4480 = DIRECTION('',(0.,0.,1.));
#4481 = ORIENTED_EDGE('',*,*,#4482,.T.);
#4482 = EDGE_CURVE('',#1232,#4453,#4483,.T.);
#4483 = LINE('',#4484,#4485);
#4484 = CARTESIAN_POINT('',(3.16666674614,0.,0.800314307213));
#4485 = VECTOR('',#4486,1.);
#4486 = DIRECTION('',(-0.242027102557,0.,-0.970269489177));
#4487 = PLANE('',#4488);
#4488 = AXIS2_PLACEMENT_3D('',#4489,#4490,#4491);
#4489 = CARTESIAN_POINT('',(3.135779036084,0.,0.300481067104));
#4490 = DIRECTION('',(-0.,-1.,-0.));
#4491 = DIRECTION('',(0.,0.,-1.));
#4492 = ADVANCED_FACE('',(#4493),#4503,.T.);
#4493 = FACE_BOUND('',#4494,.T.);
#4494 = EDGE_LOOP('',(#4495,#4496,#4497));
#4495 = ORIENTED_EDGE('',*,*,#4482,.F.);
#4496 = ORIENTED_EDGE('',*,*,#1324,.F.);
#4497 = ORIENTED_EDGE('',*,*,#4498,.T.);
#4498 = EDGE_CURVE('',#1317,#4453,#4499,.T.);
#4499 = LINE('',#4500,#4501);
#4500 = CARTESIAN_POINT('',(2.923076868057,0.,0.823779702187));
#4501 = VECTOR('',#4502,1.);
#4502 = DIRECTION('',(0.231537459884,0.,-0.972825988896));
#4503 = PLANE('',#4504);
#4504 = AXIS2_PLACEMENT_3D('',#4505,#4506,#4507);
#4505 = CARTESIAN_POINT('',(3.043782014851,0.,0.610174505044));
#4506 = DIRECTION('',(-0.,-1.,-0.));
#4507 = DIRECTION('',(0.,0.,-1.));
#4508 = ADVANCED_FACE('',(#4509),#4514,.T.);
#4509 = FACE_BOUND('',#4510,.T.);
#4510 = EDGE_LOOP('',(#4511,#4512,#4513));
#4511 = ORIENTED_EDGE('',*,*,#4498,.F.);
#4512 = ORIENTED_EDGE('',*,*,#4320,.F.);
#4513 = ORIENTED_EDGE('',*,*,#4452,.F.);
#4514 = PLANE('',#4515);
#4515 = AXIS2_PLACEMENT_3D('',#4516,#4517,#4518);
#4516 = CARTESIAN_POINT('',(2.953964578099,0.,0.323612965182));
#4517 = DIRECTION('',(-0.,-1.,-0.));
#4518 = DIRECTION('',(0.,0.,-1.));
#4519 = ADVANCED_FACE('',(#4520),#4537,.T.);
#4520 = FACE_BOUND('',#4521,.T.);
#4521 = EDGE_LOOP('',(#4522,#4530,#4531));
#4522 = ORIENTED_EDGE('',*,*,#4523,.T.);
#4523 = EDGE_CURVE('',#4524,#4415,#4526,.T.);
#4524 = VERTEX_POINT('',#4525);
#4525 = CARTESIAN_POINT('',(3.288461446762,0.125,-0.181906059384));
#4526 = LINE('',#4527,#4528);
#4527 = CARTESIAN_POINT('',(3.288461446762,0.125,-0.181906059384));
#4528 = VECTOR('',#4529,1.);
#4529 = DIRECTION('',(-0.694270822697,-0.712542108922,-0.101349729962));
#4530 = ORIENTED_EDGE('',*,*,#4414,.F.);
#4531 = ORIENTED_EDGE('',*,*,#4532,.T.);
#4532 = EDGE_CURVE('',#4392,#4524,#4533,.T.);
#4533 = LINE('',#4534,#4535);
#4534 = CARTESIAN_POINT('',(3.16666674614,0.25,-0.199685662985));
#4535 = VECTOR('',#4536,1.);
#4536 = DIRECTION('',(0.694270822697,-0.712542108922,0.101349729962));
#4537 = PLANE('',#4538);
#4538 = AXIS2_PLACEMENT_3D('',#4539,#4540,#4541);
#4539 = CARTESIAN_POINT('',(3.202226368291,0.125,-0.194494665488));
#4540 = DIRECTION('',(0.144449102855,-0.,-0.9895122317));
#4541 = DIRECTION('',(-0.9895122317,0.,-0.144449102855));
#4542 = ADVANCED_FACE('',(#4543),#4560,.T.);
#4543 = FACE_BOUND('',#4544,.T.);
#4544 = EDGE_LOOP('',(#4545,#4546,#4554));
#4545 = ORIENTED_EDGE('',*,*,#4532,.F.);
#4546 = ORIENTED_EDGE('',*,*,#4547,.T.);
#4547 = EDGE_CURVE('',#4392,#4548,#4550,.T.);
#4548 = VERTEX_POINT('',#4549);
#4549 = CARTESIAN_POINT('',(3.410256385803,0.25,-0.164126455784));
#4550 = LINE('',#4551,#4552);
#4551 = CARTESIAN_POINT('',(3.16666674614,0.25,-0.199685662985));
#4552 = VECTOR('',#4553,1.);
#4553 = DIRECTION('',(0.989512251909,0.,0.144448964423));
#4554 = ORIENTED_EDGE('',*,*,#4555,.T.);
#4555 = EDGE_CURVE('',#4548,#4524,#4556,.T.);
#4556 = LINE('',#4557,#4558);
#4557 = CARTESIAN_POINT('',(3.410256385803,0.25,-0.164126455784));
#4558 = VECTOR('',#4559,1.);
#4559 = DIRECTION('',(-0.694271526676,-0.712541436596,-0.101349634333));
#4560 = PLANE('',#4561);
#4561 = AXIS2_PLACEMENT_3D('',#4562,#4563,#4564);
#4562 = CARTESIAN_POINT('',(3.288461547827,0.213270504527,-0.18190605692
    ));
#4563 = DIRECTION('',(0.144448964423,-1.377572674054E-07,-0.989512251909
    ));
#4564 = DIRECTION('',(-0.989512251909,1.126054907496E-24,-0.144448964423
    ));
#4565 = ADVANCED_FACE('',(#4566),#4583,.T.);
#4566 = FACE_BOUND('',#4567,.T.);
#4567 = EDGE_LOOP('',(#4568,#4569,#4577));
#4568 = ORIENTED_EDGE('',*,*,#4555,.F.);
#4569 = ORIENTED_EDGE('',*,*,#4570,.T.);
#4570 = EDGE_CURVE('',#4548,#4571,#4573,.T.);
#4571 = VERTEX_POINT('',#4572);
#4572 = CARTESIAN_POINT('',(3.410256385803,0.,-0.164126455784));
#4573 = LINE('',#4574,#4575);
#4574 = CARTESIAN_POINT('',(3.410256385803,0.25,-0.164126455784));
#4575 = VECTOR('',#4576,1.);
#4576 = DIRECTION('',(0.,-1.,0.));
#4577 = ORIENTED_EDGE('',*,*,#4578,.T.);
#4578 = EDGE_CURVE('',#4571,#4524,#4579,.T.);
#4579 = LINE('',#4580,#4581);
#4580 = CARTESIAN_POINT('',(3.410256385803,0.,-0.164126455784));
#4581 = VECTOR('',#4582,1.);
#4582 = DIRECTION('',(-0.694271526676,0.712541436596,-0.101349634333));
#4583 = PLANE('',#4584);
#4584 = AXIS2_PLACEMENT_3D('',#4585,#4586,#4587);
#4585 = CARTESIAN_POINT('',(3.374696680082,0.125,-0.169317455318));
#4586 = DIRECTION('',(0.14444882599,-0.,-0.989512272117));
#4587 = DIRECTION('',(-0.989512272117,0.,-0.14444882599));
#4588 = ADVANCED_FACE('',(#4589),#4599,.T.);
#4589 = FACE_BOUND('',#4590,.T.);
#4590 = EDGE_LOOP('',(#4591,#4592,#4598));
#4591 = ORIENTED_EDGE('',*,*,#4578,.F.);
#4592 = ORIENTED_EDGE('',*,*,#4593,.T.);
#4593 = EDGE_CURVE('',#4571,#4415,#4594,.T.);
#4594 = LINE('',#4595,#4596);
#4595 = CARTESIAN_POINT('',(3.410256385803,0.,-0.164126455784));
#4596 = VECTOR('',#4597,1.);
#4597 = DIRECTION('',(-0.989512251909,0.,-0.144448964423));
#4598 = ORIENTED_EDGE('',*,*,#4523,.F.);
#4599 = PLANE('',#4600);
#4600 = AXIS2_PLACEMENT_3D('',#4601,#4602,#4603);
#4601 = CARTESIAN_POINT('',(3.288461547827,3.672949547278E-02,
    -0.18190605692));
#4602 = DIRECTION('',(0.144448964423,1.377572674046E-07,-0.989512251909)
  );
#4603 = DIRECTION('',(-0.989512251909,-2.269708234577E-24,
    -0.144448964423));
#4604 = ADVANCED_FACE('',(#4605),#4622,.T.);
#4605 = FACE_BOUND('',#4606,.T.);
#4606 = EDGE_LOOP('',(#4607,#4615,#4616));
#4607 = ORIENTED_EDGE('',*,*,#4608,.T.);
#4608 = EDGE_CURVE('',#4609,#4415,#4611,.T.);
#4609 = VERTEX_POINT('',#4610);
#4610 = CARTESIAN_POINT('',(3.288461446762,0.,0.318093955517));
#4611 = LINE('',#4612,#4613);
#4612 = CARTESIAN_POINT('',(3.288461446762,0.,0.318093955517));
#4613 = VECTOR('',#4614,1.);
#4614 = DIRECTION('',(-0.228975563343,0.,-0.973432170925));
#4615 = ORIENTED_EDGE('',*,*,#4593,.F.);
#4616 = ORIENTED_EDGE('',*,*,#4617,.T.);
#4617 = EDGE_CURVE('',#4571,#4609,#4618,.T.);
#4618 = LINE('',#4619,#4620);
#4619 = CARTESIAN_POINT('',(3.410256385803,0.,-0.164126455784));
#4620 = VECTOR('',#4621,1.);
#4621 = DIRECTION('',(-0.244881096163,0.,0.969553118061));
#4622 = PLANE('',#4623);
#4623 = AXIS2_PLACEMENT_3D('',#4624,#4625,#4626);
#4624 = CARTESIAN_POINT('',(3.2868120016,0.,1.960113584044E-02));
#4625 = DIRECTION('',(-0.,-1.,-0.));
#4626 = DIRECTION('',(0.,0.,-1.));
#4627 = ADVANCED_FACE('',(#4628),#4643,.T.);
#4628 = FACE_BOUND('',#4629,.T.);
#4629 = EDGE_LOOP('',(#4630,#4631,#4637));
#4630 = ORIENTED_EDGE('',*,*,#4617,.F.);
#4631 = ORIENTED_EDGE('',*,*,#4632,.T.);
#4632 = EDGE_CURVE('',#4571,#1147,#4633,.T.);
#4633 = LINE('',#4634,#4635);
#4634 = CARTESIAN_POINT('',(3.410256385803,0.,-0.164126455784));
#4635 = VECTOR('',#4636,1.);
#4636 = DIRECTION('',(0.,0.,1.));
#4637 = ORIENTED_EDGE('',*,*,#4638,.T.);
#4638 = EDGE_CURVE('',#1147,#4609,#4639,.T.);
#4639 = LINE('',#4640,#4641);
#4640 = CARTESIAN_POINT('',(3.410256385803,0.,0.835873544216));
#4641 = VECTOR('',#4642,1.);
#4642 = DIRECTION('',(-0.228976000561,0.,-0.97343206808));
#4643 = PLANE('',#4644);
#4644 = AXIS2_PLACEMENT_3D('',#4645,#4646,#4647);
#4645 = CARTESIAN_POINT('',(3.379368388069,0.,0.335620697946));
#4646 = DIRECTION('',(-0.,-1.,-0.));
#4647 = DIRECTION('',(0.,0.,-1.));
#4648 = ADVANCED_FACE('',(#4649),#4659,.T.);
#4649 = FACE_BOUND('',#4650,.T.);
#4650 = EDGE_LOOP('',(#4651,#4652,#4653));
#4651 = ORIENTED_EDGE('',*,*,#4638,.F.);
#4652 = ORIENTED_EDGE('',*,*,#1239,.F.);
#4653 = ORIENTED_EDGE('',*,*,#4654,.T.);
#4654 = EDGE_CURVE('',#1232,#4609,#4655,.T.);
#4655 = LINE('',#4656,#4657);
#4656 = CARTESIAN_POINT('',(3.16666674614,0.,0.800314307213));
#4657 = VECTOR('',#4658,1.);
#4658 = DIRECTION('',(0.244880673997,0.,-0.969553224688));
#4659 = PLANE('',#4660);
#4660 = AXIS2_PLACEMENT_3D('',#4661,#4662,#4663);
#4661 = CARTESIAN_POINT('',(3.290111041022,0.,0.616586753842));
#4662 = DIRECTION('',(-0.,-1.,-0.));
#4663 = DIRECTION('',(0.,0.,-1.));
#4664 = ADVANCED_FACE('',(#4665),#4670,.T.);
#4665 = FACE_BOUND('',#4666,.T.);
#4666 = EDGE_LOOP('',(#4667,#4668,#4669));
#4667 = ORIENTED_EDGE('',*,*,#4654,.F.);
#4668 = ORIENTED_EDGE('',*,*,#4476,.F.);
#4669 = ORIENTED_EDGE('',*,*,#4608,.F.);
#4670 = PLANE('',#4671);
#4671 = AXIS2_PLACEMENT_3D('',#4672,#4673,#4674);
#4672 = CARTESIAN_POINT('',(3.197554681767,0.,0.300567168088));
#4673 = DIRECTION('',(-0.,-1.,-0.));
#4674 = DIRECTION('',(0.,0.,-1.));
#4675 = ADVANCED_FACE('',(#4676),#4693,.T.);
#4676 = FACE_BOUND('',#4677,.T.);
#4677 = EDGE_LOOP('',(#4678,#4686,#4687));
#4678 = ORIENTED_EDGE('',*,*,#4679,.T.);
#4679 = EDGE_CURVE('',#4680,#4571,#4682,.T.);
#4680 = VERTEX_POINT('',#4681);
#4681 = CARTESIAN_POINT('',(3.532051324844,0.125,-0.117884323001));
#4682 = LINE('',#4683,#4684);
#4683 = CARTESIAN_POINT('',(3.532051324844,0.125,-0.117884323001));
#4684 = VECTOR('',#4685,1.);
#4685 = DIRECTION('',(-0.674587279811,-0.692339194389,-0.256121927662));
#4686 = ORIENTED_EDGE('',*,*,#4570,.F.);
#4687 = ORIENTED_EDGE('',*,*,#4688,.T.);
#4688 = EDGE_CURVE('',#4548,#4680,#4689,.T.);
#4689 = LINE('',#4690,#4691);
#4690 = CARTESIAN_POINT('',(3.410256385803,0.25,-0.164126455784));
#4691 = VECTOR('',#4692,1.);
#4692 = DIRECTION('',(0.674587279811,-0.692339194389,0.256121927662));
#4693 = PLANE('',#4694);
#4694 = AXIS2_PLACEMENT_3D('',#4695,#4696,#4697);
#4695 = CARTESIAN_POINT('',(3.446240584315,0.125,-0.150464261782));
#4696 = DIRECTION('',(0.35494982711,-0.,-0.934885351385));
#4697 = DIRECTION('',(-0.934885351385,0.,-0.35494982711));
#4698 = ADVANCED_FACE('',(#4699),#4716,.T.);
#4699 = FACE_BOUND('',#4700,.T.);
#4700 = EDGE_LOOP('',(#4701,#4702,#4710));
#4701 = ORIENTED_EDGE('',*,*,#4688,.F.);
#4702 = ORIENTED_EDGE('',*,*,#4703,.T.);
#4703 = EDGE_CURVE('',#4548,#4704,#4706,.T.);
#4704 = VERTEX_POINT('',#4705);
#4705 = CARTESIAN_POINT('',(3.653846263885,0.25,-7.164218276739E-02));
#4706 = LINE('',#4707,#4708);
#4707 = CARTESIAN_POINT('',(3.410256385803,0.25,-0.164126455784));
#4708 = VECTOR('',#4709,1.);
#4709 = DIRECTION('',(0.934885341896,0.,0.354949852103));
#4710 = ORIENTED_EDGE('',*,*,#4711,.T.);
#4711 = EDGE_CURVE('',#4704,#4680,#4712,.T.);
#4712 = LINE('',#4713,#4714);
#4713 = CARTESIAN_POINT('',(3.653846263885,0.25,-7.164218276739E-02));
#4714 = VECTOR('',#4715,1.);
#4715 = DIRECTION('',(-0.674587272681,-0.692339187072,-0.256121966222));
#4716 = PLANE('',#4717);
#4717 = AXIS2_PLACEMENT_3D('',#4718,#4719,#4720);
#4718 = CARTESIAN_POINT('',(3.532051325031,0.213695975185,
    -0.117884320287));
#4719 = DIRECTION('',(0.354949852103,2.786175434981E-08,-0.934885341896)
  );
#4720 = DIRECTION('',(-0.934885341896,-5.651275660529E-25,
    -0.354949852103));
#4721 = ADVANCED_FACE('',(#4722),#4739,.T.);
#4722 = FACE_BOUND('',#4723,.T.);
#4723 = EDGE_LOOP('',(#4724,#4725,#4733));
#4724 = ORIENTED_EDGE('',*,*,#4711,.F.);
#4725 = ORIENTED_EDGE('',*,*,#4726,.T.);
#4726 = EDGE_CURVE('',#4704,#4727,#4729,.T.);
#4727 = VERTEX_POINT('',#4728);
#4728 = CARTESIAN_POINT('',(3.653846263885,0.,-7.164218276739E-02));
#4729 = LINE('',#4730,#4731);
#4730 = CARTESIAN_POINT('',(3.653846263885,0.25,-7.164218276739E-02));
#4731 = VECTOR('',#4732,1.);
#4732 = DIRECTION('',(0.,-1.,0.));
#4733 = ORIENTED_EDGE('',*,*,#4734,.T.);
#4734 = EDGE_CURVE('',#4727,#4680,#4735,.T.);
#4735 = LINE('',#4736,#4737);
#4736 = CARTESIAN_POINT('',(3.653846263885,0.,-7.164218276739E-02));
#4737 = VECTOR('',#4738,1.);
#4738 = DIRECTION('',(-0.674587272681,0.692339187072,-0.256121966222));
#4739 = PLANE('',#4740);
#4740 = AXIS2_PLACEMENT_3D('',#4741,#4742,#4743);
#4741 = CARTESIAN_POINT('',(3.617862065218,0.125,-8.530437903005E-02));
#4742 = DIRECTION('',(0.354949877095,-0.,-0.934885332407));
#4743 = DIRECTION('',(-0.934885332407,0.,-0.354949877095));
#4744 = ADVANCED_FACE('',(#4745),#4755,.T.);
#4745 = FACE_BOUND('',#4746,.T.);
#4746 = EDGE_LOOP('',(#4747,#4748,#4754));
#4747 = ORIENTED_EDGE('',*,*,#4734,.F.);
#4748 = ORIENTED_EDGE('',*,*,#4749,.T.);
#4749 = EDGE_CURVE('',#4727,#4571,#4750,.T.);
#4750 = LINE('',#4751,#4752);
#4751 = CARTESIAN_POINT('',(3.653846263885,0.,-7.164218276739E-02));
#4752 = VECTOR('',#4753,1.);
#4753 = DIRECTION('',(-0.934885341896,0.,-0.354949852103));
#4754 = ORIENTED_EDGE('',*,*,#4679,.F.);
#4755 = PLANE('',#4756);
#4756 = AXIS2_PLACEMENT_3D('',#4757,#4758,#4759);
#4757 = CARTESIAN_POINT('',(3.532051325031,3.630402481525E-02,
    -0.117884320287));
#4758 = DIRECTION('',(0.354949852103,-2.786175434104E-08,-0.934885341896
    ));
#4759 = DIRECTION('',(-0.934885341896,1.204960175865E-25,-0.354949852103
    ));
#4760 = ADVANCED_FACE('',(#4761),#4778,.T.);
#4761 = FACE_BOUND('',#4762,.T.);
#4762 = EDGE_LOOP('',(#4763,#4771,#4772));
#4763 = ORIENTED_EDGE('',*,*,#4764,.T.);
#4764 = EDGE_CURVE('',#4765,#4571,#4767,.T.);
#4765 = VERTEX_POINT('',#4766);
#4766 = CARTESIAN_POINT('',(3.532051324844,0.,0.3821156919));
#4767 = LINE('',#4768,#4769);
#4768 = CARTESIAN_POINT('',(3.532051324844,0.,0.3821156919));
#4769 = VECTOR('',#4770,1.);
#4770 = DIRECTION('',(-0.217624766922,0.,-0.976032510126));
#4771 = ORIENTED_EDGE('',*,*,#4749,.F.);
#4772 = ORIENTED_EDGE('',*,*,#4773,.T.);
#4773 = EDGE_CURVE('',#4727,#4765,#4774,.T.);
#4774 = LINE('',#4775,#4776);
#4775 = CARTESIAN_POINT('',(3.653846263885,0.,-7.164218276739E-02));
#4776 = VECTOR('',#4777,1.);
#4777 = DIRECTION('',(-0.259237812568,0.,0.96581352058));
#4778 = PLANE('',#4779);
#4779 = AXIS2_PLACEMENT_3D('',#4780,#4781,#4782);
#4780 = CARTESIAN_POINT('',(3.527810491508,0.,8.001144283587E-02));
#4781 = DIRECTION('',(-0.,-1.,-0.));
#4782 = DIRECTION('',(0.,0.,-1.));
#4783 = ADVANCED_FACE('',(#4784),#4799,.T.);
#4784 = FACE_BOUND('',#4785,.T.);
#4785 = EDGE_LOOP('',(#4786,#4787,#4793));
#4786 = ORIENTED_EDGE('',*,*,#4773,.F.);
#4787 = ORIENTED_EDGE('',*,*,#4788,.T.);
#4788 = EDGE_CURVE('',#4727,#1062,#4789,.T.);
#4789 = LINE('',#4790,#4791);
#4790 = CARTESIAN_POINT('',(3.653846263885,0.,-7.164218276739E-02));
#4791 = VECTOR('',#4792,1.);
#4792 = DIRECTION('',(0.,0.,1.));
#4793 = ORIENTED_EDGE('',*,*,#4794,.T.);
#4794 = EDGE_CURVE('',#1062,#4765,#4795,.T.);
#4795 = LINE('',#4796,#4797);
#4796 = CARTESIAN_POINT('',(3.653846263885,0.,0.928357839584));
#4797 = VECTOR('',#4798,1.);
#4798 = DIRECTION('',(-0.217624766922,0.,-0.976032510126));
#4799 = PLANE('',#4800);
#4800 = AXIS2_PLACEMENT_3D('',#4801,#4802,#4803);
#4801 = CARTESIAN_POINT('',(3.62295530797,0.,0.427695846594));
#4802 = DIRECTION('',(-0.,-1.,-0.));
#4803 = DIRECTION('',(0.,0.,-1.));
#4804 = ADVANCED_FACE('',(#4805),#4815,.T.);
#4805 = FACE_BOUND('',#4806,.T.);
#4806 = EDGE_LOOP('',(#4807,#4808,#4809));
#4807 = ORIENTED_EDGE('',*,*,#4794,.F.);
#4808 = ORIENTED_EDGE('',*,*,#1154,.F.);
#4809 = ORIENTED_EDGE('',*,*,#4810,.T.);
#4810 = EDGE_CURVE('',#1147,#4765,#4811,.T.);
#4811 = LINE('',#4812,#4813);
#4812 = CARTESIAN_POINT('',(3.410256385803,0.,0.835873544216));
#4813 = VECTOR('',#4814,1.);
#4814 = DIRECTION('',(0.259237824479,0.,-0.965813517383));
#4815 = PLANE('',#4816);
#4816 = AXIS2_PLACEMENT_3D('',#4817,#4818,#4819);
#4817 = CARTESIAN_POINT('',(3.536292159245,0.,0.684219937113));
#4818 = DIRECTION('',(-0.,-1.,-0.));
#4819 = DIRECTION('',(0.,0.,-1.));
#4820 = ADVANCED_FACE('',(#4821),#4826,.T.);
#4821 = FACE_BOUND('',#4822,.T.);
#4822 = EDGE_LOOP('',(#4823,#4824,#4825));
#4823 = ORIENTED_EDGE('',*,*,#4810,.F.);
#4824 = ORIENTED_EDGE('',*,*,#4632,.F.);
#4825 = ORIENTED_EDGE('',*,*,#4764,.F.);
#4826 = PLANE('',#4827);
#4827 = AXIS2_PLACEMENT_3D('',#4828,#4829,#4830);
#4828 = CARTESIAN_POINT('',(3.44114734174,0.,0.336535526222));
#4829 = DIRECTION('',(-0.,-1.,-0.));
#4830 = DIRECTION('',(0.,0.,-1.));
#4831 = ADVANCED_FACE('',(#4832),#4849,.T.);
#4832 = FACE_BOUND('',#4833,.T.);
#4833 = EDGE_LOOP('',(#4834,#4842,#4843));
#4834 = ORIENTED_EDGE('',*,*,#4835,.T.);
#4835 = EDGE_CURVE('',#4836,#4727,#4838,.T.);
#4836 = VERTEX_POINT('',#4837);
#4837 = CARTESIAN_POINT('',(3.775640964508,0.125,3.321980475448E-04));
#4838 = LINE('',#4839,#4840);
#4839 = CARTESIAN_POINT('',(3.775640964508,0.125,3.321980475448E-04));
#4840 = VECTOR('',#4841,1.);
#4841 = DIRECTION('',(-0.645154973578,-0.662133666613,-0.38125328537));
#4842 = ORIENTED_EDGE('',*,*,#4726,.F.);
#4843 = ORIENTED_EDGE('',*,*,#4844,.T.);
#4844 = EDGE_CURVE('',#4704,#4836,#4845,.T.);
#4845 = LINE('',#4846,#4847);
#4846 = CARTESIAN_POINT('',(3.653846263885,0.25,-7.164218276739E-02));
#4847 = VECTOR('',#4848,1.);
#4848 = DIRECTION('',(0.645154973578,-0.662133666613,0.38125328537));
#4849 = PLANE('',#4850);
#4850 = AXIS2_PLACEMENT_3D('',#4851,#4852,#4853);
#4851 = CARTESIAN_POINT('',(3.690484322265,0.125,-4.999098158524E-02));
#4852 = DIRECTION('',(0.508754381295,-0.,-0.860911714122));
#4853 = DIRECTION('',(-0.860911714122,0.,-0.508754381295));
#4854 = ADVANCED_FACE('',(#4855),#4872,.T.);
#4855 = FACE_BOUND('',#4856,.T.);
#4856 = EDGE_LOOP('',(#4857,#4858,#4866));
#4857 = ORIENTED_EDGE('',*,*,#4844,.F.);
#4858 = ORIENTED_EDGE('',*,*,#4859,.T.);
#4859 = EDGE_CURVE('',#4704,#4860,#4862,.T.);
#4860 = VERTEX_POINT('',#4861);
#4861 = CARTESIAN_POINT('',(3.897435903549,0.25,7.230658084154E-02));
#4862 = LINE('',#4863,#4864);
#4863 = CARTESIAN_POINT('',(3.653846263885,0.25,-7.164218276739E-02));
#4864 = VECTOR('',#4865,1.);
#4865 = DIRECTION('',(0.860911929159,0.,0.508754017411));
#4866 = ORIENTED_EDGE('',*,*,#4867,.T.);
#4867 = EDGE_CURVE('',#4860,#4836,#4868,.T.);
#4868 = LINE('',#4869,#4870);
#4869 = CARTESIAN_POINT('',(3.897435903549,0.25,7.230658084154E-02));
#4870 = VECTOR('',#4871,1.);
#4871 = DIRECTION('',(-0.64515570826,-0.662133124474,-0.381252983692));
#4872 = PLANE('',#4873);
#4873 = AXIS2_PLACEMENT_3D('',#4874,#4875,#4876);
#4874 = CARTESIAN_POINT('',(3.775641063897,0.214273179133,
    3.322071759056E-04));
#4875 = DIRECTION('',(0.508754017411,-4.783704526417E-07,-0.860911929159
    ));
#4876 = DIRECTION('',(-0.860911929159,-3.859262787172E-24,
    -0.508754017411));
#4877 = ADVANCED_FACE('',(#4878),#4895,.T.);
#4878 = FACE_BOUND('',#4879,.T.);
#4879 = EDGE_LOOP('',(#4880,#4881,#4889));
#4880 = ORIENTED_EDGE('',*,*,#4867,.F.);
#4881 = ORIENTED_EDGE('',*,*,#4882,.T.);
#4882 = EDGE_CURVE('',#4860,#4883,#4885,.T.);
#4883 = VERTEX_POINT('',#4884);
#4884 = CARTESIAN_POINT('',(3.897435903549,0.,7.230658084154E-02));
#4885 = LINE('',#4886,#4887);
#4886 = CARTESIAN_POINT('',(3.897435903549,0.25,7.230658084154E-02));
#4887 = VECTOR('',#4888,1.);
#4888 = DIRECTION('',(0.,-1.,0.));
#4889 = ORIENTED_EDGE('',*,*,#4890,.T.);
#4890 = EDGE_CURVE('',#4883,#4836,#4891,.T.);
#4891 = LINE('',#4892,#4893);
#4892 = CARTESIAN_POINT('',(3.897435903549,0.,7.230658084154E-02));
#4893 = VECTOR('',#4894,1.);
#4894 = DIRECTION('',(-0.64515570826,0.662133124474,-0.381252983692));
#4895 = PLANE('',#4896);
#4896 = AXIS2_PLACEMENT_3D('',#4897,#4898,#4899);
#4897 = CARTESIAN_POINT('',(3.860797761499,0.125,5.065537200207E-02));
#4898 = DIRECTION('',(0.508753653527,-0.,-0.860912144195));
#4899 = DIRECTION('',(-0.860912144195,0.,-0.508753653527));
#4900 = ADVANCED_FACE('',(#4901),#4911,.T.);
#4901 = FACE_BOUND('',#4902,.T.);
#4902 = EDGE_LOOP('',(#4903,#4904,#4910));
#4903 = ORIENTED_EDGE('',*,*,#4890,.F.);
#4904 = ORIENTED_EDGE('',*,*,#4905,.T.);
#4905 = EDGE_CURVE('',#4883,#4727,#4906,.T.);
#4906 = LINE('',#4907,#4908);
#4907 = CARTESIAN_POINT('',(3.897435903549,0.,7.230658084154E-02));
#4908 = VECTOR('',#4909,1.);
#4909 = DIRECTION('',(-0.860911929159,0.,-0.508754017411));
#4910 = ORIENTED_EDGE('',*,*,#4835,.F.);
#4911 = PLANE('',#4912);
#4912 = AXIS2_PLACEMENT_3D('',#4913,#4914,#4915);
#4913 = CARTESIAN_POINT('',(3.775641063897,3.572682086747E-02,
    3.322071759056E-04));
#4914 = DIRECTION('',(0.508754017411,4.783704527823E-07,-0.860911929159)
  );
#4915 = DIRECTION('',(-0.860911929159,-6.644207850509E-24,
    -0.508754017411));
#4916 = ADVANCED_FACE('',(#4917),#4934,.T.);
#4917 = FACE_BOUND('',#4918,.T.);
#4918 = EDGE_LOOP('',(#4919,#4927,#4928));
#4919 = ORIENTED_EDGE('',*,*,#4920,.T.);
#4920 = EDGE_CURVE('',#4921,#4727,#4923,.T.);
#4921 = VERTEX_POINT('',#4922);
#4922 = CARTESIAN_POINT('',(3.775640964508,0.,0.500332176685));
#4923 = LINE('',#4924,#4925);
#4924 = CARTESIAN_POINT('',(3.775640964508,0.,0.500332176685));
#4925 = VECTOR('',#4926,1.);
#4926 = DIRECTION('',(-0.208268009724,0.,-0.978071794975));
#4927 = ORIENTED_EDGE('',*,*,#4905,.F.);
#4928 = ORIENTED_EDGE('',*,*,#4929,.T.);
#4929 = EDGE_CURVE('',#4883,#4921,#4930,.T.);
#4930 = LINE('',#4931,#4932);
#4931 = CARTESIAN_POINT('',(3.897435903549,0.,7.230658084154E-02));
#4932 = VECTOR('',#4933,1.);
#4933 = DIRECTION('',(-0.273686183582,0.,0.961819043748));
#4934 = PLANE('',#4935);
#4935 = AXIS2_PLACEMENT_3D('',#4936,#4937,#4938);
#4936 = CARTESIAN_POINT('',(3.769156743397,0.,0.192616875312));
#4937 = DIRECTION('',(-0.,-1.,-0.));
#4938 = DIRECTION('',(0.,0.,-1.));
#4939 = ADVANCED_FACE('',(#4940),#4955,.T.);
#4940 = FACE_BOUND('',#4941,.T.);
#4941 = EDGE_LOOP('',(#4942,#4943,#4949));
#4942 = ORIENTED_EDGE('',*,*,#4929,.F.);
#4943 = ORIENTED_EDGE('',*,*,#4944,.T.);
#4944 = EDGE_CURVE('',#4883,#977,#4945,.T.);
#4945 = LINE('',#4946,#4947);
#4946 = CARTESIAN_POINT('',(3.897435903549,0.,7.230658084154E-02));
#4947 = VECTOR('',#4948,1.);
#4948 = DIRECTION('',(0.,0.,1.));
#4949 = ORIENTED_EDGE('',*,*,#4950,.T.);
#4950 = EDGE_CURVE('',#977,#4921,#4951,.T.);
#4951 = LINE('',#4952,#4953);
#4952 = CARTESIAN_POINT('',(3.897435903549,0.,1.072306632996));
#4953 = VECTOR('',#4954,1.);
#4954 = DIRECTION('',(-0.208268365996,0.,-0.978071719111));
#4955 = PLANE('',#4956);
#4956 = AXIS2_PLACEMENT_3D('',#4957,#4958,#4959);
#4957 = CARTESIAN_POINT('',(3.866539924859,0.,0.571264719645));
#4958 = DIRECTION('',(-0.,-1.,-0.));
#4959 = DIRECTION('',(0.,0.,-1.));
#4960 = ADVANCED_FACE('',(#4961),#4971,.T.);
#4961 = FACE_BOUND('',#4962,.T.);
#4962 = EDGE_LOOP('',(#4963,#4964,#4965));
#4963 = ORIENTED_EDGE('',*,*,#4950,.F.);
#4964 = ORIENTED_EDGE('',*,*,#1069,.F.);
#4965 = ORIENTED_EDGE('',*,*,#4966,.T.);
#4966 = EDGE_CURVE('',#1062,#4921,#4967,.T.);
#4967 = LINE('',#4968,#4969);
#4968 = CARTESIAN_POINT('',(3.653846263885,0.,0.928357839584));
#4969 = VECTOR('',#4970,1.);
#4970 = DIRECTION('',(0.273685648296,0.,-0.961819196064));
#4971 = PLANE('',#4972);
#4972 = AXIS2_PLACEMENT_3D('',#4973,#4974,#4975);
#4973 = CARTESIAN_POINT('',(3.782125336471,0.,0.808047528547));
#4974 = DIRECTION('',(-0.,-1.,-0.));
#4975 = DIRECTION('',(0.,0.,-1.));
#4976 = ADVANCED_FACE('',(#4977),#4982,.T.);
#4977 = FACE_BOUND('',#4978,.T.);
#4978 = EDGE_LOOP('',(#4979,#4980,#4981));
#4979 = ORIENTED_EDGE('',*,*,#4966,.F.);
#4980 = ORIENTED_EDGE('',*,*,#4788,.F.);
#4981 = ORIENTED_EDGE('',*,*,#4920,.F.);
#4982 = PLANE('',#4983);
#4983 = AXIS2_PLACEMENT_3D('',#4984,#4985,#4986);
#4984 = CARTESIAN_POINT('',(3.684742180403,0.,0.429399710612));
#4985 = DIRECTION('',(-0.,-1.,-0.));
#4986 = DIRECTION('',(0.,0.,-1.));
#4987 = ADVANCED_FACE('',(#4988),#5005,.T.);
#4988 = FACE_BOUND('',#4989,.T.);
#4989 = EDGE_LOOP('',(#4990,#4998,#4999));
#4990 = ORIENTED_EDGE('',*,*,#4991,.T.);
#4991 = EDGE_CURVE('',#4992,#4883,#4994,.T.);
#4992 = VERTEX_POINT('',#4993);
#4993 = CARTESIAN_POINT('',(4.01923084259,0.125,0.165763616562));
#4994 = LINE('',#4995,#4996);
#4995 = CARTESIAN_POINT('',(4.01923084259,0.125,0.165763616562));
#4996 = VECTOR('',#4997,1.);
#4997 = DIRECTION('',(-0.615210506487,-0.631399908044,-0.472070110079));
#4998 = ORIENTED_EDGE('',*,*,#4882,.F.);
#4999 = ORIENTED_EDGE('',*,*,#5000,.T.);
#5000 = EDGE_CURVE('',#4860,#4992,#5001,.T.);
#5001 = LINE('',#5002,#5003);
#5002 = CARTESIAN_POINT('',(3.897435903549,0.25,7.230658084154E-02));
#5003 = VECTOR('',#5004,1.);
#5004 = DIRECTION('',(0.615210506487,-0.631399908044,0.472070110079));
#5005 = PLANE('',#5006);
#5006 = AXIS2_PLACEMENT_3D('',#5007,#5008,#5009);
#5007 = CARTESIAN_POINT('',(3.934764255243,0.125,0.100949783302));
#5008 = DIRECTION('',(0.608763446121,-0.,-0.793351792503));
#5009 = DIRECTION('',(-0.793351792503,0.,-0.608763446121));
#5010 = ADVANCED_FACE('',(#5011),#5028,.T.);
#5011 = FACE_BOUND('',#5012,.T.);
#5012 = EDGE_LOOP('',(#5013,#5014,#5022));
#5013 = ORIENTED_EDGE('',*,*,#5000,.F.);
#5014 = ORIENTED_EDGE('',*,*,#5015,.T.);
#5015 = EDGE_CURVE('',#4860,#5016,#5018,.T.);
#5016 = VERTEX_POINT('',#5017);
#5017 = CARTESIAN_POINT('',(4.141025543213,0.25,0.259220659733));
#5018 = LINE('',#5019,#5020);
#5019 = CARTESIAN_POINT('',(3.897435903549,0.25,7.230658084154E-02));
#5020 = VECTOR('',#5021,1.);
#5021 = DIRECTION('',(0.793351493014,0.,0.60876383642));
#5022 = ORIENTED_EDGE('',*,*,#5023,.T.);
#5023 = EDGE_CURVE('',#5016,#4992,#5024,.T.);
#5024 = LINE('',#5025,#5026);
#5025 = CARTESIAN_POINT('',(4.141025543213,0.25,0.259220659733));
#5026 = VECTOR('',#5027,1.);
#5027 = DIRECTION('',(-0.615209747064,-0.63140036463,-0.472070489083));
#5028 = PLANE('',#5029);
#5029 = AXIS2_PLACEMENT_3D('',#5030,#5031,#5032);
#5030 = CARTESIAN_POINT('',(4.019230744551,0.214797799673,0.165763609722
    ));
#5031 = DIRECTION('',(0.60876383642,6.042061524958E-07,-0.793351493014)
  );
#5032 = DIRECTION('',(-0.793351493014,-3.028622561868E-24,-0.60876383642
    ));
#5033 = ADVANCED_FACE('',(#5034),#5051,.T.);
#5034 = FACE_BOUND('',#5035,.T.);
#5035 = EDGE_LOOP('',(#5036,#5037,#5045));
#5036 = ORIENTED_EDGE('',*,*,#5023,.F.);
#5037 = ORIENTED_EDGE('',*,*,#5038,.T.);
#5038 = EDGE_CURVE('',#5016,#5039,#5041,.T.);
#5039 = VERTEX_POINT('',#5040);
#5040 = CARTESIAN_POINT('',(4.141025543213,0.,0.259220659733));
#5041 = LINE('',#5042,#5043);
#5042 = CARTESIAN_POINT('',(4.141025543213,0.25,0.259220659733));
#5043 = VECTOR('',#5044,1.);
#5044 = DIRECTION('',(0.,-1.,0.));
#5045 = ORIENTED_EDGE('',*,*,#5046,.T.);
#5046 = EDGE_CURVE('',#5039,#4992,#5047,.T.);
#5047 = LINE('',#5048,#5049);
#5048 = CARTESIAN_POINT('',(4.141025543213,0.,0.259220659733));
#5049 = VECTOR('',#5050,1.);
#5050 = DIRECTION('',(-0.615209747064,0.63140036463,-0.472070489083));
#5051 = PLANE('',#5052);
#5052 = AXIS2_PLACEMENT_3D('',#5053,#5054,#5055);
#5053 = CARTESIAN_POINT('',(4.103697275038,0.125,0.230577463005));
#5054 = DIRECTION('',(0.608764226719,-0.,-0.793351193525));
#5055 = DIRECTION('',(-0.793351193525,0.,-0.608764226719));
#5056 = ADVANCED_FACE('',(#5057),#5067,.T.);
#5057 = FACE_BOUND('',#5058,.T.);
#5058 = EDGE_LOOP('',(#5059,#5060,#5066));
#5059 = ORIENTED_EDGE('',*,*,#5046,.F.);
#5060 = ORIENTED_EDGE('',*,*,#5061,.T.);
#5061 = EDGE_CURVE('',#5039,#4883,#5062,.T.);
#5062 = LINE('',#5063,#5064);
#5063 = CARTESIAN_POINT('',(4.141025543213,0.,0.259220659733));
#5064 = VECTOR('',#5065,1.);
#5065 = DIRECTION('',(-0.793351493014,0.,-0.60876383642));
#5066 = ORIENTED_EDGE('',*,*,#4991,.F.);
#5067 = PLANE('',#5068);
#5068 = AXIS2_PLACEMENT_3D('',#5069,#5070,#5071);
#5069 = CARTESIAN_POINT('',(4.019230744551,3.520220032744E-02,
    0.165763609722));
#5070 = DIRECTION('',(0.60876383642,-6.04206152513E-07,-0.793351493014)
  );
#5071 = DIRECTION('',(-0.793351493014,2.701706793136E-23,-0.60876383642)
  );
#5072 = ADVANCED_FACE('',(#5073),#5090,.T.);
#5073 = FACE_BOUND('',#5074,.T.);
#5074 = EDGE_LOOP('',(#5075,#5083,#5084));
#5075 = ORIENTED_EDGE('',*,*,#5076,.T.);
#5076 = EDGE_CURVE('',#5077,#4883,#5079,.T.);
#5077 = VERTEX_POINT('',#5078);
#5078 = CARTESIAN_POINT('',(4.01923084259,0.,0.665763616562));
#5079 = LINE('',#5080,#5081);
#5080 = CARTESIAN_POINT('',(4.01923084259,0.,0.665763616562));
#5081 = VECTOR('',#5082,1.);
#5082 = DIRECTION('',(-0.20103943944,0.,-0.979583147971));
#5083 = ORIENTED_EDGE('',*,*,#5061,.F.);
#5084 = ORIENTED_EDGE('',*,*,#5085,.T.);
#5085 = EDGE_CURVE('',#5039,#5077,#5086,.T.);
#5086 = LINE('',#5087,#5088);
#5087 = CARTESIAN_POINT('',(4.141025543213,0.,0.259220659733));
#5088 = VECTOR('',#5089,1.);
#5089 = DIRECTION('',(-0.286984289729,0.,0.957935288758));
#5090 = PLANE('',#5091);
#5091 = AXIS2_PLACEMENT_3D('',#5092,#5093,#5094);
#5092 = CARTESIAN_POINT('',(4.010968587995,0.,0.352023059729));
#5093 = DIRECTION('',(-0.,-1.,-0.));
#5094 = DIRECTION('',(0.,0.,-1.));
#5095 = ADVANCED_FACE('',(#5096),#5111,.T.);
#5096 = FACE_BOUND('',#5097,.T.);
#5097 = EDGE_LOOP('',(#5098,#5099,#5105));
#5098 = ORIENTED_EDGE('',*,*,#5085,.F.);
#5099 = ORIENTED_EDGE('',*,*,#5100,.T.);
#5100 = EDGE_CURVE('',#5039,#892,#5101,.T.);
#5101 = LINE('',#5102,#5103);
#5102 = CARTESIAN_POINT('',(4.141025543213,0.,0.259220659733));
#5103 = VECTOR('',#5104,1.);
#5104 = DIRECTION('',(0.,0.,1.));
#5105 = ORIENTED_EDGE('',*,*,#5106,.T.);
#5106 = EDGE_CURVE('',#892,#5077,#5107,.T.);
#5107 = LINE('',#5108,#5109);
#5108 = CARTESIAN_POINT('',(4.141025543213,0.,1.259220600128));
#5109 = VECTOR('',#5110,1.);
#5110 = DIRECTION('',(-0.201039078756,0.,-0.979583221994));
#5111 = PLANE('',#5112);
#5112 = AXIS2_PLACEMENT_3D('',#5113,#5114,#5115);
#5113 = CARTESIAN_POINT('',(4.110123621086,0.,0.75784987027));
#5114 = DIRECTION('',(-0.,-1.,-0.));
#5115 = DIRECTION('',(0.,0.,-1.));
#5116 = ADVANCED_FACE('',(#5117),#5127,.T.);
#5117 = FACE_BOUND('',#5118,.T.);
#5118 = EDGE_LOOP('',(#5119,#5120,#5121));
#5119 = ORIENTED_EDGE('',*,*,#5106,.F.);
#5120 = ORIENTED_EDGE('',*,*,#984,.F.);
#5121 = ORIENTED_EDGE('',*,*,#5122,.T.);
#5122 = EDGE_CURVE('',#977,#5077,#5123,.T.);
#5123 = LINE('',#5124,#5125);
#5124 = CARTESIAN_POINT('',(3.897435903549,0.,1.072306632996));
#5125 = VECTOR('',#5126,1.);
#5126 = DIRECTION('',(0.286984766635,0.,-0.957935145884));
#5127 = PLANE('',#5128);
#5128 = AXIS2_PLACEMENT_3D('',#5129,#5130,#5131);
#5129 = CARTESIAN_POINT('',(4.027492940637,0.,0.979504153309));
#5130 = DIRECTION('',(-0.,-1.,-0.));
#5131 = DIRECTION('',(0.,0.,-1.));
#5132 = ADVANCED_FACE('',(#5133),#5138,.T.);
#5133 = FACE_BOUND('',#5134,.T.);
#5134 = EDGE_LOOP('',(#5135,#5136,#5137));
#5135 = ORIENTED_EDGE('',*,*,#5122,.F.);
#5136 = ORIENTED_EDGE('',*,*,#4944,.F.);
#5137 = ORIENTED_EDGE('',*,*,#5076,.F.);
#5138 = PLANE('',#5139);
#5139 = AXIS2_PLACEMENT_3D('',#5140,#5141,#5142);
#5140 = CARTESIAN_POINT('',(3.928337887785,0.,0.573677371342));
#5141 = DIRECTION('',(-0.,-1.,-0.));
#5142 = DIRECTION('',(0.,0.,-1.));
#5143 = ADVANCED_FACE('',(#5144),#5161,.T.);
#5144 = FACE_BOUND('',#5145,.T.);
#5145 = EDGE_LOOP('',(#5146,#5154,#5155));
#5146 = ORIENTED_EDGE('',*,*,#5147,.T.);
#5147 = EDGE_CURVE('',#5148,#5039,#5150,.T.);
#5148 = VERTEX_POINT('',#5149);
#5149 = CARTESIAN_POINT('',(4.262820720673,0.125,0.368642359972));
#5150 = LINE('',#5151,#5152);
#5151 = CARTESIAN_POINT('',(4.262820720673,0.125,0.368642359972));
#5152 = VECTOR('',#5153,1.);
#5153 = DIRECTION('',(-0.591265382011,-0.606823474401,-0.531197250512));
#5154 = ORIENTED_EDGE('',*,*,#5038,.F.);
#5155 = ORIENTED_EDGE('',*,*,#5156,.T.);
#5156 = EDGE_CURVE('',#5016,#5148,#5157,.T.);
#5157 = LINE('',#5158,#5159);
#5158 = CARTESIAN_POINT('',(4.141025543213,0.25,0.259220659733));
#5159 = VECTOR('',#5160,1.);
#5160 = DIRECTION('',(0.591265382011,-0.606823474401,0.531197250512));
#5161 = PLANE('',#5162);
#5162 = AXIS2_PLACEMENT_3D('',#5163,#5164,#5165);
#5163 = CARTESIAN_POINT('',(4.178924907829,0.125,0.293269732945));
#5164 = DIRECTION('',(0.668309976416,-0.,-0.743882904376));
#5165 = DIRECTION('',(-0.743882904376,0.,-0.668309976416));
#5166 = ADVANCED_FACE('',(#5167),#5184,.T.);
#5167 = FACE_BOUND('',#5168,.T.);
#5168 = EDGE_LOOP('',(#5169,#5170,#5178));
#5169 = ORIENTED_EDGE('',*,*,#5156,.F.);
#5170 = ORIENTED_EDGE('',*,*,#5171,.T.);
#5171 = EDGE_CURVE('',#5016,#5172,#5174,.T.);
#5172 = VERTEX_POINT('',#5173);
#5173 = CARTESIAN_POINT('',(4.384615421295,0.25,0.478064060211));
#5174 = LINE('',#5175,#5176);
#5175 = CARTESIAN_POINT('',(4.141025543213,0.25,0.259220659733));
#5176 = VECTOR('',#5177,1.);
#5177 = DIRECTION('',(0.74388225399,0.,0.668310700347));
#5178 = ORIENTED_EDGE('',*,*,#5179,.T.);
#5179 = EDGE_CURVE('',#5172,#5148,#5180,.T.);
#5180 = LINE('',#5181,#5182);
#5181 = CARTESIAN_POINT('',(4.384615421295,0.25,0.478064060211));
#5182 = VECTOR('',#5183,1.);
#5183 = DIRECTION('',(-0.591263876419,-0.606824304954,-0.531197977556));
#5184 = PLANE('',#5185);
#5185 = AXIS2_PLACEMENT_3D('',#5186,#5187,#5188);
#5186 = CARTESIAN_POINT('',(4.262820525453,0.215177883078,0.368642339112
    ));
#5187 = DIRECTION('',(0.668310700347,1.274701500627E-06,-0.743882253989)
  );
#5188 = DIRECTION('',(-0.74388225399,9.986179104146E-23,-0.668310700347)
  );
#5189 = ADVANCED_FACE('',(#5190),#5207,.T.);
#5190 = FACE_BOUND('',#5191,.T.);
#5191 = EDGE_LOOP('',(#5192,#5193,#5201));
#5192 = ORIENTED_EDGE('',*,*,#5179,.F.);
#5193 = ORIENTED_EDGE('',*,*,#5194,.T.);
#5194 = EDGE_CURVE('',#5172,#5195,#5197,.T.);
#5195 = VERTEX_POINT('',#5196);
#5196 = CARTESIAN_POINT('',(4.384615421295,0.,0.478064060211));
#5197 = LINE('',#5198,#5199);
#5198 = CARTESIAN_POINT('',(4.384615421295,0.25,0.478064060211));
#5199 = VECTOR('',#5200,1.);
#5200 = DIRECTION('',(0.,-1.,0.));
#5201 = ORIENTED_EDGE('',*,*,#5202,.T.);
#5202 = EDGE_CURVE('',#5195,#5148,#5203,.T.);
#5203 = LINE('',#5204,#5205);
#5204 = CARTESIAN_POINT('',(4.384615421295,0.,0.478064060211));
#5205 = VECTOR('',#5206,1.);
#5206 = DIRECTION('',(-0.591263876419,0.606824304954,-0.531197977556));
#5207 = PLANE('',#5208);
#5208 = AXIS2_PLACEMENT_3D('',#5209,#5210,#5211);
#5209 = CARTESIAN_POINT('',(4.346716224648,0.125,0.444015004598));
#5210 = DIRECTION('',(0.66831142428,-0.,-0.743881603602));
#5211 = DIRECTION('',(-0.743881603602,0.,-0.66831142428));
#5212 = ADVANCED_FACE('',(#5213),#5223,.T.);
#5213 = FACE_BOUND('',#5214,.T.);
#5214 = EDGE_LOOP('',(#5215,#5216,#5222));
#5215 = ORIENTED_EDGE('',*,*,#5202,.F.);
#5216 = ORIENTED_EDGE('',*,*,#5217,.T.);
#5217 = EDGE_CURVE('',#5195,#5039,#5218,.T.);
#5218 = LINE('',#5219,#5220);
#5219 = CARTESIAN_POINT('',(4.384615421295,0.,0.478064060211));
#5220 = VECTOR('',#5221,1.);
#5221 = DIRECTION('',(-0.74388225399,0.,-0.668310700347));
#5222 = ORIENTED_EDGE('',*,*,#5147,.F.);
#5223 = PLANE('',#5224);
#5224 = AXIS2_PLACEMENT_3D('',#5225,#5226,#5227);
#5225 = CARTESIAN_POINT('',(4.262820525453,3.482211692152E-02,
    0.368642339112));
#5226 = DIRECTION('',(0.668310700347,-1.27470150062E-06,-0.743882253989)
  );
#5227 = DIRECTION('',(-0.74388225399,-7.743190562707E-24,-0.668310700347
    ));
#5228 = ADVANCED_FACE('',(#5229),#5246,.T.);
#5229 = FACE_BOUND('',#5230,.T.);
#5230 = EDGE_LOOP('',(#5231,#5239,#5240));
#5231 = ORIENTED_EDGE('',*,*,#5232,.T.);
#5232 = EDGE_CURVE('',#5233,#5039,#5235,.T.);
#5233 = VERTEX_POINT('',#5234);
#5234 = CARTESIAN_POINT('',(4.262820720673,0.,0.86864233017));
#5235 = LINE('',#5236,#5237);
#5236 = CARTESIAN_POINT('',(4.262820720673,0.,0.86864233017));
#5237 = VECTOR('',#5238,1.);
#5238 = DIRECTION('',(-0.195978190745,0.,-0.980608254479));
#5239 = ORIENTED_EDGE('',*,*,#5217,.F.);
#5240 = ORIENTED_EDGE('',*,*,#5241,.T.);
#5241 = EDGE_CURVE('',#5195,#5233,#5242,.T.);
#5242 = LINE('',#5243,#5244);
#5243 = CARTESIAN_POINT('',(4.384615421295,0.,0.478064060211));
#5244 = VECTOR('',#5245,1.);
#5245 = DIRECTION('',(-0.297693731966,0.,0.954661427915));
#5246 = PLANE('',#5247);
#5247 = AXIS2_PLACEMENT_3D('',#5248,#5249,#5250);
#5248 = CARTESIAN_POINT('',(4.253298661974,0.,0.549807301804));
#5249 = DIRECTION('',(-0.,-1.,-0.));
#5250 = DIRECTION('',(0.,0.,-1.));
#5251 = ADVANCED_FACE('',(#5252),#5267,.T.);
#5252 = FACE_BOUND('',#5253,.T.);
#5253 = EDGE_LOOP('',(#5254,#5255,#5261));
#5254 = ORIENTED_EDGE('',*,*,#5241,.F.);
#5255 = ORIENTED_EDGE('',*,*,#5256,.T.);
#5256 = EDGE_CURVE('',#5195,#807,#5257,.T.);
#5257 = LINE('',#5258,#5259);
#5258 = CARTESIAN_POINT('',(4.384615421295,0.,0.478064060211));
#5259 = VECTOR('',#5260,1.);
#5260 = DIRECTION('',(0.,0.,1.));
#5261 = ORIENTED_EDGE('',*,*,#5262,.T.);
#5262 = EDGE_CURVE('',#807,#5233,#5263,.T.);
#5263 = LINE('',#5264,#5265);
#5264 = CARTESIAN_POINT('',(4.384615421295,0.,1.478064060211));
#5265 = VECTOR('',#5266,1.);
#5266 = DIRECTION('',(-0.195977434513,0.,-0.980608405615));
#5267 = PLANE('',#5268);
#5268 = AXIS2_PLACEMENT_3D('',#5269,#5270,#5271);
#5269 = CARTESIAN_POINT('',(4.353707892692,0.,0.976439584224));
#5270 = DIRECTION('',(-0.,-1.,-0.));
#5271 = DIRECTION('',(0.,0.,-1.));
#5272 = ADVANCED_FACE('',(#5273),#5283,.T.);
#5273 = FACE_BOUND('',#5274,.T.);
#5274 = EDGE_LOOP('',(#5275,#5276,#5277));
#5275 = ORIENTED_EDGE('',*,*,#5262,.F.);
#5276 = ORIENTED_EDGE('',*,*,#899,.F.);
#5277 = ORIENTED_EDGE('',*,*,#5278,.T.);
#5278 = EDGE_CURVE('',#892,#5233,#5279,.T.);
#5279 = LINE('',#5280,#5281);
#5280 = CARTESIAN_POINT('',(4.141025543213,0.,1.259220600128));
#5281 = VECTOR('',#5282,1.);
#5282 = DIRECTION('',(0.297694794175,0.,-0.954661096684));
#5283 = PLANE('',#5284);
#5284 = AXIS2_PLACEMENT_3D('',#5285,#5286,#5287);
#5285 = CARTESIAN_POINT('',(4.2723424745,0.,1.187477372124));
#5286 = DIRECTION('',(-0.,-1.,-0.));
#5287 = DIRECTION('',(0.,0.,-1.));
#5288 = ADVANCED_FACE('',(#5289),#5294,.T.);
#5289 = FACE_BOUND('',#5290,.T.);
#5290 = EDGE_LOOP('',(#5291,#5292,#5293));
#5291 = ORIENTED_EDGE('',*,*,#5278,.F.);
#5292 = ORIENTED_EDGE('',*,*,#5100,.F.);
#5293 = ORIENTED_EDGE('',*,*,#5232,.F.);
#5294 = PLANE('',#5295);
#5295 = AXIS2_PLACEMENT_3D('',#5296,#5297,#5298);
#5296 = CARTESIAN_POINT('',(4.171933196342,0.,0.760845117754));
#5297 = DIRECTION('',(-0.,-1.,-0.));
#5298 = DIRECTION('',(0.,0.,-1.));
#5299 = ADVANCED_FACE('',(#5300),#5317,.T.);
#5300 = FACE_BOUND('',#5301,.T.);
#5301 = EDGE_LOOP('',(#5302,#5310,#5311));
#5302 = ORIENTED_EDGE('',*,*,#5303,.T.);
#5303 = EDGE_CURVE('',#5304,#5195,#5306,.T.);
#5304 = VERTEX_POINT('',#5305);
#5305 = CARTESIAN_POINT('',(4.506410121918,0.125,0.596989810467));
#5306 = LINE('',#5307,#5308);
#5307 = CARTESIAN_POINT('',(4.506410121918,0.125,0.596989810467));
#5308 = VECTOR('',#5309,1.);
#5309 = DIRECTION('',(-0.576699861234,-0.591877005204,-0.563115335223));
#5310 = ORIENTED_EDGE('',*,*,#5194,.F.);
#5311 = ORIENTED_EDGE('',*,*,#5312,.T.);
#5312 = EDGE_CURVE('',#5172,#5304,#5313,.T.);
#5313 = LINE('',#5314,#5315);
#5314 = CARTESIAN_POINT('',(4.384615421295,0.25,0.478064060211));
#5315 = VECTOR('',#5316,1.);
#5316 = DIRECTION('',(0.576699861234,-0.591877005204,0.563115335223));
#5317 = PLANE('',#5318);
#5318 = AXIS2_PLACEMENT_3D('',#5319,#5320,#5321);
#5319 = CARTESIAN_POINT('',(4.422870481273,0.125,0.515417998319));
#5320 = DIRECTION('',(0.698629737223,-0.,-0.715483396221));
#5321 = DIRECTION('',(-0.715483396221,0.,-0.698629737223));
#5322 = ADVANCED_FACE('',(#5323),#5340,.T.);
#5323 = FACE_BOUND('',#5324,.T.);
#5324 = EDGE_LOOP('',(#5325,#5326,#5334));
#5325 = ORIENTED_EDGE('',*,*,#5312,.F.);
#5326 = ORIENTED_EDGE('',*,*,#5327,.T.);
#5327 = EDGE_CURVE('',#5172,#5328,#5330,.T.);
#5328 = VERTEX_POINT('',#5329);
#5329 = CARTESIAN_POINT('',(4.628205299377,0.25,0.715915560722));
#5330 = LINE('',#5331,#5332);
#5331 = CARTESIAN_POINT('',(4.384615421295,0.25,0.478064060211));
#5332 = VECTOR('',#5333,1.);
#5333 = DIRECTION('',(0.715484079826,0.,0.698629037126));
#5334 = ORIENTED_EDGE('',*,*,#5335,.T.);
#5335 = EDGE_CURVE('',#5328,#5304,#5336,.T.);
#5336 = LINE('',#5337,#5338);
#5337 = CARTESIAN_POINT('',(4.628205299377,0.25,0.715915560722));
#5338 = VECTOR('',#5339,1.);
#5339 = DIRECTION('',(-0.576701368147,-0.591876234526,-0.563114601996));
#5340 = PLANE('',#5341);
#5341 = AXIS2_PLACEMENT_3D('',#5342,#5343,#5344);
#5342 = CARTESIAN_POINT('',(4.506410316283,0.215393681585,0.596989831902
    ));
#5343 = DIRECTION('',(0.698629037126,-1.33252913879E-06,-0.715484079825)
  );
#5344 = DIRECTION('',(-0.715484079826,-6.421311845775E-23,
    -0.698629037126));
#5345 = ADVANCED_FACE('',(#5346),#5363,.T.);
#5346 = FACE_BOUND('',#5347,.T.);
#5347 = EDGE_LOOP('',(#5348,#5349,#5357));
#5348 = ORIENTED_EDGE('',*,*,#5335,.F.);
#5349 = ORIENTED_EDGE('',*,*,#5350,.T.);
#5350 = EDGE_CURVE('',#5328,#5351,#5353,.T.);
#5351 = VERTEX_POINT('',#5352);
#5352 = CARTESIAN_POINT('',(4.628205299377,0.,0.715915560722));
#5353 = LINE('',#5354,#5355);
#5354 = CARTESIAN_POINT('',(4.628205299377,0.25,0.715915560722));
#5355 = VECTOR('',#5356,1.);
#5356 = DIRECTION('',(0.,-1.,0.));
#5357 = ORIENTED_EDGE('',*,*,#5358,.T.);
#5358 = EDGE_CURVE('',#5351,#5304,#5359,.T.);
#5359 = LINE('',#5360,#5361);
#5360 = CARTESIAN_POINT('',(4.628205299377,0.,0.715915560722));
#5361 = VECTOR('',#5362,1.);
#5362 = DIRECTION('',(-0.576701368147,0.591876234526,-0.563114601996));
#5363 = PLANE('',#5364);
#5364 = AXIS2_PLACEMENT_3D('',#5365,#5366,#5367);
#5365 = CARTESIAN_POINT('',(4.589950071107,0.125,0.67856160453));
#5366 = DIRECTION('',(0.698628337031,-0.,-0.715484763428));
#5367 = DIRECTION('',(-0.715484763428,0.,-0.698628337031));
#5368 = ADVANCED_FACE('',(#5369),#5379,.T.);
#5369 = FACE_BOUND('',#5370,.T.);
#5370 = EDGE_LOOP('',(#5371,#5372,#5378));
#5371 = ORIENTED_EDGE('',*,*,#5358,.F.);
#5372 = ORIENTED_EDGE('',*,*,#5373,.T.);
#5373 = EDGE_CURVE('',#5351,#5195,#5374,.T.);
#5374 = LINE('',#5375,#5376);
#5375 = CARTESIAN_POINT('',(4.628205299377,0.,0.715915560722));
#5376 = VECTOR('',#5377,1.);
#5377 = DIRECTION('',(-0.715484079826,0.,-0.698629037126));
#5378 = ORIENTED_EDGE('',*,*,#5303,.F.);
#5379 = PLANE('',#5380);
#5380 = AXIS2_PLACEMENT_3D('',#5381,#5382,#5383);
#5381 = CARTESIAN_POINT('',(4.506410316283,3.460631841475E-02,
    0.596989831902));
#5382 = DIRECTION('',(0.698629037126,1.332529138799E-06,-0.715484079825)
  );
#5383 = DIRECTION('',(-0.715484079826,2.290855616772E-23,-0.698629037126
    ));
#5384 = ADVANCED_FACE('',(#5385),#5402,.T.);
#5385 = FACE_BOUND('',#5386,.T.);
#5386 = EDGE_LOOP('',(#5387,#5395,#5396));
#5387 = ORIENTED_EDGE('',*,*,#5388,.T.);
#5388 = EDGE_CURVE('',#5389,#5195,#5391,.T.);
#5389 = VERTEX_POINT('',#5390);
#5390 = CARTESIAN_POINT('',(4.506410121918,0.,1.096989750862));
#5391 = LINE('',#5392,#5393);
#5392 = CARTESIAN_POINT('',(4.506410121918,0.,1.096989750862));
#5393 = VECTOR('',#5394,1.);
#5394 = DIRECTION('',(-0.193081119171,0.,-0.981182797148));
#5395 = ORIENTED_EDGE('',*,*,#5373,.F.);
#5396 = ORIENTED_EDGE('',*,*,#5397,.T.);
#5397 = EDGE_CURVE('',#5351,#5389,#5398,.T.);
#5398 = LINE('',#5399,#5400);
#5399 = CARTESIAN_POINT('',(4.628205299377,0.,0.715915560722));
#5400 = VECTOR('',#5401,1.);
#5401 = DIRECTION('',(-0.304438853376,0.,0.952531881123));
#5402 = PLANE('',#5403);
#5403 = AXIS2_PLACEMENT_3D('',#5404,#5405,#5406);
#5404 = CARTESIAN_POINT('',(4.496163946866,0.,0.77491764161));
#5405 = DIRECTION('',(-0.,-1.,-0.));
#5406 = DIRECTION('',(0.,0.,-1.));
#5407 = ADVANCED_FACE('',(#5408),#5423,.T.);
#5408 = FACE_BOUND('',#5409,.T.);
#5409 = EDGE_LOOP('',(#5410,#5411,#5417));
#5410 = ORIENTED_EDGE('',*,*,#5397,.F.);
#5411 = ORIENTED_EDGE('',*,*,#5412,.T.);
#5412 = EDGE_CURVE('',#5351,#722,#5413,.T.);
#5413 = LINE('',#5414,#5415);
#5414 = CARTESIAN_POINT('',(4.628205299377,0.,0.715915560722));
#5415 = VECTOR('',#5416,1.);
#5416 = DIRECTION('',(0.,0.,1.));
#5417 = ORIENTED_EDGE('',*,*,#5418,.T.);
#5418 = EDGE_CURVE('',#722,#5389,#5419,.T.);
#5419 = LINE('',#5420,#5421);
#5420 = CARTESIAN_POINT('',(4.628205299377,0.,1.715915560722));
#5421 = VECTOR('',#5422,1.);
#5422 = DIRECTION('',(-0.193081811117,0.,-0.981182660984));
#5423 = PLANE('',#5424);
#5424 = AXIS2_PLACEMENT_3D('',#5425,#5426,#5427);
#5425 = CARTESIAN_POINT('',(4.597293816315,0.,1.214135457584));
#5426 = DIRECTION('',(-0.,-1.,-0.));
#5427 = DIRECTION('',(0.,0.,-1.));
#5428 = ADVANCED_FACE('',(#5429),#5439,.T.);
#5429 = FACE_BOUND('',#5430,.T.);
#5430 = EDGE_LOOP('',(#5431,#5432,#5433));
#5431 = ORIENTED_EDGE('',*,*,#5418,.F.);
#5432 = ORIENTED_EDGE('',*,*,#814,.F.);
#5433 = ORIENTED_EDGE('',*,*,#5434,.T.);
#5434 = EDGE_CURVE('',#807,#5389,#5435,.T.);
#5435 = LINE('',#5436,#5437);
#5436 = CARTESIAN_POINT('',(4.384615421295,0.,1.478064060211));
#5437 = VECTOR('',#5438,1.);
#5438 = DIRECTION('',(0.304437685535,0.,-0.952532254376));
#5439 = PLANE('',#5440);
#5440 = AXIS2_PLACEMENT_3D('',#5441,#5442,#5443);
#5441 = CARTESIAN_POINT('',(4.516656603942,0.,1.419061935628));
#5442 = DIRECTION('',(-0.,-1.,-0.));
#5443 = DIRECTION('',(0.,0.,-1.));
#5444 = ADVANCED_FACE('',(#5445),#5450,.T.);
#5445 = FACE_BOUND('',#5446,.T.);
#5446 = EDGE_LOOP('',(#5447,#5448,#5449));
#5447 = ORIENTED_EDGE('',*,*,#5434,.F.);
#5448 = ORIENTED_EDGE('',*,*,#5256,.F.);
#5449 = ORIENTED_EDGE('',*,*,#5388,.F.);
#5450 = PLANE('',#5451);
#5451 = AXIS2_PLACEMENT_3D('',#5452,#5453,#5454);
#5452 = CARTESIAN_POINT('',(4.415526779783,0.,0.9798441481));
#5453 = DIRECTION('',(-0.,-1.,-0.));
#5454 = DIRECTION('',(0.,0.,-1.));
#5455 = ADVANCED_FACE('',(#5456),#5473,.T.);
#5456 = FACE_BOUND('',#5457,.T.);
#5457 = EDGE_LOOP('',(#5458,#5466,#5467));
#5458 = ORIENTED_EDGE('',*,*,#5459,.T.);
#5459 = EDGE_CURVE('',#5460,#5351,#5462,.T.);
#5460 = VERTEX_POINT('',#5461);
#5461 = CARTESIAN_POINT('',(4.75,0.125,0.837323606014));
#5462 = LINE('',#5463,#5464);
#5463 = CARTESIAN_POINT('',(4.75,0.125,0.837323606014));
#5464 = VECTOR('',#5465,1.);
#5465 = DIRECTION('',(-0.572881290873,-0.587957940641,-0.571062594297));
#5466 = ORIENTED_EDGE('',*,*,#5350,.F.);
#5467 = ORIENTED_EDGE('',*,*,#5468,.T.);
#5468 = EDGE_CURVE('',#5328,#5460,#5469,.T.);
#5469 = LINE('',#5470,#5471);
#5470 = CARTESIAN_POINT('',(4.628205299377,0.25,0.715915560722));
#5471 = VECTOR('',#5472,1.);
#5472 = DIRECTION('',(0.572881290873,-0.587957940641,0.571062594297));
#5473 = PLANE('',#5474);
#5474 = AXIS2_PLACEMENT_3D('',#5475,#5476,#5477);
#5475 = CARTESIAN_POINT('',(4.666554772467,0.125,0.754143287725));
#5476 = DIRECTION('',(0.705981696859,-0.,-0.708230078223));
#5477 = DIRECTION('',(-0.708230078223,0.,-0.705981696859));
#5478 = ADVANCED_FACE('',(#5479),#5496,.T.);
#5479 = FACE_BOUND('',#5480,.T.);
#5480 = EDGE_LOOP('',(#5481,#5482,#5490));
#5481 = ORIENTED_EDGE('',*,*,#5468,.F.);
#5482 = ORIENTED_EDGE('',*,*,#5483,.T.);
#5483 = EDGE_CURVE('',#5328,#5484,#5486,.T.);
#5484 = VERTEX_POINT('',#5485);
#5485 = CARTESIAN_POINT('',(4.871794700623,0.25,0.958731651306));
#5486 = LINE('',#5487,#5488);
#5487 = CARTESIAN_POINT('',(4.628205299377,0.25,0.715915560722));
#5488 = VECTOR('',#5489,1.);
#5489 = DIRECTION('',(0.708230078223,0.,0.705981696859));
#5490 = ORIENTED_EDGE('',*,*,#5491,.T.);
#5491 = EDGE_CURVE('',#5484,#5460,#5492,.T.);
#5492 = LINE('',#5493,#5494);
#5493 = CARTESIAN_POINT('',(4.871794700623,0.25,0.958731651306));
#5494 = VECTOR('',#5495,1.);
#5495 = DIRECTION('',(-0.572881290873,-0.587957940641,-0.571062594297));
#5496 = PLANE('',#5497);
#5497 = AXIS2_PLACEMENT_3D('',#5498,#5499,#5500);
#5498 = CARTESIAN_POINT('',(4.75,0.215448452838,0.837323606014));
#5499 = DIRECTION('',(0.705981696859,-0.,-0.708230078223));
#5500 = DIRECTION('',(-0.708230078223,0.,-0.705981696859));
#5501 = ADVANCED_FACE('',(#5502),#5519,.T.);
#5502 = FACE_BOUND('',#5503,.T.);
#5503 = EDGE_LOOP('',(#5504,#5505,#5513));
#5504 = ORIENTED_EDGE('',*,*,#5491,.F.);
#5505 = ORIENTED_EDGE('',*,*,#5506,.T.);
#5506 = EDGE_CURVE('',#5484,#5507,#5509,.T.);
#5507 = VERTEX_POINT('',#5508);
#5508 = CARTESIAN_POINT('',(4.871794700623,0.,0.958731651306));
#5509 = LINE('',#5510,#5511);
#5510 = CARTESIAN_POINT('',(4.871794700623,0.25,0.958731651306));
#5511 = VECTOR('',#5512,1.);
#5512 = DIRECTION('',(0.,-1.,0.));
#5513 = ORIENTED_EDGE('',*,*,#5514,.T.);
#5514 = EDGE_CURVE('',#5507,#5460,#5515,.T.);
#5515 = LINE('',#5516,#5517);
#5516 = CARTESIAN_POINT('',(4.871794700623,0.,0.958731651306));
#5517 = VECTOR('',#5518,1.);
#5518 = DIRECTION('',(-0.572881290873,0.587957940641,-0.571062594297));
#5519 = PLANE('',#5520);
#5520 = AXIS2_PLACEMENT_3D('',#5521,#5522,#5523);
#5521 = CARTESIAN_POINT('',(4.833445227533,0.125,0.920503924304));
#5522 = DIRECTION('',(0.705981696859,-0.,-0.708230078223));
#5523 = DIRECTION('',(-0.708230078223,0.,-0.705981696859));
#5524 = ADVANCED_FACE('',(#5525),#5535,.T.);
#5525 = FACE_BOUND('',#5526,.T.);
#5526 = EDGE_LOOP('',(#5527,#5528,#5534));
#5527 = ORIENTED_EDGE('',*,*,#5514,.F.);
#5528 = ORIENTED_EDGE('',*,*,#5529,.T.);
#5529 = EDGE_CURVE('',#5507,#5351,#5530,.T.);
#5530 = LINE('',#5531,#5532);
#5531 = CARTESIAN_POINT('',(4.871794700623,0.,0.958731651306));
#5532 = VECTOR('',#5533,1.);
#5533 = DIRECTION('',(-0.708230078223,0.,-0.705981696859));
#5534 = ORIENTED_EDGE('',*,*,#5459,.F.);
#5535 = PLANE('',#5536);
#5536 = AXIS2_PLACEMENT_3D('',#5537,#5538,#5539);
#5537 = CARTESIAN_POINT('',(4.75,3.455154716189E-02,0.837323606014));
#5538 = DIRECTION('',(0.705981696859,-0.,-0.708230078223));
#5539 = DIRECTION('',(-0.708230078223,0.,-0.705981696859));
#5540 = ADVANCED_FACE('',(#5541),#5558,.T.);
#5541 = FACE_BOUND('',#5542,.T.);
#5542 = EDGE_LOOP('',(#5543,#5551,#5552));
#5543 = ORIENTED_EDGE('',*,*,#5544,.T.);
#5544 = EDGE_CURVE('',#5545,#5351,#5547,.T.);
#5545 = VERTEX_POINT('',#5546);
#5546 = CARTESIAN_POINT('',(4.75,0.,1.33732354641));
#5547 = LINE('',#5548,#5549);
#5548 = CARTESIAN_POINT('',(4.75,0.,1.33732354641));
#5549 = VECTOR('',#5550,1.);
#5550 = DIRECTION('',(-0.192338419684,0.,-0.981328656625));
#5551 = ORIENTED_EDGE('',*,*,#5529,.F.);
#5552 = ORIENTED_EDGE('',*,*,#5553,.T.);
#5553 = EDGE_CURVE('',#5507,#5545,#5554,.T.);
#5554 = LINE('',#5555,#5556);
#5555 = CARTESIAN_POINT('',(4.871794700623,0.,0.958731651306));
#5556 = VECTOR('',#5557,1.);
#5557 = DIRECTION('',(-0.306247208923,0.,0.951952019288));
#5558 = PLANE('',#5559);
#5559 = AXIS2_PLACEMENT_3D('',#5560,#5561,#5562);
#5560 = CARTESIAN_POINT('',(4.739567622792,0.,1.014383808259));
#5561 = DIRECTION('',(-0.,-1.,-0.));
#5562 = DIRECTION('',(0.,0.,-1.));
#5563 = ADVANCED_FACE('',(#5564),#5579,.T.);
#5564 = FACE_BOUND('',#5565,.T.);
#5565 = EDGE_LOOP('',(#5566,#5567,#5573));
#5566 = ORIENTED_EDGE('',*,*,#5553,.F.);
#5567 = ORIENTED_EDGE('',*,*,#5568,.T.);
#5568 = EDGE_CURVE('',#5507,#637,#5569,.T.);
#5569 = LINE('',#5570,#5571);
#5570 = CARTESIAN_POINT('',(4.871794700623,0.,0.958731651306));
#5571 = VECTOR('',#5572,1.);
#5572 = DIRECTION('',(0.,0.,1.));
#5573 = ORIENTED_EDGE('',*,*,#5574,.T.);
#5574 = EDGE_CURVE('',#637,#5545,#5575,.T.);
#5575 = LINE('',#5576,#5577);
#5576 = CARTESIAN_POINT('',(4.871794700623,0.,1.958731651306));
#5577 = VECTOR('',#5578,1.);
#5578 = DIRECTION('',(-0.192338384151,0.,-0.981328663589));
#5579 = PLANE('',#5580);
#5580 = AXIS2_PLACEMENT_3D('',#5581,#5582,#5583);
#5581 = CARTESIAN_POINT('',(4.840882278756,0.,1.456910292578));
#5582 = DIRECTION('',(-0.,-1.,-0.));
#5583 = DIRECTION('',(0.,0.,-1.));
#5584 = ADVANCED_FACE('',(#5585),#5595,.T.);
#5585 = FACE_BOUND('',#5586,.T.);
#5586 = EDGE_LOOP('',(#5587,#5588,#5589));
#5587 = ORIENTED_EDGE('',*,*,#5574,.F.);
#5588 = ORIENTED_EDGE('',*,*,#729,.F.);
#5589 = ORIENTED_EDGE('',*,*,#5590,.T.);
#5590 = EDGE_CURVE('',#722,#5545,#5591,.T.);
#5591 = LINE('',#5592,#5593);
#5592 = CARTESIAN_POINT('',(4.628205299377,0.,1.715915560722));
#5593 = VECTOR('',#5594,1.);
#5594 = DIRECTION('',(0.306247121537,0.,-0.951952047401));
#5595 = PLANE('',#5596);
#5596 = AXIS2_PLACEMENT_3D('',#5597,#5598,#5599);
#5597 = CARTESIAN_POINT('',(4.760432375614,0.,1.660263347004));
#5598 = DIRECTION('',(-0.,-1.,-0.));
#5599 = DIRECTION('',(0.,0.,-1.));
#5600 = ADVANCED_FACE('',(#5601),#5606,.T.);
#5601 = FACE_BOUND('',#5602,.T.);
#5602 = EDGE_LOOP('',(#5603,#5604,#5605));
#5603 = ORIENTED_EDGE('',*,*,#5590,.F.);
#5604 = ORIENTED_EDGE('',*,*,#5412,.F.);
#5605 = ORIENTED_EDGE('',*,*,#5544,.F.);
#5606 = PLANE('',#5607);
#5607 = AXIS2_PLACEMENT_3D('',#5608,#5609,#5610);
#5608 = CARTESIAN_POINT('',(4.659117721193,0.,1.217736917462));
#5609 = DIRECTION('',(-0.,-1.,-0.));
#5610 = DIRECTION('',(0.,0.,-1.));
#5611 = ADVANCED_FACE('',(#5612),#5629,.T.);
#5612 = FACE_BOUND('',#5613,.T.);
#5613 = EDGE_LOOP('',(#5614,#5622,#5623));
#5614 = ORIENTED_EDGE('',*,*,#5615,.T.);
#5615 = EDGE_CURVE('',#5616,#5507,#5618,.T.);
#5616 = VERTEX_POINT('',#5617);
#5617 = CARTESIAN_POINT('',(4.993589878082,0.125,1.07545375824));
#5618 = LINE('',#5619,#5620);
#5619 = CARTESIAN_POINT('',(4.993589878082,0.125,1.07545375824));
#5620 = VECTOR('',#5621,1.);
#5621 = DIRECTION('',(-0.580088094881,-0.595352076925,-0.555925990288));
#5622 = ORIENTED_EDGE('',*,*,#5506,.F.);
#5623 = ORIENTED_EDGE('',*,*,#5624,.T.);
#5624 = EDGE_CURVE('',#5484,#5616,#5625,.T.);
#5625 = LINE('',#5626,#5627);
#5626 = CARTESIAN_POINT('',(4.871794700623,0.25,0.958731651306));
#5627 = VECTOR('',#5628,1.);
#5628 = DIRECTION('',(0.580088094881,-0.595352076925,0.555925990288));
#5629 = PLANE('',#5630);
#5630 = AXIS2_PLACEMENT_3D('',#5631,#5632,#5633);
#5631 = CARTESIAN_POINT('',(4.909966581056,0.125,0.995313578462));
#5632 = DIRECTION('',(0.691910704372,-0.,-0.721983086488));
#5633 = DIRECTION('',(-0.721983086488,0.,-0.691910704372));
#5634 = ADVANCED_FACE('',(#5635),#5652,.T.);
#5635 = FACE_BOUND('',#5636,.T.);
#5636 = EDGE_LOOP('',(#5637,#5638,#5646));
#5637 = ORIENTED_EDGE('',*,*,#5624,.F.);
#5638 = ORIENTED_EDGE('',*,*,#5639,.T.);
#5639 = EDGE_CURVE('',#5484,#5640,#5642,.T.);
#5640 = VERTEX_POINT('',#5641);
#5641 = CARTESIAN_POINT('',(5.115384578705,0.25,1.192175745964));
#5642 = LINE('',#5643,#5644);
#5643 = CARTESIAN_POINT('',(4.871794700623,0.25,0.958731651306));
#5644 = VECTOR('',#5645,1.);
#5645 = DIRECTION('',(0.721982586383,0.,0.691911226213));
#5646 = ORIENTED_EDGE('',*,*,#5647,.T.);
#5647 = EDGE_CURVE('',#5640,#5616,#5648,.T.);
#5648 = LINE('',#5649,#5650);
#5649 = CARTESIAN_POINT('',(5.115384578705,0.25,1.192175745964));
#5650 = VECTOR('',#5651,1.);
#5651 = DIRECTION('',(-0.580086771115,-0.595353049178,-0.555926330382));
#5652 = PLANE('',#5653);
#5653 = AXIS2_PLACEMENT_3D('',#5654,#5655,#5656);
#5654 = CARTESIAN_POINT('',(4.993589678192,0.215344481497,1.075453688737
    ));
#5655 = DIRECTION('',(0.691911226213,9.754478065872E-07,-0.721982586383)
  );
#5656 = DIRECTION('',(-0.721982586383,7.0303956047E-23,-0.691911226213)
  );
#5657 = ADVANCED_FACE('',(#5658),#5675,.T.);
#5658 = FACE_BOUND('',#5659,.T.);
#5659 = EDGE_LOOP('',(#5660,#5661,#5669));
#5660 = ORIENTED_EDGE('',*,*,#5647,.F.);
#5661 = ORIENTED_EDGE('',*,*,#5662,.T.);
#5662 = EDGE_CURVE('',#5640,#5663,#5665,.T.);
#5663 = VERTEX_POINT('',#5664);
#5664 = CARTESIAN_POINT('',(5.115384578705,0.,1.192175745964));
#5665 = LINE('',#5666,#5667);
#5666 = CARTESIAN_POINT('',(5.115384578705,0.25,1.192175745964));
#5667 = VECTOR('',#5668,1.);
#5668 = DIRECTION('',(0.,-1.,0.));
#5669 = ORIENTED_EDGE('',*,*,#5670,.T.);
#5670 = EDGE_CURVE('',#5663,#5616,#5671,.T.);
#5671 = LINE('',#5672,#5673);
#5672 = CARTESIAN_POINT('',(5.115384578705,0.,1.192175745964));
#5673 = VECTOR('',#5674,1.);
#5674 = DIRECTION('',(-0.580086771115,0.595353049178,-0.555926330382));
#5675 = PLANE('',#5676);
#5676 = AXIS2_PLACEMENT_3D('',#5677,#5678,#5679);
#5677 = CARTESIAN_POINT('',(5.07721287098,0.125,1.155593878463));
#5678 = DIRECTION('',(0.691911748055,-0.,-0.721982086276));
#5679 = DIRECTION('',(-0.721982086276,0.,-0.691911748055));
#5680 = ADVANCED_FACE('',(#5681),#5691,.T.);
#5681 = FACE_BOUND('',#5682,.T.);
#5682 = EDGE_LOOP('',(#5683,#5684,#5690));
#5683 = ORIENTED_EDGE('',*,*,#5670,.F.);
#5684 = ORIENTED_EDGE('',*,*,#5685,.T.);
#5685 = EDGE_CURVE('',#5663,#5507,#5686,.T.);
#5686 = LINE('',#5687,#5688);
#5687 = CARTESIAN_POINT('',(5.115384578705,0.,1.192175745964));
#5688 = VECTOR('',#5689,1.);
#5689 = DIRECTION('',(-0.721982586383,0.,-0.691911226213));
#5690 = ORIENTED_EDGE('',*,*,#5615,.F.);
#5691 = PLANE('',#5692);
#5692 = AXIS2_PLACEMENT_3D('',#5693,#5694,#5695);
#5693 = CARTESIAN_POINT('',(4.993589678192,3.465551850305E-02,
    1.075453688737));
#5694 = DIRECTION('',(0.691911226213,-9.754478065775E-07,-0.721982586383
    ));
#5695 = DIRECTION('',(-0.721982586383,7.522296103782E-24,-0.691911226213
    ));
#5696 = ADVANCED_FACE('',(#5697),#5714,.T.);
#5697 = FACE_BOUND('',#5698,.T.);
#5698 = EDGE_LOOP('',(#5699,#5707,#5708));
#5699 = ORIENTED_EDGE('',*,*,#5700,.T.);
#5700 = EDGE_CURVE('',#5701,#5507,#5703,.T.);
#5701 = VERTEX_POINT('',#5702);
#5702 = CARTESIAN_POINT('',(4.993589878082,0.,1.57545375824));
#5703 = LINE('',#5704,#5705);
#5704 = CARTESIAN_POINT('',(4.993589878082,0.,1.57545375824));
#5705 = VECTOR('',#5706,1.);
#5706 = DIRECTION('',(-0.193745887068,0.,-0.981051747485));
#5707 = ORIENTED_EDGE('',*,*,#5685,.F.);
#5708 = ORIENTED_EDGE('',*,*,#5709,.T.);
#5709 = EDGE_CURVE('',#5663,#5701,#5710,.T.);
#5710 = LINE('',#5711,#5712);
#5711 = CARTESIAN_POINT('',(5.115384578705,0.,1.192175745964));
#5712 = VECTOR('',#5713,1.);
#5713 = DIRECTION('',(-0.302848247561,0.,0.953038791943));
#5714 = PLANE('',#5715);
#5715 = AXIS2_PLACEMENT_3D('',#5716,#5717,#5718);
#5716 = CARTESIAN_POINT('',(4.98350966807,0.,1.254144403491));
#5717 = DIRECTION('',(-0.,-1.,-0.));
#5718 = DIRECTION('',(0.,0.,-1.));
#5719 = ADVANCED_FACE('',(#5720),#5735,.T.);
#5720 = FACE_BOUND('',#5721,.T.);
#5721 = EDGE_LOOP('',(#5722,#5723,#5729));
#5722 = ORIENTED_EDGE('',*,*,#5709,.F.);
#5723 = ORIENTED_EDGE('',*,*,#5724,.T.);
#5724 = EDGE_CURVE('',#5663,#552,#5725,.T.);
#5725 = LINE('',#5726,#5727);
#5726 = CARTESIAN_POINT('',(5.115384578705,0.,1.192175745964));
#5727 = VECTOR('',#5728,1.);
#5728 = DIRECTION('',(0.,0.,1.));
#5729 = ORIENTED_EDGE('',*,*,#5730,.T.);
#5730 = EDGE_CURVE('',#552,#5701,#5731,.T.);
#5731 = LINE('',#5732,#5733);
#5732 = CARTESIAN_POINT('',(5.115384578705,0.,2.192175865173));
#5733 = VECTOR('',#5734,1.);
#5734 = DIRECTION('',(-0.193745157011,0.,-0.981051891663));
#5735 = PLANE('',#5736);
#5736 = AXIS2_PLACEMENT_3D('',#5737,#5738,#5739);
#5737 = CARTESIAN_POINT('',(5.084474142177,0.,1.690432131301));
#5738 = DIRECTION('',(-0.,-1.,-0.));
#5739 = DIRECTION('',(0.,0.,-1.));
#5740 = ADVANCED_FACE('',(#5741),#5751,.T.);
#5741 = FACE_BOUND('',#5742,.T.);
#5742 = EDGE_LOOP('',(#5743,#5744,#5745));
#5743 = ORIENTED_EDGE('',*,*,#5730,.F.);
#5744 = ORIENTED_EDGE('',*,*,#644,.F.);
#5745 = ORIENTED_EDGE('',*,*,#5746,.T.);
#5746 = EDGE_CURVE('',#637,#5701,#5747,.T.);
#5747 = LINE('',#5748,#5749);
#5748 = CARTESIAN_POINT('',(4.871794700623,0.,1.958731651306));
#5749 = VECTOR('',#5750,1.);
#5750 = DIRECTION('',(0.302849410046,0.,-0.953038422538));
#5751 = PLANE('',#5752);
#5752 = AXIS2_PLACEMENT_3D('',#5753,#5754,#5755);
#5753 = CARTESIAN_POINT('',(5.003669785246,0.,1.896763089498));
#5754 = DIRECTION('',(-0.,-1.,-0.));
#5755 = DIRECTION('',(0.,0.,-1.));
#5756 = ADVANCED_FACE('',(#5757),#5762,.T.);
#5757 = FACE_BOUND('',#5758,.T.);
#5758 = EDGE_LOOP('',(#5759,#5760,#5761));
#5759 = ORIENTED_EDGE('',*,*,#5746,.F.);
#5760 = ORIENTED_EDGE('',*,*,#5568,.F.);
#5761 = ORIENTED_EDGE('',*,*,#5700,.F.);
#5762 = PLANE('',#5763);
#5763 = AXIS2_PLACEMENT_3D('',#5764,#5765,#5766);
#5764 = CARTESIAN_POINT('',(4.902705261801,0.,1.460475339979));
#5765 = DIRECTION('',(-0.,-1.,-0.));
#5766 = DIRECTION('',(0.,0.,-1.));
#5767 = ADVANCED_FACE('',(#5768),#5785,.T.);
#5768 = FACE_BOUND('',#5769,.T.);
#5769 = EDGE_LOOP('',(#5770,#5778,#5779));
#5770 = ORIENTED_EDGE('',*,*,#5771,.T.);
#5771 = EDGE_CURVE('',#5772,#5663,#5774,.T.);
#5772 = VERTEX_POINT('',#5773);
#5773 = CARTESIAN_POINT('',(5.237179279327,0.125,1.297320127487));
#5774 = LINE('',#5775,#5776);
#5775 = CARTESIAN_POINT('',(5.237179279327,0.125,1.297320127487));
#5776 = VECTOR('',#5777,1.);
#5777 = DIRECTION('',(-0.597763763464,-0.613495251034,-0.516044629899));
#5778 = ORIENTED_EDGE('',*,*,#5662,.F.);
#5779 = ORIENTED_EDGE('',*,*,#5780,.T.);
#5780 = EDGE_CURVE('',#5640,#5772,#5781,.T.);
#5781 = LINE('',#5782,#5783);
#5782 = CARTESIAN_POINT('',(5.115384578705,0.25,1.192175745964));
#5783 = VECTOR('',#5784,1.);
#5784 = DIRECTION('',(0.597763763464,-0.613495251034,0.516044629899));
#5785 = PLANE('',#5786);
#5786 = AXIS2_PLACEMENT_3D('',#5787,#5788,#5789);
#5787 = CARTESIAN_POINT('',(5.153127082299,0.125,1.224758544536));
#5788 = DIRECTION('',(0.653470520021,-0.,-0.756951966417));
#5789 = DIRECTION('',(-0.756951966417,0.,-0.653470520021));
#5790 = ADVANCED_FACE('',(#5791),#5808,.T.);
#5791 = FACE_BOUND('',#5792,.T.);
#5792 = EDGE_LOOP('',(#5793,#5794,#5802));
#5793 = ORIENTED_EDGE('',*,*,#5780,.F.);
#5794 = ORIENTED_EDGE('',*,*,#5795,.T.);
#5795 = EDGE_CURVE('',#5640,#5796,#5798,.T.);
#5796 = VERTEX_POINT('',#5797);
#5797 = CARTESIAN_POINT('',(5.358974456787,0.25,1.40246450901));
#5798 = LINE('',#5799,#5800);
#5799 = CARTESIAN_POINT('',(5.115384578705,0.25,1.192175745964));
#5800 = VECTOR('',#5801,1.);
#5801 = DIRECTION('',(0.756952599166,0.,0.653469787072));
#5802 = ORIENTED_EDGE('',*,*,#5803,.T.);
#5803 = EDGE_CURVE('',#5796,#5772,#5804,.T.);
#5804 = LINE('',#5805,#5806);
#5805 = CARTESIAN_POINT('',(5.358974456787,0.25,1.40246450901));
#5806 = VECTOR('',#5807,1.);
#5807 = DIRECTION('',(-0.597765267521,-0.613494392788,-0.516043907981));
#5808 = PLANE('',#5809);
#5809 = AXIS2_PLACEMENT_3D('',#5810,#5811,#5812);
#5810 = CARTESIAN_POINT('',(5.237179474938,0.215077921482,1.297320148034
    ));
#5811 = DIRECTION('',(0.653469787071,-1.246394704944E-06,-0.756952599165
    ));
#5812 = DIRECTION('',(-0.756952599166,5.205520845323E-23,-0.653469787072
    ));
#5813 = ADVANCED_FACE('',(#5814),#5831,.T.);
#5814 = FACE_BOUND('',#5815,.T.);
#5815 = EDGE_LOOP('',(#5816,#5817,#5825));
#5816 = ORIENTED_EDGE('',*,*,#5803,.F.);
#5817 = ORIENTED_EDGE('',*,*,#5818,.T.);
#5818 = EDGE_CURVE('',#5796,#5819,#5821,.T.);
#5819 = VERTEX_POINT('',#5820);
#5820 = CARTESIAN_POINT('',(5.358974456787,0.,1.40246450901));
#5821 = LINE('',#5822,#5823);
#5822 = CARTESIAN_POINT('',(5.358974456787,0.25,1.40246450901));
#5823 = VECTOR('',#5824,1.);
#5824 = DIRECTION('',(0.,-1.,0.));
#5825 = ORIENTED_EDGE('',*,*,#5826,.T.);
#5826 = EDGE_CURVE('',#5819,#5772,#5827,.T.);
#5827 = LINE('',#5828,#5829);
#5828 = CARTESIAN_POINT('',(5.358974456787,0.,1.40246450901));
#5829 = VECTOR('',#5830,1.);
#5830 = DIRECTION('',(-0.597765267521,0.613494392788,-0.516043907981));
#5831 = PLANE('',#5832);
#5832 = AXIS2_PLACEMENT_3D('',#5833,#5834,#5835);
#5833 = CARTESIAN_POINT('',(5.321231785352,0.125,1.369881693107));
#5834 = DIRECTION('',(0.653469054123,-0.,-0.756953231913));
#5835 = DIRECTION('',(-0.756953231913,0.,-0.653469054123));
#5836 = ADVANCED_FACE('',(#5837),#5847,.T.);
#5837 = FACE_BOUND('',#5838,.T.);
#5838 = EDGE_LOOP('',(#5839,#5840,#5846));
#5839 = ORIENTED_EDGE('',*,*,#5826,.F.);
#5840 = ORIENTED_EDGE('',*,*,#5841,.T.);
#5841 = EDGE_CURVE('',#5819,#5663,#5842,.T.);
#5842 = LINE('',#5843,#5844);
#5843 = CARTESIAN_POINT('',(5.358974456787,0.,1.40246450901));
#5844 = VECTOR('',#5845,1.);
#5845 = DIRECTION('',(-0.756952599166,0.,-0.653469787072));
#5846 = ORIENTED_EDGE('',*,*,#5771,.F.);
#5847 = PLANE('',#5848);
#5848 = AXIS2_PLACEMENT_3D('',#5849,#5850,#5851);
#5849 = CARTESIAN_POINT('',(5.237179474938,3.492207851805E-02,
    1.297320148034));
#5850 = DIRECTION('',(0.653469787071,1.246394704958E-06,-0.756952599165)
  );
#5851 = DIRECTION('',(-0.756952599166,3.878962130454E-24,-0.653469787072
    ));
#5852 = ADVANCED_FACE('',(#5853),#5870,.T.);
#5853 = FACE_BOUND('',#5854,.T.);
#5854 = EDGE_LOOP('',(#5855,#5863,#5864));
#5855 = ORIENTED_EDGE('',*,*,#5856,.T.);
#5856 = EDGE_CURVE('',#5857,#5663,#5859,.T.);
#5857 = VERTEX_POINT('',#5858);
#5858 = CARTESIAN_POINT('',(5.237179279327,0.,1.797320127487));
#5859 = LINE('',#5860,#5861);
#5860 = CARTESIAN_POINT('',(5.237179279327,0.,1.797320127487));
#5861 = VECTOR('',#5862,1.);
#5862 = DIRECTION('',(-0.197308917747,0.,-0.980341364514));
#5863 = ORIENTED_EDGE('',*,*,#5841,.F.);
#5864 = ORIENTED_EDGE('',*,*,#5865,.T.);
#5865 = EDGE_CURVE('',#5819,#5857,#5866,.T.);
#5866 = LINE('',#5867,#5868);
#5867 = CARTESIAN_POINT('',(5.358974456787,0.,1.40246450901));
#5868 = VECTOR('',#5869,1.);
#5869 = DIRECTION('',(-0.294751526986,0.,0.95557393086));
#5870 = PLANE('',#5871);
#5871 = AXIS2_PLACEMENT_3D('',#5872,#5873,#5874);
#5872 = CARTESIAN_POINT('',(5.2279897832,0.,1.479894750714));
#5873 = DIRECTION('',(-0.,-1.,-0.));
#5874 = DIRECTION('',(0.,0.,-1.));
#5875 = ADVANCED_FACE('',(#5876),#5891,.T.);
#5876 = FACE_BOUND('',#5877,.T.);
#5877 = EDGE_LOOP('',(#5878,#5879,#5885));
#5878 = ORIENTED_EDGE('',*,*,#5865,.F.);
#5879 = ORIENTED_EDGE('',*,*,#5880,.T.);
#5880 = EDGE_CURVE('',#5819,#467,#5881,.T.);
#5881 = LINE('',#5882,#5883);
#5882 = CARTESIAN_POINT('',(5.358974456787,0.,1.40246450901));
#5883 = VECTOR('',#5884,1.);
#5884 = DIRECTION('',(0.,0.,1.));
#5885 = ORIENTED_EDGE('',*,*,#5886,.T.);
#5886 = EDGE_CURVE('',#467,#5857,#5887,.T.);
#5887 = LINE('',#5888,#5889);
#5888 = CARTESIAN_POINT('',(5.358974456787,0.,2.40246462822));
#5889 = VECTOR('',#5890,1.);
#5890 = DIRECTION('',(-0.1973096228,0.,-0.980341222611));
#5891 = PLANE('',#5892);
#5892 = AXIS2_PLACEMENT_3D('',#5893,#5894,#5895);
#5893 = CARTESIAN_POINT('',(5.328068405631,0.,1.900908950607));
#5894 = DIRECTION('',(-0.,-1.,-0.));
#5895 = DIRECTION('',(0.,0.,-1.));
#5896 = ADVANCED_FACE('',(#5897),#5907,.T.);
#5897 = FACE_BOUND('',#5898,.T.);
#5898 = EDGE_LOOP('',(#5899,#5900,#5901));
#5899 = ORIENTED_EDGE('',*,*,#5886,.F.);
#5900 = ORIENTED_EDGE('',*,*,#559,.F.);
#5901 = ORIENTED_EDGE('',*,*,#5902,.T.);
#5902 = EDGE_CURVE('',#552,#5857,#5903,.T.);
#5903 = LINE('',#5904,#5905);
#5904 = CARTESIAN_POINT('',(5.115384578705,0.,2.192175865173));
#5905 = VECTOR('',#5906,1.);
#5906 = DIRECTION('',(0.294750392011,0.,-0.955574280948));
#5907 = PLANE('',#5908);
#5908 = AXIS2_PLACEMENT_3D('',#5909,#5910,#5911);
#5909 = CARTESIAN_POINT('',(5.246369080056,0.,2.114745578096));
#5910 = DIRECTION('',(-0.,-1.,-0.));
#5911 = DIRECTION('',(0.,0.,-1.));
#5912 = ADVANCED_FACE('',(#5913),#5918,.T.);
#5913 = FACE_BOUND('',#5914,.T.);
#5914 = EDGE_LOOP('',(#5915,#5916,#5917));
#5915 = ORIENTED_EDGE('',*,*,#5902,.F.);
#5916 = ORIENTED_EDGE('',*,*,#5724,.F.);
#5917 = ORIENTED_EDGE('',*,*,#5856,.F.);
#5918 = PLANE('',#5919);
#5919 = AXIS2_PLACEMENT_3D('',#5920,#5921,#5922);
#5920 = CARTESIAN_POINT('',(5.146290505352,0.,1.693731410051));
#5921 = DIRECTION('',(-0.,-1.,-0.));
#5922 = DIRECTION('',(0.,0.,-1.));
#5923 = ADVANCED_FACE('',(#5924),#5941,.T.);
#5924 = FACE_BOUND('',#5925,.T.);
#5925 = EDGE_LOOP('',(#5926,#5934,#5935));
#5926 = ORIENTED_EDGE('',*,*,#5927,.T.);
#5927 = EDGE_CURVE('',#5928,#5819,#5930,.T.);
#5928 = VERTEX_POINT('',#5929);
#5929 = CARTESIAN_POINT('',(5.48076915741,0.125,1.48982322216));
#5930 = LINE('',#5931,#5932);
#5931 = CARTESIAN_POINT('',(5.48076915741,0.125,1.48982322216));
#5932 = VECTOR('',#5933,1.);
#5933 = DIRECTION('',(-0.624051010066,-0.640474305199,-0.447608088863));
#5934 = ORIENTED_EDGE('',*,*,#5818,.F.);
#5935 = ORIENTED_EDGE('',*,*,#5936,.T.);
#5936 = EDGE_CURVE('',#5796,#5928,#5937,.T.);
#5937 = LINE('',#5938,#5939);
#5938 = CARTESIAN_POINT('',(5.358974456787,0.25,1.40246450901));
#5939 = VECTOR('',#5940,1.);
#5940 = DIRECTION('',(0.624051010066,-0.640474305199,0.447608088863));
#5941 = PLANE('',#5942);
#5942 = AXIS2_PLACEMENT_3D('',#5943,#5944,#5945);
#5943 = CARTESIAN_POINT('',(5.396096251452,0.125,1.429090562486));
#5944 = DIRECTION('',(0.58283851483,-0.,-0.812588004853));
#5945 = DIRECTION('',(-0.812588004853,0.,-0.58283851483));
#5946 = ADVANCED_FACE('',(#5947),#5964,.T.);
#5947 = FACE_BOUND('',#5948,.T.);
#5948 = EDGE_LOOP('',(#5949,#5950,#5958));
#5949 = ORIENTED_EDGE('',*,*,#5936,.F.);
#5950 = ORIENTED_EDGE('',*,*,#5951,.T.);
#5951 = EDGE_CURVE('',#5796,#5952,#5954,.T.);
#5952 = VERTEX_POINT('',#5953);
#5953 = CARTESIAN_POINT('',(5.602564334869,0.25,1.57718193531));
#5954 = LINE('',#5955,#5956);
#5955 = CARTESIAN_POINT('',(5.358974456787,0.25,1.40246450901));
#5956 = VECTOR('',#5957,1.);
#5957 = DIRECTION('',(0.812588545206,0.,0.582837761474));
#5958 = ORIENTED_EDGE('',*,*,#5959,.T.);
#5959 = EDGE_CURVE('',#5952,#5928,#5960,.T.);
#5960 = LINE('',#5961,#5962);
#5961 = CARTESIAN_POINT('',(5.602564334869,0.25,1.57718193531));
#5962 = VECTOR('',#5963,1.);
#5963 = DIRECTION('',(-0.624052501793,-0.640473328674,-0.447607406399));
#5964 = PLANE('',#5965);
#5965 = AXIS2_PLACEMENT_3D('',#5966,#5967,#5968);
#5966 = CARTESIAN_POINT('',(5.48076935466,0.21464892149,1.489823240995)
  );
#5967 = DIRECTION('',(0.582837761474,-1.111674807515E-06,-0.812588545205
    ));
#5968 = DIRECTION('',(-0.812588545206,-1.085100074287E-22,
    -0.582837761474));
#5969 = ADVANCED_FACE('',(#5970),#5987,.T.);
#5970 = FACE_BOUND('',#5971,.T.);
#5971 = EDGE_LOOP('',(#5972,#5973,#5981));
#5972 = ORIENTED_EDGE('',*,*,#5959,.F.);
#5973 = ORIENTED_EDGE('',*,*,#5974,.T.);
#5974 = EDGE_CURVE('',#5952,#5975,#5977,.T.);
#5975 = VERTEX_POINT('',#5976);
#5976 = CARTESIAN_POINT('',(5.602564334869,0.,1.57718193531));
#5977 = LINE('',#5978,#5979);
#5978 = CARTESIAN_POINT('',(5.602564334869,0.25,1.57718193531));
#5979 = VECTOR('',#5980,1.);
#5980 = DIRECTION('',(0.,-1.,0.));
#5981 = ORIENTED_EDGE('',*,*,#5982,.T.);
#5982 = EDGE_CURVE('',#5975,#5928,#5983,.T.);
#5983 = LINE('',#5984,#5985);
#5984 = CARTESIAN_POINT('',(5.602564334869,0.,1.57718193531));
#5985 = VECTOR('',#5986,1.);
#5986 = DIRECTION('',(-0.624052501793,0.640473328674,-0.447607406399));
#5987 = PLANE('',#5988);
#5988 = AXIS2_PLACEMENT_3D('',#5989,#5990,#5991);
#5989 = CARTESIAN_POINT('',(5.565442372771,0.125,1.550555865985));
#5990 = DIRECTION('',(0.58283700812,-0.,-0.812589085557));
#5991 = DIRECTION('',(-0.812589085557,0.,-0.58283700812));
#5992 = ADVANCED_FACE('',(#5993),#6003,.T.);
#5993 = FACE_BOUND('',#5994,.T.);
#5994 = EDGE_LOOP('',(#5995,#5996,#6002));
#5995 = ORIENTED_EDGE('',*,*,#5982,.F.);
#5996 = ORIENTED_EDGE('',*,*,#5997,.T.);
#5997 = EDGE_CURVE('',#5975,#5819,#5998,.T.);
#5998 = LINE('',#5999,#6000);
#5999 = CARTESIAN_POINT('',(5.602564334869,0.,1.57718193531));
#6000 = VECTOR('',#6001,1.);
#6001 = DIRECTION('',(-0.812588545206,0.,-0.582837761474));
#6002 = ORIENTED_EDGE('',*,*,#5927,.F.);
#6003 = PLANE('',#6004);
#6004 = AXIS2_PLACEMENT_3D('',#6005,#6006,#6007);
#6005 = CARTESIAN_POINT('',(5.48076935466,3.535107850951E-02,
    1.489823240995));
#6006 = DIRECTION('',(0.582837761474,1.111674807496E-06,-0.812588545205)
  );
#6007 = DIRECTION('',(-0.812588545206,-7.157644790632E-24,
    -0.582837761474));
#6008 = ADVANCED_FACE('',(#6009),#6026,.T.);
#6009 = FACE_BOUND('',#6010,.T.);
#6010 = EDGE_LOOP('',(#6011,#6019,#6020));
#6011 = ORIENTED_EDGE('',*,*,#6012,.T.);
#6012 = EDGE_CURVE('',#6013,#5819,#6015,.T.);
#6013 = VERTEX_POINT('',#6014);
#6014 = CARTESIAN_POINT('',(5.48076915741,0.,1.98982322216));
#6015 = LINE('',#6016,#6017);
#6016 = CARTESIAN_POINT('',(5.48076915741,0.,1.98982322216));
#6017 = VECTOR('',#6018,1.);
#6018 = DIRECTION('',(-0.203040747562,0.,-0.979170288984));
#6019 = ORIENTED_EDGE('',*,*,#5997,.F.);
#6020 = ORIENTED_EDGE('',*,*,#6021,.T.);
#6021 = EDGE_CURVE('',#5975,#6013,#6022,.T.);
#6022 = LINE('',#6023,#6024);
#6023 = CARTESIAN_POINT('',(5.602564334869,0.,1.57718193531));
#6024 = VECTOR('',#6025,1.);
#6025 = DIRECTION('',(-0.283086261034,0.,0.959094452499));
#6026 = PLANE('',#6027);
#6027 = AXIS2_PLACEMENT_3D('',#6028,#6029,#6030);
#6028 = CARTESIAN_POINT('',(5.473002344515,0.,1.67789874387));
#6029 = DIRECTION('',(-0.,-1.,-0.));
#6030 = DIRECTION('',(0.,0.,-1.));
#6031 = ADVANCED_FACE('',(#6032),#6047,.T.);
#6032 = FACE_BOUND('',#6033,.T.);
#6033 = EDGE_LOOP('',(#6034,#6035,#6041));
#6034 = ORIENTED_EDGE('',*,*,#6021,.F.);
#6035 = ORIENTED_EDGE('',*,*,#6036,.T.);
#6036 = EDGE_CURVE('',#5975,#382,#6037,.T.);
#6037 = LINE('',#6038,#6039);
#6038 = CARTESIAN_POINT('',(5.602564334869,0.,1.57718193531));
#6039 = VECTOR('',#6040,1.);
#6040 = DIRECTION('',(0.,0.,1.));
#6041 = ORIENTED_EDGE('',*,*,#6042,.T.);
#6042 = EDGE_CURVE('',#382,#6013,#6043,.T.);
#6043 = LINE('',#6044,#6045);
#6044 = CARTESIAN_POINT('',(5.602564334869,0.,2.57718205452));
#6045 = VECTOR('',#6046,1.);
#6046 = DIRECTION('',(-0.203041470204,0.,-0.979170139137));
#6047 = PLANE('',#6048);
#6048 = AXIS2_PLACEMENT_3D('',#6049,#6050,#6051);
#6049 = CARTESIAN_POINT('',(5.571664167961,0.,2.07590590629));
#6050 = DIRECTION('',(-0.,-1.,-0.));
#6051 = DIRECTION('',(0.,0.,-1.));
#6052 = ADVANCED_FACE('',(#6053),#6063,.T.);
#6053 = FACE_BOUND('',#6054,.T.);
#6054 = EDGE_LOOP('',(#6055,#6056,#6057));
#6055 = ORIENTED_EDGE('',*,*,#6042,.F.);
#6056 = ORIENTED_EDGE('',*,*,#474,.F.);
#6057 = ORIENTED_EDGE('',*,*,#6058,.T.);
#6058 = EDGE_CURVE('',#467,#6013,#6059,.T.);
#6059 = LINE('',#6060,#6061);
#6060 = CARTESIAN_POINT('',(5.358974456787,0.,2.40246462822));
#6061 = VECTOR('',#6062,1.);
#6062 = DIRECTION('',(0.283085166319,0.,-0.959094775614));
#6063 = PLANE('',#6064);
#6064 = AXIS2_PLACEMENT_3D('',#6065,#6066,#6067);
#6065 = CARTESIAN_POINT('',(5.488536272064,0.,2.301747772202));
#6066 = DIRECTION('',(-0.,-1.,-0.));
#6067 = DIRECTION('',(0.,0.,-1.));
#6068 = ADVANCED_FACE('',(#6069),#6074,.T.);
#6069 = FACE_BOUND('',#6070,.T.);
#6070 = EDGE_LOOP('',(#6071,#6072,#6073));
#6071 = ORIENTED_EDGE('',*,*,#6058,.F.);
#6072 = ORIENTED_EDGE('',*,*,#5880,.F.);
#6073 = ORIENTED_EDGE('',*,*,#6012,.F.);
#6074 = PLANE('',#6075);
#6075 = AXIS2_PLACEMENT_3D('',#6076,#6077,#6078);
#6076 = CARTESIAN_POINT('',(5.389874499259,0.,1.903740645858));
#6077 = DIRECTION('',(-0.,-1.,-0.));
#6078 = DIRECTION('',(0.,0.,-1.));
#6079 = ADVANCED_FACE('',(#6080),#6097,.T.);
#6080 = FACE_BOUND('',#6081,.T.);
#6081 = EDGE_LOOP('',(#6082,#6090,#6091));
#6082 = ORIENTED_EDGE('',*,*,#6083,.T.);
#6083 = EDGE_CURVE('',#6084,#5975,#6086,.T.);
#6084 = VERTEX_POINT('',#6085);
#6085 = CARTESIAN_POINT('',(5.724359035492,0.125,1.641597032547));
#6086 = LINE('',#6087,#6088);
#6087 = CARTESIAN_POINT('',(5.724359035492,0.125,1.641597032547));
#6088 = VECTOR('',#6089,1.);
#6089 = DIRECTION('',(-0.654694282795,-0.671924024043,-0.346256410755));
#6090 = ORIENTED_EDGE('',*,*,#5974,.F.);
#6091 = ORIENTED_EDGE('',*,*,#6092,.T.);
#6092 = EDGE_CURVE('',#5952,#6084,#6093,.T.);
#6093 = LINE('',#6094,#6095);
#6094 = CARTESIAN_POINT('',(5.602564334869,0.25,1.57718193531));
#6095 = VECTOR('',#6096,1.);
#6096 = DIRECTION('',(0.654694282795,-0.671924024043,0.346256410755));
#6097 = PLANE('',#6098);
#6098 = AXIS2_PLACEMENT_3D('',#6099,#6100,#6101);
#6099 = CARTESIAN_POINT('',(5.638987850194,0.125,1.596445698589));
#6100 = DIRECTION('',(0.467522308879,-0.,-0.883981272823));
#6101 = DIRECTION('',(-0.883981272823,0.,-0.467522308879));
#6102 = ADVANCED_FACE('',(#6103),#6120,.T.);
#6103 = FACE_BOUND('',#6104,.T.);
#6104 = EDGE_LOOP('',(#6105,#6106,#6114));
#6105 = ORIENTED_EDGE('',*,*,#6092,.F.);
#6106 = ORIENTED_EDGE('',*,*,#6107,.T.);
#6107 = EDGE_CURVE('',#5952,#6108,#6110,.T.);
#6108 = VERTEX_POINT('',#6109);
#6109 = CARTESIAN_POINT('',(5.846153736115,0.25,1.706012129784));
#6110 = LINE('',#6111,#6112);
#6111 = CARTESIAN_POINT('',(5.602564334869,0.25,1.57718193531));
#6112 = VECTOR('',#6113,1.);
#6113 = DIRECTION('',(0.883981272823,0.,0.467522308879));
#6114 = ORIENTED_EDGE('',*,*,#6115,.T.);
#6115 = EDGE_CURVE('',#6108,#6084,#6116,.T.);
#6116 = LINE('',#6117,#6118);
#6117 = CARTESIAN_POINT('',(5.846153736115,0.25,1.706012129784));
#6118 = VECTOR('',#6119,1.);
#6119 = DIRECTION('',(-0.654694282795,-0.671924024043,-0.346256410755));
#6120 = PLANE('',#6121);
#6121 = AXIS2_PLACEMENT_3D('',#6122,#6123,#6124);
#6122 = CARTESIAN_POINT('',(5.724359035492,0.21409325582,1.641597032547)
  );
#6123 = DIRECTION('',(0.467522308879,-0.,-0.883981272823));
#6124 = DIRECTION('',(-0.883981272823,0.,-0.467522308879));
#6125 = ADVANCED_FACE('',(#6126),#6143,.T.);
#6126 = FACE_BOUND('',#6127,.T.);
#6127 = EDGE_LOOP('',(#6128,#6129,#6137));
#6128 = ORIENTED_EDGE('',*,*,#6115,.F.);
#6129 = ORIENTED_EDGE('',*,*,#6130,.T.);
#6130 = EDGE_CURVE('',#6108,#6131,#6133,.T.);
#6131 = VERTEX_POINT('',#6132);
#6132 = CARTESIAN_POINT('',(5.846153736115,0.,1.706012129784));
#6133 = LINE('',#6134,#6135);
#6134 = CARTESIAN_POINT('',(5.846153736115,0.25,1.706012129784));
#6135 = VECTOR('',#6136,1.);
#6136 = DIRECTION('',(0.,-1.,0.));
#6137 = ORIENTED_EDGE('',*,*,#6138,.T.);
#6138 = EDGE_CURVE('',#6131,#6084,#6139,.T.);
#6139 = LINE('',#6140,#6141);
#6140 = CARTESIAN_POINT('',(5.846153736115,0.,1.706012129784));
#6141 = VECTOR('',#6142,1.);
#6142 = DIRECTION('',(-0.654694282795,0.671924024043,-0.346256410755));
#6143 = PLANE('',#6144);
#6144 = AXIS2_PLACEMENT_3D('',#6145,#6146,#6147);
#6145 = CARTESIAN_POINT('',(5.80973022079,0.125,1.686748366505));
#6146 = DIRECTION('',(0.467522308879,-0.,-0.883981272823));
#6147 = DIRECTION('',(-0.883981272823,0.,-0.467522308879));
#6148 = ADVANCED_FACE('',(#6149),#6159,.T.);
#6149 = FACE_BOUND('',#6150,.T.);
#6150 = EDGE_LOOP('',(#6151,#6152,#6158));
#6151 = ORIENTED_EDGE('',*,*,#6138,.F.);
#6152 = ORIENTED_EDGE('',*,*,#6153,.T.);
#6153 = EDGE_CURVE('',#6131,#5975,#6154,.T.);
#6154 = LINE('',#6155,#6156);
#6155 = CARTESIAN_POINT('',(5.846153736115,0.,1.706012129784));
#6156 = VECTOR('',#6157,1.);
#6157 = DIRECTION('',(-0.883981272823,0.,-0.467522308879));
#6158 = ORIENTED_EDGE('',*,*,#6083,.F.);
#6159 = PLANE('',#6160);
#6160 = AXIS2_PLACEMENT_3D('',#6161,#6162,#6163);
#6161 = CARTESIAN_POINT('',(5.724359035492,3.590674417988E-02,
    1.641597032547));
#6162 = DIRECTION('',(0.467522308879,-0.,-0.883981272823));
#6163 = DIRECTION('',(-0.883981272823,0.,-0.467522308879));
#6164 = ADVANCED_FACE('',(#6165),#6182,.T.);
#6165 = FACE_BOUND('',#6166,.T.);
#6166 = EDGE_LOOP('',(#6167,#6175,#6176));
#6167 = ORIENTED_EDGE('',*,*,#6168,.T.);
#6168 = EDGE_CURVE('',#6169,#5975,#6171,.T.);
#6169 = VERTEX_POINT('',#6170);
#6170 = CARTESIAN_POINT('',(5.724359035492,0.,2.141597032547));
#6171 = LINE('',#6172,#6173);
#6172 = CARTESIAN_POINT('',(5.724359035492,0.,2.141597032547));
#6173 = VECTOR('',#6174,1.);
#6174 = DIRECTION('',(-0.210934038887,0.,-0.977500297309));
#6175 = ORIENTED_EDGE('',*,*,#6153,.F.);
#6176 = ORIENTED_EDGE('',*,*,#6177,.T.);
#6177 = EDGE_CURVE('',#6131,#6169,#6178,.T.);
#6178 = LINE('',#6179,#6180);
#6179 = CARTESIAN_POINT('',(5.846153736115,0.,1.706012129784));
#6180 = VECTOR('',#6181,1.);
#6181 = DIRECTION('',(-0.269283272435,0.,0.963061015298));
#6182 = PLANE('',#6183);
#6183 = AXIS2_PLACEMENT_3D('',#6184,#6185,#6186);
#6184 = CARTESIAN_POINT('',(5.718521769453,0.,1.835731076109));
#6185 = DIRECTION('',(-0.,-1.,-0.));
#6186 = DIRECTION('',(0.,0.,-1.));
#6187 = ADVANCED_FACE('',(#6188),#6203,.T.);
#6188 = FACE_BOUND('',#6189,.T.);
#6189 = EDGE_LOOP('',(#6190,#6191,#6197));
#6190 = ORIENTED_EDGE('',*,*,#6177,.F.);
#6191 = ORIENTED_EDGE('',*,*,#6192,.T.);
#6192 = EDGE_CURVE('',#6131,#288,#6193,.T.);
#6193 = LINE('',#6194,#6195);
#6194 = CARTESIAN_POINT('',(5.846153736115,0.,1.706012129784));
#6195 = VECTOR('',#6196,1.);
#6196 = DIRECTION('',(0.,0.,1.));
#6197 = ORIENTED_EDGE('',*,*,#6198,.T.);
#6198 = EDGE_CURVE('',#288,#6169,#6199,.T.);
#6199 = LINE('',#6200,#6201);
#6200 = CARTESIAN_POINT('',(5.846153736115,0.,2.706012010574));
#6201 = VECTOR('',#6202,1.);
#6202 = DIRECTION('',(-0.210934081456,0.,-0.977500288123));
#6203 = PLANE('',#6204);
#6204 = AXIS2_PLACEMENT_3D('',#6205,#6206,#6207);
#6205 = CARTESIAN_POINT('',(5.815259533804,0.,2.205083137036));
#6206 = DIRECTION('',(-0.,-1.,-0.));
#6207 = DIRECTION('',(0.,0.,-1.));
#6208 = ADVANCED_FACE('',(#6209),#6219,.T.);
#6209 = FACE_BOUND('',#6210,.T.);
#6210 = EDGE_LOOP('',(#6211,#6212,#6213));
#6211 = ORIENTED_EDGE('',*,*,#6198,.F.);
#6212 = ORIENTED_EDGE('',*,*,#389,.F.);
#6213 = ORIENTED_EDGE('',*,*,#6214,.T.);
#6214 = EDGE_CURVE('',#382,#6169,#6215,.T.);
#6215 = LINE('',#6216,#6217);
#6216 = CARTESIAN_POINT('',(5.602564334869,0.,2.57718205452));
#6217 = VECTOR('',#6218,1.);
#6218 = DIRECTION('',(0.269283204083,0.,-0.96306103441));
#6219 = PLANE('',#6220);
#6220 = AXIS2_PLACEMENT_3D('',#6221,#6222,#6223);
#6221 = CARTESIAN_POINT('',(5.730196291245,0.,2.447462961058));
#6222 = DIRECTION('',(-0.,-1.,-0.));
#6223 = DIRECTION('',(0.,0.,-1.));
#6224 = ADVANCED_FACE('',(#6225),#6230,.T.);
#6225 = FACE_BOUND('',#6226,.T.);
#6226 = EDGE_LOOP('',(#6227,#6228,#6229));
#6227 = ORIENTED_EDGE('',*,*,#6214,.F.);
#6228 = ORIENTED_EDGE('',*,*,#6036,.F.);
#6229 = ORIENTED_EDGE('',*,*,#6168,.F.);
#6230 = PLANE('',#6231);
#6231 = AXIS2_PLACEMENT_3D('',#6232,#6233,#6234);
#6232 = CARTESIAN_POINT('',(5.633458536971,0.,2.078110927628));
#6233 = DIRECTION('',(-0.,-1.,-0.));
#6234 = DIRECTION('',(0.,0.,-1.));
#6235 = ADVANCED_FACE('',(#6236),#6253,.T.);
#6236 = FACE_BOUND('',#6237,.T.);
#6237 = EDGE_LOOP('',(#6238,#6246,#6247));
#6238 = ORIENTED_EDGE('',*,*,#6239,.T.);
#6239 = EDGE_CURVE('',#6240,#6131,#6242,.T.);
#6240 = VERTEX_POINT('',#6241);
#6241 = CARTESIAN_POINT('',(5.967948913574,0.125,1.743680238724));
#6242 = LINE('',#6243,#6244);
#6243 = CARTESIAN_POINT('',(5.967948913574,0.125,1.743680238724));
#6244 = VECTOR('',#6245,1.);
#6245 = DIRECTION('',(-0.682157861505,-0.700107627138,-0.210973842951));
#6246 = ORIENTED_EDGE('',*,*,#6130,.F.);
#6247 = ORIENTED_EDGE('',*,*,#6248,.T.);
#6248 = EDGE_CURVE('',#6108,#6240,#6249,.T.);
#6249 = LINE('',#6250,#6251);
#6250 = CARTESIAN_POINT('',(5.846153736115,0.25,1.706012129784));
#6251 = VECTOR('',#6252,1.);
#6252 = DIRECTION('',(0.682157861505,-0.700107627138,0.210973842951));
#6253 = PLANE('',#6254);
#6254 = AXIS2_PLACEMENT_3D('',#6255,#6256,#6257);
#6255 = CARTESIAN_POINT('',(5.881973579375,0.125,1.717090283995));
#6256 = DIRECTION('',(0.295466124412,-0.,-0.955353217049));
#6257 = DIRECTION('',(-0.955353217049,0.,-0.295466124412));
#6258 = ADVANCED_FACE('',(#6259),#6276,.T.);
#6259 = FACE_BOUND('',#6260,.T.);
#6260 = EDGE_LOOP('',(#6261,#6262,#6270));
#6261 = ORIENTED_EDGE('',*,*,#6248,.F.);
#6262 = ORIENTED_EDGE('',*,*,#6263,.T.);
#6263 = EDGE_CURVE('',#6108,#6264,#6266,.T.);
#6264 = VERTEX_POINT('',#6265);
#6265 = CARTESIAN_POINT('',(6.089743614197,0.25,1.781348466873));
#6266 = LINE('',#6267,#6268);
#6267 = CARTESIAN_POINT('',(5.846153736115,0.25,1.706012129784));
#6268 = VECTOR('',#6269,1.);
#6269 = DIRECTION('',(0.955352921811,0.,0.295467079025));
#6270 = ORIENTED_EDGE('',*,*,#6271,.T.);
#6271 = EDGE_CURVE('',#6264,#6240,#6272,.T.);
#6272 = LINE('',#6273,#6274);
#6273 = CARTESIAN_POINT('',(6.089743614197,0.25,1.781348466873));
#6274 = VECTOR('',#6275,1.);
#6275 = DIRECTION('',(-0.682156337494,-0.700108804003,-0.210974865269));
#6276 = PLANE('',#6277);
#6277 = AXIS2_PLACEMENT_3D('',#6278,#6279,#6280);
#6278 = CARTESIAN_POINT('',(5.967948714843,0.213536371176,1.743680271706
    ));
#6279 = DIRECTION('',(0.295467079025,1.01910650155E-06,-0.95535292181));
#6280 = DIRECTION('',(-0.955352921811,6.390620847141E-25,-0.295467079025
    ));
#6281 = ADVANCED_FACE('',(#6282),#6299,.T.);
#6282 = FACE_BOUND('',#6283,.T.);
#6283 = EDGE_LOOP('',(#6284,#6285,#6293));
#6284 = ORIENTED_EDGE('',*,*,#6271,.F.);
#6285 = ORIENTED_EDGE('',*,*,#6286,.T.);
#6286 = EDGE_CURVE('',#6264,#6287,#6289,.T.);
#6287 = VERTEX_POINT('',#6288);
#6288 = CARTESIAN_POINT('',(6.089743614197,0.,1.781348466873));
#6289 = LINE('',#6290,#6291);
#6290 = CARTESIAN_POINT('',(6.089743614197,0.25,1.781348466873));
#6291 = VECTOR('',#6292,1.);
#6292 = DIRECTION('',(0.,-1.,0.));
#6293 = ORIENTED_EDGE('',*,*,#6294,.T.);
#6294 = EDGE_CURVE('',#6287,#6240,#6295,.T.);
#6295 = LINE('',#6296,#6297);
#6296 = CARTESIAN_POINT('',(6.089743614197,0.,1.781348466873));
#6297 = VECTOR('',#6298,1.);
#6298 = DIRECTION('',(-0.682156337494,0.700108804003,-0.210974865269));
#6299 = PLANE('',#6300);
#6300 = AXIS2_PLACEMENT_3D('',#6301,#6302,#6303);
#6301 = CARTESIAN_POINT('',(6.053923935969,0.125,1.770270285271));
#6302 = DIRECTION('',(0.295468033641,-0.,-0.955352626571));
#6303 = DIRECTION('',(-0.955352626571,0.,-0.295468033641));
#6304 = ADVANCED_FACE('',(#6305),#6315,.T.);
#6305 = FACE_BOUND('',#6306,.T.);
#6306 = EDGE_LOOP('',(#6307,#6308,#6314));
#6307 = ORIENTED_EDGE('',*,*,#6294,.F.);
#6308 = ORIENTED_EDGE('',*,*,#6309,.T.);
#6309 = EDGE_CURVE('',#6287,#6131,#6310,.T.);
#6310 = LINE('',#6311,#6312);
#6311 = CARTESIAN_POINT('',(6.089743614197,0.,1.781348466873));
#6312 = VECTOR('',#6313,1.);
#6313 = DIRECTION('',(-0.955352921811,0.,-0.295467079025));
#6314 = ORIENTED_EDGE('',*,*,#6239,.F.);
#6315 = PLANE('',#6316);
#6316 = AXIS2_PLACEMENT_3D('',#6317,#6318,#6319);
#6317 = CARTESIAN_POINT('',(5.967948714843,3.646362882431E-02,
    1.743680271706));
#6318 = DIRECTION('',(0.295467079025,-1.019106501534E-06,-0.95535292181)
  );
#6319 = DIRECTION('',(-0.955352921811,3.074326641942E-23,-0.295467079025
    ));
#6320 = ADVANCED_FACE('',(#6321),#6338,.T.);
#6321 = FACE_BOUND('',#6322,.T.);
#6322 = EDGE_LOOP('',(#6323,#6331,#6332));
#6323 = ORIENTED_EDGE('',*,*,#6324,.T.);
#6324 = EDGE_CURVE('',#6325,#6131,#6327,.T.);
#6325 = VERTEX_POINT('',#6326);
#6326 = CARTESIAN_POINT('',(5.967948913574,0.,2.243680238724));
#6327 = LINE('',#6328,#6329);
#6328 = CARTESIAN_POINT('',(5.967948913574,0.,2.243680238724));
#6329 = VECTOR('',#6330,1.);
#6330 = DIRECTION('',(-0.220927457431,0.,-0.975290243237));
#6331 = ORIENTED_EDGE('',*,*,#6309,.F.);
#6332 = ORIENTED_EDGE('',*,*,#6333,.T.);
#6333 = EDGE_CURVE('',#6287,#6325,#6334,.T.);
#6334 = LINE('',#6335,#6336);
#6335 = CARTESIAN_POINT('',(6.089743614197,0.,1.781348466873));
#6336 = VECTOR('',#6337,1.);
#6337 = DIRECTION('',(-0.254744544797,0.,0.967008385122));
#6338 = PLANE('',#6339);
#6339 = AXIS2_PLACEMENT_3D('',#6340,#6341,#6342);
#6340 = CARTESIAN_POINT('',(5.964478749389,0.,1.942976943346));
#6341 = DIRECTION('',(-0.,-1.,-0.));
#6342 = DIRECTION('',(0.,0.,-1.));
#6343 = ADVANCED_FACE('',(#6344),#6359,.T.);
#6344 = FACE_BOUND('',#6345,.T.);
#6345 = EDGE_LOOP('',(#6346,#6347,#6353));
#6346 = ORIENTED_EDGE('',*,*,#6333,.F.);
#6347 = ORIENTED_EDGE('',*,*,#6348,.T.);
#6348 = EDGE_CURVE('',#6287,#296,#6349,.T.);
#6349 = LINE('',#6350,#6351);
#6350 = CARTESIAN_POINT('',(6.089743614197,0.,1.781348466873));
#6351 = VECTOR('',#6352,1.);
#6352 = DIRECTION('',(0.,0.,1.));
#6353 = ORIENTED_EDGE('',*,*,#6354,.T.);
#6354 = EDGE_CURVE('',#296,#6325,#6355,.T.);
#6355 = LINE('',#6356,#6357);
#6356 = CARTESIAN_POINT('',(6.089743614197,0.,2.781348466873));
#6357 = VECTOR('',#6358,1.);
#6358 = DIRECTION('',(-0.220926588108,0.,-0.97529044016));
#6359 = PLANE('',#6360);
#6360 = AXIS2_PLACEMENT_3D('',#6361,#6362,#6363);
#6361 = CARTESIAN_POINT('',(6.058853892819,0.,2.280810636522));
#6362 = DIRECTION('',(-0.,-1.,-0.));
#6363 = DIRECTION('',(0.,0.,-1.));
#6364 = ADVANCED_FACE('',(#6365),#6375,.T.);
#6365 = FACE_BOUND('',#6366,.T.);
#6366 = EDGE_LOOP('',(#6367,#6368,#6369));
#6367 = ORIENTED_EDGE('',*,*,#6354,.F.);
#6368 = ORIENTED_EDGE('',*,*,#295,.F.);
#6369 = ORIENTED_EDGE('',*,*,#6370,.T.);
#6370 = EDGE_CURVE('',#288,#6325,#6371,.T.);
#6371 = LINE('',#6372,#6373);
#6372 = CARTESIAN_POINT('',(5.846153736115,0.,2.706012010574));
#6373 = VECTOR('',#6374,1.);
#6374 = DIRECTION('',(0.254745477422,0.,-0.967008139435));
#6375 = PLANE('',#6376);
#6376 = AXIS2_PLACEMENT_3D('',#6377,#6378,#6379);
#6377 = CARTESIAN_POINT('',(5.971418786315,0.,2.544383570136));
#6378 = DIRECTION('',(-0.,-1.,-0.));
#6379 = DIRECTION('',(0.,0.,-1.));
#6380 = ADVANCED_FACE('',(#6381),#6386,.T.);
#6381 = FACE_BOUND('',#6382,.T.);
#6382 = EDGE_LOOP('',(#6383,#6384,#6385));
#6383 = ORIENTED_EDGE('',*,*,#6370,.F.);
#6384 = ORIENTED_EDGE('',*,*,#6192,.F.);
#6385 = ORIENTED_EDGE('',*,*,#6324,.F.);
#6386 = PLANE('',#6387);
#6387 = AXIS2_PLACEMENT_3D('',#6388,#6389,#6390);
#6388 = CARTESIAN_POINT('',(5.877043581877,0.,2.206549903825));
#6389 = DIRECTION('',(-0.,-1.,-0.));
#6390 = DIRECTION('',(0.,0.,-1.));
#6391 = ADVANCED_FACE('',(#6392),#6409,.T.);
#6392 = FACE_BOUND('',#6393,.T.);
#6393 = EDGE_LOOP('',(#6394,#6402,#6403));
#6394 = ORIENTED_EDGE('',*,*,#6395,.T.);
#6395 = EDGE_CURVE('',#6396,#6287,#6398,.T.);
#6396 = VERTEX_POINT('',#6397);
#6397 = CARTESIAN_POINT('',(6.089743614197,0.125,2.281348466873));
#6398 = LINE('',#6399,#6400);
#6399 = CARTESIAN_POINT('',(6.089743614197,0.125,2.281348466873));
#6400 = VECTOR('',#6401,1.);
#6401 = DIRECTION('',(0.,-0.242535625036,-0.970142500145));
#6402 = ORIENTED_EDGE('',*,*,#6286,.F.);
#6403 = ORIENTED_EDGE('',*,*,#6404,.T.);
#6404 = EDGE_CURVE('',#6264,#6396,#6405,.T.);
#6405 = LINE('',#6406,#6407);
#6406 = CARTESIAN_POINT('',(6.089743614197,0.25,1.781348466873));
#6407 = VECTOR('',#6408,1.);
#6408 = DIRECTION('',(0.,-0.242535625036,0.970142500145));
#6409 = PLANE('',#6410);
#6410 = AXIS2_PLACEMENT_3D('',#6411,#6412,#6413);
#6411 = CARTESIAN_POINT('',(6.089743614197,0.125,1.982549941473));
#6412 = DIRECTION('',(1.,0.,0.));
#6413 = DIRECTION('',(-0.,0.,1.));
#6414 = ADVANCED_FACE('',(#6415),#6430,.T.);
#6415 = FACE_BOUND('',#6416,.T.);
#6416 = EDGE_LOOP('',(#6417,#6418,#6424));
#6417 = ORIENTED_EDGE('',*,*,#6404,.F.);
#6418 = ORIENTED_EDGE('',*,*,#6419,.T.);
#6419 = EDGE_CURVE('',#6264,#319,#6420,.T.);
#6420 = LINE('',#6421,#6422);
#6421 = CARTESIAN_POINT('',(6.089743614197,0.25,1.781348466873));
#6422 = VECTOR('',#6423,1.);
#6423 = DIRECTION('',(0.,0.,1.));
#6424 = ORIENTED_EDGE('',*,*,#6425,.T.);
#6425 = EDGE_CURVE('',#319,#6396,#6426,.T.);
#6426 = LINE('',#6427,#6428);
#6427 = CARTESIAN_POINT('',(6.089743614197,0.25,2.781348466873));
#6428 = VECTOR('',#6429,1.);
#6429 = DIRECTION('',(0.,-0.242535625036,-0.970142500145));
#6430 = PLANE('',#6431);
#6431 = AXIS2_PLACEMENT_3D('',#6432,#6433,#6434);
#6432 = CARTESIAN_POINT('',(6.089743614197,0.218276406404,2.281348466873
    ));
#6433 = DIRECTION('',(1.,0.,0.));
#6434 = DIRECTION('',(-0.,0.,1.));
#6435 = ADVANCED_FACE('',(#6436),#6446,.T.);
#6436 = FACE_BOUND('',#6437,.T.);
#6437 = EDGE_LOOP('',(#6438,#6439,#6440));
#6438 = ORIENTED_EDGE('',*,*,#6425,.F.);
#6439 = ORIENTED_EDGE('',*,*,#318,.F.);
#6440 = ORIENTED_EDGE('',*,*,#6441,.T.);
#6441 = EDGE_CURVE('',#296,#6396,#6442,.T.);
#6442 = LINE('',#6443,#6444);
#6443 = CARTESIAN_POINT('',(6.089743614197,0.,2.781348466873));
#6444 = VECTOR('',#6445,1.);
#6445 = DIRECTION('',(0.,0.242535625036,-0.970142500145));
#6446 = PLANE('',#6447);
#6447 = AXIS2_PLACEMENT_3D('',#6448,#6449,#6450);
#6448 = CARTESIAN_POINT('',(6.089743614197,0.125,2.580146992273));
#6449 = DIRECTION('',(1.,0.,0.));
#6450 = DIRECTION('',(-0.,0.,1.));
#6451 = ADVANCED_FACE('',(#6452),#6457,.T.);
#6452 = FACE_BOUND('',#6453,.T.);
#6453 = EDGE_LOOP('',(#6454,#6455,#6456));
#6454 = ORIENTED_EDGE('',*,*,#6441,.F.);
#6455 = ORIENTED_EDGE('',*,*,#6348,.F.);
#6456 = ORIENTED_EDGE('',*,*,#6395,.F.);
#6457 = PLANE('',#6458);
#6458 = AXIS2_PLACEMENT_3D('',#6459,#6460,#6461);
#6459 = CARTESIAN_POINT('',(6.089743614197,3.172359359558E-02,
    2.281348466873));
#6460 = DIRECTION('',(1.,0.,0.));
#6461 = DIRECTION('',(-0.,0.,1.));
#6462 = ADVANCED_FACE('',(#6463),#6480,.T.);
#6463 = FACE_BOUND('',#6464,.T.);
#6464 = EDGE_LOOP('',(#6465,#6473,#6474));
#6465 = ORIENTED_EDGE('',*,*,#6466,.T.);
#6466 = EDGE_CURVE('',#6467,#2527,#6469,.T.);
#6467 = VERTEX_POINT('',#6468);
#6468 = CARTESIAN_POINT('',(0.121794871986,0.375,2.785239219666));
#6469 = LINE('',#6470,#6471);
#6470 = CARTESIAN_POINT('',(0.121794871986,0.375,2.785239219666));
#6471 = VECTOR('',#6472,1.);
#6472 = DIRECTION('',(-0.695382056144,-0.713681582817,8.427570433388E-02
    ));
#6473 = ORIENTED_EDGE('',*,*,#2526,.F.);
#6474 = ORIENTED_EDGE('',*,*,#6475,.T.);
#6475 = EDGE_CURVE('',#2297,#6467,#6476,.T.);
#6476 = LINE('',#6477,#6478);
#6477 = CARTESIAN_POINT('',(0.243589743972,0.25,2.770478487015));
#6478 = VECTOR('',#6479,1.);
#6479 = DIRECTION('',(-0.695382056144,0.713681582817,8.427570433388E-02)
  );
#6480 = PLANE('',#6481);
#6481 = AXIS2_PLACEMENT_3D('',#6482,#6483,#6484);
#6482 = CARTESIAN_POINT('',(0.121794871986,0.286754538508,2.785239219666
    ));
#6483 = DIRECTION('',(0.120313035417,0.,0.992736003935));
#6484 = DIRECTION('',(0.992736003935,0.,-0.120313035417));
#6485 = ADVANCED_FACE('',(#6486),#6503,.T.);
#6486 = FACE_BOUND('',#6487,.T.);
#6487 = EDGE_LOOP('',(#6488,#6489,#6497));
#6488 = ORIENTED_EDGE('',*,*,#6475,.F.);
#6489 = ORIENTED_EDGE('',*,*,#6490,.T.);
#6490 = EDGE_CURVE('',#2297,#6491,#6493,.T.);
#6491 = VERTEX_POINT('',#6492);
#6492 = CARTESIAN_POINT('',(0.243589743972,0.5,2.770478487015));
#6493 = LINE('',#6494,#6495);
#6494 = CARTESIAN_POINT('',(0.243589743972,0.25,2.770478487015));
#6495 = VECTOR('',#6496,1.);
#6496 = DIRECTION('',(0.,1.,0.));
#6497 = ORIENTED_EDGE('',*,*,#6498,.T.);
#6498 = EDGE_CURVE('',#6491,#6467,#6499,.T.);
#6499 = LINE('',#6500,#6501);
#6500 = CARTESIAN_POINT('',(0.243589743972,0.5,2.770478487015));
#6501 = VECTOR('',#6502,1.);
#6502 = DIRECTION('',(-0.695382056144,-0.713681582817,8.427570433388E-02
    ));
#6503 = PLANE('',#6504);
#6504 = AXIS2_PLACEMENT_3D('',#6505,#6506,#6507);
#6505 = CARTESIAN_POINT('',(0.20805371639,0.375,2.77478521844));
#6506 = DIRECTION('',(0.120313035417,0.,0.992736003935));
#6507 = DIRECTION('',(0.992736003935,0.,-0.120313035417));
#6508 = ADVANCED_FACE('',(#6509),#6526,.T.);
#6509 = FACE_BOUND('',#6510,.T.);
#6510 = EDGE_LOOP('',(#6511,#6512,#6520));
#6511 = ORIENTED_EDGE('',*,*,#6498,.F.);
#6512 = ORIENTED_EDGE('',*,*,#6513,.T.);
#6513 = EDGE_CURVE('',#6491,#6514,#6516,.T.);
#6514 = VERTEX_POINT('',#6515);
#6515 = CARTESIAN_POINT('',(0.,0.5,2.799999952316));
#6516 = LINE('',#6517,#6518);
#6517 = CARTESIAN_POINT('',(0.243589743972,0.5,2.770478487015));
#6518 = VECTOR('',#6519,1.);
#6519 = DIRECTION('',(-0.992736003935,0.,0.120313035417));
#6520 = ORIENTED_EDGE('',*,*,#6521,.T.);
#6521 = EDGE_CURVE('',#6514,#6467,#6522,.T.);
#6522 = LINE('',#6523,#6524);
#6523 = CARTESIAN_POINT('',(0.,0.5,2.799999952316));
#6524 = VECTOR('',#6525,1.);
#6525 = DIRECTION('',(0.695382056144,-0.713681582817,-8.427570433388E-02
    ));
#6526 = PLANE('',#6527);
#6527 = AXIS2_PLACEMENT_3D('',#6528,#6529,#6530);
#6528 = CARTESIAN_POINT('',(0.121794871986,0.463245461492,2.785239219666
    ));
#6529 = DIRECTION('',(0.120313035417,0.,0.992736003935));
#6530 = DIRECTION('',(0.992736003935,0.,-0.120313035417));
#6531 = ADVANCED_FACE('',(#6532),#6542,.T.);
#6532 = FACE_BOUND('',#6533,.T.);
#6533 = EDGE_LOOP('',(#6534,#6535,#6541));
#6534 = ORIENTED_EDGE('',*,*,#6521,.F.);
#6535 = ORIENTED_EDGE('',*,*,#6536,.T.);
#6536 = EDGE_CURVE('',#6514,#2527,#6537,.T.);
#6537 = LINE('',#6538,#6539);
#6538 = CARTESIAN_POINT('',(0.,0.5,2.799999952316));
#6539 = VECTOR('',#6540,1.);
#6540 = DIRECTION('',(0.,-1.,0.));
#6541 = ORIENTED_EDGE('',*,*,#6466,.F.);
#6542 = PLANE('',#6543);
#6543 = AXIS2_PLACEMENT_3D('',#6544,#6545,#6546);
#6544 = CARTESIAN_POINT('',(3.553602758153E-02,0.375,2.795693220891));
#6545 = DIRECTION('',(0.120313035417,0.,0.992736003935));
#6546 = DIRECTION('',(0.992736003935,0.,-0.120313035417));
#6547 = ADVANCED_FACE('',(#6548),#6565,.T.);
#6548 = FACE_BOUND('',#6549,.T.);
#6549 = EDGE_LOOP('',(#6550,#6558,#6559));
#6550 = ORIENTED_EDGE('',*,*,#6551,.T.);
#6551 = EDGE_CURVE('',#6552,#203,#6554,.T.);
#6552 = VERTEX_POINT('',#6553);
#6553 = CARTESIAN_POINT('',(0.,0.375,2.299999952316));
#6554 = LINE('',#6555,#6556);
#6555 = CARTESIAN_POINT('',(0.,0.375,2.299999952316));
#6556 = VECTOR('',#6557,1.);
#6557 = DIRECTION('',(0.,-0.242535625036,-0.970142500145));
#6558 = ORIENTED_EDGE('',*,*,#2620,.F.);
#6559 = ORIENTED_EDGE('',*,*,#6560,.T.);
#6560 = EDGE_CURVE('',#2527,#6552,#6561,.T.);
#6561 = LINE('',#6562,#6563);
#6562 = CARTESIAN_POINT('',(0.,0.25,2.799999952316));
#6563 = VECTOR('',#6564,1.);
#6564 = DIRECTION('',(0.,0.242535625036,-0.970142500145));
#6565 = PLANE('',#6566);
#6566 = AXIS2_PLACEMENT_3D('',#6567,#6568,#6569);
#6567 = CARTESIAN_POINT('',(0.,0.281723593596,2.299999952316));
#6568 = DIRECTION('',(-1.,-0.,-0.));
#6569 = DIRECTION('',(0.,0.,-1.));
#6570 = ADVANCED_FACE('',(#6571),#6581,.T.);
#6571 = FACE_BOUND('',#6572,.T.);
#6572 = EDGE_LOOP('',(#6573,#6574,#6575));
#6573 = ORIENTED_EDGE('',*,*,#6560,.F.);
#6574 = ORIENTED_EDGE('',*,*,#6536,.F.);
#6575 = ORIENTED_EDGE('',*,*,#6576,.T.);
#6576 = EDGE_CURVE('',#6514,#6552,#6577,.T.);
#6577 = LINE('',#6578,#6579);
#6578 = CARTESIAN_POINT('',(0.,0.5,2.799999952316));
#6579 = VECTOR('',#6580,1.);
#6580 = DIRECTION('',(0.,-0.242535625036,-0.970142500145));
#6581 = PLANE('',#6582);
#6582 = AXIS2_PLACEMENT_3D('',#6583,#6584,#6585);
#6583 = CARTESIAN_POINT('',(0.,0.375,2.598798477717));
#6584 = DIRECTION('',(-1.,-0.,-0.));
#6585 = DIRECTION('',(0.,0.,-1.));
#6586 = ADVANCED_FACE('',(#6587),#6602,.T.);
#6587 = FACE_BOUND('',#6588,.T.);
#6588 = EDGE_LOOP('',(#6589,#6590,#6596));
#6589 = ORIENTED_EDGE('',*,*,#6576,.F.);
#6590 = ORIENTED_EDGE('',*,*,#6591,.T.);
#6591 = EDGE_CURVE('',#6514,#118,#6592,.T.);
#6592 = LINE('',#6593,#6594);
#6593 = CARTESIAN_POINT('',(0.,0.5,2.799999952316));
#6594 = VECTOR('',#6595,1.);
#6595 = DIRECTION('',(0.,0.,-1.));
#6596 = ORIENTED_EDGE('',*,*,#6597,.T.);
#6597 = EDGE_CURVE('',#118,#6552,#6598,.T.);
#6598 = LINE('',#6599,#6600);
#6599 = CARTESIAN_POINT('',(0.,0.5,1.799999952316));
#6600 = VECTOR('',#6601,1.);
#6601 = DIRECTION('',(0.,-0.242535625036,0.970142500145));
#6602 = PLANE('',#6603);
#6603 = AXIS2_PLACEMENT_3D('',#6604,#6605,#6606);
#6604 = CARTESIAN_POINT('',(0.,0.468276406404,2.299999952316));
#6605 = DIRECTION('',(-1.,-0.,-0.));
#6606 = DIRECTION('',(0.,0.,-1.));
#6607 = ADVANCED_FACE('',(#6608),#6613,.T.);
#6608 = FACE_BOUND('',#6609,.T.);
#6609 = EDGE_LOOP('',(#6610,#6611,#6612));
#6610 = ORIENTED_EDGE('',*,*,#6597,.F.);
#6611 = ORIENTED_EDGE('',*,*,#210,.F.);
#6612 = ORIENTED_EDGE('',*,*,#6551,.F.);
#6613 = PLANE('',#6614);
#6614 = AXIS2_PLACEMENT_3D('',#6615,#6616,#6617);
#6615 = CARTESIAN_POINT('',(0.,0.375,2.001201426916));
#6616 = DIRECTION('',(-1.,-0.,-0.));
#6617 = DIRECTION('',(0.,0.,-1.));
#6618 = ADVANCED_FACE('',(#6619),#6636,.T.);
#6619 = FACE_BOUND('',#6620,.T.);
#6620 = EDGE_LOOP('',(#6621,#6629,#6630));
#6621 = ORIENTED_EDGE('',*,*,#6622,.T.);
#6622 = EDGE_CURVE('',#6623,#248,#6625,.T.);
#6623 = VERTEX_POINT('',#6624);
#6624 = CARTESIAN_POINT('',(0.365384608507,0.375,1.72706758976));
#6625 = LINE('',#6626,#6627);
#6626 = CARTESIAN_POINT('',(0.365384608507,0.375,1.72706758976));
#6627 = VECTOR('',#6628,1.);
#6628 = DIRECTION('',(-0.677229039429,-0.695050897684,0.241381601998));
#6629 = ORIENTED_EDGE('',*,*,#247,.F.);
#6630 = ORIENTED_EDGE('',*,*,#6631,.T.);
#6631 = EDGE_CURVE('',#163,#6623,#6632,.T.);
#6632 = LINE('',#6633,#6634);
#6633 = CARTESIAN_POINT('',(0.243589743972,0.5,1.770478367805));
#6634 = VECTOR('',#6635,1.);
#6635 = DIRECTION('',(0.677229039429,-0.695050897684,-0.241381601998));
#6636 = PLANE('',#6637);
#6637 = AXIS2_PLACEMENT_3D('',#6638,#6639,#6640);
#6638 = CARTESIAN_POINT('',(0.279516353816,0.375,1.757673213074));
#6639 = DIRECTION('',(-0.335736929277,-0.,-0.941955792126));
#6640 = DIRECTION('',(-0.941955792126,0.,0.335736929277));
#6641 = ADVANCED_FACE('',(#6642),#6659,.T.);
#6642 = FACE_BOUND('',#6643,.T.);
#6643 = EDGE_LOOP('',(#6644,#6645,#6653));
#6644 = ORIENTED_EDGE('',*,*,#6631,.F.);
#6645 = ORIENTED_EDGE('',*,*,#6646,.T.);
#6646 = EDGE_CURVE('',#163,#6647,#6649,.T.);
#6647 = VERTEX_POINT('',#6648);
#6648 = CARTESIAN_POINT('',(0.487179487944,0.5,1.683656811714));
#6649 = LINE('',#6650,#6651);
#6650 = CARTESIAN_POINT('',(0.243589743972,0.5,1.770478367805));
#6651 = VECTOR('',#6652,1.);
#6652 = DIRECTION('',(0.941955798621,0.,-0.335736911054));
#6653 = ORIENTED_EDGE('',*,*,#6654,.T.);
#6654 = EDGE_CURVE('',#6647,#6623,#6655,.T.);
#6655 = LINE('',#6656,#6657);
#6656 = CARTESIAN_POINT('',(0.487179487944,0.5,1.683656811714));
#6657 = VECTOR('',#6658,1.);
#6658 = DIRECTION('',(-0.677229084284,-0.695050858683,0.241381588454));
#6659 = PLANE('',#6660);
#6660 = AXIS2_PLACEMENT_3D('',#6661,#6662,#6663);
#6661 = CARTESIAN_POINT('',(0.365384614785,0.463640817765,1.727067589406
    ));
#6662 = DIRECTION('',(-0.335736911054,2.001147932023E-08,-0.941955798621
    ));
#6663 = DIRECTION('',(-0.941955798621,-2.424145538705E-25,0.335736911054
    ));
#6664 = ADVANCED_FACE('',(#6665),#6680,.T.);
#6665 = FACE_BOUND('',#6666,.T.);
#6666 = EDGE_LOOP('',(#6667,#6668,#6674));
#6667 = ORIENTED_EDGE('',*,*,#6654,.F.);
#6668 = ORIENTED_EDGE('',*,*,#6669,.T.);
#6669 = EDGE_CURVE('',#6647,#2676,#6670,.T.);
#6670 = LINE('',#6671,#6672);
#6671 = CARTESIAN_POINT('',(0.487179487944,0.5,1.683656811714));
#6672 = VECTOR('',#6673,1.);
#6673 = DIRECTION('',(0.,-1.,0.));
#6674 = ORIENTED_EDGE('',*,*,#6675,.T.);
#6675 = EDGE_CURVE('',#2676,#6623,#6676,.T.);
#6676 = LINE('',#6677,#6678);
#6677 = CARTESIAN_POINT('',(0.487179487944,0.25,1.683656811714));
#6678 = VECTOR('',#6679,1.);
#6679 = DIRECTION('',(-0.677229084284,0.695050858683,0.241381588454));
#6680 = PLANE('',#6681);
#6681 = AXIS2_PLACEMENT_3D('',#6682,#6683,#6684);
#6682 = CARTESIAN_POINT('',(0.451252872877,0.375,1.69646196674));
#6683 = DIRECTION('',(-0.335736892831,-0.,-0.941955805116));
#6684 = DIRECTION('',(-0.941955805116,0.,0.335736892831));
#6685 = ADVANCED_FACE('',(#6686),#6691,.T.);
#6686 = FACE_BOUND('',#6687,.T.);
#6687 = EDGE_LOOP('',(#6688,#6689,#6690));
#6688 = ORIENTED_EDGE('',*,*,#6675,.F.);
#6689 = ORIENTED_EDGE('',*,*,#2675,.F.);
#6690 = ORIENTED_EDGE('',*,*,#6622,.F.);
#6691 = PLANE('',#6692);
#6692 = AXIS2_PLACEMENT_3D('',#6693,#6694,#6695);
#6693 = CARTESIAN_POINT('',(0.365384614785,0.286359182235,1.727067589406
    ));
#6694 = DIRECTION('',(-0.335736911054,-2.001147933046E-08,
    -0.941955798621));
#6695 = DIRECTION('',(-0.941955798621,-9.752064902946E-25,0.335736911054
    ));
#6696 = ADVANCED_FACE('',(#6697),#6714,.T.);
#6697 = FACE_BOUND('',#6698,.T.);
#6698 = EDGE_LOOP('',(#6699,#6707,#6708));
#6699 = ORIENTED_EDGE('',*,*,#6700,.T.);
#6700 = EDGE_CURVE('',#6701,#2297,#6703,.T.);
#6701 = VERTEX_POINT('',#6702);
#6702 = CARTESIAN_POINT('',(0.365384608507,0.375,2.727067708969));
#6703 = LINE('',#6704,#6705);
#6704 = CARTESIAN_POINT('',(0.365384608507,0.375,2.727067708969));
#6705 = VECTOR('',#6706,1.);
#6706 = DIRECTION('',(-0.677229039429,-0.695050897684,0.241381601998));
#6707 = ORIENTED_EDGE('',*,*,#2296,.F.);
#6708 = ORIENTED_EDGE('',*,*,#6709,.T.);
#6709 = EDGE_CURVE('',#2212,#6701,#6710,.T.);
#6710 = LINE('',#6711,#6712);
#6711 = CARTESIAN_POINT('',(0.487179487944,0.25,2.683656692505));
#6712 = VECTOR('',#6713,1.);
#6713 = DIRECTION('',(-0.67722886757,0.695050636265,0.241382836915));
#6714 = PLANE('',#6715);
#6715 = AXIS2_PLACEMENT_3D('',#6716,#6717,#6718);
#6716 = CARTESIAN_POINT('',(0.365384620453,0.286359179961,2.72706762206)
  );
#6717 = DIRECTION('',(0.33573772909,-8.783072461863E-07,0.941955507052)
  );
#6718 = DIRECTION('',(0.941955507052,-1.451170711057E-23,-0.33573772909)
  );
#6719 = ADVANCED_FACE('',(#6720),#6737,.T.);
#6720 = FACE_BOUND('',#6721,.T.);
#6721 = EDGE_LOOP('',(#6722,#6723,#6731));
#6722 = ORIENTED_EDGE('',*,*,#6709,.F.);
#6723 = ORIENTED_EDGE('',*,*,#6724,.T.);
#6724 = EDGE_CURVE('',#2212,#6725,#6727,.T.);
#6725 = VERTEX_POINT('',#6726);
#6726 = CARTESIAN_POINT('',(0.487179487944,0.5,2.683656692505));
#6727 = LINE('',#6728,#6729);
#6728 = CARTESIAN_POINT('',(0.487179487944,0.25,2.683656692505));
#6729 = VECTOR('',#6730,1.);
#6730 = DIRECTION('',(0.,1.,0.));
#6731 = ORIENTED_EDGE('',*,*,#6732,.T.);
#6732 = EDGE_CURVE('',#6725,#6701,#6733,.T.);
#6733 = LINE('',#6734,#6735);
#6734 = CARTESIAN_POINT('',(0.487179487944,0.5,2.683656692505));
#6735 = VECTOR('',#6736,1.);
#6736 = DIRECTION('',(-0.67722886757,-0.695050636265,0.241382836915));
#6737 = PLANE('',#6738);
#6738 = AXIS2_PLACEMENT_3D('',#6739,#6740,#6741);
#6739 = CARTESIAN_POINT('',(0.451252868163,0.375,2.696461919539));
#6740 = DIRECTION('',(0.335738528902,0.,0.941955221977));
#6741 = DIRECTION('',(0.941955221977,0.,-0.335738528902));
#6742 = ADVANCED_FACE('',(#6743),#6758,.T.);
#6743 = FACE_BOUND('',#6744,.T.);
#6744 = EDGE_LOOP('',(#6745,#6746,#6752));
#6745 = ORIENTED_EDGE('',*,*,#6732,.F.);
#6746 = ORIENTED_EDGE('',*,*,#6747,.T.);
#6747 = EDGE_CURVE('',#6725,#6491,#6748,.T.);
#6748 = LINE('',#6749,#6750);
#6749 = CARTESIAN_POINT('',(0.487179487944,0.5,2.683656692505));
#6750 = VECTOR('',#6751,1.);
#6751 = DIRECTION('',(-0.941955507052,0.,0.33573772909));
#6752 = ORIENTED_EDGE('',*,*,#6753,.T.);
#6753 = EDGE_CURVE('',#6491,#6701,#6754,.T.);
#6754 = LINE('',#6755,#6756);
#6755 = CARTESIAN_POINT('',(0.243589743972,0.5,2.770478487015));
#6756 = VECTOR('',#6757,1.);
#6757 = DIRECTION('',(0.677229039429,-0.695050897684,-0.241381601998));
#6758 = PLANE('',#6759);
#6759 = AXIS2_PLACEMENT_3D('',#6760,#6761,#6762);
#6760 = CARTESIAN_POINT('',(0.365384620453,0.463640820039,2.72706762206)
  );
#6761 = DIRECTION('',(0.33573772909,8.783072461797E-07,0.941955507052));
#6762 = DIRECTION('',(0.941955507052,-1.712595444954E-23,-0.33573772909)
  );
#6763 = ADVANCED_FACE('',(#6764),#6769,.T.);
#6764 = FACE_BOUND('',#6765,.T.);
#6765 = EDGE_LOOP('',(#6766,#6767,#6768));
#6766 = ORIENTED_EDGE('',*,*,#6753,.F.);
#6767 = ORIENTED_EDGE('',*,*,#6490,.F.);
#6768 = ORIENTED_EDGE('',*,*,#6700,.F.);
#6769 = PLANE('',#6770);
#6770 = AXIS2_PLACEMENT_3D('',#6771,#6772,#6773);
#6771 = CARTESIAN_POINT('',(0.279516353816,0.375,2.757673332283));
#6772 = DIRECTION('',(0.335736929277,0.,0.941955792126));
#6773 = DIRECTION('',(0.941955792126,0.,-0.335736929277));
#6774 = ADVANCED_FACE('',(#6775),#6792,.T.);
#6775 = FACE_BOUND('',#6776,.T.);
#6776 = EDGE_LOOP('',(#6777,#6785,#6786));
#6777 = ORIENTED_EDGE('',*,*,#6778,.T.);
#6778 = EDGE_CURVE('',#6779,#2676,#6781,.T.);
#6779 = VERTEX_POINT('',#6780);
#6780 = CARTESIAN_POINT('',(0.608974337578,0.375,1.614158987999));
#6781 = LINE('',#6782,#6783);
#6782 = CARTESIAN_POINT('',(0.608974337578,0.375,1.614158987999));
#6783 = VECTOR('',#6784,1.);
#6784 = DIRECTION('',(-0.648350217109,-0.665412186,0.369957590405));
#6785 = ORIENTED_EDGE('',*,*,#6669,.F.);
#6786 = ORIENTED_EDGE('',*,*,#6787,.T.);
#6787 = EDGE_CURVE('',#6647,#6779,#6788,.T.);
#6788 = LINE('',#6789,#6790);
#6789 = CARTESIAN_POINT('',(0.487179487944,0.5,1.683656811714));
#6790 = VECTOR('',#6791,1.);
#6791 = DIRECTION('',(0.648350217109,-0.665412186,-0.369957590405));
#6792 = PLANE('',#6793);
#6793 = AXIS2_PLACEMENT_3D('',#6794,#6795,#6796);
#6794 = CARTESIAN_POINT('',(0.523745465621,0.375,1.662791759717));
#6795 = DIRECTION('',(-0.495605381332,-0.,-0.868547814455));
#6796 = DIRECTION('',(-0.868547814455,0.,0.495605381332));
#6797 = ADVANCED_FACE('',(#6798),#6815,.T.);
#6798 = FACE_BOUND('',#6799,.T.);
#6799 = EDGE_LOOP('',(#6800,#6801,#6809));
#6800 = ORIENTED_EDGE('',*,*,#6787,.F.);
#6801 = ORIENTED_EDGE('',*,*,#6802,.T.);
#6802 = EDGE_CURVE('',#6647,#6803,#6805,.T.);
#6803 = VERTEX_POINT('',#6804);
#6804 = CARTESIAN_POINT('',(0.730769217014,0.5,1.544661164284));
#6805 = LINE('',#6806,#6807);
#6806 = CARTESIAN_POINT('',(0.487179487944,0.5,1.683656811714));
#6807 = VECTOR('',#6808,1.);
#6808 = DIRECTION('',(0.868547840556,0.,-0.49560533559));
#6809 = ORIENTED_EDGE('',*,*,#6810,.T.);
#6810 = EDGE_CURVE('',#6803,#6779,#6811,.T.);
#6811 = LINE('',#6812,#6813);
#6812 = CARTESIAN_POINT('',(0.730769217014,0.5,1.544661164284));
#6813 = VECTOR('',#6814,1.);
#6814 = DIRECTION('',(-0.648350309067,-0.665412117556,0.369957552351));
#6815 = PLANE('',#6816);
#6816 = AXIS2_PLACEMENT_3D('',#6817,#6818,#6819);
#6817 = CARTESIAN_POINT('',(0.608974350006,0.46421365423,1.614158986976)
  );
#6818 = DIRECTION('',(-0.49560533559,5.908075995245E-08,-0.868547840556)
  );
#6819 = DIRECTION('',(-0.868547840556,2.309848570146E-24,0.49560533559)
  );
#6820 = ADVANCED_FACE('',(#6821),#6836,.T.);
#6821 = FACE_BOUND('',#6822,.T.);
#6822 = EDGE_LOOP('',(#6823,#6824,#6830));
#6823 = ORIENTED_EDGE('',*,*,#6810,.F.);
#6824 = ORIENTED_EDGE('',*,*,#6825,.T.);
#6825 = EDGE_CURVE('',#6803,#2832,#6826,.T.);
#6826 = LINE('',#6827,#6828);
#6827 = CARTESIAN_POINT('',(0.730769217014,0.5,1.544661164284));
#6828 = VECTOR('',#6829,1.);
#6829 = DIRECTION('',(0.,-1.,0.));
#6830 = ORIENTED_EDGE('',*,*,#6831,.T.);
#6831 = EDGE_CURVE('',#2832,#6779,#6832,.T.);
#6832 = LINE('',#6833,#6834);
#6833 = CARTESIAN_POINT('',(0.730769217014,0.25,1.544661164284));
#6834 = VECTOR('',#6835,1.);
#6835 = DIRECTION('',(-0.648350309067,0.665412117556,0.369957552351));
#6836 = PLANE('',#6837);
#6837 = AXIS2_PLACEMENT_3D('',#6838,#6839,#6840);
#6838 = CARTESIAN_POINT('',(0.694203228887,0.375,1.565526217138));
#6839 = DIRECTION('',(-0.495605289848,-0.,-0.868547866657));
#6840 = DIRECTION('',(-0.868547866657,0.,0.495605289848));
#6841 = ADVANCED_FACE('',(#6842),#6847,.T.);
#6842 = FACE_BOUND('',#6843,.T.);
#6843 = EDGE_LOOP('',(#6844,#6845,#6846));
#6844 = ORIENTED_EDGE('',*,*,#6831,.F.);
#6845 = ORIENTED_EDGE('',*,*,#2831,.F.);
#6846 = ORIENTED_EDGE('',*,*,#6778,.F.);
#6847 = PLANE('',#6848);
#6848 = AXIS2_PLACEMENT_3D('',#6849,#6850,#6851);
#6849 = CARTESIAN_POINT('',(0.608974350006,0.28578634577,1.614158986976)
  );
#6850 = DIRECTION('',(-0.49560533559,-5.908075995186E-08,-0.868547840556
    ));
#6851 = DIRECTION('',(-0.868547840556,2.476965423973E-24,0.49560533559)
  );
#6852 = ADVANCED_FACE('',(#6853),#6870,.T.);
#6853 = FACE_BOUND('',#6854,.T.);
#6854 = EDGE_LOOP('',(#6855,#6863,#6864));
#6855 = ORIENTED_EDGE('',*,*,#6856,.T.);
#6856 = EDGE_CURVE('',#6857,#2212,#6859,.T.);
#6857 = VERTEX_POINT('',#6858);
#6858 = CARTESIAN_POINT('',(0.608974337578,0.375,2.61415886879));
#6859 = LINE('',#6860,#6861);
#6860 = CARTESIAN_POINT('',(0.608974337578,0.375,2.61415886879));
#6861 = VECTOR('',#6862,1.);
#6862 = DIRECTION('',(-0.648350217109,-0.665412186,0.369957590405));
#6863 = ORIENTED_EDGE('',*,*,#2211,.F.);
#6864 = ORIENTED_EDGE('',*,*,#6865,.T.);
#6865 = EDGE_CURVE('',#2127,#6857,#6866,.T.);
#6866 = LINE('',#6867,#6868);
#6867 = CARTESIAN_POINT('',(0.730769217014,0.25,2.544661283493));
#6868 = VECTOR('',#6869,1.);
#6869 = DIRECTION('',(-0.648350613493,0.665412429994,0.369956456887));
#6870 = PLANE('',#6871);
#6871 = AXIS2_PLACEMENT_3D('',#6872,#6873,#6874);
#6872 = CARTESIAN_POINT('',(0.60897434182,0.285786348623,2.614158957518)
  );
#6873 = DIRECTION('',(0.495604694288,8.87392800612E-07,0.868548206491));
#6874 = DIRECTION('',(0.868548206491,3.287520198372E-24,-0.495604694288)
  );
#6875 = ADVANCED_FACE('',(#6876),#6893,.T.);
#6876 = FACE_BOUND('',#6877,.T.);
#6877 = EDGE_LOOP('',(#6878,#6879,#6887));
#6878 = ORIENTED_EDGE('',*,*,#6865,.F.);
#6879 = ORIENTED_EDGE('',*,*,#6880,.T.);
#6880 = EDGE_CURVE('',#2127,#6881,#6883,.T.);
#6881 = VERTEX_POINT('',#6882);
#6882 = CARTESIAN_POINT('',(0.730769217014,0.5,2.544661283493));
#6883 = LINE('',#6884,#6885);
#6884 = CARTESIAN_POINT('',(0.730769217014,0.25,2.544661283493));
#6885 = VECTOR('',#6886,1.);
#6886 = DIRECTION('',(0.,1.,0.));
#6887 = ORIENTED_EDGE('',*,*,#6888,.T.);
#6888 = EDGE_CURVE('',#6881,#6857,#6889,.T.);
#6889 = LINE('',#6890,#6891);
#6890 = CARTESIAN_POINT('',(0.730769217014,0.5,2.544661283493));
#6891 = VECTOR('',#6892,1.);
#6892 = DIRECTION('',(-0.648350613493,-0.665412429994,0.369956456887));
#6893 = PLANE('',#6894);
#6894 = AXIS2_PLACEMENT_3D('',#6895,#6896,#6897);
#6895 = CARTESIAN_POINT('',(0.694203235747,0.375,2.565526260854));
#6896 = DIRECTION('',(0.495604007243,0.,0.868548598528));
#6897 = DIRECTION('',(0.868548598528,0.,-0.495604007243));
#6898 = ADVANCED_FACE('',(#6899),#6914,.T.);
#6899 = FACE_BOUND('',#6900,.T.);
#6900 = EDGE_LOOP('',(#6901,#6902,#6908));
#6901 = ORIENTED_EDGE('',*,*,#6888,.F.);
#6902 = ORIENTED_EDGE('',*,*,#6903,.T.);
#6903 = EDGE_CURVE('',#6881,#6725,#6904,.T.);
#6904 = LINE('',#6905,#6906);
#6905 = CARTESIAN_POINT('',(0.730769217014,0.5,2.544661283493));
#6906 = VECTOR('',#6907,1.);
#6907 = DIRECTION('',(-0.868548206491,0.,0.495604694288));
#6908 = ORIENTED_EDGE('',*,*,#6909,.T.);
#6909 = EDGE_CURVE('',#6725,#6857,#6910,.T.);
#6910 = LINE('',#6911,#6912);
#6911 = CARTESIAN_POINT('',(0.487179487944,0.5,2.683656692505));
#6912 = VECTOR('',#6913,1.);
#6913 = DIRECTION('',(0.648350217109,-0.665412186,-0.369957590405));
#6914 = PLANE('',#6915);
#6915 = AXIS2_PLACEMENT_3D('',#6916,#6917,#6918);
#6916 = CARTESIAN_POINT('',(0.60897434182,0.464213651377,2.614158957518)
  );
#6917 = DIRECTION('',(0.495604694288,-8.873928006356E-07,0.868548206491)
  );
#6918 = DIRECTION('',(0.868548206491,1.590354301871E-23,-0.495604694288)
  );
#6919 = ADVANCED_FACE('',(#6920),#6925,.T.);
#6920 = FACE_BOUND('',#6921,.T.);
#6921 = EDGE_LOOP('',(#6922,#6923,#6924));
#6922 = ORIENTED_EDGE('',*,*,#6909,.F.);
#6923 = ORIENTED_EDGE('',*,*,#6724,.F.);
#6924 = ORIENTED_EDGE('',*,*,#6856,.F.);
#6925 = PLANE('',#6926);
#6926 = AXIS2_PLACEMENT_3D('',#6927,#6928,#6929);
#6927 = CARTESIAN_POINT('',(0.523745465621,0.375,2.662791640508));
#6928 = DIRECTION('',(0.495605381332,0.,0.868547814455));
#6929 = DIRECTION('',(0.868547814455,0.,-0.495605381332));
#6930 = ADVANCED_FACE('',(#6931),#6948,.T.);
#6931 = FACE_BOUND('',#6932,.T.);
#6932 = EDGE_LOOP('',(#6933,#6941,#6942));
#6933 = ORIENTED_EDGE('',*,*,#6934,.T.);
#6934 = EDGE_CURVE('',#6935,#2832,#6937,.T.);
#6935 = VERTEX_POINT('',#6936);
#6936 = CARTESIAN_POINT('',(0.852564096451,0.375,1.453179836273));
#6937 = LINE('',#6938,#6939);
#6938 = CARTESIAN_POINT('',(0.852564096451,0.375,1.453179836273));
#6939 = VECTOR('',#6940,1.);
#6940 = DIRECTION('',(-0.618098219128,-0.634363921935,0.464259632165));
#6941 = ORIENTED_EDGE('',*,*,#6825,.F.);
#6942 = ORIENTED_EDGE('',*,*,#6943,.T.);
#6943 = EDGE_CURVE('',#6803,#6935,#6944,.T.);
#6944 = LINE('',#6945,#6946);
#6945 = CARTESIAN_POINT('',(0.730769217014,0.5,1.544661164284));
#6946 = VECTOR('',#6947,1.);
#6947 = DIRECTION('',(0.618098219128,-0.634363921935,-0.464259632165));
#6948 = PLANE('',#6949);
#6949 = AXIS2_PLACEMENT_3D('',#6950,#6951,#6952);
#6950 = CARTESIAN_POINT('',(0.76802985334,0.375,1.51667433504));
#6951 = DIRECTION('',(-0.600567765739,-0.,-0.799573860725));
#6952 = DIRECTION('',(-0.799573860725,0.,0.600567765739));
#6953 = ADVANCED_FACE('',(#6954),#6971,.T.);
#6954 = FACE_BOUND('',#6955,.T.);
#6955 = EDGE_LOOP('',(#6956,#6957,#6965));
#6956 = ORIENTED_EDGE('',*,*,#6943,.F.);
#6957 = ORIENTED_EDGE('',*,*,#6958,.T.);
#6958 = EDGE_CURVE('',#6803,#6959,#6961,.T.);
#6959 = VERTEX_POINT('',#6960);
#6960 = CARTESIAN_POINT('',(0.974358975887,0.5,1.361698508263));
#6961 = LINE('',#6962,#6963);
#6962 = CARTESIAN_POINT('',(0.730769217014,0.5,1.544661164284));
#6963 = VECTOR('',#6964,1.);
#6964 = DIRECTION('',(0.799573860725,0.,-0.600567765739));
#6965 = ORIENTED_EDGE('',*,*,#6966,.T.);
#6966 = EDGE_CURVE('',#6959,#6935,#6967,.T.);
#6967 = LINE('',#6968,#6969);
#6968 = CARTESIAN_POINT('',(0.974358975887,0.5,1.361698508263));
#6969 = VECTOR('',#6970,1.);
#6970 = DIRECTION('',(-0.618098219128,-0.634363921935,0.464259632165));
#6971 = PLANE('',#6972);
#6972 = AXIS2_PLACEMENT_3D('',#6973,#6974,#6975);
#6973 = CARTESIAN_POINT('',(0.852564096451,0.464749699874,1.453179836273
    ));
#6974 = DIRECTION('',(-0.600567765739,-0.,-0.799573860725));
#6975 = DIRECTION('',(-0.799573860725,0.,0.600567765739));
#6976 = ADVANCED_FACE('',(#6977),#6992,.T.);
#6977 = FACE_BOUND('',#6978,.T.);
#6978 = EDGE_LOOP('',(#6979,#6980,#6986));
#6979 = ORIENTED_EDGE('',*,*,#6966,.F.);
#6980 = ORIENTED_EDGE('',*,*,#6981,.T.);
#6981 = EDGE_CURVE('',#6959,#2988,#6982,.T.);
#6982 = LINE('',#6983,#6984);
#6983 = CARTESIAN_POINT('',(0.974358975887,0.5,1.361698508263));
#6984 = VECTOR('',#6985,1.);
#6985 = DIRECTION('',(0.,-1.,0.));
#6986 = ORIENTED_EDGE('',*,*,#6987,.T.);
#6987 = EDGE_CURVE('',#2988,#6935,#6988,.T.);
#6988 = LINE('',#6989,#6990);
#6989 = CARTESIAN_POINT('',(0.974358975887,0.25,1.361698508263));
#6990 = VECTOR('',#6991,1.);
#6991 = DIRECTION('',(-0.618098219128,0.634363921935,0.464259632165));
#6992 = PLANE('',#6993);
#6993 = AXIS2_PLACEMENT_3D('',#6994,#6995,#6996);
#6994 = CARTESIAN_POINT('',(0.937098339562,0.375,1.389685337506));
#6995 = DIRECTION('',(-0.600567765739,-0.,-0.799573860725));
#6996 = DIRECTION('',(-0.799573860725,0.,0.600567765739));
#6997 = ADVANCED_FACE('',(#6998),#7003,.T.);
#6998 = FACE_BOUND('',#6999,.T.);
#6999 = EDGE_LOOP('',(#7000,#7001,#7002));
#7000 = ORIENTED_EDGE('',*,*,#6987,.F.);
#7001 = ORIENTED_EDGE('',*,*,#2987,.F.);
#7002 = ORIENTED_EDGE('',*,*,#6934,.F.);
#7003 = PLANE('',#7004);
#7004 = AXIS2_PLACEMENT_3D('',#7005,#7006,#7007);
#7005 = CARTESIAN_POINT('',(0.852564096451,0.285250300126,1.453179836273
    ));
#7006 = DIRECTION('',(-0.600567765739,-0.,-0.799573860725));
#7007 = DIRECTION('',(-0.799573860725,0.,0.600567765739));
#7008 = ADVANCED_FACE('',(#7009),#7026,.T.);
#7009 = FACE_BOUND('',#7010,.T.);
#7010 = EDGE_LOOP('',(#7011,#7019,#7020));
#7011 = ORIENTED_EDGE('',*,*,#7012,.T.);
#7012 = EDGE_CURVE('',#7013,#2127,#7015,.T.);
#7013 = VERTEX_POINT('',#7014);
#7014 = CARTESIAN_POINT('',(0.852564096451,0.375,2.453179836273));
#7015 = LINE('',#7016,#7017);
#7016 = CARTESIAN_POINT('',(0.852564096451,0.375,2.453179836273));
#7017 = VECTOR('',#7018,1.);
#7018 = DIRECTION('',(-0.618098045525,-0.634363743764,0.464260106747));
#7019 = ORIENTED_EDGE('',*,*,#2126,.F.);
#7020 = ORIENTED_EDGE('',*,*,#7021,.T.);
#7021 = EDGE_CURVE('',#2042,#7013,#7022,.T.);
#7022 = LINE('',#7023,#7024);
#7023 = CARTESIAN_POINT('',(0.974358975887,0.25,2.361698627472));
#7024 = VECTOR('',#7025,1.);
#7025 = DIRECTION('',(-0.618098392731,0.634364100107,0.464259157583));
#7026 = PLANE('',#7027);
#7027 = AXIS2_PLACEMENT_3D('',#7028,#7029,#7030);
#7028 = CARTESIAN_POINT('',(0.852564086804,0.285250300126,2.453179929111
    ));
#7029 = DIRECTION('',(0.600567765739,7.62533055049E-07,0.799573860725));
#7030 = DIRECTION('',(0.799573860725,-1.855194689392E-23,-0.600567765739
    ));
#7031 = ADVANCED_FACE('',(#7032),#7049,.T.);
#7032 = FACE_BOUND('',#7033,.T.);
#7033 = EDGE_LOOP('',(#7034,#7035,#7043));
#7034 = ORIENTED_EDGE('',*,*,#7021,.F.);
#7035 = ORIENTED_EDGE('',*,*,#7036,.T.);
#7036 = EDGE_CURVE('',#2042,#7037,#7039,.T.);
#7037 = VERTEX_POINT('',#7038);
#7038 = CARTESIAN_POINT('',(0.974358975887,0.5,2.361698627472));
#7039 = LINE('',#7040,#7041);
#7040 = CARTESIAN_POINT('',(0.974358975887,0.25,2.361698627472));
#7041 = VECTOR('',#7042,1.);
#7042 = DIRECTION('',(0.,1.,0.));
#7043 = ORIENTED_EDGE('',*,*,#7044,.T.);
#7044 = EDGE_CURVE('',#7037,#7013,#7045,.T.);
#7045 = LINE('',#7046,#7047);
#7046 = CARTESIAN_POINT('',(0.974358975887,0.5,2.361698627472));
#7047 = VECTOR('',#7048,1.);
#7048 = DIRECTION('',(-0.618098392731,-0.634364100107,0.464259157583));
#7049 = PLANE('',#7050);
#7050 = AXIS2_PLACEMENT_3D('',#7051,#7052,#7053);
#7051 = CARTESIAN_POINT('',(0.937098343624,0.375,2.389685417195));
#7052 = DIRECTION('',(0.600567265409,0.,0.799574236528));
#7053 = DIRECTION('',(0.799574236528,0.,-0.600567265409));
#7054 = ADVANCED_FACE('',(#7055),#7070,.T.);
#7055 = FACE_BOUND('',#7056,.T.);
#7056 = EDGE_LOOP('',(#7057,#7058,#7064));
#7057 = ORIENTED_EDGE('',*,*,#7044,.F.);
#7058 = ORIENTED_EDGE('',*,*,#7059,.T.);
#7059 = EDGE_CURVE('',#7037,#6881,#7060,.T.);
#7060 = LINE('',#7061,#7062);
#7061 = CARTESIAN_POINT('',(0.974358975887,0.5,2.361698627472));
#7062 = VECTOR('',#7063,1.);
#7063 = DIRECTION('',(-0.799573860725,0.,0.600567765739));
#7064 = ORIENTED_EDGE('',*,*,#7065,.T.);
#7065 = EDGE_CURVE('',#6881,#7013,#7066,.T.);
#7066 = LINE('',#7067,#7068);
#7067 = CARTESIAN_POINT('',(0.730769217014,0.5,2.544661283493));
#7068 = VECTOR('',#7069,1.);
#7069 = DIRECTION('',(0.618098045525,-0.634363743764,-0.464260106747));
#7070 = PLANE('',#7071);
#7071 = AXIS2_PLACEMENT_3D('',#7072,#7073,#7074);
#7072 = CARTESIAN_POINT('',(0.852564086804,0.464749699874,2.453179929111
    ));
#7073 = DIRECTION('',(0.600567765739,-7.625330550942E-07,0.799573860725)
  );
#7074 = DIRECTION('',(0.799573860725,8.165018798785E-25,-0.600567765739)
  );
#7075 = ADVANCED_FACE('',(#7076),#7081,.T.);
#7076 = FACE_BOUND('',#7077,.T.);
#7077 = EDGE_LOOP('',(#7078,#7079,#7080));
#7078 = ORIENTED_EDGE('',*,*,#7065,.F.);
#7079 = ORIENTED_EDGE('',*,*,#6880,.F.);
#7080 = ORIENTED_EDGE('',*,*,#7012,.F.);
#7081 = PLANE('',#7082);
#7082 = AXIS2_PLACEMENT_3D('',#7083,#7084,#7085);
#7083 = CARTESIAN_POINT('',(0.768029857402,0.375,2.516674414729));
#7084 = DIRECTION('',(0.600568266069,0.,0.799573484922));
#7085 = DIRECTION('',(0.799573484922,0.,-0.600568266069));
#7086 = ADVANCED_FACE('',(#7087),#7104,.T.);
#7087 = FACE_BOUND('',#7088,.T.);
#7088 = EDGE_LOOP('',(#7089,#7097,#7098));
#7089 = ORIENTED_EDGE('',*,*,#7090,.T.);
#7090 = EDGE_CURVE('',#7091,#2988,#7093,.T.);
#7091 = VERTEX_POINT('',#7092);
#7092 = CARTESIAN_POINT('',(1.096153855324,0.375,1.253634929657));
#7093 = LINE('',#7094,#7095);
#7094 = CARTESIAN_POINT('',(1.096153855324,0.375,1.253634929657));
#7095 = VECTOR('',#7096,1.);
#7096 = DIRECTION('',(-0.593333154676,-0.608947146856,0.526440062968));
#7097 = ORIENTED_EDGE('',*,*,#6981,.F.);
#7098 = ORIENTED_EDGE('',*,*,#7099,.T.);
#7099 = EDGE_CURVE('',#6959,#7091,#7100,.T.);
#7100 = LINE('',#7101,#7102);
#7101 = CARTESIAN_POINT('',(0.974358975887,0.5,1.361698508263));
#7102 = VECTOR('',#7103,1.);
#7103 = DIRECTION('',(0.593333154676,-0.608947146856,-0.526440062968));
#7104 = PLANE('',#7105);
#7105 = AXIS2_PLACEMENT_3D('',#7106,#7107,#7108);
#7106 = CARTESIAN_POINT('',(1.012208223973,0.375,1.328116429816));
#7107 = DIRECTION('',(-0.663682420039,-0.,-0.748014468665));
#7108 = DIRECTION('',(-0.748014468665,0.,0.663682420039));
#7109 = ADVANCED_FACE('',(#7110),#7127,.T.);
#7110 = FACE_BOUND('',#7111,.T.);
#7111 = EDGE_LOOP('',(#7112,#7113,#7121));
#7112 = ORIENTED_EDGE('',*,*,#7099,.F.);
#7113 = ORIENTED_EDGE('',*,*,#7114,.T.);
#7114 = EDGE_CURVE('',#6959,#7115,#7117,.T.);
#7115 = VERTEX_POINT('',#7116);
#7116 = CARTESIAN_POINT('',(1.217948675156,0.5,1.145571351051));
#7117 = LINE('',#7118,#7119);
#7118 = CARTESIAN_POINT('',(0.974358975887,0.5,1.361698508263));
#7119 = VECTOR('',#7120,1.);
#7120 = DIRECTION('',(0.748014388043,0.,-0.663682510905));
#7121 = ORIENTED_EDGE('',*,*,#7122,.T.);
#7122 = EDGE_CURVE('',#7115,#7091,#7123,.T.);
#7123 = LINE('',#7124,#7125);
#7124 = CARTESIAN_POINT('',(1.217948675156,0.5,1.145571351051));
#7125 = VECTOR('',#7126,1.);
#7126 = DIRECTION('',(-0.59333296653,-0.608947251769,0.526440153666));
#7127 = PLANE('',#7128);
#7128 = AXIS2_PLACEMENT_3D('',#7129,#7130,#7131);
#7129 = CARTESIAN_POINT('',(1.096153830906,0.465146316639,1.253634932253
    ));
#7130 = DIRECTION('',(-0.663682510905,-1.582342412448E-07,
    -0.748014388043));
#7131 = DIRECTION('',(-0.748014388043,3.138725647207E-24,0.663682510905)
  );
#7132 = ADVANCED_FACE('',(#7133),#7148,.T.);
#7133 = FACE_BOUND('',#7134,.T.);
#7134 = EDGE_LOOP('',(#7135,#7136,#7142));
#7135 = ORIENTED_EDGE('',*,*,#7122,.F.);
#7136 = ORIENTED_EDGE('',*,*,#7137,.T.);
#7137 = EDGE_CURVE('',#7115,#3144,#7138,.T.);
#7138 = LINE('',#7139,#7140);
#7139 = CARTESIAN_POINT('',(1.217948675156,0.5,1.145571351051));
#7140 = VECTOR('',#7141,1.);
#7141 = DIRECTION('',(0.,-1.,0.));
#7142 = ORIENTED_EDGE('',*,*,#7143,.T.);
#7143 = EDGE_CURVE('',#3144,#7091,#7144,.T.);
#7144 = LINE('',#7145,#7146);
#7145 = CARTESIAN_POINT('',(1.217948675156,0.25,1.145571351051));
#7146 = VECTOR('',#7147,1.);
#7147 = DIRECTION('',(-0.59333296653,0.608947251769,0.526440153666));
#7148 = PLANE('',#7149);
#7149 = AXIS2_PLACEMENT_3D('',#7150,#7151,#7152);
#7150 = CARTESIAN_POINT('',(1.180099448061,0.375,1.179153427309));
#7151 = DIRECTION('',(-0.663682601771,-0.,-0.748014307421));
#7152 = DIRECTION('',(-0.748014307421,0.,0.663682601771));
#7153 = ADVANCED_FACE('',(#7154),#7159,.T.);
#7154 = FACE_BOUND('',#7155,.T.);
#7155 = EDGE_LOOP('',(#7156,#7157,#7158));
#7156 = ORIENTED_EDGE('',*,*,#7143,.F.);
#7157 = ORIENTED_EDGE('',*,*,#3143,.F.);
#7158 = ORIENTED_EDGE('',*,*,#7090,.F.);
#7159 = PLANE('',#7160);
#7160 = AXIS2_PLACEMENT_3D('',#7161,#7162,#7163);
#7161 = CARTESIAN_POINT('',(1.096153830906,0.284853683361,1.253634932253
    ));
#7162 = DIRECTION('',(-0.663682510905,1.582342412256E-07,-0.748014388043
    ));
#7163 = DIRECTION('',(-0.748014388043,-1.126040547583E-23,0.663682510905
    ));
#7164 = ADVANCED_FACE('',(#7165),#7182,.T.);
#7165 = FACE_BOUND('',#7166,.T.);
#7166 = EDGE_LOOP('',(#7167,#7175,#7176));
#7167 = ORIENTED_EDGE('',*,*,#7168,.T.);
#7168 = EDGE_CURVE('',#7169,#2042,#7171,.T.);
#7169 = VERTEX_POINT('',#7170);
#7170 = CARTESIAN_POINT('',(1.096153855324,0.375,2.253634929657));
#7171 = LINE('',#7172,#7173);
#7172 = CARTESIAN_POINT('',(1.096153855324,0.375,2.253634929657));
#7173 = VECTOR('',#7174,1.);
#7174 = DIRECTION('',(-0.593332973281,-0.608946960687,0.52644048276));
#7175 = ORIENTED_EDGE('',*,*,#2041,.F.);
#7176 = ORIENTED_EDGE('',*,*,#7177,.T.);
#7177 = EDGE_CURVE('',#1957,#7169,#7178,.T.);
#7178 = LINE('',#7179,#7180);
#7179 = CARTESIAN_POINT('',(1.217948675156,0.25,2.145571470261));
#7180 = VECTOR('',#7181,1.);
#7181 = DIRECTION('',(-0.593333147926,0.608947437938,0.526439733873));
#7182 = PLANE('',#7183);
#7183 = AXIS2_PLACEMENT_3D('',#7184,#7185,#7186);
#7184 = CARTESIAN_POINT('',(1.096153820523,0.284853683361,2.253635027435
    ));
#7185 = DIRECTION('',(0.663682510904,5.55127868963E-07,0.748014388043));
#7186 = DIRECTION('',(0.748014388043,3.838071536605E-23,-0.663682510905)
  );
#7187 = ADVANCED_FACE('',(#7188),#7205,.T.);
#7188 = FACE_BOUND('',#7189,.T.);
#7189 = EDGE_LOOP('',(#7190,#7191,#7199));
#7190 = ORIENTED_EDGE('',*,*,#7177,.F.);
#7191 = ORIENTED_EDGE('',*,*,#7192,.T.);
#7192 = EDGE_CURVE('',#1957,#7193,#7195,.T.);
#7193 = VERTEX_POINT('',#7194);
#7194 = CARTESIAN_POINT('',(1.217948675156,0.5,2.145571470261));
#7195 = LINE('',#7196,#7197);
#7196 = CARTESIAN_POINT('',(1.217948675156,0.25,2.145571470261));
#7197 = VECTOR('',#7198,1.);
#7198 = DIRECTION('',(0.,1.,0.));
#7199 = ORIENTED_EDGE('',*,*,#7200,.T.);
#7200 = EDGE_CURVE('',#7193,#7169,#7201,.T.);
#7201 = LINE('',#7202,#7203);
#7202 = CARTESIAN_POINT('',(1.217948675156,0.5,2.145571470261));
#7203 = VECTOR('',#7204,1.);
#7204 = DIRECTION('',(-0.593333147926,-0.608947437938,0.526439733873));
#7205 = PLANE('',#7206);
#7206 = AXIS2_PLACEMENT_3D('',#7207,#7208,#7209);
#7207 = CARTESIAN_POINT('',(1.18009945244,0.375,2.179153505586));
#7208 = DIRECTION('',(0.663682192122,0.,0.748014670886));
#7209 = DIRECTION('',(0.748014670886,0.,-0.663682192122));
#7210 = ADVANCED_FACE('',(#7211),#7226,.T.);
#7211 = FACE_BOUND('',#7212,.T.);
#7212 = EDGE_LOOP('',(#7213,#7214,#7220));
#7213 = ORIENTED_EDGE('',*,*,#7200,.F.);
#7214 = ORIENTED_EDGE('',*,*,#7215,.T.);
#7215 = EDGE_CURVE('',#7193,#7037,#7216,.T.);
#7216 = LINE('',#7217,#7218);
#7217 = CARTESIAN_POINT('',(1.217948675156,0.5,2.145571470261));
#7218 = VECTOR('',#7219,1.);
#7219 = DIRECTION('',(-0.748014388043,0.,0.663682510905));
#7220 = ORIENTED_EDGE('',*,*,#7221,.T.);
#7221 = EDGE_CURVE('',#7037,#7169,#7222,.T.);
#7222 = LINE('',#7223,#7224);
#7223 = CARTESIAN_POINT('',(0.974358975887,0.5,2.361698627472));
#7224 = VECTOR('',#7225,1.);
#7225 = DIRECTION('',(0.593332973281,-0.608946960687,-0.52644048276));
#7226 = PLANE('',#7227);
#7227 = AXIS2_PLACEMENT_3D('',#7228,#7229,#7230);
#7228 = CARTESIAN_POINT('',(1.096153820523,0.465146316639,2.253635027435
    ));
#7229 = DIRECTION('',(0.663682510904,-5.551278690088E-07,0.748014388043)
  );
#7230 = DIRECTION('',(0.748014388043,1.622839406796E-23,-0.663682510905)
  );
#7231 = ADVANCED_FACE('',(#7232),#7237,.T.);
#7232 = FACE_BOUND('',#7233,.T.);
#7233 = EDGE_LOOP('',(#7234,#7235,#7236));
#7234 = ORIENTED_EDGE('',*,*,#7221,.F.);
#7235 = ORIENTED_EDGE('',*,*,#7036,.F.);
#7236 = ORIENTED_EDGE('',*,*,#7168,.F.);
#7237 = PLANE('',#7238);
#7238 = AXIS2_PLACEMENT_3D('',#7239,#7240,#7241);
#7239 = CARTESIAN_POINT('',(1.012208228353,0.375,2.328116508093));
#7240 = DIRECTION('',(0.663682829686,0.,0.748014105201));
#7241 = DIRECTION('',(0.748014105201,0.,-0.663682829686));
#7242 = ADVANCED_FACE('',(#7243),#7260,.T.);
#7243 = FACE_BOUND('',#7244,.T.);
#7244 = EDGE_LOOP('',(#7245,#7253,#7254));
#7245 = ORIENTED_EDGE('',*,*,#7246,.T.);
#7246 = EDGE_CURVE('',#7247,#3144,#7249,.T.);
#7247 = VERTEX_POINT('',#7248);
#7248 = CARTESIAN_POINT('',(1.339743614197,0.375,1.027305960655));
#7249 = LINE('',#7250,#7251);
#7250 = CARTESIAN_POINT('',(1.339743614197,0.375,1.027305960655));
#7251 = VECTOR('',#7252,1.);
#7252 = DIRECTION('',(-0.577715898785,-0.592918621387,0.560974017851));
#7253 = ORIENTED_EDGE('',*,*,#7137,.F.);
#7254 = ORIENTED_EDGE('',*,*,#7255,.T.);
#7255 = EDGE_CURVE('',#7115,#7247,#7256,.T.);
#7256 = LINE('',#7257,#7258);
#7257 = CARTESIAN_POINT('',(1.217948675156,0.5,1.145571351051));
#7258 = VECTOR('',#7259,1.);
#7259 = DIRECTION('',(0.577715898785,-0.592918621387,-0.560974017851));
#7260 = PLANE('',#7261);
#7261 = AXIS2_PLACEMENT_3D('',#7262,#7263,#7264);
#7262 = CARTESIAN_POINT('',(1.256178794826,0.375,1.108449118689));
#7263 = DIRECTION('',(-0.696635070038,-0.,-0.717425661092));
#7264 = DIRECTION('',(-0.717425661092,0.,0.696635070038));
#7265 = ADVANCED_FACE('',(#7266),#7283,.T.);
#7266 = FACE_BOUND('',#7267,.T.);
#7267 = EDGE_LOOP('',(#7268,#7269,#7277));
#7268 = ORIENTED_EDGE('',*,*,#7255,.F.);
#7269 = ORIENTED_EDGE('',*,*,#7270,.T.);
#7270 = EDGE_CURVE('',#7115,#7271,#7273,.T.);
#7271 = VERTEX_POINT('',#7272);
#7272 = CARTESIAN_POINT('',(1.461538434029,0.5,0.909040629864));
#7273 = LINE('',#7274,#7275);
#7274 = CARTESIAN_POINT('',(1.217948675156,0.5,1.145571351051));
#7275 = VECTOR('',#7276,1.);
#7276 = DIRECTION('',(0.71742557844,0.,-0.696635155156));
#7277 = ORIENTED_EDGE('',*,*,#7278,.T.);
#7278 = EDGE_CURVE('',#7271,#7247,#7279,.T.);
#7279 = LINE('',#7280,#7281);
#7280 = CARTESIAN_POINT('',(1.461538434029,0.5,0.909040629864));
#7281 = VECTOR('',#7282,1.);
#7282 = DIRECTION('',(-0.577715613683,-0.592918909113,0.56097400735));
#7283 = PLANE('',#7284);
#7284 = AXIS2_PLACEMENT_3D('',#7285,#7286,#7287);
#7285 = CARTESIAN_POINT('',(1.339743562916,0.465378991889,1.027305990151
    ));
#7286 = DIRECTION('',(-0.696635155156,-1.611339406611E-07,-0.71742557844
    ));
#7287 = DIRECTION('',(-0.71742557844,-4.465804924646E-24,0.696635155156)
  );
#7288 = ADVANCED_FACE('',(#7289),#7304,.T.);
#7289 = FACE_BOUND('',#7290,.T.);
#7290 = EDGE_LOOP('',(#7291,#7292,#7298));
#7291 = ORIENTED_EDGE('',*,*,#7278,.F.);
#7292 = ORIENTED_EDGE('',*,*,#7293,.T.);
#7293 = EDGE_CURVE('',#7271,#3300,#7294,.T.);
#7294 = LINE('',#7295,#7296);
#7295 = CARTESIAN_POINT('',(1.461538434029,0.5,0.909040629864));
#7296 = VECTOR('',#7297,1.);
#7297 = DIRECTION('',(0.,-1.,0.));
#7298 = ORIENTED_EDGE('',*,*,#7299,.T.);
#7299 = EDGE_CURVE('',#3300,#7247,#7300,.T.);
#7300 = LINE('',#7301,#7302);
#7301 = CARTESIAN_POINT('',(1.461538434029,0.25,0.909040629864));
#7302 = VECTOR('',#7303,1.);
#7303 = DIRECTION('',(-0.577715613683,0.592918909113,0.56097400735));
#7304 = PLANE('',#7305);
#7305 = AXIS2_PLACEMENT_3D('',#7306,#7307,#7308);
#7306 = CARTESIAN_POINT('',(1.423308358682,0.375,0.946162836812));
#7307 = DIRECTION('',(-0.696635240274,-0.,-0.717425495789));
#7308 = DIRECTION('',(-0.717425495789,0.,0.696635240274));
#7309 = ADVANCED_FACE('',(#7310),#7315,.T.);
#7310 = FACE_BOUND('',#7311,.T.);
#7311 = EDGE_LOOP('',(#7312,#7313,#7314));
#7312 = ORIENTED_EDGE('',*,*,#7299,.F.);
#7313 = ORIENTED_EDGE('',*,*,#3299,.F.);
#7314 = ORIENTED_EDGE('',*,*,#7246,.F.);
#7315 = PLANE('',#7316);
#7316 = AXIS2_PLACEMENT_3D('',#7317,#7318,#7319);
#7317 = CARTESIAN_POINT('',(1.339743562916,0.284621008111,1.027305990151
    ));
#7318 = DIRECTION('',(-0.696635155156,1.611339407067E-07,-0.71742557844)
  );
#7319 = DIRECTION('',(-0.71742557844,1.204074451319E-23,0.696635155156)
  );
#7320 = ADVANCED_FACE('',(#7321),#7338,.T.);
#7321 = FACE_BOUND('',#7322,.T.);
#7322 = EDGE_LOOP('',(#7323,#7331,#7332));
#7323 = ORIENTED_EDGE('',*,*,#7324,.T.);
#7324 = EDGE_CURVE('',#7325,#1957,#7327,.T.);
#7325 = VERTEX_POINT('',#7326);
#7326 = CARTESIAN_POINT('',(1.339743614197,0.375,2.027306079865));
#7327 = LINE('',#7328,#7329);
#7328 = CARTESIAN_POINT('',(1.339743614197,0.375,2.027306079865));
#7329 = VECTOR('',#7330,1.);
#7330 = DIRECTION('',(-0.577715898785,-0.592918621387,0.560974017851));
#7331 = ORIENTED_EDGE('',*,*,#1956,.F.);
#7332 = ORIENTED_EDGE('',*,*,#7333,.T.);
#7333 = EDGE_CURVE('',#1872,#7325,#7334,.T.);
#7334 = LINE('',#7335,#7336);
#7335 = CARTESIAN_POINT('',(1.461538434029,0.25,1.909040570259));
#7336 = VECTOR('',#7337,1.);
#7337 = DIRECTION('',(-0.577715338803,0.592918626999,0.560974588613));
#7338 = PLANE('',#7339);
#7339 = AXIS2_PLACEMENT_3D('',#7340,#7341,#7342);
#7340 = CARTESIAN_POINT('',(1.339743570941,0.284621006119,2.027306036923
    ));
#7341 = DIRECTION('',(0.696635426221,-6.742767054604E-07,0.717425315231)
  );
#7342 = DIRECTION('',(0.717425315231,-4.082537994468E-24,-0.696635426221
    ));
#7343 = ADVANCED_FACE('',(#7344),#7361,.T.);
#7344 = FACE_BOUND('',#7345,.T.);
#7345 = EDGE_LOOP('',(#7346,#7347,#7355));
#7346 = ORIENTED_EDGE('',*,*,#7333,.F.);
#7347 = ORIENTED_EDGE('',*,*,#7348,.T.);
#7348 = EDGE_CURVE('',#1872,#7349,#7351,.T.);
#7349 = VERTEX_POINT('',#7350);
#7350 = CARTESIAN_POINT('',(1.461538434029,0.5,1.909040570259));
#7351 = LINE('',#7352,#7353);
#7352 = CARTESIAN_POINT('',(1.461538434029,0.25,1.909040570259));
#7353 = VECTOR('',#7354,1.);
#7354 = DIRECTION('',(0.,1.,0.));
#7355 = ORIENTED_EDGE('',*,*,#7356,.T.);
#7356 = EDGE_CURVE('',#7349,#7325,#7357,.T.);
#7357 = LINE('',#7358,#7359);
#7358 = CARTESIAN_POINT('',(1.461538434029,0.5,1.909040570259));
#7359 = VECTOR('',#7360,1.);
#7360 = DIRECTION('',(-0.577715338803,-0.592918626999,0.560974588613));
#7361 = PLANE('',#7362);
#7362 = AXIS2_PLACEMENT_3D('',#7363,#7364,#7365);
#7363 = CARTESIAN_POINT('',(1.423308351912,0.375,1.94616283991));
#7364 = DIRECTION('',(0.696635782403,0.,0.71742496937));
#7365 = DIRECTION('',(0.71742496937,0.,-0.696635782403));
#7366 = ADVANCED_FACE('',(#7367),#7382,.T.);
#7367 = FACE_BOUND('',#7368,.T.);
#7368 = EDGE_LOOP('',(#7369,#7370,#7376));
#7369 = ORIENTED_EDGE('',*,*,#7356,.F.);
#7370 = ORIENTED_EDGE('',*,*,#7371,.T.);
#7371 = EDGE_CURVE('',#7349,#7193,#7372,.T.);
#7372 = LINE('',#7373,#7374);
#7373 = CARTESIAN_POINT('',(1.461538434029,0.5,1.909040570259));
#7374 = VECTOR('',#7375,1.);
#7375 = DIRECTION('',(-0.717425315231,0.,0.696635426221));
#7376 = ORIENTED_EDGE('',*,*,#7377,.T.);
#7377 = EDGE_CURVE('',#7193,#7325,#7378,.T.);
#7378 = LINE('',#7379,#7380);
#7379 = CARTESIAN_POINT('',(1.217948675156,0.5,2.145571470261));
#7380 = VECTOR('',#7381,1.);
#7381 = DIRECTION('',(0.577715898785,-0.592918621387,-0.560974017851));
#7382 = PLANE('',#7383);
#7383 = AXIS2_PLACEMENT_3D('',#7384,#7385,#7386);
#7384 = CARTESIAN_POINT('',(1.339743570941,0.465378993881,2.027306036923
    ));
#7385 = DIRECTION('',(0.696635426221,6.742767054897E-07,0.717425315231)
  );
#7386 = DIRECTION('',(0.717425315231,3.653110721499E-23,-0.696635426221)
  );
#7387 = ADVANCED_FACE('',(#7388),#7393,.T.);
#7388 = FACE_BOUND('',#7389,.T.);
#7389 = EDGE_LOOP('',(#7390,#7391,#7392));
#7390 = ORIENTED_EDGE('',*,*,#7377,.F.);
#7391 = ORIENTED_EDGE('',*,*,#7192,.F.);
#7392 = ORIENTED_EDGE('',*,*,#7324,.F.);
#7393 = PLANE('',#7394);
#7394 = AXIS2_PLACEMENT_3D('',#7395,#7396,#7397);
#7395 = CARTESIAN_POINT('',(1.256178794826,0.375,2.108449237898));
#7396 = DIRECTION('',(0.696635070038,0.,0.717425661092));
#7397 = DIRECTION('',(0.717425661092,0.,-0.696635070038));
#7398 = ADVANCED_FACE('',(#7399),#7416,.T.);
#7399 = FACE_BOUND('',#7400,.T.);
#7400 = EDGE_LOOP('',(#7401,#7409,#7410));
#7401 = ORIENTED_EDGE('',*,*,#7402,.T.);
#7402 = EDGE_CURVE('',#7403,#3300,#7405,.T.);
#7403 = VERTEX_POINT('',#7404);
#7404 = CARTESIAN_POINT('',(1.58333337307,0.375,0.787556171417));
#7405 = LINE('',#7406,#7407);
#7406 = CARTESIAN_POINT('',(1.58333337307,0.375,0.787556171417));
#7407 = VECTOR('',#7408,1.);
#7408 = DIRECTION('',(-0.572764458251,-0.587836882591,0.571304362692));
#7409 = ORIENTED_EDGE('',*,*,#7293,.F.);
#7410 = ORIENTED_EDGE('',*,*,#7411,.T.);
#7411 = EDGE_CURVE('',#7271,#7403,#7412,.T.);
#7412 = LINE('',#7413,#7414);
#7413 = CARTESIAN_POINT('',(1.461538434029,0.5,0.909040629864));
#7414 = VECTOR('',#7415,1.);
#7415 = DIRECTION('',(0.572764458251,-0.587836882591,-0.571304362692));
#7416 = PLANE('',#7417);
#7417 = AXIS2_PLACEMENT_3D('',#7418,#7419,#7420);
#7418 = CARTESIAN_POINT('',(1.499890905991,0.375,0.870785926318));
#7419 = DIRECTION('',(-0.706203774804,-0.,-0.70800863586));
#7420 = DIRECTION('',(-0.70800863586,0.,0.706203774804));
#7421 = ADVANCED_FACE('',(#7422),#7439,.T.);
#7422 = FACE_BOUND('',#7423,.T.);
#7423 = EDGE_LOOP('',(#7424,#7425,#7433));
#7424 = ORIENTED_EDGE('',*,*,#7411,.F.);
#7425 = ORIENTED_EDGE('',*,*,#7426,.T.);
#7426 = EDGE_CURVE('',#7271,#7427,#7429,.T.);
#7427 = VERTEX_POINT('',#7428);
#7428 = CARTESIAN_POINT('',(1.705128192902,0.5,0.666071772575));
#7429 = LINE('',#7430,#7431);
#7430 = CARTESIAN_POINT('',(1.461538434029,0.5,0.909040629864));
#7431 = VECTOR('',#7432,1.);
#7432 = DIRECTION('',(0.70800854968,0.,-0.706203861205));
#7433 = ORIENTED_EDGE('',*,*,#7434,.T.);
#7434 = EDGE_CURVE('',#7427,#7403,#7435,.T.);
#7435 = LINE('',#7436,#7437);
#7436 = CARTESIAN_POINT('',(1.705128192902,0.5,0.666071772575));
#7437 = VECTOR('',#7438,1.);
#7438 = DIRECTION('',(-0.572764173278,-0.587837165477,0.571304357319));
#7439 = PLANE('',#7440);
#7440 = AXIS2_PLACEMENT_3D('',#7441,#7442,#7443);
#7441 = CARTESIAN_POINT('',(1.58333332184,0.465450131285,0.787556201062)
  );
#7442 = DIRECTION('',(-0.706203861205,-1.679418498885E-07,-0.70800854968
    ));
#7443 = DIRECTION('',(-0.70800854968,-7.401646308921E-24,0.706203861205)
  );
#7444 = ADVANCED_FACE('',(#7445),#7460,.T.);
#7445 = FACE_BOUND('',#7446,.T.);
#7446 = EDGE_LOOP('',(#7447,#7448,#7454));
#7447 = ORIENTED_EDGE('',*,*,#7434,.F.);
#7448 = ORIENTED_EDGE('',*,*,#7449,.T.);
#7449 = EDGE_CURVE('',#7427,#3456,#7450,.T.);
#7450 = LINE('',#7451,#7452);
#7451 = CARTESIAN_POINT('',(1.705128192902,0.5,0.666071772575));
#7452 = VECTOR('',#7453,1.);
#7453 = DIRECTION('',(0.,-1.,0.));
#7454 = ORIENTED_EDGE('',*,*,#7455,.T.);
#7455 = EDGE_CURVE('',#3456,#7403,#7456,.T.);
#7456 = LINE('',#7457,#7458);
#7457 = CARTESIAN_POINT('',(1.705128192902,0.25,0.666071772575));
#7458 = VECTOR('',#7459,1.);
#7459 = DIRECTION('',(-0.572764173278,0.587837165477,0.571304357319));
#7460 = PLANE('',#7461);
#7461 = AXIS2_PLACEMENT_3D('',#7462,#7463,#7464);
#7462 = CARTESIAN_POINT('',(1.66677576531,0.375,0.704326450537));
#7463 = DIRECTION('',(-0.706203947605,-0.,-0.708008463499));
#7464 = DIRECTION('',(-0.708008463499,0.,0.706203947605));
#7465 = ADVANCED_FACE('',(#7466),#7471,.T.);
#7466 = FACE_BOUND('',#7467,.T.);
#7467 = EDGE_LOOP('',(#7468,#7469,#7470));
#7468 = ORIENTED_EDGE('',*,*,#7455,.F.);
#7469 = ORIENTED_EDGE('',*,*,#3455,.F.);
#7470 = ORIENTED_EDGE('',*,*,#7402,.F.);
#7471 = PLANE('',#7472);
#7472 = AXIS2_PLACEMENT_3D('',#7473,#7474,#7475);
#7473 = CARTESIAN_POINT('',(1.58333332184,0.284549868715,0.787556201062)
  );
#7474 = DIRECTION('',(-0.706203861205,1.67941849868E-07,-0.70800854968)
  );
#7475 = DIRECTION('',(-0.70800854968,4.404007928415E-24,0.706203861205)
  );
#7476 = ADVANCED_FACE('',(#7477),#7494,.T.);
#7477 = FACE_BOUND('',#7478,.T.);
#7478 = EDGE_LOOP('',(#7479,#7487,#7488));
#7479 = ORIENTED_EDGE('',*,*,#7480,.T.);
#7480 = EDGE_CURVE('',#7481,#1872,#7483,.T.);
#7481 = VERTEX_POINT('',#7482);
#7482 = CARTESIAN_POINT('',(1.58333337307,0.375,1.787556171417));
#7483 = LINE('',#7484,#7485);
#7484 = CARTESIAN_POINT('',(1.58333337307,0.375,1.787556171417));
#7485 = VECTOR('',#7486,1.);
#7486 = DIRECTION('',(-0.572764549972,-0.587836976726,0.571304173877));
#7487 = ORIENTED_EDGE('',*,*,#1871,.F.);
#7488 = ORIENTED_EDGE('',*,*,#7489,.T.);
#7489 = EDGE_CURVE('',#1787,#7481,#7490,.T.);
#7490 = LINE('',#7491,#7492);
#7491 = CARTESIAN_POINT('',(1.705128192902,0.25,1.666071772575));
#7492 = VECTOR('',#7493,1.);
#7493 = DIRECTION('',(-0.572764173278,0.587837165477,0.571304357319));
#7494 = PLANE('',#7495);
#7495 = AXIS2_PLACEMENT_3D('',#7496,#7497,#7498);
#7496 = CARTESIAN_POINT('',(1.583333324535,0.284549869368,1.787556176808
    ));
#7497 = DIRECTION('',(0.706203774361,-3.367442008891E-07,0.708008636302)
  );
#7498 = DIRECTION('',(0.708008636302,1.713937004264E-23,-0.706203774361)
  );
#7499 = ADVANCED_FACE('',(#7500),#7517,.T.);
#7500 = FACE_BOUND('',#7501,.T.);
#7501 = EDGE_LOOP('',(#7502,#7503,#7511));
#7502 = ORIENTED_EDGE('',*,*,#7489,.F.);
#7503 = ORIENTED_EDGE('',*,*,#7504,.T.);
#7504 = EDGE_CURVE('',#1787,#7505,#7507,.T.);
#7505 = VERTEX_POINT('',#7506);
#7506 = CARTESIAN_POINT('',(1.705128192902,0.5,1.666071772575));
#7507 = LINE('',#7508,#7509);
#7508 = CARTESIAN_POINT('',(1.705128192902,0.25,1.666071772575));
#7509 = VECTOR('',#7510,1.);
#7510 = DIRECTION('',(0.,1.,0.));
#7511 = ORIENTED_EDGE('',*,*,#7512,.T.);
#7512 = EDGE_CURVE('',#7505,#7481,#7513,.T.);
#7513 = LINE('',#7514,#7515);
#7514 = CARTESIAN_POINT('',(1.705128192902,0.5,1.666071772575));
#7515 = VECTOR('',#7516,1.);
#7516 = DIRECTION('',(-0.572764173278,-0.587837165477,0.571304357319));
#7517 = PLANE('',#7518);
#7518 = AXIS2_PLACEMENT_3D('',#7519,#7520,#7521);
#7519 = CARTESIAN_POINT('',(1.66677576531,0.375,1.704326450537));
#7520 = DIRECTION('',(0.706203947605,0.,0.708008463499));
#7521 = DIRECTION('',(0.708008463499,0.,-0.706203947605));
#7522 = ADVANCED_FACE('',(#7523),#7538,.T.);
#7523 = FACE_BOUND('',#7524,.T.);
#7524 = EDGE_LOOP('',(#7525,#7526,#7532));
#7525 = ORIENTED_EDGE('',*,*,#7512,.F.);
#7526 = ORIENTED_EDGE('',*,*,#7527,.T.);
#7527 = EDGE_CURVE('',#7505,#7349,#7528,.T.);
#7528 = LINE('',#7529,#7530);
#7529 = CARTESIAN_POINT('',(1.705128192902,0.5,1.666071772575));
#7530 = VECTOR('',#7531,1.);
#7531 = DIRECTION('',(-0.708008636302,0.,0.706203774361));
#7532 = ORIENTED_EDGE('',*,*,#7533,.T.);
#7533 = EDGE_CURVE('',#7349,#7481,#7534,.T.);
#7534 = LINE('',#7535,#7536);
#7535 = CARTESIAN_POINT('',(1.461538434029,0.5,1.909040570259));
#7536 = VECTOR('',#7537,1.);
#7537 = DIRECTION('',(0.572764549972,-0.587836976726,-0.571304173877));
#7538 = PLANE('',#7539);
#7539 = AXIS2_PLACEMENT_3D('',#7540,#7541,#7542);
#7540 = CARTESIAN_POINT('',(1.583333324535,0.465450130632,1.787556176808
    ));
#7541 = DIRECTION('',(0.706203774361,3.367442008465E-07,0.708008636302)
  );
#7542 = DIRECTION('',(0.708008636302,8.503230062735E-25,-0.706203774361)
  );
#7543 = ADVANCED_FACE('',(#7544),#7549,.T.);
#7544 = FACE_BOUND('',#7545,.T.);
#7545 = EDGE_LOOP('',(#7546,#7547,#7548));
#7546 = ORIENTED_EDGE('',*,*,#7533,.F.);
#7547 = ORIENTED_EDGE('',*,*,#7348,.F.);
#7548 = ORIENTED_EDGE('',*,*,#7480,.F.);
#7549 = PLANE('',#7550);
#7550 = AXIS2_PLACEMENT_3D('',#7551,#7552,#7553);
#7551 = CARTESIAN_POINT('',(1.499890903717,0.375,1.87078588775));
#7552 = DIRECTION('',(0.706203601117,0.,0.708008809104));
#7553 = DIRECTION('',(0.708008809104,0.,-0.706203601117));
#7554 = ADVANCED_FACE('',(#7555),#7572,.T.);
#7555 = FACE_BOUND('',#7556,.T.);
#7556 = EDGE_LOOP('',(#7557,#7565,#7566));
#7557 = ORIENTED_EDGE('',*,*,#7558,.T.);
#7558 = EDGE_CURVE('',#7559,#3456,#7561,.T.);
#7559 = VERTEX_POINT('',#7560);
#7560 = CARTESIAN_POINT('',(1.826923131943,0.375,0.548541128635));
#7561 = LINE('',#7562,#7563);
#7562 = CARTESIAN_POINT('',(1.826923131943,0.375,0.548541128635));
#7563 = VECTOR('',#7564,1.);
#7564 = DIRECTION('',(-0.57884517561,-0.594077615383,0.55857859749));
#7565 = ORIENTED_EDGE('',*,*,#7449,.F.);
#7566 = ORIENTED_EDGE('',*,*,#7567,.T.);
#7567 = EDGE_CURVE('',#7427,#7559,#7568,.T.);
#7568 = LINE('',#7569,#7570);
#7569 = CARTESIAN_POINT('',(1.705128192902,0.5,0.666071772575));
#7570 = VECTOR('',#7571,1.);
#7571 = DIRECTION('',(0.57884517561,-0.594077615383,-0.55857859749));
#7572 = PLANE('',#7573);
#7573 = AXIS2_PLACEMENT_3D('',#7574,#7575,#7576);
#7574 = CARTESIAN_POINT('',(1.743330516887,0.375,0.629206991712));
#7575 = DIRECTION('',(-0.69439735674,-0.,-0.719591766873));
#7576 = DIRECTION('',(-0.719591766873,0.,0.69439735674));
#7577 = ADVANCED_FACE('',(#7578),#7595,.T.);
#7578 = FACE_BOUND('',#7579,.T.);
#7579 = EDGE_LOOP('',(#7580,#7581,#7589));
#7580 = ORIENTED_EDGE('',*,*,#7567,.F.);
#7581 = ORIENTED_EDGE('',*,*,#7582,.T.);
#7582 = EDGE_CURVE('',#7427,#7583,#7585,.T.);
#7583 = VERTEX_POINT('',#7584);
#7584 = CARTESIAN_POINT('',(1.948717951775,0.5,0.431010454893));
#7585 = LINE('',#7586,#7587);
#7586 = CARTESIAN_POINT('',(1.705128192902,0.5,0.666071772575));
#7587 = VECTOR('',#7588,1.);
#7588 = DIRECTION('',(0.719591553075,0.,-0.694397578295));
#7589 = ORIENTED_EDGE('',*,*,#7590,.T.);
#7590 = EDGE_CURVE('',#7583,#7559,#7591,.T.);
#7591 = LINE('',#7592,#7593);
#7592 = CARTESIAN_POINT('',(1.948717951775,0.5,0.431010454893));
#7593 = VECTOR('',#7594,1.);
#7594 = DIRECTION('',(-0.578844753088,-0.594077763208,0.558578878121));
#7595 = PLANE('',#7596);
#7596 = AXIS2_PLACEMENT_3D('',#7597,#7598,#7599);
#7597 = CARTESIAN_POINT('',(1.826923084656,0.465362594579,0.548541121915
    ));
#7598 = DIRECTION('',(-0.694397578295,-4.168965657092E-07,
    -0.719591553075));
#7599 = DIRECTION('',(-0.719591553075,-4.165197986666E-23,0.694397578295
    ));
#7600 = ADVANCED_FACE('',(#7601),#7616,.T.);
#7601 = FACE_BOUND('',#7602,.T.);
#7602 = EDGE_LOOP('',(#7603,#7604,#7610));
#7603 = ORIENTED_EDGE('',*,*,#7590,.F.);
#7604 = ORIENTED_EDGE('',*,*,#7605,.T.);
#7605 = EDGE_CURVE('',#7583,#3612,#7606,.T.);
#7606 = LINE('',#7607,#7608);
#7607 = CARTESIAN_POINT('',(1.948717951775,0.5,0.431010454893));
#7608 = VECTOR('',#7609,1.);
#7609 = DIRECTION('',(0.,-1.,0.));
#7610 = ORIENTED_EDGE('',*,*,#7611,.T.);
#7611 = EDGE_CURVE('',#3612,#7559,#7612,.T.);
#7612 = LINE('',#7613,#7614);
#7613 = CARTESIAN_POINT('',(1.948717951775,0.25,0.431010454893));
#7614 = VECTOR('',#7615,1.);
#7615 = DIRECTION('',(-0.578844753088,0.594077763208,0.558578878121));
#7616 = PLANE('',#7617);
#7617 = AXIS2_PLACEMENT_3D('',#7618,#7619,#7620);
#7618 = CARTESIAN_POINT('',(1.910515668723,0.375,0.467875241685));
#7619 = DIRECTION('',(-0.69439779985,-0.,-0.719591339277));
#7620 = DIRECTION('',(-0.719591339277,0.,0.69439779985));
#7621 = ADVANCED_FACE('',(#7622),#7627,.T.);
#7622 = FACE_BOUND('',#7623,.T.);
#7623 = EDGE_LOOP('',(#7624,#7625,#7626));
#7624 = ORIENTED_EDGE('',*,*,#7611,.F.);
#7625 = ORIENTED_EDGE('',*,*,#3611,.F.);
#7626 = ORIENTED_EDGE('',*,*,#7558,.F.);
#7627 = PLANE('',#7628);
#7628 = AXIS2_PLACEMENT_3D('',#7629,#7630,#7631);
#7629 = CARTESIAN_POINT('',(1.826923084656,0.284637405421,0.548541121915
    ));
#7630 = DIRECTION('',(-0.694397578295,4.168965657353E-07,-0.719591553075
    ));
#7631 = DIRECTION('',(-0.719591553075,2.544054369833E-23,0.694397578295)
  );
#7632 = ADVANCED_FACE('',(#7633),#7650,.T.);
#7633 = FACE_BOUND('',#7634,.T.);
#7634 = EDGE_LOOP('',(#7635,#7643,#7644));
#7635 = ORIENTED_EDGE('',*,*,#7636,.T.);
#7636 = EDGE_CURVE('',#7637,#1787,#7639,.T.);
#7637 = VERTEX_POINT('',#7638);
#7638 = CARTESIAN_POINT('',(1.826923131943,0.375,1.548541069031));
#7639 = LINE('',#7640,#7641);
#7640 = CARTESIAN_POINT('',(1.826923131943,0.375,1.548541069031));
#7641 = VECTOR('',#7642,1.);
#7642 = DIRECTION('',(-0.578845084018,-0.59407752138,0.558578792383));
#7643 = ORIENTED_EDGE('',*,*,#1786,.F.);
#7644 = ORIENTED_EDGE('',*,*,#7645,.T.);
#7645 = EDGE_CURVE('',#1702,#7637,#7646,.T.);
#7646 = LINE('',#7647,#7648);
#7647 = CARTESIAN_POINT('',(1.948717951775,0.25,1.431010484695));
#7648 = VECTOR('',#7649,1.);
#7649 = DIRECTION('',(-0.578844890477,0.594077904213,0.558578585782));
#7650 = PLANE('',#7651);
#7651 = AXIS2_PLACEMENT_3D('',#7652,#7653,#7654);
#7652 = CARTESIAN_POINT('',(1.82692307798,0.284637405754,1.548541122613)
  );
#7653 = DIRECTION('',(0.694397532707,1.201346604933E-08,0.719591597067)
  );
#7654 = DIRECTION('',(0.719591597067,-3.69691997585E-25,-0.694397532707)
  );
#7655 = ADVANCED_FACE('',(#7656),#7673,.T.);
#7656 = FACE_BOUND('',#7657,.T.);
#7657 = EDGE_LOOP('',(#7658,#7659,#7667));
#7658 = ORIENTED_EDGE('',*,*,#7645,.F.);
#7659 = ORIENTED_EDGE('',*,*,#7660,.T.);
#7660 = EDGE_CURVE('',#1702,#7661,#7663,.T.);
#7661 = VERTEX_POINT('',#7662);
#7662 = CARTESIAN_POINT('',(1.948717951775,0.5,1.431010484695));
#7663 = LINE('',#7664,#7665);
#7664 = CARTESIAN_POINT('',(1.948717951775,0.25,1.431010484695));
#7665 = VECTOR('',#7666,1.);
#7666 = DIRECTION('',(0.,1.,0.));
#7667 = ORIENTED_EDGE('',*,*,#7668,.T.);
#7668 = EDGE_CURVE('',#7661,#7637,#7669,.T.);
#7669 = LINE('',#7670,#7671);
#7670 = CARTESIAN_POINT('',(1.948717951775,0.5,1.431010484695));
#7671 = VECTOR('',#7672,1.);
#7672 = DIRECTION('',(-0.578844890477,-0.594077904213,0.558578585782));
#7673 = PLANE('',#7674);
#7674 = AXIS2_PLACEMENT_3D('',#7675,#7676,#7677);
#7675 = CARTESIAN_POINT('',(1.910515672102,0.375,1.467875240183));
#7676 = DIRECTION('',(0.694397526323,0.,0.719591603228));
#7677 = DIRECTION('',(0.719591603228,0.,-0.694397526323));
#7678 = ADVANCED_FACE('',(#7679),#7694,.T.);
#7679 = FACE_BOUND('',#7680,.T.);
#7680 = EDGE_LOOP('',(#7681,#7682,#7688));
#7681 = ORIENTED_EDGE('',*,*,#7668,.F.);
#7682 = ORIENTED_EDGE('',*,*,#7683,.T.);
#7683 = EDGE_CURVE('',#7661,#7505,#7684,.T.);
#7684 = LINE('',#7685,#7686);
#7685 = CARTESIAN_POINT('',(1.948717951775,0.5,1.431010484695));
#7686 = VECTOR('',#7687,1.);
#7687 = DIRECTION('',(-0.719591597067,0.,0.694397532707));
#7688 = ORIENTED_EDGE('',*,*,#7689,.T.);
#7689 = EDGE_CURVE('',#7505,#7637,#7690,.T.);
#7690 = LINE('',#7691,#7692);
#7691 = CARTESIAN_POINT('',(1.705128192902,0.5,1.666071772575));
#7692 = VECTOR('',#7693,1.);
#7693 = DIRECTION('',(0.578845084018,-0.59407752138,-0.558578792383));
#7694 = PLANE('',#7695);
#7695 = AXIS2_PLACEMENT_3D('',#7696,#7697,#7698);
#7696 = CARTESIAN_POINT('',(1.82692307798,0.465362594246,1.548541122613)
  );
#7697 = DIRECTION('',(0.694397532707,-1.201346607241E-08,0.719591597067)
  );
#7698 = DIRECTION('',(0.719591597067,-1.930383950039E-25,-0.694397532707
    ));
#7699 = ADVANCED_FACE('',(#7700),#7705,.T.);
#7700 = FACE_BOUND('',#7701,.T.);
#7701 = EDGE_LOOP('',(#7702,#7703,#7704));
#7702 = ORIENTED_EDGE('',*,*,#7689,.F.);
#7703 = ORIENTED_EDGE('',*,*,#7504,.F.);
#7704 = ORIENTED_EDGE('',*,*,#7636,.F.);
#7705 = PLANE('',#7706);
#7706 = AXIS2_PLACEMENT_3D('',#7707,#7708,#7709);
#7707 = CARTESIAN_POINT('',(1.74333051914,0.375,1.629206970843));
#7708 = DIRECTION('',(0.694397539092,0.,0.719591590906));
#7709 = DIRECTION('',(0.719591590906,0.,-0.694397539092));
#7710 = ADVANCED_FACE('',(#7711),#7728,.T.);
#7711 = FACE_BOUND('',#7712,.T.);
#7712 = EDGE_LOOP('',(#7713,#7721,#7722));
#7713 = ORIENTED_EDGE('',*,*,#7714,.T.);
#7714 = EDGE_CURVE('',#7715,#3612,#7717,.T.);
#7715 = VERTEX_POINT('',#7716);
#7716 = CARTESIAN_POINT('',(2.070512771606,0.375,0.324372947216));
#7717 = LINE('',#7718,#7719);
#7718 = CARTESIAN_POINT('',(2.070512771606,0.375,0.324372947216));
#7719 = VECTOR('',#7720,1.);
#7720 = DIRECTION('',(-0.595500460447,-0.611171785949,0.521390688129));
#7721 = ORIENTED_EDGE('',*,*,#7605,.F.);
#7722 = ORIENTED_EDGE('',*,*,#7723,.T.);
#7723 = EDGE_CURVE('',#7583,#7715,#7724,.T.);
#7724 = LINE('',#7725,#7726);
#7725 = CARTESIAN_POINT('',(1.948717951775,0.5,0.431010454893));
#7726 = VECTOR('',#7727,1.);
#7727 = DIRECTION('',(0.595500460447,-0.611171785949,-0.521390688129));
#7728 = PLANE('',#7729);
#7729 = AXIS2_PLACEMENT_3D('',#7730,#7731,#7732);
#7730 = CARTESIAN_POINT('',(1.986514920693,0.375,0.397917302255));
#7731 = DIRECTION('',(-0.658739128951,-0.,-0.752371424224));
#7732 = DIRECTION('',(-0.752371424224,0.,0.658739128951));
#7733 = ADVANCED_FACE('',(#7734),#7751,.T.);
#7734 = FACE_BOUND('',#7735,.T.);
#7735 = EDGE_LOOP('',(#7736,#7737,#7745));
#7736 = ORIENTED_EDGE('',*,*,#7723,.F.);
#7737 = ORIENTED_EDGE('',*,*,#7738,.T.);
#7738 = EDGE_CURVE('',#7583,#7739,#7741,.T.);
#7739 = VERTEX_POINT('',#7740);
#7740 = CARTESIAN_POINT('',(2.192307710648,0.5,0.217735439539));
#7741 = LINE('',#7742,#7743);
#7742 = CARTESIAN_POINT('',(1.948717951775,0.5,0.431010454893));
#7743 = VECTOR('',#7744,1.);
#7744 = DIRECTION('',(0.752371584,0.,-0.658738946465));
#7745 = ORIENTED_EDGE('',*,*,#7746,.T.);
#7746 = EDGE_CURVE('',#7739,#7715,#7747,.T.);
#7747 = LINE('',#7748,#7749);
#7748 = CARTESIAN_POINT('',(2.192307710648,0.5,0.217735439539));
#7749 = VECTOR('',#7750,1.);
#7750 = DIRECTION('',(-0.595500836612,-0.611171573815,0.521390507158));
#7751 = PLANE('',#7752);
#7752 = AXIS2_PLACEMENT_3D('',#7753,#7754,#7755);
#7753 = CARTESIAN_POINT('',(2.070512820475,0.465112995976,0.324372942051
    ));
#7754 = DIRECTION('',(-0.658738946465,3.141112072823E-07,-0.752371584));
#7755 = DIRECTION('',(-0.752371584,3.162477145102E-24,0.658738946465));
#7756 = ADVANCED_FACE('',(#7757),#7772,.T.);
#7757 = FACE_BOUND('',#7758,.T.);
#7758 = EDGE_LOOP('',(#7759,#7760,#7766));
#7759 = ORIENTED_EDGE('',*,*,#7746,.F.);
#7760 = ORIENTED_EDGE('',*,*,#7761,.T.);
#7761 = EDGE_CURVE('',#7739,#3768,#7762,.T.);
#7762 = LINE('',#7763,#7764);
#7763 = CARTESIAN_POINT('',(2.192307710648,0.5,0.217735439539));
#7764 = VECTOR('',#7765,1.);
#7765 = DIRECTION('',(0.,-1.,0.));
#7766 = ORIENTED_EDGE('',*,*,#7767,.T.);
#7767 = EDGE_CURVE('',#3768,#7715,#7768,.T.);
#7768 = LINE('',#7769,#7770);
#7769 = CARTESIAN_POINT('',(2.192307710648,0.25,0.217735439539));
#7770 = VECTOR('',#7771,1.);
#7771 = DIRECTION('',(-0.595500836612,0.611171573815,0.521390507158));
#7772 = PLANE('',#7773);
#7773 = AXIS2_PLACEMENT_3D('',#7774,#7775,#7776);
#7774 = CARTESIAN_POINT('',(2.154510699758,0.375,0.250828596534));
#7775 = DIRECTION('',(-0.658738763979,-0.,-0.752371743775));
#7776 = DIRECTION('',(-0.752371743775,0.,0.658738763979));
#7777 = ADVANCED_FACE('',(#7778),#7783,.T.);
#7778 = FACE_BOUND('',#7779,.T.);
#7779 = EDGE_LOOP('',(#7780,#7781,#7782));
#7780 = ORIENTED_EDGE('',*,*,#7767,.F.);
#7781 = ORIENTED_EDGE('',*,*,#3767,.F.);
#7782 = ORIENTED_EDGE('',*,*,#7714,.F.);
#7783 = PLANE('',#7784);
#7784 = AXIS2_PLACEMENT_3D('',#7785,#7786,#7787);
#7785 = CARTESIAN_POINT('',(2.070512820475,0.284887004024,0.324372942051
    ));
#7786 = DIRECTION('',(-0.658738946465,-3.141112072733E-07,-0.752371584)
  );
#7787 = DIRECTION('',(-0.752371584,2.253479382481E-23,0.658738946465));
#7788 = ADVANCED_FACE('',(#7789),#7806,.T.);
#7789 = FACE_BOUND('',#7790,.T.);
#7790 = EDGE_LOOP('',(#7791,#7799,#7800));
#7791 = ORIENTED_EDGE('',*,*,#7792,.T.);
#7792 = EDGE_CURVE('',#7793,#1702,#7795,.T.);
#7793 = VERTEX_POINT('',#7794);
#7794 = CARTESIAN_POINT('',(2.070512771606,0.375,1.324372887611));
#7795 = LINE('',#7796,#7797);
#7796 = CARTESIAN_POINT('',(2.070512771606,0.375,1.324372887611));
#7797 = VECTOR('',#7798,1.);
#7798 = DIRECTION('',(-0.595500324719,-0.611171646649,0.521391006436));
#7799 = ORIENTED_EDGE('',*,*,#1701,.F.);
#7800 = ORIENTED_EDGE('',*,*,#7801,.T.);
#7801 = EDGE_CURVE('',#1617,#7793,#7802,.T.);
#7802 = LINE('',#7803,#7804);
#7803 = CARTESIAN_POINT('',(2.192307710648,0.25,1.217735409737));
#7804 = VECTOR('',#7805,1.);
#7805 = DIRECTION('',(-0.595500881855,0.611171620249,0.521390401056));
#7806 = PLANE('',#7807);
#7807 = AXIS2_PLACEMENT_3D('',#7808,#7809,#7810);
#7808 = CARTESIAN_POINT('',(2.07051281531,0.284887003326,1.324372929938)
  );
#7809 = DIRECTION('',(0.658739050677,6.728699414447E-07,0.752371492757)
  );
#7810 = DIRECTION('',(0.752371492757,-1.901768135054E-23,-0.658739050677
    ));
#7811 = ADVANCED_FACE('',(#7812),#7829,.T.);
#7812 = FACE_BOUND('',#7813,.T.);
#7813 = EDGE_LOOP('',(#7814,#7815,#7823));
#7814 = ORIENTED_EDGE('',*,*,#7801,.F.);
#7815 = ORIENTED_EDGE('',*,*,#7816,.T.);
#7816 = EDGE_CURVE('',#1617,#7817,#7819,.T.);
#7817 = VERTEX_POINT('',#7818);
#7818 = CARTESIAN_POINT('',(2.192307710648,0.5,1.217735409737));
#7819 = LINE('',#7820,#7821);
#7820 = CARTESIAN_POINT('',(2.192307710648,0.25,1.217735409737));
#7821 = VECTOR('',#7822,1.);
#7822 = DIRECTION('',(0.,1.,0.));
#7823 = ORIENTED_EDGE('',*,*,#7824,.T.);
#7824 = EDGE_CURVE('',#7817,#7793,#7825,.T.);
#7825 = LINE('',#7826,#7827);
#7826 = CARTESIAN_POINT('',(2.192307710648,0.5,1.217735409737));
#7827 = VECTOR('',#7828,1.);
#7828 = DIRECTION('',(-0.595500881855,-0.611171620249,0.521390401056));
#7829 = PLANE('',#7830);
#7830 = AXIS2_PLACEMENT_3D('',#7831,#7832,#7833);
#7831 = CARTESIAN_POINT('',(2.154510700847,0.375,1.250828556529));
#7832 = DIRECTION('',(0.658738659767,0.,0.752371835018));
#7833 = DIRECTION('',(0.752371835018,0.,-0.658738659767));
#7834 = ADVANCED_FACE('',(#7835),#7850,.T.);
#7835 = FACE_BOUND('',#7836,.T.);
#7836 = EDGE_LOOP('',(#7837,#7838,#7844));
#7837 = ORIENTED_EDGE('',*,*,#7824,.F.);
#7838 = ORIENTED_EDGE('',*,*,#7839,.T.);
#7839 = EDGE_CURVE('',#7817,#7661,#7840,.T.);
#7840 = LINE('',#7841,#7842);
#7841 = CARTESIAN_POINT('',(2.192307710648,0.5,1.217735409737));
#7842 = VECTOR('',#7843,1.);
#7843 = DIRECTION('',(-0.752371492757,0.,0.658739050677));
#7844 = ORIENTED_EDGE('',*,*,#7845,.T.);
#7845 = EDGE_CURVE('',#7661,#7793,#7846,.T.);
#7846 = LINE('',#7847,#7848);
#7847 = CARTESIAN_POINT('',(1.948717951775,0.5,1.431010484695));
#7848 = VECTOR('',#7849,1.);
#7849 = DIRECTION('',(0.595500324719,-0.611171646649,-0.521391006436));
#7850 = PLANE('',#7851);
#7851 = AXIS2_PLACEMENT_3D('',#7852,#7853,#7854);
#7852 = CARTESIAN_POINT('',(2.07051281531,0.465112996674,1.324372929938)
  );
#7853 = DIRECTION('',(0.658739050677,-6.728699414233E-07,0.752371492757)
  );
#7854 = DIRECTION('',(0.752371492757,-2.848407274961E-23,-0.658739050677
    ));
#7855 = ADVANCED_FACE('',(#7856),#7861,.T.);
#7856 = FACE_BOUND('',#7857,.T.);
#7857 = EDGE_LOOP('',(#7858,#7859,#7860));
#7858 = ORIENTED_EDGE('',*,*,#7845,.F.);
#7859 = ORIENTED_EDGE('',*,*,#7660,.F.);
#7860 = ORIENTED_EDGE('',*,*,#7792,.F.);
#7861 = PLANE('',#7862);
#7862 = AXIS2_PLACEMENT_3D('',#7863,#7864,#7865);
#7863 = CARTESIAN_POINT('',(1.986514923961,0.375,1.39791730145));
#7864 = DIRECTION('',(0.658739441587,0.,0.752371150495));
#7865 = DIRECTION('',(0.752371150495,0.,-0.658739441587));
#7866 = ADVANCED_FACE('',(#7867),#7884,.T.);
#7867 = FACE_BOUND('',#7868,.T.);
#7868 = EDGE_LOOP('',(#7869,#7877,#7878));
#7869 = ORIENTED_EDGE('',*,*,#7870,.T.);
#7870 = EDGE_CURVE('',#7871,#3768,#7873,.T.);
#7871 = VERTEX_POINT('',#7872);
#7872 = CARTESIAN_POINT('',(2.314102649689,0.375,0.128287300467));
#7873 = LINE('',#7874,#7875);
#7874 = CARTESIAN_POINT('',(2.314102649689,0.375,0.128287300467));
#7875 = VECTOR('',#7876,1.);
#7876 = DIRECTION('',(-0.621047379539,-0.637390379712,0.456107066618));
#7877 = ORIENTED_EDGE('',*,*,#7761,.F.);
#7878 = ORIENTED_EDGE('',*,*,#7879,.T.);
#7879 = EDGE_CURVE('',#7739,#7871,#7880,.T.);
#7880 = LINE('',#7881,#7882);
#7881 = CARTESIAN_POINT('',(2.192307710648,0.5,0.217735439539));
#7882 = VECTOR('',#7883,1.);
#7883 = DIRECTION('',(0.621047379539,-0.637390379712,-0.456107066618));
#7884 = PLANE('',#7885);
#7885 = AXIS2_PLACEMENT_3D('',#7886,#7887,#7888);
#7886 = CARTESIAN_POINT('',(2.229499494766,0.375,0.190421202146));
#7887 = DIRECTION('',(-0.591930915138,-0.,-0.805988704452));
#7888 = DIRECTION('',(-0.805988704452,0.,0.591930915138));
#7889 = ADVANCED_FACE('',(#7890),#7907,.T.);
#7890 = FACE_BOUND('',#7891,.T.);
#7891 = EDGE_LOOP('',(#7892,#7893,#7901));
#7892 = ORIENTED_EDGE('',*,*,#7879,.F.);
#7893 = ORIENTED_EDGE('',*,*,#7894,.T.);
#7894 = EDGE_CURVE('',#7739,#7895,#7897,.T.);
#7895 = VERTEX_POINT('',#7896);
#7896 = CARTESIAN_POINT('',(2.435897350311,0.5,3.883915767074E-02));
#7897 = LINE('',#7898,#7899);
#7898 = CARTESIAN_POINT('',(2.192307710648,0.5,0.217735439539));
#7899 = VECTOR('',#7900,1.);
#7900 = DIRECTION('',(0.805988422162,0.,-0.591931299511));
#7901 = ORIENTED_EDGE('',*,*,#7902,.T.);
#7902 = EDGE_CURVE('',#7895,#7871,#7903,.T.);
#7903 = LINE('',#7904,#7905);
#7904 = CARTESIAN_POINT('',(2.435897350311,0.5,3.883915767074E-02));
#7905 = VECTOR('',#7906,1.);
#7906 = DIRECTION('',(-0.621046627337,-0.637390855434,0.456107426033));
#7907 = PLANE('',#7908);
#7908 = AXIS2_PLACEMENT_3D('',#7909,#7910,#7911);
#7909 = CARTESIAN_POINT('',(2.314102551309,0.464700051953,0.128287308557
    ));
#7910 = DIRECTION('',(-0.591931299511,-5.765198407583E-07,
    -0.805988422162));
#7911 = DIRECTION('',(-0.805988422162,3.045134722427E-23,0.591931299511)
  );
#7912 = ADVANCED_FACE('',(#7913),#7928,.T.);
#7913 = FACE_BOUND('',#7914,.T.);
#7914 = EDGE_LOOP('',(#7915,#7916,#7922));
#7915 = ORIENTED_EDGE('',*,*,#7902,.F.);
#7916 = ORIENTED_EDGE('',*,*,#7917,.T.);
#7917 = EDGE_CURVE('',#7895,#3924,#7918,.T.);
#7918 = LINE('',#7919,#7920);
#7919 = CARTESIAN_POINT('',(2.435897350311,0.5,3.883915767074E-02));
#7920 = VECTOR('',#7921,1.);
#7921 = DIRECTION('',(0.,-1.,0.));
#7922 = ORIENTED_EDGE('',*,*,#7923,.T.);
#7923 = EDGE_CURVE('',#3924,#7871,#7924,.T.);
#7924 = LINE('',#7925,#7926);
#7925 = CARTESIAN_POINT('',(2.435897350311,0.25,3.883915767074E-02));
#7926 = VECTOR('',#7927,1.);
#7927 = DIRECTION('',(-0.621046627337,0.637390855434,0.456107426033));
#7928 = PLANE('',#7929);
#7929 = AXIS2_PLACEMENT_3D('',#7930,#7931,#7932);
#7930 = CARTESIAN_POINT('',(2.398705649802,0.375,6.615338826507E-02));
#7931 = DIRECTION('',(-0.591931683885,-0.,-0.805988139872));
#7932 = DIRECTION('',(-0.805988139872,0.,0.591931683885));
#7933 = ADVANCED_FACE('',(#7934),#7939,.T.);
#7934 = FACE_BOUND('',#7935,.T.);
#7935 = EDGE_LOOP('',(#7936,#7937,#7938));
#7936 = ORIENTED_EDGE('',*,*,#7923,.F.);
#7937 = ORIENTED_EDGE('',*,*,#3923,.F.);
#7938 = ORIENTED_EDGE('',*,*,#7870,.F.);
#7939 = PLANE('',#7940);
#7940 = AXIS2_PLACEMENT_3D('',#7941,#7942,#7943);
#7941 = CARTESIAN_POINT('',(2.314102551309,0.285299948047,0.128287308557
    ));
#7942 = DIRECTION('',(-0.591931299511,5.765198408047E-07,-0.805988422162
    ));
#7943 = DIRECTION('',(-0.805988422162,-2.548930104315E-23,0.591931299511
    ));
#7944 = ADVANCED_FACE('',(#7945),#7962,.T.);
#7945 = FACE_BOUND('',#7946,.T.);
#7946 = EDGE_LOOP('',(#7947,#7955,#7956));
#7947 = ORIENTED_EDGE('',*,*,#7948,.T.);
#7948 = EDGE_CURVE('',#7949,#1617,#7951,.T.);
#7949 = VERTEX_POINT('',#7950);
#7950 = CARTESIAN_POINT('',(2.314102649689,0.375,1.128287315369));
#7951 = LINE('',#7952,#7953);
#7952 = CARTESIAN_POINT('',(2.314102649689,0.375,1.128287315369));
#7953 = VECTOR('',#7954,1.);
#7954 = DIRECTION('',(-0.621047444109,-0.63739044598,0.45610688609));
#7955 = ORIENTED_EDGE('',*,*,#1616,.F.);
#7956 = ORIENTED_EDGE('',*,*,#7957,.T.);
#7957 = EDGE_CURVE('',#1532,#7949,#7958,.T.);
#7958 = LINE('',#7959,#7960);
#7959 = CARTESIAN_POINT('',(2.435897350311,0.25,1.038839101791));
#7960 = VECTOR('',#7961,1.);
#7961 = DIRECTION('',(-0.621046525102,0.637390750508,0.456107711869));
#7962 = PLANE('',#7963);
#7963 = AXIS2_PLACEMENT_3D('',#7964,#7965,#7966);
#7964 = CARTESIAN_POINT('',(2.314102555928,0.285299947728,1.128287278631
    ));
#7965 = DIRECTION('',(0.591931355562,-9.488349400177E-07,0.805988380997)
  );
#7966 = DIRECTION('',(0.805988380997,5.5069272688E-24,-0.591931355562));
#7967 = ADVANCED_FACE('',(#7968),#7985,.T.);
#7968 = FACE_BOUND('',#7969,.T.);
#7969 = EDGE_LOOP('',(#7970,#7971,#7979));
#7970 = ORIENTED_EDGE('',*,*,#7957,.F.);
#7971 = ORIENTED_EDGE('',*,*,#7972,.T.);
#7972 = EDGE_CURVE('',#1532,#7973,#7975,.T.);
#7973 = VERTEX_POINT('',#7974);
#7974 = CARTESIAN_POINT('',(2.435897350311,0.5,1.038839101791));
#7975 = LINE('',#7976,#7977);
#7976 = CARTESIAN_POINT('',(2.435897350311,0.25,1.038839101791));
#7977 = VECTOR('',#7978,1.);
#7978 = DIRECTION('',(0.,1.,0.));
#7979 = ORIENTED_EDGE('',*,*,#7980,.T.);
#7980 = EDGE_CURVE('',#7973,#7949,#7981,.T.);
#7981 = LINE('',#7982,#7983);
#7982 = CARTESIAN_POINT('',(2.435897350311,0.5,1.038839101791));
#7983 = VECTOR('',#7984,1.);
#7984 = DIRECTION('',(-0.621046525102,-0.637390750508,0.456107711869));
#7985 = PLANE('',#7986);
#7986 = AXIS2_PLACEMENT_3D('',#7987,#7988,#7989);
#7987 = CARTESIAN_POINT('',(2.398705647419,0.375,1.06615335575));
#7988 = DIRECTION('',(0.591931988163,0.,0.805987916404));
#7989 = DIRECTION('',(0.805987916404,0.,-0.591931988163));
#7990 = ADVANCED_FACE('',(#7991),#8006,.T.);
#7991 = FACE_BOUND('',#7992,.T.);
#7992 = EDGE_LOOP('',(#7993,#7994,#8000));
#7993 = ORIENTED_EDGE('',*,*,#7980,.F.);
#7994 = ORIENTED_EDGE('',*,*,#7995,.T.);
#7995 = EDGE_CURVE('',#7973,#7817,#7996,.T.);
#7996 = LINE('',#7997,#7998);
#7997 = CARTESIAN_POINT('',(2.435897350311,0.5,1.038839101791));
#7998 = VECTOR('',#7999,1.);
#7999 = DIRECTION('',(-0.805988380997,0.,0.591931355562));
#8000 = ORIENTED_EDGE('',*,*,#8001,.T.);
#8001 = EDGE_CURVE('',#7817,#7949,#8002,.T.);
#8002 = LINE('',#8003,#8004);
#8003 = CARTESIAN_POINT('',(2.192307710648,0.5,1.217735409737));
#8004 = VECTOR('',#8005,1.);
#8005 = DIRECTION('',(0.621047444109,-0.63739044598,-0.45610688609));
#8006 = PLANE('',#8007);
#8007 = AXIS2_PLACEMENT_3D('',#8008,#8009,#8010);
#8008 = CARTESIAN_POINT('',(2.314102555928,0.464700052272,1.128287278631
    ));
#8009 = DIRECTION('',(0.591931355562,9.488349400064E-07,0.805988380997)
  );
#8010 = DIRECTION('',(0.805988380997,5.176206636047E-23,-0.591931355562)
  );
#8011 = ADVANCED_FACE('',(#8012),#8017,.T.);
#8012 = FACE_BOUND('',#8013,.T.);
#8013 = EDGE_LOOP('',(#8014,#8015,#8016));
#8014 = ORIENTED_EDGE('',*,*,#8001,.F.);
#8015 = ORIENTED_EDGE('',*,*,#7816,.F.);
#8016 = ORIENTED_EDGE('',*,*,#7948,.F.);
#8017 = PLANE('',#8018);
#8018 = AXIS2_PLACEMENT_3D('',#8019,#8020,#8021);
#8019 = CARTESIAN_POINT('',(2.229499493261,0.375,1.1904211871));
#8020 = DIRECTION('',(0.591930722962,0.,0.805988845589));
#8021 = DIRECTION('',(0.805988845589,0.,-0.591930722962));
#8022 = ADVANCED_FACE('',(#8023),#8040,.T.);
#8023 = FACE_BOUND('',#8024,.T.);
#8024 = EDGE_LOOP('',(#8025,#8033,#8034));
#8025 = ORIENTED_EDGE('',*,*,#8026,.T.);
#8026 = EDGE_CURVE('',#8027,#3924,#8029,.T.);
#8027 = VERTEX_POINT('',#8028);
#8028 = CARTESIAN_POINT('',(2.557692289352,0.375,-2.813831716776E-02));
#8029 = LINE('',#8030,#8031);
#8030 = CARTESIAN_POINT('',(2.557692289352,0.375,-2.813831716776E-02));
#8031 = VECTOR('',#8032,1.);
#8032 = DIRECTION('',(-0.651533553386,-0.668678804016,0.358291342168));
#8033 = ORIENTED_EDGE('',*,*,#7917,.F.);
#8034 = ORIENTED_EDGE('',*,*,#8035,.T.);
#8035 = EDGE_CURVE('',#7895,#8027,#8036,.T.);
#8036 = LINE('',#8037,#8038);
#8037 = CARTESIAN_POINT('',(2.435897350311,0.5,3.883915767074E-02));
#8038 = VECTOR('',#8039,1.);
#8039 = DIRECTION('',(0.651533553386,-0.668678804016,-0.358291342168));
#8040 = PLANE('',#8041);
#8041 = AXIS2_PLACEMENT_3D('',#8042,#8043,#8044);
#8042 = CARTESIAN_POINT('',(2.472391772949,0.375,1.877014418614E-02));
#8043 = DIRECTION('',(-0.481864940394,-0.,-0.876245501683));
#8044 = DIRECTION('',(-0.876245501683,0.,0.481864940394));
#8045 = ADVANCED_FACE('',(#8046),#8063,.T.);
#8046 = FACE_BOUND('',#8047,.T.);
#8047 = EDGE_LOOP('',(#8048,#8049,#8057));
#8048 = ORIENTED_EDGE('',*,*,#8035,.F.);
#8049 = ORIENTED_EDGE('',*,*,#8050,.T.);
#8050 = EDGE_CURVE('',#7895,#8051,#8053,.T.);
#8051 = VERTEX_POINT('',#8052);
#8052 = CARTESIAN_POINT('',(2.679487228394,0.5,-9.511578828096E-02));
#8053 = LINE('',#8054,#8055);
#8054 = CARTESIAN_POINT('',(2.435897350311,0.5,3.883915767074E-02));
#8055 = VECTOR('',#8056,1.);
#8056 = DIRECTION('',(0.876245507341,0.,-0.481864930105));
#8057 = ORIENTED_EDGE('',*,*,#8058,.T.);
#8058 = EDGE_CURVE('',#8051,#8027,#8059,.T.);
#8059 = LINE('',#8060,#8061);
#8060 = CARTESIAN_POINT('',(2.679487228394,0.5,-9.511578828096E-02));
#8061 = VECTOR('',#8062,1.);
#8062 = DIRECTION('',(-0.651533558038,-0.66867880879,0.358291324798));
#8063 = PLANE('',#8064);
#8064 = AXIS2_PLACEMENT_3D('',#8065,#8066,#8067);
#8065 = CARTESIAN_POINT('',(2.557692289228,0.464153623038,
    -2.81383157707E-02));
#8066 = DIRECTION('',(-0.481864930105,1.305707560096E-08,-0.876245507341
    ));
#8067 = DIRECTION('',(-0.876245507341,4.959759966709E-25,0.481864930105)
  );
#8068 = ADVANCED_FACE('',(#8069),#8084,.T.);
#8069 = FACE_BOUND('',#8070,.T.);
#8070 = EDGE_LOOP('',(#8071,#8072,#8078));
#8071 = ORIENTED_EDGE('',*,*,#8058,.F.);
#8072 = ORIENTED_EDGE('',*,*,#8073,.T.);
#8073 = EDGE_CURVE('',#8051,#4080,#8074,.T.);
#8074 = LINE('',#8075,#8076);
#8075 = CARTESIAN_POINT('',(2.679487228394,0.5,-9.511578828096E-02));
#8076 = VECTOR('',#8077,1.);
#8077 = DIRECTION('',(0.,-1.,0.));
#8078 = ORIENTED_EDGE('',*,*,#8079,.T.);
#8079 = EDGE_CURVE('',#4080,#8027,#8080,.T.);
#8080 = LINE('',#8081,#8082);
#8081 = CARTESIAN_POINT('',(2.679487228394,0.25,-9.511578828096E-02));
#8082 = VECTOR('',#8083,1.);
#8083 = DIRECTION('',(-0.651533558038,0.66867880879,0.358291324798));
#8084 = PLANE('',#8085);
#8085 = AXIS2_PLACEMENT_3D('',#8086,#8087,#8088);
#8086 = CARTESIAN_POINT('',(2.64299280586,0.375,-7.504677597003E-02));
#8087 = DIRECTION('',(-0.481864919815,-0.,-0.876245512999));
#8088 = DIRECTION('',(-0.876245512999,0.,0.481864919815));
#8089 = ADVANCED_FACE('',(#8090),#8095,.T.);
#8090 = FACE_BOUND('',#8091,.T.);
#8091 = EDGE_LOOP('',(#8092,#8093,#8094));
#8092 = ORIENTED_EDGE('',*,*,#8079,.F.);
#8093 = ORIENTED_EDGE('',*,*,#4079,.F.);
#8094 = ORIENTED_EDGE('',*,*,#8026,.F.);
#8095 = PLANE('',#8096);
#8096 = AXIS2_PLACEMENT_3D('',#8097,#8098,#8099);
#8097 = CARTESIAN_POINT('',(2.557692289228,0.285846376962,
    -2.81383157707E-02));
#8098 = DIRECTION('',(-0.481864930105,-1.305707556559E-08,
    -0.876245507341));
#8099 = DIRECTION('',(-0.876245507341,-3.899765230722E-25,0.481864930105
    ));
#8100 = ADVANCED_FACE('',(#8101),#8118,.T.);
#8101 = FACE_BOUND('',#8102,.T.);
#8102 = EDGE_LOOP('',(#8103,#8111,#8112));
#8103 = ORIENTED_EDGE('',*,*,#8104,.T.);
#8104 = EDGE_CURVE('',#8105,#1532,#8107,.T.);
#8105 = VERTEX_POINT('',#8106);
#8106 = CARTESIAN_POINT('',(2.557692289352,0.375,0.97186166048));
#8107 = LINE('',#8108,#8109);
#8108 = CARTESIAN_POINT('',(2.557692289352,0.375,0.97186166048));
#8109 = VECTOR('',#8110,1.);
#8110 = DIRECTION('',(-0.651533595254,-0.668678846986,0.358291185839));
#8111 = ORIENTED_EDGE('',*,*,#1531,.F.);
#8112 = ORIENTED_EDGE('',*,*,#8113,.T.);
#8113 = EDGE_CURVE('',#1447,#8105,#8114,.T.);
#8114 = LINE('',#8115,#8116);
#8115 = CARTESIAN_POINT('',(2.679487228394,0.25,0.90488421917));
#8116 = VECTOR('',#8117,1.);
#8117 = DIRECTION('',(-0.651533595254,0.668678846986,0.358291185839));
#8118 = PLANE('',#8119);
#8119 = AXIS2_PLACEMENT_3D('',#8120,#8121,#8122);
#8120 = CARTESIAN_POINT('',(2.557692289352,0.285846377712,0.97186166048)
  );
#8121 = DIRECTION('',(0.481864755189,0.,0.87624560353));
#8122 = DIRECTION('',(0.87624560353,0.,-0.481864755189));
#8123 = ADVANCED_FACE('',(#8124),#8141,.T.);
#8124 = FACE_BOUND('',#8125,.T.);
#8125 = EDGE_LOOP('',(#8126,#8127,#8135));
#8126 = ORIENTED_EDGE('',*,*,#8113,.F.);
#8127 = ORIENTED_EDGE('',*,*,#8128,.T.);
#8128 = EDGE_CURVE('',#1447,#8129,#8131,.T.);
#8129 = VERTEX_POINT('',#8130);
#8130 = CARTESIAN_POINT('',(2.679487228394,0.5,0.90488421917));
#8131 = LINE('',#8132,#8133);
#8132 = CARTESIAN_POINT('',(2.679487228394,0.25,0.90488421917));
#8133 = VECTOR('',#8134,1.);
#8134 = DIRECTION('',(0.,1.,0.));
#8135 = ORIENTED_EDGE('',*,*,#8136,.T.);
#8136 = EDGE_CURVE('',#8129,#8105,#8137,.T.);
#8137 = LINE('',#8138,#8139);
#8138 = CARTESIAN_POINT('',(2.679487228394,0.5,0.90488421917));
#8139 = VECTOR('',#8140,1.);
#8140 = DIRECTION('',(-0.651533595254,-0.668678846986,0.358291185839));
#8141 = PLANE('',#8142);
#8142 = AXIS2_PLACEMENT_3D('',#8143,#8144,#8145);
#8143 = CARTESIAN_POINT('',(2.642992806695,0.375,0.924953222091));
#8144 = DIRECTION('',(0.481864755189,0.,0.87624560353));
#8145 = DIRECTION('',(0.87624560353,0.,-0.481864755189));
#8146 = ADVANCED_FACE('',(#8147),#8162,.T.);
#8147 = FACE_BOUND('',#8148,.T.);
#8148 = EDGE_LOOP('',(#8149,#8150,#8156));
#8149 = ORIENTED_EDGE('',*,*,#8136,.F.);
#8150 = ORIENTED_EDGE('',*,*,#8151,.T.);
#8151 = EDGE_CURVE('',#8129,#7973,#8152,.T.);
#8152 = LINE('',#8153,#8154);
#8153 = CARTESIAN_POINT('',(2.679487228394,0.5,0.90488421917));
#8154 = VECTOR('',#8155,1.);
#8155 = DIRECTION('',(-0.87624560353,0.,0.481864755189));
#8156 = ORIENTED_EDGE('',*,*,#8157,.T.);
#8157 = EDGE_CURVE('',#7973,#8105,#8158,.T.);
#8158 = LINE('',#8159,#8160);
#8159 = CARTESIAN_POINT('',(2.435897350311,0.5,1.038839101791));
#8160 = VECTOR('',#8161,1.);
#8161 = DIRECTION('',(0.651533595254,-0.668678846986,-0.358291185839));
#8162 = PLANE('',#8163);
#8163 = AXIS2_PLACEMENT_3D('',#8164,#8165,#8166);
#8164 = CARTESIAN_POINT('',(2.557692289352,0.464153622288,0.97186166048)
  );
#8165 = DIRECTION('',(0.481864755189,0.,0.87624560353));
#8166 = DIRECTION('',(0.87624560353,0.,-0.481864755189));
#8167 = ADVANCED_FACE('',(#8168),#8173,.T.);
#8168 = FACE_BOUND('',#8169,.T.);
#8169 = EDGE_LOOP('',(#8170,#8171,#8172));
#8170 = ORIENTED_EDGE('',*,*,#8157,.F.);
#8171 = ORIENTED_EDGE('',*,*,#7972,.F.);
#8172 = ORIENTED_EDGE('',*,*,#8104,.F.);
#8173 = PLANE('',#8174);
#8174 = AXIS2_PLACEMENT_3D('',#8175,#8176,#8177);
#8175 = CARTESIAN_POINT('',(2.472391772009,0.375,1.01877009887));
#8176 = DIRECTION('',(0.481864755189,0.,0.87624560353));
#8177 = DIRECTION('',(0.87624560353,0.,-0.481864755189));
#8178 = ADVANCED_FACE('',(#8179),#8196,.T.);
#8179 = FACE_BOUND('',#8180,.T.);
#8180 = EDGE_LOOP('',(#8181,#8189,#8190));
#8181 = ORIENTED_EDGE('',*,*,#8182,.T.);
#8182 = EDGE_CURVE('',#8183,#4080,#8185,.T.);
#8183 = VERTEX_POINT('',#8184);
#8184 = CARTESIAN_POINT('',(2.801282167435,0.375,-0.135668039322));
#8185 = LINE('',#8186,#8187);
#8186 = CARTESIAN_POINT('',(2.801282167435,0.375,-0.135668039322));
#8187 = VECTOR('',#8188,1.);
#8188 = DIRECTION('',(-0.679756084215,-0.697644017032,0.226328282527));
#8189 = ORIENTED_EDGE('',*,*,#8073,.F.);
#8190 = ORIENTED_EDGE('',*,*,#8191,.T.);
#8191 = EDGE_CURVE('',#8051,#8183,#8192,.T.);
#8192 = LINE('',#8193,#8194);
#8193 = CARTESIAN_POINT('',(2.679487228394,0.5,-9.511578828096E-02));
#8194 = VECTOR('',#8195,1.);
#8195 = DIRECTION('',(0.679756084215,-0.697644017032,-0.226328282527));
#8196 = PLANE('',#8197);
#8197 = AXIS2_PLACEMENT_3D('',#8198,#8199,#8200);
#8198 = CARTESIAN_POINT('',(2.71535898296,0.375,-0.107059473363));
#8199 = DIRECTION('',(-0.315904804373,-0.,-0.948790890857));
#8200 = DIRECTION('',(-0.948790890857,0.,0.315904804373));
#8201 = ADVANCED_FACE('',(#8202),#8219,.T.);
#8202 = FACE_BOUND('',#8203,.T.);
#8203 = EDGE_LOOP('',(#8204,#8205,#8213));
#8204 = ORIENTED_EDGE('',*,*,#8191,.F.);
#8205 = ORIENTED_EDGE('',*,*,#8206,.T.);
#8206 = EDGE_CURVE('',#8051,#8207,#8209,.T.);
#8207 = VERTEX_POINT('',#8208);
#8208 = CARTESIAN_POINT('',(2.923076868057,0.5,-0.176220282912));
#8209 = LINE('',#8210,#8211);
#8210 = CARTESIAN_POINT('',(2.679487228394,0.5,-9.511578828096E-02));
#8211 = VECTOR('',#8212,1.);
#8212 = DIRECTION('',(0.94879080688,0.,-0.315905056591));
#8213 = ORIENTED_EDGE('',*,*,#8214,.T.);
#8214 = EDGE_CURVE('',#8207,#8183,#8215,.T.);
#8215 = LINE('',#8216,#8217);
#8216 = CARTESIAN_POINT('',(2.923076868057,0.5,-0.176220282912));
#8217 = VECTOR('',#8218,1.);
#8218 = DIRECTION('',(-0.679755374812,-0.69764465463,0.226328447792));
#8219 = PLANE('',#8220);
#8220 = AXIS2_PLACEMENT_3D('',#8221,#8222,#8223);
#8221 = CARTESIAN_POINT('',(2.801282066738,0.463587515552,
    -0.135668031284));
#8222 = DIRECTION('',(-0.315905056591,-2.729943693694E-07,-0.94879080688
    ));
#8223 = DIRECTION('',(-0.94879080688,1.078105799542E-23,0.315905056591)
  );
#8224 = ADVANCED_FACE('',(#8225),#8240,.T.);
#8225 = FACE_BOUND('',#8226,.T.);
#8226 = EDGE_LOOP('',(#8227,#8228,#8234));
#8227 = ORIENTED_EDGE('',*,*,#8214,.F.);
#8228 = ORIENTED_EDGE('',*,*,#8229,.T.);
#8229 = EDGE_CURVE('',#8207,#4236,#8230,.T.);
#8230 = LINE('',#8231,#8232);
#8231 = CARTESIAN_POINT('',(2.923076868057,0.5,-0.176220282912));
#8232 = VECTOR('',#8233,1.);
#8233 = DIRECTION('',(0.,-1.,0.));
#8234 = ORIENTED_EDGE('',*,*,#8235,.T.);
#8235 = EDGE_CURVE('',#4236,#8183,#8236,.T.);
#8236 = LINE('',#8237,#8238);
#8237 = CARTESIAN_POINT('',(2.923076868057,0.25,-0.176220282912));
#8238 = VECTOR('',#8239,1.);
#8239 = DIRECTION('',(-0.679755374812,0.69764465463,0.226328447792));
#8240 = PLANE('',#8241);
#8241 = AXIS2_PLACEMENT_3D('',#8242,#8243,#8244);
#8242 = CARTESIAN_POINT('',(2.887205197184,0.375,-0.164276604511));
#8243 = DIRECTION('',(-0.315905308809,-0.,-0.948790722903));
#8244 = DIRECTION('',(-0.948790722903,0.,0.315905308809));
#8245 = ADVANCED_FACE('',(#8246),#8251,.T.);
#8246 = FACE_BOUND('',#8247,.T.);
#8247 = EDGE_LOOP('',(#8248,#8249,#8250));
#8248 = ORIENTED_EDGE('',*,*,#8235,.F.);
#8249 = ORIENTED_EDGE('',*,*,#4235,.F.);
#8250 = ORIENTED_EDGE('',*,*,#8182,.F.);
#8251 = PLANE('',#8252);
#8252 = AXIS2_PLACEMENT_3D('',#8253,#8254,#8255);
#8253 = CARTESIAN_POINT('',(2.801282066738,0.286412484448,
    -0.135668031284));
#8254 = DIRECTION('',(-0.315905056591,2.729943693615E-07,-0.94879080688)
  );
#8255 = DIRECTION('',(-0.94879080688,-4.136145043918E-24,0.315905056591)
  );
#8256 = ADVANCED_FACE('',(#8257),#8274,.T.);
#8257 = FACE_BOUND('',#8258,.T.);
#8258 = EDGE_LOOP('',(#8259,#8267,#8268));
#8259 = ORIENTED_EDGE('',*,*,#8260,.T.);
#8260 = EDGE_CURVE('',#8261,#1447,#8263,.T.);
#8261 = VERTEX_POINT('',#8262);
#8262 = CARTESIAN_POINT('',(2.801282167435,0.375,0.864331960678));
#8263 = LINE('',#8264,#8265);
#8264 = CARTESIAN_POINT('',(2.801282167435,0.375,0.864331960678));
#8265 = VECTOR('',#8266,1.);
#8266 = DIRECTION('',(-0.679756077818,-0.697644010467,0.22632832198));
#8267 = ORIENTED_EDGE('',*,*,#1446,.F.);
#8268 = ORIENTED_EDGE('',*,*,#8269,.T.);
#8269 = EDGE_CURVE('',#1362,#8261,#8270,.T.);
#8270 = LINE('',#8271,#8272);
#8271 = CARTESIAN_POINT('',(2.923076868057,0.25,0.823779702187));
#8272 = VECTOR('',#8273,1.);
#8273 = DIRECTION('',(-0.679755362018,0.697644641498,0.226328526698));
#8274 = PLANE('',#8275);
#8275 = AXIS2_PLACEMENT_3D('',#8276,#8277,#8278);
#8276 = CARTESIAN_POINT('',(2.801282066905,0.286412484245,0.864331966021
    ));
#8277 = DIRECTION('',(0.315905134963,-3.012706136321E-07,0.948790780786)
  );
#8278 = DIRECTION('',(0.948790780786,-3.13393245221E-24,-0.315905134963)
  );
#8279 = ADVANCED_FACE('',(#8280),#8297,.T.);
#8280 = FACE_BOUND('',#8281,.T.);
#8281 = EDGE_LOOP('',(#8282,#8283,#8291));
#8282 = ORIENTED_EDGE('',*,*,#8269,.F.);
#8283 = ORIENTED_EDGE('',*,*,#8284,.T.);
#8284 = EDGE_CURVE('',#1362,#8285,#8287,.T.);
#8285 = VERTEX_POINT('',#8286);
#8286 = CARTESIAN_POINT('',(2.923076868057,0.5,0.823779702187));
#8287 = LINE('',#8288,#8289);
#8288 = CARTESIAN_POINT('',(2.923076868057,0.25,0.823779702187));
#8289 = VECTOR('',#8290,1.);
#8290 = DIRECTION('',(0.,1.,0.));
#8291 = ORIENTED_EDGE('',*,*,#8292,.T.);
#8292 = EDGE_CURVE('',#8285,#8261,#8293,.T.);
#8293 = LINE('',#8294,#8295);
#8294 = CARTESIAN_POINT('',(2.923076868057,0.5,0.823779702187));
#8295 = VECTOR('',#8296,1.);
#8296 = DIRECTION('',(-0.679755362018,-0.697644641498,0.226328526698));
#8297 = PLANE('',#8298);
#8298 = AXIS2_PLACEMENT_3D('',#8299,#8300,#8301);
#8299 = CARTESIAN_POINT('',(2.887205196906,0.375,0.835723385069));
#8300 = DIRECTION('',(0.315905413305,0.,0.94879068811));
#8301 = DIRECTION('',(0.94879068811,0.,-0.315905413305));
#8302 = ADVANCED_FACE('',(#8303),#8318,.T.);
#8303 = FACE_BOUND('',#8304,.T.);
#8304 = EDGE_LOOP('',(#8305,#8306,#8312));
#8305 = ORIENTED_EDGE('',*,*,#8292,.F.);
#8306 = ORIENTED_EDGE('',*,*,#8307,.T.);
#8307 = EDGE_CURVE('',#8285,#8129,#8308,.T.);
#8308 = LINE('',#8309,#8310);
#8309 = CARTESIAN_POINT('',(2.923076868057,0.5,0.823779702187));
#8310 = VECTOR('',#8311,1.);
#8311 = DIRECTION('',(-0.948790780786,0.,0.315905134963));
#8312 = ORIENTED_EDGE('',*,*,#8313,.T.);
#8313 = EDGE_CURVE('',#8129,#8261,#8314,.T.);
#8314 = LINE('',#8315,#8316);
#8315 = CARTESIAN_POINT('',(2.679487228394,0.5,0.90488421917));
#8316 = VECTOR('',#8317,1.);
#8317 = DIRECTION('',(0.679756077818,-0.697644010467,-0.22632832198));
#8318 = PLANE('',#8319);
#8319 = AXIS2_PLACEMENT_3D('',#8320,#8321,#8322);
#8320 = CARTESIAN_POINT('',(2.801282066905,0.463587515755,0.864331966021
    ));
#8321 = DIRECTION('',(0.315905134963,3.012706136373E-07,0.948790780786)
  );
#8322 = DIRECTION('',(0.948790780786,-5.080025185653E-24,-0.315905134963
    ));
#8323 = ADVANCED_FACE('',(#8324),#8329,.T.);
#8324 = FACE_BOUND('',#8325,.T.);
#8325 = EDGE_LOOP('',(#8326,#8327,#8328));
#8326 = ORIENTED_EDGE('',*,*,#8313,.F.);
#8327 = ORIENTED_EDGE('',*,*,#8128,.F.);
#8328 = ORIENTED_EDGE('',*,*,#8260,.F.);
#8329 = PLANE('',#8330);
#8330 = AXIS2_PLACEMENT_3D('',#8331,#8332,#8333);
#8331 = CARTESIAN_POINT('',(2.715358983099,0.375,0.892940531847));
#8332 = DIRECTION('',(0.315904856621,0.,0.948790873461));
#8333 = DIRECTION('',(0.948790873461,0.,-0.315904856621));
#8334 = ADVANCED_FACE('',(#8335),#8352,.T.);
#8335 = FACE_BOUND('',#8336,.T.);
#8336 = EDGE_LOOP('',(#8337,#8345,#8346));
#8337 = ORIENTED_EDGE('',*,*,#8338,.T.);
#8338 = EDGE_CURVE('',#8339,#4236,#8341,.T.);
#8339 = VERTEX_POINT('',#8340);
#8340 = CARTESIAN_POINT('',(3.044871807098,0.375,-0.187952980399));
#8341 = LINE('',#8342,#8343);
#8342 = CARTESIAN_POINT('',(3.044871807098,0.375,-0.187952980399));
#8343 = VECTOR('',#8344,1.);
#8344 = DIRECTION('',(-0.696293287157,-0.714616400155,6.707502433741E-02
    ));
#8345 = ORIENTED_EDGE('',*,*,#8229,.F.);
#8346 = ORIENTED_EDGE('',*,*,#8347,.T.);
#8347 = EDGE_CURVE('',#8207,#8339,#8348,.T.);
#8348 = LINE('',#8349,#8350);
#8349 = CARTESIAN_POINT('',(2.923076868057,0.5,-0.176220282912));
#8350 = VECTOR('',#8351,1.);
#8351 = DIRECTION('',(0.696293287157,-0.714616400155,-6.707502433741E-02
    ));
#8352 = PLANE('',#8353);
#8353 = AXIS2_PLACEMENT_3D('',#8354,#8355,#8356);
#8354 = CARTESIAN_POINT('',(2.958593540775,0.375,-0.179641659695));
#8355 = DIRECTION('',(-9.588768778876E-02,-0.,-0.995392159569));
#8356 = DIRECTION('',(-0.995392159569,0.,9.588768778876E-02));
#8357 = ADVANCED_FACE('',(#8358),#8375,.T.);
#8358 = FACE_BOUND('',#8359,.T.);
#8359 = EDGE_LOOP('',(#8360,#8361,#8369));
#8360 = ORIENTED_EDGE('',*,*,#8347,.F.);
#8361 = ORIENTED_EDGE('',*,*,#8362,.T.);
#8362 = EDGE_CURVE('',#8207,#8363,#8365,.T.);
#8363 = VERTEX_POINT('',#8364);
#8364 = CARTESIAN_POINT('',(3.16666674614,0.5,-0.199685662985));
#8365 = LINE('',#8366,#8367);
#8366 = CARTESIAN_POINT('',(2.923076868057,0.5,-0.176220282912));
#8367 = VECTOR('',#8368,1.);
#8368 = DIRECTION('',(0.99539216538,0.,-9.588762745734E-02));
#8369 = ORIENTED_EDGE('',*,*,#8370,.T.);
#8370 = EDGE_CURVE('',#8363,#8339,#8371,.T.);
#8371 = LINE('',#8372,#8373);
#8372 = CARTESIAN_POINT('',(3.16666674614,0.5,-0.199685662985));
#8373 = VECTOR('',#8374,1.);
#8374 = DIRECTION('',(-0.696293291136,-0.714616404238,6.707493953177E-02
    ));
#8375 = PLANE('',#8376);
#8376 = AXIS2_PLACEMENT_3D('',#8377,#8378,#8379);
#8377 = CARTESIAN_POINT('',(3.044871806996,0.463224835817,
    -0.187952975131));
#8378 = DIRECTION('',(-9.588762745734E-02,5.93299964328E-08,
    -0.99539216538));
#8379 = DIRECTION('',(-0.99539216538,3.661881506991E-25,
    9.588762745734E-02));
#8380 = ADVANCED_FACE('',(#8381),#8396,.T.);
#8381 = FACE_BOUND('',#8382,.T.);
#8382 = EDGE_LOOP('',(#8383,#8384,#8390));
#8383 = ORIENTED_EDGE('',*,*,#8370,.F.);
#8384 = ORIENTED_EDGE('',*,*,#8385,.T.);
#8385 = EDGE_CURVE('',#8363,#4392,#8386,.T.);
#8386 = LINE('',#8387,#8388);
#8387 = CARTESIAN_POINT('',(3.16666674614,0.5,-0.199685662985));
#8388 = VECTOR('',#8389,1.);
#8389 = DIRECTION('',(0.,-1.,0.));
#8390 = ORIENTED_EDGE('',*,*,#8391,.T.);
#8391 = EDGE_CURVE('',#4392,#8339,#8392,.T.);
#8392 = LINE('',#8393,#8394);
#8393 = CARTESIAN_POINT('',(3.16666674614,0.25,-0.199685662985));
#8394 = VECTOR('',#8395,1.);
#8395 = DIRECTION('',(-0.696293291136,0.714616404238,6.707493953177E-02)
  );
#8396 = PLANE('',#8397);
#8397 = AXIS2_PLACEMENT_3D('',#8398,#8399,#8400);
#8398 = CARTESIAN_POINT('',(3.131150073506,0.375,-0.196264290555));
#8399 = DIRECTION('',(-9.588756712592E-02,-0.,-0.995392171192));
#8400 = DIRECTION('',(-0.995392171192,0.,9.588756712592E-02));
#8401 = ADVANCED_FACE('',(#8402),#8407,.T.);
#8402 = FACE_BOUND('',#8403,.T.);
#8403 = EDGE_LOOP('',(#8404,#8405,#8406));
#8404 = ORIENTED_EDGE('',*,*,#8391,.F.);
#8405 = ORIENTED_EDGE('',*,*,#4391,.F.);
#8406 = ORIENTED_EDGE('',*,*,#8338,.F.);
#8407 = PLANE('',#8408);
#8408 = AXIS2_PLACEMENT_3D('',#8409,#8410,#8411);
#8409 = CARTESIAN_POINT('',(3.044871806996,0.286775164183,
    -0.187952975131));
#8410 = DIRECTION('',(-9.588762745734E-02,-5.932999643004E-08,
    -0.99539216538));
#8411 = DIRECTION('',(-0.99539216538,3.999944628256E-25,
    9.588762745734E-02));
#8412 = ADVANCED_FACE('',(#8413),#8430,.T.);
#8413 = FACE_BOUND('',#8414,.T.);
#8414 = EDGE_LOOP('',(#8415,#8423,#8424));
#8415 = ORIENTED_EDGE('',*,*,#8416,.T.);
#8416 = EDGE_CURVE('',#8417,#1362,#8419,.T.);
#8417 = VERTEX_POINT('',#8418);
#8418 = CARTESIAN_POINT('',(3.044871807098,0.375,0.8120470047));
#8419 = LINE('',#8420,#8421);
#8420 = CARTESIAN_POINT('',(3.044871807098,0.375,0.8120470047));
#8421 = VECTOR('',#8422,1.);
#8422 = DIRECTION('',(-0.696293287157,-0.714616400155,6.707502433741E-02
    ));
#8423 = ORIENTED_EDGE('',*,*,#1361,.F.);
#8424 = ORIENTED_EDGE('',*,*,#8425,.T.);
#8425 = EDGE_CURVE('',#1277,#8417,#8426,.T.);
#8426 = LINE('',#8427,#8428);
#8427 = CARTESIAN_POINT('',(3.16666674614,0.25,0.800314307213));
#8428 = VECTOR('',#8429,1.);
#8429 = DIRECTION('',(-0.696293287157,0.714616400155,6.707502433741E-02)
  );
#8430 = PLANE('',#8431);
#8431 = AXIS2_PLACEMENT_3D('',#8432,#8433,#8434);
#8432 = CARTESIAN_POINT('',(3.044871807098,0.286775164138,0.8120470047)
  );
#8433 = DIRECTION('',(9.588768778876E-02,0.,0.995392159569));
#8434 = DIRECTION('',(0.995392159569,0.,-9.588768778876E-02));
#8435 = ADVANCED_FACE('',(#8436),#8453,.T.);
#8436 = FACE_BOUND('',#8437,.T.);
#8437 = EDGE_LOOP('',(#8438,#8439,#8447));
#8438 = ORIENTED_EDGE('',*,*,#8425,.F.);
#8439 = ORIENTED_EDGE('',*,*,#8440,.T.);
#8440 = EDGE_CURVE('',#1277,#8441,#8443,.T.);
#8441 = VERTEX_POINT('',#8442);
#8442 = CARTESIAN_POINT('',(3.16666674614,0.5,0.800314307213));
#8443 = LINE('',#8444,#8445);
#8444 = CARTESIAN_POINT('',(3.16666674614,0.25,0.800314307213));
#8445 = VECTOR('',#8446,1.);
#8446 = DIRECTION('',(0.,1.,0.));
#8447 = ORIENTED_EDGE('',*,*,#8448,.T.);
#8448 = EDGE_CURVE('',#8441,#8417,#8449,.T.);
#8449 = LINE('',#8450,#8451);
#8450 = CARTESIAN_POINT('',(3.16666674614,0.5,0.800314307213));
#8451 = VECTOR('',#8452,1.);
#8452 = DIRECTION('',(-0.696293287157,-0.714616400155,6.707502433741E-02
    ));
#8453 = PLANE('',#8454);
#8454 = AXIS2_PLACEMENT_3D('',#8455,#8456,#8457);
#8455 = CARTESIAN_POINT('',(3.131150073422,0.375,0.803735683996));
#8456 = DIRECTION('',(9.588768778876E-02,0.,0.995392159569));
#8457 = DIRECTION('',(0.995392159569,0.,-9.588768778876E-02));
#8458 = ADVANCED_FACE('',(#8459),#8474,.T.);
#8459 = FACE_BOUND('',#8460,.T.);
#8460 = EDGE_LOOP('',(#8461,#8462,#8468));
#8461 = ORIENTED_EDGE('',*,*,#8448,.F.);
#8462 = ORIENTED_EDGE('',*,*,#8463,.T.);
#8463 = EDGE_CURVE('',#8441,#8285,#8464,.T.);
#8464 = LINE('',#8465,#8466);
#8465 = CARTESIAN_POINT('',(3.16666674614,0.5,0.800314307213));
#8466 = VECTOR('',#8467,1.);
#8467 = DIRECTION('',(-0.995392159569,0.,9.588768778876E-02));
#8468 = ORIENTED_EDGE('',*,*,#8469,.T.);
#8469 = EDGE_CURVE('',#8285,#8417,#8470,.T.);
#8470 = LINE('',#8471,#8472);
#8471 = CARTESIAN_POINT('',(2.923076868057,0.5,0.823779702187));
#8472 = VECTOR('',#8473,1.);
#8473 = DIRECTION('',(0.696293287157,-0.714616400155,-6.707502433741E-02
    ));
#8474 = PLANE('',#8475);
#8475 = AXIS2_PLACEMENT_3D('',#8476,#8477,#8478);
#8476 = CARTESIAN_POINT('',(3.044871807098,0.463224835862,0.8120470047)
  );
#8477 = DIRECTION('',(9.588768778876E-02,0.,0.995392159569));
#8478 = DIRECTION('',(0.995392159569,0.,-9.588768778876E-02));
#8479 = ADVANCED_FACE('',(#8480),#8485,.T.);
#8480 = FACE_BOUND('',#8481,.T.);
#8481 = EDGE_LOOP('',(#8482,#8483,#8484));
#8482 = ORIENTED_EDGE('',*,*,#8469,.F.);
#8483 = ORIENTED_EDGE('',*,*,#8284,.F.);
#8484 = ORIENTED_EDGE('',*,*,#8416,.F.);
#8485 = PLANE('',#8486);
#8486 = AXIS2_PLACEMENT_3D('',#8487,#8488,#8489);
#8487 = CARTESIAN_POINT('',(2.958593540775,0.375,0.820358325403));
#8488 = DIRECTION('',(9.588768778876E-02,0.,0.995392159569));
#8489 = DIRECTION('',(0.995392159569,0.,-9.588768778876E-02));
#8490 = ADVANCED_FACE('',(#8491),#8508,.T.);
#8491 = FACE_BOUND('',#8492,.T.);
#8492 = EDGE_LOOP('',(#8493,#8501,#8502));
#8493 = ORIENTED_EDGE('',*,*,#8494,.T.);
#8494 = EDGE_CURVE('',#8495,#4392,#8497,.T.);
#8495 = VERTEX_POINT('',#8496);
#8496 = CARTESIAN_POINT('',(3.288461446762,0.375,-0.181906059384));
#8497 = LINE('',#8498,#8499);
#8498 = CARTESIAN_POINT('',(3.288461446762,0.375,-0.181906059384));
#8499 = VECTOR('',#8500,1.);
#8500 = DIRECTION('',(-0.694270822697,-0.712542108922,-0.101349729962));
#8501 = ORIENTED_EDGE('',*,*,#8385,.F.);
#8502 = ORIENTED_EDGE('',*,*,#8503,.T.);
#8503 = EDGE_CURVE('',#8363,#8495,#8504,.T.);
#8504 = LINE('',#8505,#8506);
#8505 = CARTESIAN_POINT('',(3.16666674614,0.5,-0.199685662985));
#8506 = VECTOR('',#8507,1.);
#8507 = DIRECTION('',(0.694270822697,-0.712542108922,0.101349729962));
#8508 = PLANE('',#8509);
#8509 = AXIS2_PLACEMENT_3D('',#8510,#8511,#8512);
#8510 = CARTESIAN_POINT('',(3.202226368291,0.375,-0.194494665488));
#8511 = DIRECTION('',(0.144449102855,-0.,-0.9895122317));
#8512 = DIRECTION('',(-0.9895122317,0.,-0.144449102855));
#8513 = ADVANCED_FACE('',(#8514),#8531,.T.);
#8514 = FACE_BOUND('',#8515,.T.);
#8515 = EDGE_LOOP('',(#8516,#8517,#8525));
#8516 = ORIENTED_EDGE('',*,*,#8503,.F.);
#8517 = ORIENTED_EDGE('',*,*,#8518,.T.);
#8518 = EDGE_CURVE('',#8363,#8519,#8521,.T.);
#8519 = VERTEX_POINT('',#8520);
#8520 = CARTESIAN_POINT('',(3.410256385803,0.5,-0.164126455784));
#8521 = LINE('',#8522,#8523);
#8522 = CARTESIAN_POINT('',(3.16666674614,0.5,-0.199685662985));
#8523 = VECTOR('',#8524,1.);
#8524 = DIRECTION('',(0.989512251909,0.,0.144448964423));
#8525 = ORIENTED_EDGE('',*,*,#8526,.T.);
#8526 = EDGE_CURVE('',#8519,#8495,#8527,.T.);
#8527 = LINE('',#8528,#8529);
#8528 = CARTESIAN_POINT('',(3.410256385803,0.5,-0.164126455784));
#8529 = VECTOR('',#8530,1.);
#8530 = DIRECTION('',(-0.694271526676,-0.712541436596,-0.101349634333));
#8531 = PLANE('',#8532);
#8532 = AXIS2_PLACEMENT_3D('',#8533,#8534,#8535);
#8533 = CARTESIAN_POINT('',(3.288461547827,0.463270504527,-0.18190605692
    ));
#8534 = DIRECTION('',(0.144448964423,-1.377572674054E-07,-0.989512251909
    ));
#8535 = DIRECTION('',(-0.989512251909,1.126054907496E-24,-0.144448964423
    ));
#8536 = ADVANCED_FACE('',(#8537),#8552,.T.);
#8537 = FACE_BOUND('',#8538,.T.);
#8538 = EDGE_LOOP('',(#8539,#8540,#8546));
#8539 = ORIENTED_EDGE('',*,*,#8526,.F.);
#8540 = ORIENTED_EDGE('',*,*,#8541,.T.);
#8541 = EDGE_CURVE('',#8519,#4548,#8542,.T.);
#8542 = LINE('',#8543,#8544);
#8543 = CARTESIAN_POINT('',(3.410256385803,0.5,-0.164126455784));
#8544 = VECTOR('',#8545,1.);
#8545 = DIRECTION('',(0.,-1.,0.));
#8546 = ORIENTED_EDGE('',*,*,#8547,.T.);
#8547 = EDGE_CURVE('',#4548,#8495,#8548,.T.);
#8548 = LINE('',#8549,#8550);
#8549 = CARTESIAN_POINT('',(3.410256385803,0.25,-0.164126455784));
#8550 = VECTOR('',#8551,1.);
#8551 = DIRECTION('',(-0.694271526676,0.712541436596,-0.101349634333));
#8552 = PLANE('',#8553);
#8553 = AXIS2_PLACEMENT_3D('',#8554,#8555,#8556);
#8554 = CARTESIAN_POINT('',(3.374696680082,0.375,-0.169317455318));
#8555 = DIRECTION('',(0.14444882599,-0.,-0.989512272117));
#8556 = DIRECTION('',(-0.989512272117,0.,-0.14444882599));
#8557 = ADVANCED_FACE('',(#8558),#8563,.T.);
#8558 = FACE_BOUND('',#8559,.T.);
#8559 = EDGE_LOOP('',(#8560,#8561,#8562));
#8560 = ORIENTED_EDGE('',*,*,#8547,.F.);
#8561 = ORIENTED_EDGE('',*,*,#4547,.F.);
#8562 = ORIENTED_EDGE('',*,*,#8494,.F.);
#8563 = PLANE('',#8564);
#8564 = AXIS2_PLACEMENT_3D('',#8565,#8566,#8567);
#8565 = CARTESIAN_POINT('',(3.288461547827,0.286729495473,-0.18190605692
    ));
#8566 = DIRECTION('',(0.144448964423,1.377572673982E-07,-0.989512251909)
  );
#8567 = DIRECTION('',(-0.989512251909,-2.349457384221E-24,
    -0.144448964423));
#8568 = ADVANCED_FACE('',(#8569),#8586,.T.);
#8569 = FACE_BOUND('',#8570,.T.);
#8570 = EDGE_LOOP('',(#8571,#8579,#8580));
#8571 = ORIENTED_EDGE('',*,*,#8572,.T.);
#8572 = EDGE_CURVE('',#8573,#1277,#8575,.T.);
#8573 = VERTEX_POINT('',#8574);
#8574 = CARTESIAN_POINT('',(3.288461446762,0.375,0.818093955517));
#8575 = LINE('',#8576,#8577);
#8576 = CARTESIAN_POINT('',(3.288461446762,0.375,0.818093955517));
#8577 = VECTOR('',#8578,1.);
#8578 = DIRECTION('',(-0.694270804767,-0.71254209052,-0.10134998217));
#8579 = ORIENTED_EDGE('',*,*,#1276,.F.);
#8580 = ORIENTED_EDGE('',*,*,#8581,.T.);
#8581 = EDGE_CURVE('',#1192,#8573,#8582,.T.);
#8582 = LINE('',#8583,#8584);
#8583 = CARTESIAN_POINT('',(3.410256385803,0.25,0.835873544216));
#8584 = VECTOR('',#8585,1.);
#8585 = DIRECTION('',(-0.694271532653,0.712541442731,-0.101349550264));
#8586 = PLANE('',#8587);
#8587 = AXIS2_PLACEMENT_3D('',#8588,#8589,#8590);
#8588 = CARTESIAN_POINT('',(3.288461547211,0.286729495338,0.818093936846
    ));
#8589 = DIRECTION('',(-0.14444908296,-3.736754814346E-07,0.989512234604)
  );
#8590 = DIRECTION('',(0.989512234605,-3.004490307378E-24,0.14444908296)
  );
#8591 = ADVANCED_FACE('',(#8592),#8609,.T.);
#8592 = FACE_BOUND('',#8593,.T.);
#8593 = EDGE_LOOP('',(#8594,#8595,#8603));
#8594 = ORIENTED_EDGE('',*,*,#8581,.F.);
#8595 = ORIENTED_EDGE('',*,*,#8596,.T.);
#8596 = EDGE_CURVE('',#1192,#8597,#8599,.T.);
#8597 = VERTEX_POINT('',#8598);
#8598 = CARTESIAN_POINT('',(3.410256385803,0.5,0.835873544216));
#8599 = LINE('',#8600,#8601);
#8600 = CARTESIAN_POINT('',(3.410256385803,0.25,0.835873544216));
#8601 = VECTOR('',#8602,1.);
#8602 = DIRECTION('',(0.,1.,0.));
#8603 = ORIENTED_EDGE('',*,*,#8604,.T.);
#8604 = EDGE_CURVE('',#8597,#8573,#8605,.T.);
#8605 = LINE('',#8606,#8607);
#8606 = CARTESIAN_POINT('',(3.410256385803,0.5,0.835873544216));
#8607 = VECTOR('',#8608,1.);
#8608 = DIRECTION('',(-0.694271532653,-0.712541442731,-0.101349550264));
#8609 = PLANE('',#8610);
#8610 = AXIS2_PLACEMENT_3D('',#8611,#8612,#8613);
#8611 = CARTESIAN_POINT('',(3.374696680209,0.375,0.830682549051));
#8612 = DIRECTION('',(-0.144448707453,0.,0.989512289421));
#8613 = DIRECTION('',(0.989512289421,0.,0.144448707453));
#8614 = ADVANCED_FACE('',(#8615),#8630,.T.);
#8615 = FACE_BOUND('',#8616,.T.);
#8616 = EDGE_LOOP('',(#8617,#8618,#8624));
#8617 = ORIENTED_EDGE('',*,*,#8604,.F.);
#8618 = ORIENTED_EDGE('',*,*,#8619,.T.);
#8619 = EDGE_CURVE('',#8597,#8441,#8620,.T.);
#8620 = LINE('',#8621,#8622);
#8621 = CARTESIAN_POINT('',(3.410256385803,0.5,0.835873544216));
#8622 = VECTOR('',#8623,1.);
#8623 = DIRECTION('',(-0.989512234605,0.,-0.14444908296));
#8624 = ORIENTED_EDGE('',*,*,#8625,.T.);
#8625 = EDGE_CURVE('',#8441,#8573,#8626,.T.);
#8626 = LINE('',#8627,#8628);
#8627 = CARTESIAN_POINT('',(3.16666674614,0.5,0.800314307213));
#8628 = VECTOR('',#8629,1.);
#8629 = DIRECTION('',(0.694270804767,-0.71254209052,0.10134998217));
#8630 = PLANE('',#8631);
#8631 = AXIS2_PLACEMENT_3D('',#8632,#8633,#8634);
#8632 = CARTESIAN_POINT('',(3.288461547211,0.463270504662,0.818093936846
    ));
#8633 = DIRECTION('',(-0.14444908296,3.73675481423E-07,0.989512234604));
#8634 = DIRECTION('',(0.989512234605,2.342740623846E-24,0.14444908296));
#8635 = ADVANCED_FACE('',(#8636),#8641,.T.);
#8636 = FACE_BOUND('',#8637,.T.);
#8637 = EDGE_LOOP('',(#8638,#8639,#8640));
#8638 = ORIENTED_EDGE('',*,*,#8625,.F.);
#8639 = ORIENTED_EDGE('',*,*,#8440,.F.);
#8640 = ORIENTED_EDGE('',*,*,#8572,.F.);
#8641 = PLANE('',#8642);
#8642 = AXIS2_PLACEMENT_3D('',#8643,#8644,#8645);
#8643 = CARTESIAN_POINT('',(3.202226368673,0.375,0.805505317817));
#8644 = DIRECTION('',(-0.144449458467,0.,0.989512179788));
#8645 = DIRECTION('',(0.989512179788,0.,0.144449458467));
#8646 = ADVANCED_FACE('',(#8647),#8664,.T.);
#8647 = FACE_BOUND('',#8648,.T.);
#8648 = EDGE_LOOP('',(#8649,#8657,#8658));
#8649 = ORIENTED_EDGE('',*,*,#8650,.T.);
#8650 = EDGE_CURVE('',#8651,#4548,#8653,.T.);
#8651 = VERTEX_POINT('',#8652);
#8652 = CARTESIAN_POINT('',(3.532051324844,0.375,-0.117884323001));
#8653 = LINE('',#8654,#8655);
#8654 = CARTESIAN_POINT('',(3.532051324844,0.375,-0.117884323001));
#8655 = VECTOR('',#8656,1.);
#8656 = DIRECTION('',(-0.674587279811,-0.692339194389,-0.256121927662));
#8657 = ORIENTED_EDGE('',*,*,#8541,.F.);
#8658 = ORIENTED_EDGE('',*,*,#8659,.T.);
#8659 = EDGE_CURVE('',#8519,#8651,#8660,.T.);
#8660 = LINE('',#8661,#8662);
#8661 = CARTESIAN_POINT('',(3.410256385803,0.5,-0.164126455784));
#8662 = VECTOR('',#8663,1.);
#8663 = DIRECTION('',(0.674587279811,-0.692339194389,0.256121927662));
#8664 = PLANE('',#8665);
#8665 = AXIS2_PLACEMENT_3D('',#8666,#8667,#8668);
#8666 = CARTESIAN_POINT('',(3.446240584315,0.375,-0.150464261782));
#8667 = DIRECTION('',(0.35494982711,-0.,-0.934885351385));
#8668 = DIRECTION('',(-0.934885351385,0.,-0.35494982711));
#8669 = ADVANCED_FACE('',(#8670),#8687,.T.);
#8670 = FACE_BOUND('',#8671,.T.);
#8671 = EDGE_LOOP('',(#8672,#8673,#8681));
#8672 = ORIENTED_EDGE('',*,*,#8659,.F.);
#8673 = ORIENTED_EDGE('',*,*,#8674,.T.);
#8674 = EDGE_CURVE('',#8519,#8675,#8677,.T.);
#8675 = VERTEX_POINT('',#8676);
#8676 = CARTESIAN_POINT('',(3.653846263885,0.5,-7.164218276739E-02));
#8677 = LINE('',#8678,#8679);
#8678 = CARTESIAN_POINT('',(3.410256385803,0.5,-0.164126455784));
#8679 = VECTOR('',#8680,1.);
#8680 = DIRECTION('',(0.934885341896,0.,0.354949852103));
#8681 = ORIENTED_EDGE('',*,*,#8682,.T.);
#8682 = EDGE_CURVE('',#8675,#8651,#8683,.T.);
#8683 = LINE('',#8684,#8685);
#8684 = CARTESIAN_POINT('',(3.653846263885,0.5,-7.164218276739E-02));
#8685 = VECTOR('',#8686,1.);
#8686 = DIRECTION('',(-0.674587272681,-0.692339187072,-0.256121966222));
#8687 = PLANE('',#8688);
#8688 = AXIS2_PLACEMENT_3D('',#8689,#8690,#8691);
#8689 = CARTESIAN_POINT('',(3.532051325031,0.463695975185,
    -0.117884320287));
#8690 = DIRECTION('',(0.354949852103,2.786175437365E-08,-0.934885341896)
  );
#8691 = DIRECTION('',(-0.934885341896,2.901608418397E-25,-0.354949852103
    ));
#8692 = ADVANCED_FACE('',(#8693),#8708,.T.);
#8693 = FACE_BOUND('',#8694,.T.);
#8694 = EDGE_LOOP('',(#8695,#8696,#8702));
#8695 = ORIENTED_EDGE('',*,*,#8682,.F.);
#8696 = ORIENTED_EDGE('',*,*,#8697,.T.);
#8697 = EDGE_CURVE('',#8675,#4704,#8698,.T.);
#8698 = LINE('',#8699,#8700);
#8699 = CARTESIAN_POINT('',(3.653846263885,0.5,-7.164218276739E-02));
#8700 = VECTOR('',#8701,1.);
#8701 = DIRECTION('',(0.,-1.,0.));
#8702 = ORIENTED_EDGE('',*,*,#8703,.T.);
#8703 = EDGE_CURVE('',#4704,#8651,#8704,.T.);
#8704 = LINE('',#8705,#8706);
#8705 = CARTESIAN_POINT('',(3.653846263885,0.25,-7.164218276739E-02));
#8706 = VECTOR('',#8707,1.);
#8707 = DIRECTION('',(-0.674587272681,0.692339187072,-0.256121966222));
#8708 = PLANE('',#8709);
#8709 = AXIS2_PLACEMENT_3D('',#8710,#8711,#8712);
#8710 = CARTESIAN_POINT('',(3.617862065218,0.375,-8.530437903005E-02));
#8711 = DIRECTION('',(0.354949877095,-0.,-0.934885332407));
#8712 = DIRECTION('',(-0.934885332407,0.,-0.354949877095));
#8713 = ADVANCED_FACE('',(#8714),#8719,.T.);
#8714 = FACE_BOUND('',#8715,.T.);
#8715 = EDGE_LOOP('',(#8716,#8717,#8718));
#8716 = ORIENTED_EDGE('',*,*,#8703,.F.);
#8717 = ORIENTED_EDGE('',*,*,#4703,.F.);
#8718 = ORIENTED_EDGE('',*,*,#8650,.F.);
#8719 = PLANE('',#8720);
#8720 = AXIS2_PLACEMENT_3D('',#8721,#8722,#8723);
#8721 = CARTESIAN_POINT('',(3.532051325031,0.286304024815,
    -0.117884320287));
#8722 = DIRECTION('',(0.354949852103,-2.786175435626E-08,-0.934885341896
    ));
#8723 = DIRECTION('',(-0.934885341896,-1.607924376618E-25,
    -0.354949852103));
#8724 = ADVANCED_FACE('',(#8725),#8742,.T.);
#8725 = FACE_BOUND('',#8726,.T.);
#8726 = EDGE_LOOP('',(#8727,#8735,#8736));
#8727 = ORIENTED_EDGE('',*,*,#8728,.T.);
#8728 = EDGE_CURVE('',#8729,#1192,#8731,.T.);
#8729 = VERTEX_POINT('',#8730);
#8730 = CARTESIAN_POINT('',(3.532051324844,0.375,0.882115662098));
#8731 = LINE('',#8732,#8733);
#8732 = CARTESIAN_POINT('',(3.532051324844,0.375,0.882115662098));
#8733 = VECTOR('',#8734,1.);
#8734 = DIRECTION('',(-0.674587294071,-0.692339209024,-0.256121850543));
#8735 = ORIENTED_EDGE('',*,*,#1191,.F.);
#8736 = ORIENTED_EDGE('',*,*,#8737,.T.);
#8737 = EDGE_CURVE('',#1107,#8729,#8738,.T.);
#8738 = LINE('',#8739,#8740);
#8739 = CARTESIAN_POINT('',(3.653846263885,0.25,0.928357839584));
#8740 = VECTOR('',#8741,1.);
#8741 = DIRECTION('',(-0.674587237032,0.692339150484,-0.25612215902));
#8742 = PLANE('',#8743);
#8743 = AXIS2_PLACEMENT_3D('',#8744,#8745,#8746);
#8744 = CARTESIAN_POINT('',(3.53205132634,0.286304024593,0.882115683812)
  );
#8745 = DIRECTION('',(-0.354949927079,2.228940280575E-07,0.93488531343)
  );
#8746 = DIRECTION('',(0.93488531343,-1.037670473099E-23,0.354949927079)
  );
#8747 = ADVANCED_FACE('',(#8748),#8765,.T.);
#8748 = FACE_BOUND('',#8749,.T.);
#8749 = EDGE_LOOP('',(#8750,#8751,#8759));
#8750 = ORIENTED_EDGE('',*,*,#8737,.F.);
#8751 = ORIENTED_EDGE('',*,*,#8752,.T.);
#8752 = EDGE_CURVE('',#1107,#8753,#8755,.T.);
#8753 = VERTEX_POINT('',#8754);
#8754 = CARTESIAN_POINT('',(3.653846263885,0.5,0.928357839584));
#8755 = LINE('',#8756,#8757);
#8756 = CARTESIAN_POINT('',(3.653846263885,0.25,0.928357839584));
#8757 = VECTOR('',#8758,1.);
#8758 = DIRECTION('',(0.,1.,0.));
#8759 = ORIENTED_EDGE('',*,*,#8760,.T.);
#8760 = EDGE_CURVE('',#8753,#8729,#8761,.T.);
#8761 = LINE('',#8762,#8763);
#8762 = CARTESIAN_POINT('',(3.653846263885,0.5,0.928357839584));
#8763 = VECTOR('',#8764,1.);
#8764 = DIRECTION('',(-0.674587237032,-0.692339150484,-0.25612215902));
#8765 = PLANE('',#8766);
#8766 = AXIS2_PLACEMENT_3D('',#8767,#8768,#8769);
#8767 = CARTESIAN_POINT('',(3.61786206444,0.375,0.91469563202));
#8768 = DIRECTION('',(-0.354950127018,0.,0.934885237519));
#8769 = DIRECTION('',(0.934885237519,0.,0.354950127018));
#8770 = ADVANCED_FACE('',(#8771),#8786,.T.);
#8771 = FACE_BOUND('',#8772,.T.);
#8772 = EDGE_LOOP('',(#8773,#8774,#8780));
#8773 = ORIENTED_EDGE('',*,*,#8760,.F.);
#8774 = ORIENTED_EDGE('',*,*,#8775,.T.);
#8775 = EDGE_CURVE('',#8753,#8597,#8776,.T.);
#8776 = LINE('',#8777,#8778);
#8777 = CARTESIAN_POINT('',(3.653846263885,0.5,0.928357839584));
#8778 = VECTOR('',#8779,1.);
#8779 = DIRECTION('',(-0.93488531343,0.,-0.354949927079));
#8780 = ORIENTED_EDGE('',*,*,#8781,.T.);
#8781 = EDGE_CURVE('',#8597,#8729,#8782,.T.);
#8782 = LINE('',#8783,#8784);
#8783 = CARTESIAN_POINT('',(3.410256385803,0.5,0.835873544216));
#8784 = VECTOR('',#8785,1.);
#8785 = DIRECTION('',(0.674587294071,-0.692339209024,0.256121850543));
#8786 = PLANE('',#8787);
#8787 = AXIS2_PLACEMENT_3D('',#8788,#8789,#8790);
#8788 = CARTESIAN_POINT('',(3.53205132634,0.463695975407,0.882115683812)
  );
#8789 = DIRECTION('',(-0.354949927079,-2.22894028054E-07,0.93488531343)
  );
#8790 = DIRECTION('',(0.93488531343,8.695498592702E-24,0.354949927079));
#8791 = ADVANCED_FACE('',(#8792),#8797,.T.);
#8792 = FACE_BOUND('',#8793,.T.);
#8793 = EDGE_LOOP('',(#8794,#8795,#8796));
#8794 = ORIENTED_EDGE('',*,*,#8781,.F.);
#8795 = ORIENTED_EDGE('',*,*,#8596,.F.);
#8796 = ORIENTED_EDGE('',*,*,#8728,.F.);
#8797 = PLANE('',#8798);
#8798 = AXIS2_PLACEMENT_3D('',#8799,#8800,#8801);
#8799 = CARTESIAN_POINT('',(3.446240584004,0.375,0.849535733698));
#8800 = DIRECTION('',(-0.354949727141,0.,0.934885389341));
#8801 = DIRECTION('',(0.934885389341,0.,0.354949727141));
#8802 = ADVANCED_FACE('',(#8803),#8820,.T.);
#8803 = FACE_BOUND('',#8804,.T.);
#8804 = EDGE_LOOP('',(#8805,#8813,#8814));
#8805 = ORIENTED_EDGE('',*,*,#8806,.T.);
#8806 = EDGE_CURVE('',#8807,#4704,#8809,.T.);
#8807 = VERTEX_POINT('',#8808);
#8808 = CARTESIAN_POINT('',(3.775640964508,0.375,3.321980475448E-04));
#8809 = LINE('',#8810,#8811);
#8810 = CARTESIAN_POINT('',(3.775640964508,0.375,3.321980475448E-04));
#8811 = VECTOR('',#8812,1.);
#8812 = DIRECTION('',(-0.645154973578,-0.662133666613,-0.38125328537));
#8813 = ORIENTED_EDGE('',*,*,#8697,.F.);
#8814 = ORIENTED_EDGE('',*,*,#8815,.T.);
#8815 = EDGE_CURVE('',#8675,#8807,#8816,.T.);
#8816 = LINE('',#8817,#8818);
#8817 = CARTESIAN_POINT('',(3.653846263885,0.5,-7.164218276739E-02));
#8818 = VECTOR('',#8819,1.);
#8819 = DIRECTION('',(0.645154973578,-0.662133666613,0.38125328537));
#8820 = PLANE('',#8821);
#8821 = AXIS2_PLACEMENT_3D('',#8822,#8823,#8824);
#8822 = CARTESIAN_POINT('',(3.690484322265,0.375,-4.999098158524E-02));
#8823 = DIRECTION('',(0.508754381295,-0.,-0.860911714122));
#8824 = DIRECTION('',(-0.860911714122,0.,-0.508754381295));
#8825 = ADVANCED_FACE('',(#8826),#8843,.T.);
#8826 = FACE_BOUND('',#8827,.T.);
#8827 = EDGE_LOOP('',(#8828,#8829,#8837));
#8828 = ORIENTED_EDGE('',*,*,#8815,.F.);
#8829 = ORIENTED_EDGE('',*,*,#8830,.T.);
#8830 = EDGE_CURVE('',#8675,#8831,#8833,.T.);
#8831 = VERTEX_POINT('',#8832);
#8832 = CARTESIAN_POINT('',(3.897435903549,0.5,7.230658084154E-02));
#8833 = LINE('',#8834,#8835);
#8834 = CARTESIAN_POINT('',(3.653846263885,0.5,-7.164218276739E-02));
#8835 = VECTOR('',#8836,1.);
#8836 = DIRECTION('',(0.860911929159,0.,0.508754017411));
#8837 = ORIENTED_EDGE('',*,*,#8838,.T.);
#8838 = EDGE_CURVE('',#8831,#8807,#8839,.T.);
#8839 = LINE('',#8840,#8841);
#8840 = CARTESIAN_POINT('',(3.897435903549,0.5,7.230658084154E-02));
#8841 = VECTOR('',#8842,1.);
#8842 = DIRECTION('',(-0.64515570826,-0.662133124474,-0.381252983692));
#8843 = PLANE('',#8844);
#8844 = AXIS2_PLACEMENT_3D('',#8845,#8846,#8847);
#8845 = CARTESIAN_POINT('',(3.775641063897,0.464273179133,
    3.322071759056E-04));
#8846 = DIRECTION('',(0.508754017411,-4.783704526585E-07,-0.860911929159
    ));
#8847 = DIRECTION('',(-0.860911929159,-1.042722317726E-23,
    -0.508754017411));
#8848 = ADVANCED_FACE('',(#8849),#8864,.T.);
#8849 = FACE_BOUND('',#8850,.T.);
#8850 = EDGE_LOOP('',(#8851,#8852,#8858));
#8851 = ORIENTED_EDGE('',*,*,#8838,.F.);
#8852 = ORIENTED_EDGE('',*,*,#8853,.T.);
#8853 = EDGE_CURVE('',#8831,#4860,#8854,.T.);
#8854 = LINE('',#8855,#8856);
#8855 = CARTESIAN_POINT('',(3.897435903549,0.5,7.230658084154E-02));
#8856 = VECTOR('',#8857,1.);
#8857 = DIRECTION('',(0.,-1.,0.));
#8858 = ORIENTED_EDGE('',*,*,#8859,.T.);
#8859 = EDGE_CURVE('',#4860,#8807,#8860,.T.);
#8860 = LINE('',#8861,#8862);
#8861 = CARTESIAN_POINT('',(3.897435903549,0.25,7.230658084154E-02));
#8862 = VECTOR('',#8863,1.);
#8863 = DIRECTION('',(-0.64515570826,0.662133124474,-0.381252983692));
#8864 = PLANE('',#8865);
#8865 = AXIS2_PLACEMENT_3D('',#8866,#8867,#8868);
#8866 = CARTESIAN_POINT('',(3.860797761499,0.375,5.065537200207E-02));
#8867 = DIRECTION('',(0.508753653527,-0.,-0.860912144195));
#8868 = DIRECTION('',(-0.860912144195,0.,-0.508753653527));
#8869 = ADVANCED_FACE('',(#8870),#8875,.T.);
#8870 = FACE_BOUND('',#8871,.T.);
#8871 = EDGE_LOOP('',(#8872,#8873,#8874));
#8872 = ORIENTED_EDGE('',*,*,#8859,.F.);
#8873 = ORIENTED_EDGE('',*,*,#4859,.F.);
#8874 = ORIENTED_EDGE('',*,*,#8806,.F.);
#8875 = PLANE('',#8876);
#8876 = AXIS2_PLACEMENT_3D('',#8877,#8878,#8879);
#8877 = CARTESIAN_POINT('',(3.775641063897,0.285726820867,
    3.322071759056E-04));
#8878 = DIRECTION('',(0.508754017411,4.783704526643E-07,-0.860911929159)
  );
#8879 = DIRECTION('',(-0.860911929159,2.839731137135E-24,-0.508754017411
    ));
#8880 = ADVANCED_FACE('',(#8881),#8898,.T.);
#8881 = FACE_BOUND('',#8882,.T.);
#8882 = EDGE_LOOP('',(#8883,#8891,#8892));
#8883 = ORIENTED_EDGE('',*,*,#8884,.T.);
#8884 = EDGE_CURVE('',#8885,#1107,#8887,.T.);
#8885 = VERTEX_POINT('',#8886);
#8886 = CARTESIAN_POINT('',(3.775640964508,0.375,1.00033223629));
#8887 = LINE('',#8888,#8889);
#8888 = CARTESIAN_POINT('',(3.775640964508,0.375,1.00033223629));
#8889 = VECTOR('',#8890,1.);
#8890 = DIRECTION('',(-0.645154952874,-0.662133645364,-0.381253357309));
#8891 = ORIENTED_EDGE('',*,*,#1106,.F.);
#8892 = ORIENTED_EDGE('',*,*,#8893,.T.);
#8893 = EDGE_CURVE('',#1022,#8885,#8894,.T.);
#8894 = LINE('',#8895,#8896);
#8895 = CARTESIAN_POINT('',(3.897435903549,0.25,1.072306632996));
#8896 = VECTOR('',#8897,1.);
#8897 = DIRECTION('',(-0.645155690134,0.662133105872,-0.381253046672));
#8898 = PLANE('',#8899);
#8899 = AXIS2_PLACEMENT_3D('',#8900,#8901,#8902);
#8900 = CARTESIAN_POINT('',(3.775641063827,0.285726820508,1.000332244671
    ));
#8901 = DIRECTION('',(-0.508754095478,-4.85185714231E-07,0.860911883025)
  );
#8902 = DIRECTION('',(0.860911883025,1.324804754504E-23,0.508754095478)
  );
#8903 = ADVANCED_FACE('',(#8904),#8921,.T.);
#8904 = FACE_BOUND('',#8905,.T.);
#8905 = EDGE_LOOP('',(#8906,#8907,#8915));
#8906 = ORIENTED_EDGE('',*,*,#8893,.F.);
#8907 = ORIENTED_EDGE('',*,*,#8908,.T.);
#8908 = EDGE_CURVE('',#1022,#8909,#8911,.T.);
#8909 = VERTEX_POINT('',#8910);
#8910 = CARTESIAN_POINT('',(3.897435903549,0.5,1.072306632996));
#8911 = LINE('',#8912,#8913);
#8912 = CARTESIAN_POINT('',(3.897435903549,0.25,1.072306632996));
#8913 = VECTOR('',#8914,1.);
#8914 = DIRECTION('',(0.,1.,0.));
#8915 = ORIENTED_EDGE('',*,*,#8916,.T.);
#8916 = EDGE_CURVE('',#8909,#8885,#8917,.T.);
#8917 = LINE('',#8918,#8919);
#8918 = CARTESIAN_POINT('',(3.897435903549,0.5,1.072306632996));
#8919 = VECTOR('',#8920,1.);
#8920 = DIRECTION('',(-0.645155690134,-0.662133105872,-0.381253046672));
#8921 = PLANE('',#8922);
#8922 = AXIS2_PLACEMENT_3D('',#8923,#8924,#8925);
#8923 = CARTESIAN_POINT('',(3.860797761089,0.375,1.050655419729));
#8924 = DIRECTION('',(-0.50875372641,0.,0.860912101125));
#8925 = DIRECTION('',(0.860912101125,0.,0.50875372641));
#8926 = ADVANCED_FACE('',(#8927),#8942,.T.);
#8927 = FACE_BOUND('',#8928,.T.);
#8928 = EDGE_LOOP('',(#8929,#8930,#8936));
#8929 = ORIENTED_EDGE('',*,*,#8916,.F.);
#8930 = ORIENTED_EDGE('',*,*,#8931,.T.);
#8931 = EDGE_CURVE('',#8909,#8753,#8932,.T.);
#8932 = LINE('',#8933,#8934);
#8933 = CARTESIAN_POINT('',(3.897435903549,0.5,1.072306632996));
#8934 = VECTOR('',#8935,1.);
#8935 = DIRECTION('',(-0.860911883025,0.,-0.508754095478));
#8936 = ORIENTED_EDGE('',*,*,#8937,.T.);
#8937 = EDGE_CURVE('',#8753,#8885,#8938,.T.);
#8938 = LINE('',#8939,#8940);
#8939 = CARTESIAN_POINT('',(3.653846263885,0.5,0.928357839584));
#8940 = VECTOR('',#8941,1.);
#8941 = DIRECTION('',(0.645154952874,-0.662133645364,0.381253357309));
#8942 = PLANE('',#8943);
#8943 = AXIS2_PLACEMENT_3D('',#8944,#8945,#8946);
#8944 = CARTESIAN_POINT('',(3.775641063827,0.464273179492,1.000332244671
    ));
#8945 = DIRECTION('',(-0.508754095478,4.851857142825E-07,0.860911883025)
  );
#8946 = DIRECTION('',(0.860911883025,-4.837636865724E-25,0.508754095478)
  );
#8947 = ADVANCED_FACE('',(#8948),#8953,.T.);
#8948 = FACE_BOUND('',#8949,.T.);
#8949 = EDGE_LOOP('',(#8950,#8951,#8952));
#8950 = ORIENTED_EDGE('',*,*,#8937,.F.);
#8951 = ORIENTED_EDGE('',*,*,#8752,.F.);
#8952 = ORIENTED_EDGE('',*,*,#8884,.F.);
#8953 = PLANE('',#8954);
#8954 = AXIS2_PLACEMENT_3D('',#8955,#8956,#8957);
#8955 = CARTESIAN_POINT('',(3.690484322733,0.375,0.950009045824));
#8956 = DIRECTION('',(-0.508754464546,0.,0.860911664925));
#8957 = DIRECTION('',(0.860911664925,0.,0.508754464546));
#8958 = ADVANCED_FACE('',(#8959),#8976,.T.);
#8959 = FACE_BOUND('',#8960,.T.);
#8960 = EDGE_LOOP('',(#8961,#8969,#8970));
#8961 = ORIENTED_EDGE('',*,*,#8962,.T.);
#8962 = EDGE_CURVE('',#8963,#4860,#8965,.T.);
#8963 = VERTEX_POINT('',#8964);
#8964 = CARTESIAN_POINT('',(4.01923084259,0.375,0.165763616562));
#8965 = LINE('',#8966,#8967);
#8966 = CARTESIAN_POINT('',(4.01923084259,0.375,0.165763616562));
#8967 = VECTOR('',#8968,1.);
#8968 = DIRECTION('',(-0.615210506487,-0.631399908044,-0.472070110079));
#8969 = ORIENTED_EDGE('',*,*,#8853,.F.);
#8970 = ORIENTED_EDGE('',*,*,#8971,.T.);
#8971 = EDGE_CURVE('',#8831,#8963,#8972,.T.);
#8972 = LINE('',#8973,#8974);
#8973 = CARTESIAN_POINT('',(3.897435903549,0.5,7.230658084154E-02));
#8974 = VECTOR('',#8975,1.);
#8975 = DIRECTION('',(0.615210506487,-0.631399908044,0.472070110079));
#8976 = PLANE('',#8977);
#8977 = AXIS2_PLACEMENT_3D('',#8978,#8979,#8980);
#8978 = CARTESIAN_POINT('',(3.934764255243,0.375,0.100949783302));
#8979 = DIRECTION('',(0.608763446121,-0.,-0.793351792503));
#8980 = DIRECTION('',(-0.793351792503,0.,-0.608763446121));
#8981 = ADVANCED_FACE('',(#8982),#8999,.T.);
#8982 = FACE_BOUND('',#8983,.T.);
#8983 = EDGE_LOOP('',(#8984,#8985,#8993));
#8984 = ORIENTED_EDGE('',*,*,#8971,.F.);
#8985 = ORIENTED_EDGE('',*,*,#8986,.T.);
#8986 = EDGE_CURVE('',#8831,#8987,#8989,.T.);
#8987 = VERTEX_POINT('',#8988);
#8988 = CARTESIAN_POINT('',(4.141025543213,0.5,0.259220659733));
#8989 = LINE('',#8990,#8991);
#8990 = CARTESIAN_POINT('',(3.897435903549,0.5,7.230658084154E-02));
#8991 = VECTOR('',#8992,1.);
#8992 = DIRECTION('',(0.793351493014,0.,0.60876383642));
#8993 = ORIENTED_EDGE('',*,*,#8994,.T.);
#8994 = EDGE_CURVE('',#8987,#8963,#8995,.T.);
#8995 = LINE('',#8996,#8997);
#8996 = CARTESIAN_POINT('',(4.141025543213,0.5,0.259220659733));
#8997 = VECTOR('',#8998,1.);
#8998 = DIRECTION('',(-0.615209747064,-0.63140036463,-0.472070489083));
#8999 = PLANE('',#9000);
#9000 = AXIS2_PLACEMENT_3D('',#9001,#9002,#9003);
#9001 = CARTESIAN_POINT('',(4.019230744551,0.464797799673,0.165763609722
    ));
#9002 = DIRECTION('',(0.60876383642,6.042061524958E-07,-0.793351493014)
  );
#9003 = DIRECTION('',(-0.793351493014,-3.028622561868E-24,-0.60876383642
    ));
#9004 = ADVANCED_FACE('',(#9005),#9020,.T.);
#9005 = FACE_BOUND('',#9006,.T.);
#9006 = EDGE_LOOP('',(#9007,#9008,#9014));
#9007 = ORIENTED_EDGE('',*,*,#8994,.F.);
#9008 = ORIENTED_EDGE('',*,*,#9009,.T.);
#9009 = EDGE_CURVE('',#8987,#5016,#9010,.T.);
#9010 = LINE('',#9011,#9012);
#9011 = CARTESIAN_POINT('',(4.141025543213,0.5,0.259220659733));
#9012 = VECTOR('',#9013,1.);
#9013 = DIRECTION('',(0.,-1.,0.));
#9014 = ORIENTED_EDGE('',*,*,#9015,.T.);
#9015 = EDGE_CURVE('',#5016,#8963,#9016,.T.);
#9016 = LINE('',#9017,#9018);
#9017 = CARTESIAN_POINT('',(4.141025543213,0.25,0.259220659733));
#9018 = VECTOR('',#9019,1.);
#9019 = DIRECTION('',(-0.615209747064,0.63140036463,-0.472070489083));
#9020 = PLANE('',#9021);
#9021 = AXIS2_PLACEMENT_3D('',#9022,#9023,#9024);
#9022 = CARTESIAN_POINT('',(4.103697275038,0.375,0.230577463005));
#9023 = DIRECTION('',(0.608764226719,-0.,-0.793351193525));
#9024 = DIRECTION('',(-0.793351193525,0.,-0.608764226719));
#9025 = ADVANCED_FACE('',(#9026),#9031,.T.);
#9026 = FACE_BOUND('',#9027,.T.);
#9027 = EDGE_LOOP('',(#9028,#9029,#9030));
#9028 = ORIENTED_EDGE('',*,*,#9015,.F.);
#9029 = ORIENTED_EDGE('',*,*,#5015,.F.);
#9030 = ORIENTED_EDGE('',*,*,#8962,.F.);
#9031 = PLANE('',#9032);
#9032 = AXIS2_PLACEMENT_3D('',#9033,#9034,#9035);
#9033 = CARTESIAN_POINT('',(4.019230744551,0.285202200327,0.165763609722
    ));
#9034 = DIRECTION('',(0.60876383642,-6.042061525129E-07,-0.793351493014)
  );
#9035 = DIRECTION('',(-0.793351493014,2.346875147806E-24,-0.60876383642)
  );
#9036 = ADVANCED_FACE('',(#9037),#9054,.T.);
#9037 = FACE_BOUND('',#9038,.T.);
#9038 = EDGE_LOOP('',(#9039,#9047,#9048));
#9039 = ORIENTED_EDGE('',*,*,#9040,.T.);
#9040 = EDGE_CURVE('',#9041,#1022,#9043,.T.);
#9041 = VERTEX_POINT('',#9042);
#9042 = CARTESIAN_POINT('',(4.01923084259,0.375,1.165763616562));
#9043 = LINE('',#9044,#9045);
#9044 = CARTESIAN_POINT('',(4.01923084259,0.375,1.165763616562));
#9045 = VECTOR('',#9046,1.);
#9046 = DIRECTION('',(-0.615210582996,-0.631399986567,-0.472069905346));
#9047 = ORIENTED_EDGE('',*,*,#1021,.F.);
#9048 = ORIENTED_EDGE('',*,*,#9049,.T.);
#9049 = EDGE_CURVE('',#937,#9041,#9050,.T.);
#9050 = LINE('',#9051,#9052);
#9051 = CARTESIAN_POINT('',(4.141025543213,0.25,1.259220600128));
#9052 = VECTOR('',#9053,1.);
#9053 = DIRECTION('',(-0.615209834503,0.63140045437,-0.472070255102));
#9054 = PLANE('',#9055);
#9055 = AXIS2_PLACEMENT_3D('',#9056,#9057,#9058);
#9056 = CARTESIAN_POINT('',(4.019230744246,0.285202201686,1.165763606812
    ));
#9057 = DIRECTION('',(-0.608763607322,5.805622170275E-07,0.793351668807)
  );
#9058 = DIRECTION('',(0.793351668808,2.816130838253E-23,0.608763607322)
  );
#9059 = ADVANCED_FACE('',(#9060),#9077,.T.);
#9060 = FACE_BOUND('',#9061,.T.);
#9061 = EDGE_LOOP('',(#9062,#9063,#9071));
#9062 = ORIENTED_EDGE('',*,*,#9049,.F.);
#9063 = ORIENTED_EDGE('',*,*,#9064,.T.);
#9064 = EDGE_CURVE('',#937,#9065,#9067,.T.);
#9065 = VERTEX_POINT('',#9066);
#9066 = CARTESIAN_POINT('',(4.141025543213,0.5,1.259220600128));
#9067 = LINE('',#9068,#9069);
#9068 = CARTESIAN_POINT('',(4.141025543213,0.25,1.259220600128));
#9069 = VECTOR('',#9070,1.);
#9070 = DIRECTION('',(0.,1.,0.));
#9071 = ORIENTED_EDGE('',*,*,#9072,.T.);
#9072 = EDGE_CURVE('',#9065,#9041,#9073,.T.);
#9073 = LINE('',#9074,#9075);
#9074 = CARTESIAN_POINT('',(4.141025543213,0.5,1.259220600128));
#9075 = VECTOR('',#9076,1.);
#9076 = DIRECTION('',(-0.615209834503,-0.63140045437,-0.472070255102));
#9077 = PLANE('',#9078);
#9078 = AXIS2_PLACEMENT_3D('',#9079,#9080,#9081);
#9079 = CARTESIAN_POINT('',(4.103697277091,0.375,1.230577423244));
#9080 = DIRECTION('',(-0.608763982349,0.,0.793351381038));
#9081 = DIRECTION('',(0.793351381038,0.,0.608763982349));
#9082 = ADVANCED_FACE('',(#9083),#9098,.T.);
#9083 = FACE_BOUND('',#9084,.T.);
#9084 = EDGE_LOOP('',(#9085,#9086,#9092));
#9085 = ORIENTED_EDGE('',*,*,#9072,.F.);
#9086 = ORIENTED_EDGE('',*,*,#9087,.T.);
#9087 = EDGE_CURVE('',#9065,#8909,#9088,.T.);
#9088 = LINE('',#9089,#9090);
#9089 = CARTESIAN_POINT('',(4.141025543213,0.5,1.259220600128));
#9090 = VECTOR('',#9091,1.);
#9091 = DIRECTION('',(-0.793351668808,0.,-0.608763607322));
#9092 = ORIENTED_EDGE('',*,*,#9093,.T.);
#9093 = EDGE_CURVE('',#8909,#9041,#9094,.T.);
#9094 = LINE('',#9095,#9096);
#9095 = CARTESIAN_POINT('',(3.897435903549,0.5,1.072306632996));
#9096 = VECTOR('',#9097,1.);
#9097 = DIRECTION('',(0.615210582996,-0.631399986567,0.472069905346));
#9098 = PLANE('',#9099);
#9099 = AXIS2_PLACEMENT_3D('',#9100,#9101,#9102);
#9100 = CARTESIAN_POINT('',(4.019230744246,0.464797798314,1.165763606812
    ));
#9101 = DIRECTION('',(-0.608763607322,-5.805622171064E-07,0.793351668807
    ));
#9102 = DIRECTION('',(0.793351668808,-2.783128583219E-24,0.608763607322)
  );
#9103 = ADVANCED_FACE('',(#9104),#9109,.T.);
#9104 = FACE_BOUND('',#9105,.T.);
#9105 = EDGE_LOOP('',(#9106,#9107,#9108));
#9106 = ORIENTED_EDGE('',*,*,#9093,.F.);
#9107 = ORIENTED_EDGE('',*,*,#8908,.F.);
#9108 = ORIENTED_EDGE('',*,*,#9040,.F.);
#9109 = PLANE('',#9110);
#9110 = AXIS2_PLACEMENT_3D('',#9111,#9112,#9113);
#9111 = CARTESIAN_POINT('',(3.934764253446,0.375,1.100949818093));
#9112 = DIRECTION('',(-0.608763232297,0.,0.793351956577));
#9113 = DIRECTION('',(0.793351956577,0.,0.608763232297));
#9114 = ADVANCED_FACE('',(#9115),#9132,.T.);
#9115 = FACE_BOUND('',#9116,.T.);
#9116 = EDGE_LOOP('',(#9117,#9125,#9126));
#9117 = ORIENTED_EDGE('',*,*,#9118,.T.);
#9118 = EDGE_CURVE('',#9119,#5016,#9121,.T.);
#9119 = VERTEX_POINT('',#9120);
#9120 = CARTESIAN_POINT('',(4.262820720673,0.375,0.368642359972));
#9121 = LINE('',#9122,#9123);
#9122 = CARTESIAN_POINT('',(4.262820720673,0.375,0.368642359972));
#9123 = VECTOR('',#9124,1.);
#9124 = DIRECTION('',(-0.591265382011,-0.606823474401,-0.531197250512));
#9125 = ORIENTED_EDGE('',*,*,#9009,.F.);
#9126 = ORIENTED_EDGE('',*,*,#9127,.T.);
#9127 = EDGE_CURVE('',#8987,#9119,#9128,.T.);
#9128 = LINE('',#9129,#9130);
#9129 = CARTESIAN_POINT('',(4.141025543213,0.5,0.259220659733));
#9130 = VECTOR('',#9131,1.);
#9131 = DIRECTION('',(0.591265382011,-0.606823474401,0.531197250512));
#9132 = PLANE('',#9133);
#9133 = AXIS2_PLACEMENT_3D('',#9134,#9135,#9136);
#9134 = CARTESIAN_POINT('',(4.178924907829,0.375,0.293269732945));
#9135 = DIRECTION('',(0.668309976416,-0.,-0.743882904376));
#9136 = DIRECTION('',(-0.743882904376,0.,-0.668309976416));
#9137 = ADVANCED_FACE('',(#9138),#9155,.T.);
#9138 = FACE_BOUND('',#9139,.T.);
#9139 = EDGE_LOOP('',(#9140,#9141,#9149));
#9140 = ORIENTED_EDGE('',*,*,#9127,.F.);
#9141 = ORIENTED_EDGE('',*,*,#9142,.T.);
#9142 = EDGE_CURVE('',#8987,#9143,#9145,.T.);
#9143 = VERTEX_POINT('',#9144);
#9144 = CARTESIAN_POINT('',(4.384615421295,0.5,0.478064060211));
#9145 = LINE('',#9146,#9147);
#9146 = CARTESIAN_POINT('',(4.141025543213,0.5,0.259220659733));
#9147 = VECTOR('',#9148,1.);
#9148 = DIRECTION('',(0.74388225399,0.,0.668310700347));
#9149 = ORIENTED_EDGE('',*,*,#9150,.T.);
#9150 = EDGE_CURVE('',#9143,#9119,#9151,.T.);
#9151 = LINE('',#9152,#9153);
#9152 = CARTESIAN_POINT('',(4.384615421295,0.5,0.478064060211));
#9153 = VECTOR('',#9154,1.);
#9154 = DIRECTION('',(-0.591263876419,-0.606824304954,-0.531197977556));
#9155 = PLANE('',#9156);
#9156 = AXIS2_PLACEMENT_3D('',#9157,#9158,#9159);
#9157 = CARTESIAN_POINT('',(4.262820525453,0.465177883078,0.368642339112
    ));
#9158 = DIRECTION('',(0.668310700347,1.274701500603E-06,-0.743882253989)
  );
#9159 = DIRECTION('',(-0.74388225399,3.535576054095E-23,-0.668310700347)
  );
#9160 = ADVANCED_FACE('',(#9161),#9176,.T.);
#9161 = FACE_BOUND('',#9162,.T.);
#9162 = EDGE_LOOP('',(#9163,#9164,#9170));
#9163 = ORIENTED_EDGE('',*,*,#9150,.F.);
#9164 = ORIENTED_EDGE('',*,*,#9165,.T.);
#9165 = EDGE_CURVE('',#9143,#5172,#9166,.T.);
#9166 = LINE('',#9167,#9168);
#9167 = CARTESIAN_POINT('',(4.384615421295,0.5,0.478064060211));
#9168 = VECTOR('',#9169,1.);
#9169 = DIRECTION('',(0.,-1.,0.));
#9170 = ORIENTED_EDGE('',*,*,#9171,.T.);
#9171 = EDGE_CURVE('',#5172,#9119,#9172,.T.);
#9172 = LINE('',#9173,#9174);
#9173 = CARTESIAN_POINT('',(4.384615421295,0.25,0.478064060211));
#9174 = VECTOR('',#9175,1.);
#9175 = DIRECTION('',(-0.591263876419,0.606824304954,-0.531197977556));
#9176 = PLANE('',#9177);
#9177 = AXIS2_PLACEMENT_3D('',#9178,#9179,#9180);
#9178 = CARTESIAN_POINT('',(4.346716224648,0.375,0.444015004598));
#9179 = DIRECTION('',(0.66831142428,-0.,-0.743881603602));
#9180 = DIRECTION('',(-0.743881603602,0.,-0.66831142428));
#9181 = ADVANCED_FACE('',(#9182),#9187,.T.);
#9182 = FACE_BOUND('',#9183,.T.);
#9183 = EDGE_LOOP('',(#9184,#9185,#9186));
#9184 = ORIENTED_EDGE('',*,*,#9171,.F.);
#9185 = ORIENTED_EDGE('',*,*,#5171,.F.);
#9186 = ORIENTED_EDGE('',*,*,#9118,.F.);
#9187 = PLANE('',#9188);
#9188 = AXIS2_PLACEMENT_3D('',#9189,#9190,#9191);
#9189 = CARTESIAN_POINT('',(4.262820525453,0.284822116922,0.368642339112
    ));
#9190 = DIRECTION('',(0.668310700347,-1.274701500597E-06,-0.743882253989
    ));
#9191 = DIRECTION('',(-0.74388225399,3.228472193215E-23,-0.668310700347)
  );
#9192 = ADVANCED_FACE('',(#9193),#9210,.T.);
#9193 = FACE_BOUND('',#9194,.T.);
#9194 = EDGE_LOOP('',(#9195,#9203,#9204));
#9195 = ORIENTED_EDGE('',*,*,#9196,.T.);
#9196 = EDGE_CURVE('',#9197,#937,#9199,.T.);
#9197 = VERTEX_POINT('',#9198);
#9198 = CARTESIAN_POINT('',(4.262820720673,0.375,1.36864233017));
#9199 = LINE('',#9200,#9201);
#9200 = CARTESIAN_POINT('',(4.262820720673,0.375,1.36864233017));
#9201 = VECTOR('',#9202,1.);
#9202 = DIRECTION('',(-0.591265336571,-0.606823427765,-0.531197354366));
#9203 = ORIENTED_EDGE('',*,*,#936,.F.);
#9204 = ORIENTED_EDGE('',*,*,#9205,.T.);
#9205 = EDGE_CURVE('',#852,#9197,#9206,.T.);
#9206 = LINE('',#9207,#9208);
#9207 = CARTESIAN_POINT('',(4.384615421295,0.25,1.478064060211));
#9208 = VECTOR('',#9209,1.);
#9209 = DIRECTION('',(-0.591263830978,0.606824258318,-0.53119808141));
#9210 = PLANE('',#9211);
#9211 = AXIS2_PLACEMENT_3D('',#9212,#9213,#9214);
#9212 = CARTESIAN_POINT('',(4.262820525453,0.284822116231,1.368642309309
    ));
#9213 = DIRECTION('',(-0.668310801071,1.274701692688E-06,0.743882163498)
  );
#9214 = DIRECTION('',(0.743882163499,-4.410228911392E-23,0.668310801071)
  );
#9215 = ADVANCED_FACE('',(#9216),#9233,.T.);
#9216 = FACE_BOUND('',#9217,.T.);
#9217 = EDGE_LOOP('',(#9218,#9219,#9227));
#9218 = ORIENTED_EDGE('',*,*,#9205,.F.);
#9219 = ORIENTED_EDGE('',*,*,#9220,.T.);
#9220 = EDGE_CURVE('',#852,#9221,#9223,.T.);
#9221 = VERTEX_POINT('',#9222);
#9222 = CARTESIAN_POINT('',(4.384615421295,0.5,1.478064060211));
#9223 = LINE('',#9224,#9225);
#9224 = CARTESIAN_POINT('',(4.384615421295,0.25,1.478064060211));
#9225 = VECTOR('',#9226,1.);
#9226 = DIRECTION('',(0.,1.,0.));
#9227 = ORIENTED_EDGE('',*,*,#9228,.T.);
#9228 = EDGE_CURVE('',#9221,#9197,#9229,.T.);
#9229 = LINE('',#9230,#9231);
#9230 = CARTESIAN_POINT('',(4.384615421295,0.5,1.478064060211));
#9231 = VECTOR('',#9232,1.);
#9232 = DIRECTION('',(-0.591263830978,-0.606824258318,-0.53119808141));
#9233 = PLANE('',#9234);
#9234 = AXIS2_PLACEMENT_3D('',#9235,#9236,#9237);
#9235 = CARTESIAN_POINT('',(4.346716223548,0.375,1.444014994336));
#9236 = DIRECTION('',(-0.668311525004,0.,0.74388151311));
#9237 = DIRECTION('',(0.74388151311,0.,0.668311525004));
#9238 = ADVANCED_FACE('',(#9239),#9254,.T.);
#9239 = FACE_BOUND('',#9240,.T.);
#9240 = EDGE_LOOP('',(#9241,#9242,#9248));
#9241 = ORIENTED_EDGE('',*,*,#9228,.F.);
#9242 = ORIENTED_EDGE('',*,*,#9243,.T.);
#9243 = EDGE_CURVE('',#9221,#9065,#9244,.T.);
#9244 = LINE('',#9245,#9246);
#9245 = CARTESIAN_POINT('',(4.384615421295,0.5,1.478064060211));
#9246 = VECTOR('',#9247,1.);
#9247 = DIRECTION('',(-0.743882163499,0.,-0.668310801071));
#9248 = ORIENTED_EDGE('',*,*,#9249,.T.);
#9249 = EDGE_CURVE('',#9065,#9197,#9250,.T.);
#9250 = LINE('',#9251,#9252);
#9251 = CARTESIAN_POINT('',(4.141025543213,0.5,1.259220600128));
#9252 = VECTOR('',#9253,1.);
#9253 = DIRECTION('',(0.591265336571,-0.606823427765,0.531197354366));
#9254 = PLANE('',#9255);
#9255 = AXIS2_PLACEMENT_3D('',#9256,#9257,#9258);
#9256 = CARTESIAN_POINT('',(4.262820525453,0.465177883769,1.368642309309
    ));
#9257 = DIRECTION('',(-0.668310801071,-1.274701692668E-06,0.743882163498
    ));
#9258 = DIRECTION('',(0.743882163499,1.848596054365E-23,0.668310801071)
  );
#9259 = ADVANCED_FACE('',(#9260),#9265,.T.);
#9260 = FACE_BOUND('',#9261,.T.);
#9261 = EDGE_LOOP('',(#9262,#9263,#9264));
#9262 = ORIENTED_EDGE('',*,*,#9249,.F.);
#9263 = ORIENTED_EDGE('',*,*,#9064,.F.);
#9264 = ORIENTED_EDGE('',*,*,#9196,.F.);
#9265 = PLANE('',#9266);
#9266 = AXIS2_PLACEMENT_3D('',#9267,#9268,#9269);
#9267 = CARTESIAN_POINT('',(4.178924908929,0.375,1.293269683603));
#9268 = DIRECTION('',(-0.66831007714,0.,0.743882813885));
#9269 = DIRECTION('',(0.743882813885,0.,0.66831007714));
#9270 = ADVANCED_FACE('',(#9271),#9288,.T.);
#9271 = FACE_BOUND('',#9272,.T.);
#9272 = EDGE_LOOP('',(#9273,#9281,#9282));
#9273 = ORIENTED_EDGE('',*,*,#9274,.T.);
#9274 = EDGE_CURVE('',#9275,#5172,#9277,.T.);
#9275 = VERTEX_POINT('',#9276);
#9276 = CARTESIAN_POINT('',(4.506410121918,0.375,0.596989810467));
#9277 = LINE('',#9278,#9279);
#9278 = CARTESIAN_POINT('',(4.506410121918,0.375,0.596989810467));
#9279 = VECTOR('',#9280,1.);
#9280 = DIRECTION('',(-0.576699861234,-0.591877005204,-0.563115335223));
#9281 = ORIENTED_EDGE('',*,*,#9165,.F.);
#9282 = ORIENTED_EDGE('',*,*,#9283,.T.);
#9283 = EDGE_CURVE('',#9143,#9275,#9284,.T.);
#9284 = LINE('',#9285,#9286);
#9285 = CARTESIAN_POINT('',(4.384615421295,0.5,0.478064060211));
#9286 = VECTOR('',#9287,1.);
#9287 = DIRECTION('',(0.576699861234,-0.591877005204,0.563115335223));
#9288 = PLANE('',#9289);
#9289 = AXIS2_PLACEMENT_3D('',#9290,#9291,#9292);
#9290 = CARTESIAN_POINT('',(4.422870481273,0.375,0.515417998319));
#9291 = DIRECTION('',(0.698629737223,-0.,-0.715483396221));
#9292 = DIRECTION('',(-0.715483396221,0.,-0.698629737223));
#9293 = ADVANCED_FACE('',(#9294),#9311,.T.);
#9294 = FACE_BOUND('',#9295,.T.);
#9295 = EDGE_LOOP('',(#9296,#9297,#9305));
#9296 = ORIENTED_EDGE('',*,*,#9283,.F.);
#9297 = ORIENTED_EDGE('',*,*,#9298,.T.);
#9298 = EDGE_CURVE('',#9143,#9299,#9301,.T.);
#9299 = VERTEX_POINT('',#9300);
#9300 = CARTESIAN_POINT('',(4.628205299377,0.5,0.715915560722));
#9301 = LINE('',#9302,#9303);
#9302 = CARTESIAN_POINT('',(4.384615421295,0.5,0.478064060211));
#9303 = VECTOR('',#9304,1.);
#9304 = DIRECTION('',(0.715484079826,0.,0.698629037126));
#9305 = ORIENTED_EDGE('',*,*,#9306,.T.);
#9306 = EDGE_CURVE('',#9299,#9275,#9307,.T.);
#9307 = LINE('',#9308,#9309);
#9308 = CARTESIAN_POINT('',(4.628205299377,0.5,0.715915560722));
#9309 = VECTOR('',#9310,1.);
#9310 = DIRECTION('',(-0.576701368147,-0.591876234526,-0.563114601996));
#9311 = PLANE('',#9312);
#9312 = AXIS2_PLACEMENT_3D('',#9313,#9314,#9315);
#9313 = CARTESIAN_POINT('',(4.506410316283,0.465393681585,0.596989831902
    ));
#9314 = DIRECTION('',(0.698629037126,-1.332529138765E-06,-0.715484079825
    ));
#9315 = DIRECTION('',(-0.715484079826,-4.712402434409E-23,
    -0.698629037126));
#9316 = ADVANCED_FACE('',(#9317),#9332,.T.);
#9317 = FACE_BOUND('',#9318,.T.);
#9318 = EDGE_LOOP('',(#9319,#9320,#9326));
#9319 = ORIENTED_EDGE('',*,*,#9306,.F.);
#9320 = ORIENTED_EDGE('',*,*,#9321,.T.);
#9321 = EDGE_CURVE('',#9299,#5328,#9322,.T.);
#9322 = LINE('',#9323,#9324);
#9323 = CARTESIAN_POINT('',(4.628205299377,0.5,0.715915560722));
#9324 = VECTOR('',#9325,1.);
#9325 = DIRECTION('',(0.,-1.,0.));
#9326 = ORIENTED_EDGE('',*,*,#9327,.T.);
#9327 = EDGE_CURVE('',#5328,#9275,#9328,.T.);
#9328 = LINE('',#9329,#9330);
#9329 = CARTESIAN_POINT('',(4.628205299377,0.25,0.715915560722));
#9330 = VECTOR('',#9331,1.);
#9331 = DIRECTION('',(-0.576701368147,0.591876234526,-0.563114601996));
#9332 = PLANE('',#9333);
#9333 = AXIS2_PLACEMENT_3D('',#9334,#9335,#9336);
#9334 = CARTESIAN_POINT('',(4.589950071107,0.375,0.67856160453));
#9335 = DIRECTION('',(0.698628337031,-0.,-0.715484763428));
#9336 = DIRECTION('',(-0.715484763428,0.,-0.698628337031));
#9337 = ADVANCED_FACE('',(#9338),#9343,.T.);
#9338 = FACE_BOUND('',#9339,.T.);
#9339 = EDGE_LOOP('',(#9340,#9341,#9342));
#9340 = ORIENTED_EDGE('',*,*,#9327,.F.);
#9341 = ORIENTED_EDGE('',*,*,#5327,.F.);
#9342 = ORIENTED_EDGE('',*,*,#9274,.F.);
#9343 = PLANE('',#9344);
#9344 = AXIS2_PLACEMENT_3D('',#9345,#9346,#9347);
#9345 = CARTESIAN_POINT('',(4.506410316283,0.284606318415,0.596989831902
    ));
#9346 = DIRECTION('',(0.698629037126,1.332529138754E-06,-0.715484079825)
  );
#9347 = DIRECTION('',(-0.715484079826,-3.513133586486E-23,
    -0.698629037126));
#9348 = ADVANCED_FACE('',(#9349),#9366,.T.);
#9349 = FACE_BOUND('',#9350,.T.);
#9350 = EDGE_LOOP('',(#9351,#9359,#9360));
#9351 = ORIENTED_EDGE('',*,*,#9352,.T.);
#9352 = EDGE_CURVE('',#9353,#852,#9355,.T.);
#9353 = VERTEX_POINT('',#9354);
#9354 = CARTESIAN_POINT('',(4.506410121918,0.375,1.596989750862));
#9355 = LINE('',#9356,#9357);
#9356 = CARTESIAN_POINT('',(4.506410121918,0.375,1.596989750862));
#9357 = VECTOR('',#9358,1.);
#9358 = DIRECTION('',(-0.576699952887,-0.59187709927,-0.563115142489));
#9359 = ORIENTED_EDGE('',*,*,#851,.F.);
#9360 = ORIENTED_EDGE('',*,*,#9361,.T.);
#9361 = EDGE_CURVE('',#767,#9353,#9362,.T.);
#9362 = LINE('',#9363,#9364);
#9363 = CARTESIAN_POINT('',(4.628205299377,0.25,1.715915560722));
#9364 = VECTOR('',#9365,1.);
#9365 = DIRECTION('',(-0.576701276493,0.591876140461,-0.56311479473));
#9366 = PLANE('',#9367);
#9367 = AXIS2_PLACEMENT_3D('',#9368,#9369,#9370);
#9368 = CARTESIAN_POINT('',(4.506410321641,0.284606318415,1.596989820633
    ));
#9369 = DIRECTION('',(-0.698629037126,-9.913597434561E-07,0.715484079825
    ));
#9370 = DIRECTION('',(0.715484079826,2.790922575248E-23,0.698629037126)
  );
#9371 = ADVANCED_FACE('',(#9372),#9389,.T.);
#9372 = FACE_BOUND('',#9373,.T.);
#9373 = EDGE_LOOP('',(#9374,#9375,#9383));
#9374 = ORIENTED_EDGE('',*,*,#9361,.F.);
#9375 = ORIENTED_EDGE('',*,*,#9376,.T.);
#9376 = EDGE_CURVE('',#767,#9377,#9379,.T.);
#9377 = VERTEX_POINT('',#9378);
#9378 = CARTESIAN_POINT('',(4.628205299377,0.5,1.715915560722));
#9379 = LINE('',#9380,#9381);
#9380 = CARTESIAN_POINT('',(4.628205299377,0.25,1.715915560722));
#9381 = VECTOR('',#9382,1.);
#9382 = DIRECTION('',(0.,1.,0.));
#9383 = ORIENTED_EDGE('',*,*,#9384,.T.);
#9384 = EDGE_CURVE('',#9377,#9353,#9385,.T.);
#9385 = LINE('',#9386,#9387);
#9386 = CARTESIAN_POINT('',(4.628205299377,0.5,1.715915560722));
#9387 = VECTOR('',#9388,1.);
#9388 = DIRECTION('',(-0.576701276493,-0.591876140461,-0.56311479473));
#9389 = PLANE('',#9390);
#9390 = AXIS2_PLACEMENT_3D('',#9391,#9392,#9393);
#9391 = CARTESIAN_POINT('',(4.589950068847,0.375,1.678561583601));
#9392 = DIRECTION('',(-0.698628516278,0.,0.715484588404));
#9393 = DIRECTION('',(0.715484588404,0.,0.698628516278));
#9394 = ADVANCED_FACE('',(#9395),#9410,.T.);
#9395 = FACE_BOUND('',#9396,.T.);
#9396 = EDGE_LOOP('',(#9397,#9398,#9404));
#9397 = ORIENTED_EDGE('',*,*,#9384,.F.);
#9398 = ORIENTED_EDGE('',*,*,#9399,.T.);
#9399 = EDGE_CURVE('',#9377,#9221,#9400,.T.);
#9400 = LINE('',#9401,#9402);
#9401 = CARTESIAN_POINT('',(4.628205299377,0.5,1.715915560722));
#9402 = VECTOR('',#9403,1.);
#9403 = DIRECTION('',(-0.715484079826,0.,-0.698629037126));
#9404 = ORIENTED_EDGE('',*,*,#9405,.T.);
#9405 = EDGE_CURVE('',#9221,#9353,#9406,.T.);
#9406 = LINE('',#9407,#9408);
#9407 = CARTESIAN_POINT('',(4.384615421295,0.5,1.478064060211));
#9408 = VECTOR('',#9409,1.);
#9409 = DIRECTION('',(0.576699952887,-0.59187709927,0.563115142489));
#9410 = PLANE('',#9411);
#9411 = AXIS2_PLACEMENT_3D('',#9412,#9413,#9414);
#9412 = CARTESIAN_POINT('',(4.506410321641,0.465393681585,1.596989820633
    ));
#9413 = DIRECTION('',(-0.698629037126,9.913597434996E-07,0.715484079825)
  );
#9414 = DIRECTION('',(0.715484079826,4.201235809261E-24,0.698629037126)
  );
#9415 = ADVANCED_FACE('',(#9416),#9421,.T.);
#9416 = FACE_BOUND('',#9417,.T.);
#9417 = EDGE_LOOP('',(#9418,#9419,#9420));
#9418 = ORIENTED_EDGE('',*,*,#9405,.F.);
#9419 = ORIENTED_EDGE('',*,*,#9220,.F.);
#9420 = ORIENTED_EDGE('',*,*,#9352,.F.);
#9421 = PLANE('',#9422);
#9422 = AXIS2_PLACEMENT_3D('',#9423,#9424,#9425);
#9423 = CARTESIAN_POINT('',(4.422870479012,0.375,1.51541797739));
#9424 = DIRECTION('',(-0.698629557976,0.,0.715483571245));
#9425 = DIRECTION('',(0.715483571245,0.,0.698629557976));
#9426 = ADVANCED_FACE('',(#9427),#9444,.T.);
#9427 = FACE_BOUND('',#9428,.T.);
#9428 = EDGE_LOOP('',(#9429,#9437,#9438));
#9429 = ORIENTED_EDGE('',*,*,#9430,.T.);
#9430 = EDGE_CURVE('',#9431,#5328,#9433,.T.);
#9431 = VERTEX_POINT('',#9432);
#9432 = CARTESIAN_POINT('',(4.75,0.375,0.837323606014));
#9433 = LINE('',#9434,#9435);
#9434 = CARTESIAN_POINT('',(4.75,0.375,0.837323606014));
#9435 = VECTOR('',#9436,1.);
#9436 = DIRECTION('',(-0.572881290873,-0.587957940641,-0.571062594297));
#9437 = ORIENTED_EDGE('',*,*,#9321,.F.);
#9438 = ORIENTED_EDGE('',*,*,#9439,.T.);
#9439 = EDGE_CURVE('',#9299,#9431,#9440,.T.);
#9440 = LINE('',#9441,#9442);
#9441 = CARTESIAN_POINT('',(4.628205299377,0.5,0.715915560722));
#9442 = VECTOR('',#9443,1.);
#9443 = DIRECTION('',(0.572881290873,-0.587957940641,0.571062594297));
#9444 = PLANE('',#9445);
#9445 = AXIS2_PLACEMENT_3D('',#9446,#9447,#9448);
#9446 = CARTESIAN_POINT('',(4.666554772467,0.375,0.754143287725));
#9447 = DIRECTION('',(0.705981696859,-0.,-0.708230078223));
#9448 = DIRECTION('',(-0.708230078223,0.,-0.705981696859));
#9449 = ADVANCED_FACE('',(#9450),#9467,.T.);
#9450 = FACE_BOUND('',#9451,.T.);
#9451 = EDGE_LOOP('',(#9452,#9453,#9461));
#9452 = ORIENTED_EDGE('',*,*,#9439,.F.);
#9453 = ORIENTED_EDGE('',*,*,#9454,.T.);
#9454 = EDGE_CURVE('',#9299,#9455,#9457,.T.);
#9455 = VERTEX_POINT('',#9456);
#9456 = CARTESIAN_POINT('',(4.871794700623,0.5,0.958731651306));
#9457 = LINE('',#9458,#9459);
#9458 = CARTESIAN_POINT('',(4.628205299377,0.5,0.715915560722));
#9459 = VECTOR('',#9460,1.);
#9460 = DIRECTION('',(0.708230078223,0.,0.705981696859));
#9461 = ORIENTED_EDGE('',*,*,#9462,.T.);
#9462 = EDGE_CURVE('',#9455,#9431,#9463,.T.);
#9463 = LINE('',#9464,#9465);
#9464 = CARTESIAN_POINT('',(4.871794700623,0.5,0.958731651306));
#9465 = VECTOR('',#9466,1.);
#9466 = DIRECTION('',(-0.572881290873,-0.587957940641,-0.571062594297));
#9467 = PLANE('',#9468);
#9468 = AXIS2_PLACEMENT_3D('',#9469,#9470,#9471);
#9469 = CARTESIAN_POINT('',(4.75,0.465448452838,0.837323606014));
#9470 = DIRECTION('',(0.705981696859,-0.,-0.708230078223));
#9471 = DIRECTION('',(-0.708230078223,0.,-0.705981696859));
#9472 = ADVANCED_FACE('',(#9473),#9488,.T.);
#9473 = FACE_BOUND('',#9474,.T.);
#9474 = EDGE_LOOP('',(#9475,#9476,#9482));
#9475 = ORIENTED_EDGE('',*,*,#9462,.F.);
#9476 = ORIENTED_EDGE('',*,*,#9477,.T.);
#9477 = EDGE_CURVE('',#9455,#5484,#9478,.T.);
#9478 = LINE('',#9479,#9480);
#9479 = CARTESIAN_POINT('',(4.871794700623,0.5,0.958731651306));
#9480 = VECTOR('',#9481,1.);
#9481 = DIRECTION('',(0.,-1.,0.));
#9482 = ORIENTED_EDGE('',*,*,#9483,.T.);
#9483 = EDGE_CURVE('',#5484,#9431,#9484,.T.);
#9484 = LINE('',#9485,#9486);
#9485 = CARTESIAN_POINT('',(4.871794700623,0.25,0.958731651306));
#9486 = VECTOR('',#9487,1.);
#9487 = DIRECTION('',(-0.572881290873,0.587957940641,-0.571062594297));
#9488 = PLANE('',#9489);
#9489 = AXIS2_PLACEMENT_3D('',#9490,#9491,#9492);
#9490 = CARTESIAN_POINT('',(4.833445227533,0.375,0.920503924304));
#9491 = DIRECTION('',(0.705981696859,-0.,-0.708230078223));
#9492 = DIRECTION('',(-0.708230078223,0.,-0.705981696859));
#9493 = ADVANCED_FACE('',(#9494),#9499,.T.);
#9494 = FACE_BOUND('',#9495,.T.);
#9495 = EDGE_LOOP('',(#9496,#9497,#9498));
#9496 = ORIENTED_EDGE('',*,*,#9483,.F.);
#9497 = ORIENTED_EDGE('',*,*,#5483,.F.);
#9498 = ORIENTED_EDGE('',*,*,#9430,.F.);
#9499 = PLANE('',#9500);
#9500 = AXIS2_PLACEMENT_3D('',#9501,#9502,#9503);
#9501 = CARTESIAN_POINT('',(4.75,0.284551547162,0.837323606014));
#9502 = DIRECTION('',(0.705981696859,-0.,-0.708230078223));
#9503 = DIRECTION('',(-0.708230078223,0.,-0.705981696859));
#9504 = ADVANCED_FACE('',(#9505),#9522,.T.);
#9505 = FACE_BOUND('',#9506,.T.);
#9506 = EDGE_LOOP('',(#9507,#9515,#9516));
#9507 = ORIENTED_EDGE('',*,*,#9508,.T.);
#9508 = EDGE_CURVE('',#9509,#767,#9511,.T.);
#9509 = VERTEX_POINT('',#9510);
#9510 = CARTESIAN_POINT('',(4.75,0.375,1.83732354641));
#9511 = LINE('',#9512,#9513);
#9512 = CARTESIAN_POINT('',(4.75,0.375,1.83732354641));
#9513 = VECTOR('',#9514,1.);
#9514 = DIRECTION('',(-0.572881382593,-0.587958034775,-0.571062405366));
#9515 = ORIENTED_EDGE('',*,*,#766,.F.);
#9516 = ORIENTED_EDGE('',*,*,#9517,.T.);
#9517 = EDGE_CURVE('',#682,#9509,#9518,.T.);
#9518 = LINE('',#9519,#9520);
#9519 = CARTESIAN_POINT('',(4.871794700623,0.25,1.958731651306));
#9520 = VECTOR('',#9521,1.);
#9521 = DIRECTION('',(-0.572881199152,0.587957846507,-0.571062783228));
#9522 = PLANE('',#9523);
#9523 = AXIS2_PLACEMENT_3D('',#9524,#9525,#9526);
#9524 = CARTESIAN_POINT('',(4.75000000539,0.284551547162,1.837323594912)
  );
#9525 = DIRECTION('',(-0.705981696859,3.377104178884E-07,0.708230078223)
  );
#9526 = DIRECTION('',(0.708230078223,-1.107712191178E-23,0.705981696859)
  );
#9527 = ADVANCED_FACE('',(#9528),#9545,.T.);
#9528 = FACE_BOUND('',#9529,.T.);
#9529 = EDGE_LOOP('',(#9530,#9531,#9539));
#9530 = ORIENTED_EDGE('',*,*,#9517,.F.);
#9531 = ORIENTED_EDGE('',*,*,#9532,.T.);
#9532 = EDGE_CURVE('',#682,#9533,#9535,.T.);
#9533 = VERTEX_POINT('',#9534);
#9534 = CARTESIAN_POINT('',(4.871794700623,0.5,1.958731651306));
#9535 = LINE('',#9536,#9537);
#9536 = CARTESIAN_POINT('',(4.871794700623,0.25,1.958731651306));
#9537 = VECTOR('',#9538,1.);
#9538 = DIRECTION('',(0.,1.,0.));
#9539 = ORIENTED_EDGE('',*,*,#9540,.T.);
#9540 = EDGE_CURVE('',#9533,#9509,#9541,.T.);
#9541 = LINE('',#9542,#9543);
#9542 = CARTESIAN_POINT('',(4.871794700623,0.5,1.958731651306));
#9543 = VECTOR('',#9544,1.);
#9544 = DIRECTION('',(-0.572881199152,-0.587957846507,-0.571062783228));
#9545 = PLANE('',#9546);
#9546 = AXIS2_PLACEMENT_3D('',#9547,#9548,#9549);
#9547 = CARTESIAN_POINT('',(4.83344522526,0.375,1.92050390327));
#9548 = DIRECTION('',(-0.705981870709,0.,0.708229904925));
#9549 = DIRECTION('',(0.708229904925,0.,0.705981870709));
#9550 = ADVANCED_FACE('',(#9551),#9566,.T.);
#9551 = FACE_BOUND('',#9552,.T.);
#9552 = EDGE_LOOP('',(#9553,#9554,#9560));
#9553 = ORIENTED_EDGE('',*,*,#9540,.F.);
#9554 = ORIENTED_EDGE('',*,*,#9555,.T.);
#9555 = EDGE_CURVE('',#9533,#9377,#9556,.T.);
#9556 = LINE('',#9557,#9558);
#9557 = CARTESIAN_POINT('',(4.871794700623,0.5,1.958731651306));
#9558 = VECTOR('',#9559,1.);
#9559 = DIRECTION('',(-0.708230078223,0.,-0.705981696859));
#9560 = ORIENTED_EDGE('',*,*,#9561,.T.);
#9561 = EDGE_CURVE('',#9377,#9509,#9562,.T.);
#9562 = LINE('',#9563,#9564);
#9563 = CARTESIAN_POINT('',(4.628205299377,0.5,1.715915560722));
#9564 = VECTOR('',#9565,1.);
#9565 = DIRECTION('',(0.572881382593,-0.587958034775,0.571062405366));
#9566 = PLANE('',#9567);
#9567 = AXIS2_PLACEMENT_3D('',#9568,#9569,#9570);
#9568 = CARTESIAN_POINT('',(4.75000000539,0.465448452838,1.837323594912)
  );
#9569 = DIRECTION('',(-0.705981696859,-3.37710417859E-07,0.708230078223)
  );
#9570 = DIRECTION('',(0.708230078223,4.494632016873E-24,0.705981696859)
  );
#9571 = ADVANCED_FACE('',(#9572),#9577,.T.);
#9572 = FACE_BOUND('',#9573,.T.);
#9573 = EDGE_LOOP('',(#9574,#9575,#9576));
#9574 = ORIENTED_EDGE('',*,*,#9561,.F.);
#9575 = ORIENTED_EDGE('',*,*,#9376,.F.);
#9576 = ORIENTED_EDGE('',*,*,#9508,.F.);
#9577 = PLANE('',#9578);
#9578 = AXIS2_PLACEMENT_3D('',#9579,#9580,#9581);
#9579 = CARTESIAN_POINT('',(4.666554770193,0.375,1.754143266691));
#9580 = DIRECTION('',(-0.705981523009,0.,0.708230251521));
#9581 = DIRECTION('',(0.708230251521,0.,0.705981523009));
#9582 = ADVANCED_FACE('',(#9583),#9600,.T.);
#9583 = FACE_BOUND('',#9584,.T.);
#9584 = EDGE_LOOP('',(#9585,#9593,#9594));
#9585 = ORIENTED_EDGE('',*,*,#9586,.T.);
#9586 = EDGE_CURVE('',#9587,#5484,#9589,.T.);
#9587 = VERTEX_POINT('',#9588);
#9588 = CARTESIAN_POINT('',(4.993589878082,0.375,1.07545375824));
#9589 = LINE('',#9590,#9591);
#9590 = CARTESIAN_POINT('',(4.993589878082,0.375,1.07545375824));
#9591 = VECTOR('',#9592,1.);
#9592 = DIRECTION('',(-0.580088094881,-0.595352076925,-0.555925990288));
#9593 = ORIENTED_EDGE('',*,*,#9477,.F.);
#9594 = ORIENTED_EDGE('',*,*,#9595,.T.);
#9595 = EDGE_CURVE('',#9455,#9587,#9596,.T.);
#9596 = LINE('',#9597,#9598);
#9597 = CARTESIAN_POINT('',(4.871794700623,0.5,0.958731651306));
#9598 = VECTOR('',#9599,1.);
#9599 = DIRECTION('',(0.580088094881,-0.595352076925,0.555925990288));
#9600 = PLANE('',#9601);
#9601 = AXIS2_PLACEMENT_3D('',#9602,#9603,#9604);
#9602 = CARTESIAN_POINT('',(4.909966581056,0.375,0.995313578462));
#9603 = DIRECTION('',(0.691910704372,-0.,-0.721983086488));
#9604 = DIRECTION('',(-0.721983086488,0.,-0.691910704372));
#9605 = ADVANCED_FACE('',(#9606),#9623,.T.);
#9606 = FACE_BOUND('',#9607,.T.);
#9607 = EDGE_LOOP('',(#9608,#9609,#9617));
#9608 = ORIENTED_EDGE('',*,*,#9595,.F.);
#9609 = ORIENTED_EDGE('',*,*,#9610,.T.);
#9610 = EDGE_CURVE('',#9455,#9611,#9613,.T.);
#9611 = VERTEX_POINT('',#9612);
#9612 = CARTESIAN_POINT('',(5.115384578705,0.5,1.192175745964));
#9613 = LINE('',#9614,#9615);
#9614 = CARTESIAN_POINT('',(4.871794700623,0.5,0.958731651306));
#9615 = VECTOR('',#9616,1.);
#9616 = DIRECTION('',(0.721982586383,0.,0.691911226213));
#9617 = ORIENTED_EDGE('',*,*,#9618,.T.);
#9618 = EDGE_CURVE('',#9611,#9587,#9619,.T.);
#9619 = LINE('',#9620,#9621);
#9620 = CARTESIAN_POINT('',(5.115384578705,0.5,1.192175745964));
#9621 = VECTOR('',#9622,1.);
#9622 = DIRECTION('',(-0.580086771115,-0.595353049178,-0.555926330382));
#9623 = PLANE('',#9624);
#9624 = AXIS2_PLACEMENT_3D('',#9625,#9626,#9627);
#9625 = CARTESIAN_POINT('',(4.993589678192,0.465344481497,1.075453688737
    ));
#9626 = DIRECTION('',(0.691911226213,9.754478065808E-07,-0.721982586383)
  );
#9627 = DIRECTION('',(-0.721982586383,8.153825192017E-24,-0.691911226213
    ));
#9628 = ADVANCED_FACE('',(#9629),#9644,.T.);
#9629 = FACE_BOUND('',#9630,.T.);
#9630 = EDGE_LOOP('',(#9631,#9632,#9638));
#9631 = ORIENTED_EDGE('',*,*,#9618,.F.);
#9632 = ORIENTED_EDGE('',*,*,#9633,.T.);
#9633 = EDGE_CURVE('',#9611,#5640,#9634,.T.);
#9634 = LINE('',#9635,#9636);
#9635 = CARTESIAN_POINT('',(5.115384578705,0.5,1.192175745964));
#9636 = VECTOR('',#9637,1.);
#9637 = DIRECTION('',(0.,-1.,0.));
#9638 = ORIENTED_EDGE('',*,*,#9639,.T.);
#9639 = EDGE_CURVE('',#5640,#9587,#9640,.T.);
#9640 = LINE('',#9641,#9642);
#9641 = CARTESIAN_POINT('',(5.115384578705,0.25,1.192175745964));
#9642 = VECTOR('',#9643,1.);
#9643 = DIRECTION('',(-0.580086771115,0.595353049178,-0.555926330382));
#9644 = PLANE('',#9645);
#9645 = AXIS2_PLACEMENT_3D('',#9646,#9647,#9648);
#9646 = CARTESIAN_POINT('',(5.07721287098,0.375,1.155593878463));
#9647 = DIRECTION('',(0.691911748055,-0.,-0.721982086276));
#9648 = DIRECTION('',(-0.721982086276,0.,-0.691911748055));
#9649 = ADVANCED_FACE('',(#9650),#9655,.T.);
#9650 = FACE_BOUND('',#9651,.T.);
#9651 = EDGE_LOOP('',(#9652,#9653,#9654));
#9652 = ORIENTED_EDGE('',*,*,#9639,.F.);
#9653 = ORIENTED_EDGE('',*,*,#5639,.F.);
#9654 = ORIENTED_EDGE('',*,*,#9586,.F.);
#9655 = PLANE('',#9656);
#9656 = AXIS2_PLACEMENT_3D('',#9657,#9658,#9659);
#9657 = CARTESIAN_POINT('',(4.993589678192,0.284655518503,1.075453688737
    ));
#9658 = DIRECTION('',(0.691911226213,-9.754478065784E-07,-0.721982586383
    ));
#9659 = DIRECTION('',(-0.721982586383,-2.864191826169E-23,
    -0.691911226213));
#9660 = ADVANCED_FACE('',(#9661),#9678,.T.);
#9661 = FACE_BOUND('',#9662,.T.);
#9662 = EDGE_LOOP('',(#9663,#9671,#9672));
#9663 = ORIENTED_EDGE('',*,*,#9664,.T.);
#9664 = EDGE_CURVE('',#9665,#682,#9667,.T.);
#9665 = VERTEX_POINT('',#9666);
#9666 = CARTESIAN_POINT('',(4.993589878082,0.375,2.07545375824));
#9667 = LINE('',#9668,#9669);
#9668 = CARTESIAN_POINT('',(4.993589878082,0.375,2.07545375824));
#9669 = VECTOR('',#9670,1.);
#9670 = DIRECTION('',(-0.580088094881,-0.595352076925,-0.555925990288));
#9671 = ORIENTED_EDGE('',*,*,#681,.F.);
#9672 = ORIENTED_EDGE('',*,*,#9673,.T.);
#9673 = EDGE_CURVE('',#597,#9665,#9674,.T.);
#9674 = LINE('',#9675,#9676);
#9675 = CARTESIAN_POINT('',(5.115384578705,0.25,2.192175865173));
#9676 = VECTOR('',#9677,1.);
#9677 = DIRECTION('',(-0.580086588016,0.595352861261,-0.555926722682));
#9678 = PLANE('',#9679);
#9679 = AXIS2_PLACEMENT_3D('',#9680,#9681,#9682);
#9680 = CARTESIAN_POINT('',(4.993589683521,0.284655517165,2.075453736923
    ));
#9681 = DIRECTION('',(-0.691911410387,1.319716282614E-06,0.721982409878)
  );
#9682 = DIRECTION('',(0.721982409879,6.510549005498E-23,0.691911410388)
  );
#9683 = ADVANCED_FACE('',(#9684),#9701,.T.);
#9684 = FACE_BOUND('',#9685,.T.);
#9685 = EDGE_LOOP('',(#9686,#9687,#9695));
#9686 = ORIENTED_EDGE('',*,*,#9673,.F.);
#9687 = ORIENTED_EDGE('',*,*,#9688,.T.);
#9688 = EDGE_CURVE('',#597,#9689,#9691,.T.);
#9689 = VERTEX_POINT('',#9690);
#9690 = CARTESIAN_POINT('',(5.115384578705,0.5,2.192175865173));
#9691 = LINE('',#9692,#9693);
#9692 = CARTESIAN_POINT('',(5.115384578705,0.25,2.192175865173));
#9693 = VECTOR('',#9694,1.);
#9694 = DIRECTION('',(0.,1.,0.));
#9695 = ORIENTED_EDGE('',*,*,#9696,.T.);
#9696 = EDGE_CURVE('',#9689,#9665,#9697,.T.);
#9697 = LINE('',#9698,#9699);
#9698 = CARTESIAN_POINT('',(5.115384578705,0.5,2.192175865173));
#9699 = VECTOR('',#9700,1.);
#9700 = DIRECTION('',(-0.580086588016,-0.595352861261,-0.555926722682));
#9701 = PLANE('',#9702);
#9702 = AXIS2_PLACEMENT_3D('',#9703,#9704,#9705);
#9703 = CARTESIAN_POINT('',(5.077212866484,0.375,2.155593956002));
#9704 = DIRECTION('',(-0.691912116405,0.,0.721981733268));
#9705 = DIRECTION('',(0.721981733268,0.,0.691912116405));
#9706 = ADVANCED_FACE('',(#9707),#9722,.T.);
#9707 = FACE_BOUND('',#9708,.T.);
#9708 = EDGE_LOOP('',(#9709,#9710,#9716));
#9709 = ORIENTED_EDGE('',*,*,#9696,.F.);
#9710 = ORIENTED_EDGE('',*,*,#9711,.T.);
#9711 = EDGE_CURVE('',#9689,#9533,#9712,.T.);
#9712 = LINE('',#9713,#9714);
#9713 = CARTESIAN_POINT('',(5.115384578705,0.5,2.192175865173));
#9714 = VECTOR('',#9715,1.);
#9715 = DIRECTION('',(-0.721982409879,0.,-0.691911410388));
#9716 = ORIENTED_EDGE('',*,*,#9717,.T.);
#9717 = EDGE_CURVE('',#9533,#9665,#9718,.T.);
#9718 = LINE('',#9719,#9720);
#9719 = CARTESIAN_POINT('',(4.871794700623,0.5,1.958731651306));
#9720 = VECTOR('',#9721,1.);
#9721 = DIRECTION('',(0.580088094881,-0.595352076925,0.555925990288));
#9722 = PLANE('',#9723);
#9723 = AXIS2_PLACEMENT_3D('',#9724,#9725,#9726);
#9724 = CARTESIAN_POINT('',(4.993589683521,0.465344482835,2.075453736923
    ));
#9725 = DIRECTION('',(-0.691911410387,-1.319716282585E-06,0.721982409878
    ));
#9726 = DIRECTION('',(0.721982409879,7.018777656846E-24,0.691911410388)
  );
#9727 = ADVANCED_FACE('',(#9728),#9733,.T.);
#9728 = FACE_BOUND('',#9729,.T.);
#9729 = EDGE_LOOP('',(#9730,#9731,#9732));
#9730 = ORIENTED_EDGE('',*,*,#9717,.F.);
#9731 = ORIENTED_EDGE('',*,*,#9532,.F.);
#9732 = ORIENTED_EDGE('',*,*,#9664,.F.);
#9733 = PLANE('',#9734);
#9734 = AXIS2_PLACEMENT_3D('',#9735,#9736,#9737);
#9735 = CARTESIAN_POINT('',(4.909966581056,0.375,1.995313578462));
#9736 = DIRECTION('',(-0.691910704372,0.,0.721983086488));
#9737 = DIRECTION('',(0.721983086488,0.,0.691910704372));
#9738 = ADVANCED_FACE('',(#9739),#9756,.T.);
#9739 = FACE_BOUND('',#9740,.T.);
#9740 = EDGE_LOOP('',(#9741,#9749,#9750));
#9741 = ORIENTED_EDGE('',*,*,#9742,.T.);
#9742 = EDGE_CURVE('',#9743,#5640,#9745,.T.);
#9743 = VERTEX_POINT('',#9744);
#9744 = CARTESIAN_POINT('',(5.237179279327,0.375,1.297320127487));
#9745 = LINE('',#9746,#9747);
#9746 = CARTESIAN_POINT('',(5.237179279327,0.375,1.297320127487));
#9747 = VECTOR('',#9748,1.);
#9748 = DIRECTION('',(-0.597763763464,-0.613495251034,-0.516044629899));
#9749 = ORIENTED_EDGE('',*,*,#9633,.F.);
#9750 = ORIENTED_EDGE('',*,*,#9751,.T.);
#9751 = EDGE_CURVE('',#9611,#9743,#9752,.T.);
#9752 = LINE('',#9753,#9754);
#9753 = CARTESIAN_POINT('',(5.115384578705,0.5,1.192175745964));
#9754 = VECTOR('',#9755,1.);
#9755 = DIRECTION('',(0.597763763464,-0.613495251034,0.516044629899));
#9756 = PLANE('',#9757);
#9757 = AXIS2_PLACEMENT_3D('',#9758,#9759,#9760);
#9758 = CARTESIAN_POINT('',(5.153127082299,0.375,1.224758544536));
#9759 = DIRECTION('',(0.653470520021,-0.,-0.756951966417));
#9760 = DIRECTION('',(-0.756951966417,0.,-0.653470520021));
#9761 = ADVANCED_FACE('',(#9762),#9779,.T.);
#9762 = FACE_BOUND('',#9763,.T.);
#9763 = EDGE_LOOP('',(#9764,#9765,#9773));
#9764 = ORIENTED_EDGE('',*,*,#9751,.F.);
#9765 = ORIENTED_EDGE('',*,*,#9766,.T.);
#9766 = EDGE_CURVE('',#9611,#9767,#9769,.T.);
#9767 = VERTEX_POINT('',#9768);
#9768 = CARTESIAN_POINT('',(5.358974456787,0.5,1.40246450901));
#9769 = LINE('',#9770,#9771);
#9770 = CARTESIAN_POINT('',(5.115384578705,0.5,1.192175745964));
#9771 = VECTOR('',#9772,1.);
#9772 = DIRECTION('',(0.756952599166,0.,0.653469787072));
#9773 = ORIENTED_EDGE('',*,*,#9774,.T.);
#9774 = EDGE_CURVE('',#9767,#9743,#9775,.T.);
#9775 = LINE('',#9776,#9777);
#9776 = CARTESIAN_POINT('',(5.358974456787,0.5,1.40246450901));
#9777 = VECTOR('',#9778,1.);
#9778 = DIRECTION('',(-0.597765267521,-0.613494392788,-0.516043907981));
#9779 = PLANE('',#9780);
#9780 = AXIS2_PLACEMENT_3D('',#9781,#9782,#9783);
#9781 = CARTESIAN_POINT('',(5.237179474938,0.465077921482,1.297320148034
    ));
#9782 = DIRECTION('',(0.653469787071,-1.246394704941E-06,-0.756952599165
    ));
#9783 = DIRECTION('',(-0.756952599166,-1.252755901939E-23,
    -0.653469787072));
#9784 = ADVANCED_FACE('',(#9785),#9800,.T.);
#9785 = FACE_BOUND('',#9786,.T.);
#9786 = EDGE_LOOP('',(#9787,#9788,#9794));
#9787 = ORIENTED_EDGE('',*,*,#9774,.F.);
#9788 = ORIENTED_EDGE('',*,*,#9789,.T.);
#9789 = EDGE_CURVE('',#9767,#5796,#9790,.T.);
#9790 = LINE('',#9791,#9792);
#9791 = CARTESIAN_POINT('',(5.358974456787,0.5,1.40246450901));
#9792 = VECTOR('',#9793,1.);
#9793 = DIRECTION('',(0.,-1.,0.));
#9794 = ORIENTED_EDGE('',*,*,#9795,.T.);
#9795 = EDGE_CURVE('',#5796,#9743,#9796,.T.);
#9796 = LINE('',#9797,#9798);
#9797 = CARTESIAN_POINT('',(5.358974456787,0.25,1.40246450901));
#9798 = VECTOR('',#9799,1.);
#9799 = DIRECTION('',(-0.597765267521,0.613494392788,-0.516043907981));
#9800 = PLANE('',#9801);
#9801 = AXIS2_PLACEMENT_3D('',#9802,#9803,#9804);
#9802 = CARTESIAN_POINT('',(5.321231785352,0.375,1.369881693107));
#9803 = DIRECTION('',(0.653469054123,-0.,-0.756953231913));
#9804 = DIRECTION('',(-0.756953231913,0.,-0.653469054123));
#9805 = ADVANCED_FACE('',(#9806),#9811,.T.);
#9806 = FACE_BOUND('',#9807,.T.);
#9807 = EDGE_LOOP('',(#9808,#9809,#9810));
#9808 = ORIENTED_EDGE('',*,*,#9795,.F.);
#9809 = ORIENTED_EDGE('',*,*,#5795,.F.);
#9810 = ORIENTED_EDGE('',*,*,#9742,.F.);
#9811 = PLANE('',#9812);
#9812 = AXIS2_PLACEMENT_3D('',#9813,#9814,#9815);
#9813 = CARTESIAN_POINT('',(5.237179474938,0.284922078518,1.297320148034
    ));
#9814 = DIRECTION('',(0.653469787071,1.246394704931E-06,-0.756952599165)
  );
#9815 = DIRECTION('',(-0.756952599166,4.158477906756E-23,-0.653469787072
    ));
#9816 = ADVANCED_FACE('',(#9817),#9834,.T.);
#9817 = FACE_BOUND('',#9818,.T.);
#9818 = EDGE_LOOP('',(#9819,#9827,#9828));
#9819 = ORIENTED_EDGE('',*,*,#9820,.T.);
#9820 = EDGE_CURVE('',#9821,#597,#9823,.T.);
#9821 = VERTEX_POINT('',#9822);
#9822 = CARTESIAN_POINT('',(5.237179279327,0.375,2.297320127487));
#9823 = LINE('',#9824,#9825);
#9824 = CARTESIAN_POINT('',(5.237179279327,0.375,2.297320127487));
#9825 = VECTOR('',#9826,1.);
#9826 = DIRECTION('',(-0.597763943944,-0.613495436263,-0.516044200631));
#9827 = ORIENTED_EDGE('',*,*,#596,.F.);
#9828 = ORIENTED_EDGE('',*,*,#9829,.T.);
#9829 = EDGE_CURVE('',#512,#9821,#9830,.T.);
#9830 = LINE('',#9831,#9832);
#9831 = CARTESIAN_POINT('',(5.358974456787,0.25,2.40246462822));
#9832 = VECTOR('',#9833,1.);
#9833 = DIRECTION('',(-0.597765087041,0.613494207559,-0.516044337248));
#9834 = PLANE('',#9835);
#9835 = AXIS2_PLACEMENT_3D('',#9836,#9837,#9838);
#9836 = CARTESIAN_POINT('',(5.237179485212,0.284922078518,2.297320242808
    ));
#9837 = DIRECTION('',(-0.653469787072,-5.245084524026E-07,0.756952599166
    ));
#9838 = DIRECTION('',(0.756952599166,-7.966380103741E-24,0.653469787072)
  );
#9839 = ADVANCED_FACE('',(#9840),#9857,.T.);
#9840 = FACE_BOUND('',#9841,.T.);
#9841 = EDGE_LOOP('',(#9842,#9843,#9851));
#9842 = ORIENTED_EDGE('',*,*,#9829,.F.);
#9843 = ORIENTED_EDGE('',*,*,#9844,.T.);
#9844 = EDGE_CURVE('',#512,#9845,#9847,.T.);
#9845 = VERTEX_POINT('',#9846);
#9846 = CARTESIAN_POINT('',(5.358974456787,0.5,2.40246462822));
#9847 = LINE('',#9848,#9849);
#9848 = CARTESIAN_POINT('',(5.358974456787,0.25,2.40246462822));
#9849 = VECTOR('',#9850,1.);
#9850 = DIRECTION('',(0.,1.,0.));
#9851 = ORIENTED_EDGE('',*,*,#9852,.T.);
#9852 = EDGE_CURVE('',#9845,#9821,#9853,.T.);
#9853 = LINE('',#9854,#9855);
#9854 = CARTESIAN_POINT('',(5.358974456787,0.5,2.40246462822));
#9855 = VECTOR('',#9856,1.);
#9856 = DIRECTION('',(-0.597765087041,-0.613494207559,-0.516044337248));
#9857 = PLANE('',#9858);
#9858 = AXIS2_PLACEMENT_3D('',#9859,#9860,#9861);
#9859 = CARTESIAN_POINT('',(5.321231781019,0.375,2.369881771634));
#9860 = DIRECTION('',(-0.653469478632,0.,0.756952865439));
#9861 = DIRECTION('',(0.756952865439,0.,0.653469478632));
#9862 = ADVANCED_FACE('',(#9863),#9878,.T.);
#9863 = FACE_BOUND('',#9864,.T.);
#9864 = EDGE_LOOP('',(#9865,#9866,#9872));
#9865 = ORIENTED_EDGE('',*,*,#9852,.F.);
#9866 = ORIENTED_EDGE('',*,*,#9867,.T.);
#9867 = EDGE_CURVE('',#9845,#9689,#9868,.T.);
#9868 = LINE('',#9869,#9870);
#9869 = CARTESIAN_POINT('',(5.358974456787,0.5,2.40246462822));
#9870 = VECTOR('',#9871,1.);
#9871 = DIRECTION('',(-0.756952599166,0.,-0.653469787072));
#9872 = ORIENTED_EDGE('',*,*,#9873,.T.);
#9873 = EDGE_CURVE('',#9689,#9821,#9874,.T.);
#9874 = LINE('',#9875,#9876);
#9875 = CARTESIAN_POINT('',(5.115384578705,0.5,2.192175865173));
#9876 = VECTOR('',#9877,1.);
#9877 = DIRECTION('',(0.597763943944,-0.613495436263,0.516044200631));
#9878 = PLANE('',#9879);
#9879 = AXIS2_PLACEMENT_3D('',#9880,#9881,#9882);
#9880 = CARTESIAN_POINT('',(5.237179485212,0.465077921482,2.297320242808
    ));
#9881 = DIRECTION('',(-0.653469787072,5.245084524134E-07,0.756952599166)
  );
#9882 = DIRECTION('',(0.756952599166,-4.404606905826E-24,0.653469787072)
  );
#9883 = ADVANCED_FACE('',(#9884),#9889,.T.);
#9884 = FACE_BOUND('',#9885,.T.);
#9885 = EDGE_LOOP('',(#9886,#9887,#9888));
#9886 = ORIENTED_EDGE('',*,*,#9873,.F.);
#9887 = ORIENTED_EDGE('',*,*,#9688,.F.);
#9888 = ORIENTED_EDGE('',*,*,#9820,.F.);
#9889 = PLANE('',#9890);
#9890 = AXIS2_PLACEMENT_3D('',#9891,#9892,#9893);
#9891 = CARTESIAN_POINT('',(5.153127077966,0.375,2.224758623064));
#9892 = DIRECTION('',(-0.653470095512,0.,0.756952332892));
#9893 = DIRECTION('',(0.756952332892,0.,0.653470095512));
#9894 = ADVANCED_FACE('',(#9895),#9912,.T.);
#9895 = FACE_BOUND('',#9896,.T.);
#9896 = EDGE_LOOP('',(#9897,#9905,#9906));
#9897 = ORIENTED_EDGE('',*,*,#9898,.T.);
#9898 = EDGE_CURVE('',#9899,#5796,#9901,.T.);
#9899 = VERTEX_POINT('',#9900);
#9900 = CARTESIAN_POINT('',(5.48076915741,0.375,1.48982322216));
#9901 = LINE('',#9902,#9903);
#9902 = CARTESIAN_POINT('',(5.48076915741,0.375,1.48982322216));
#9903 = VECTOR('',#9904,1.);
#9904 = DIRECTION('',(-0.624051010066,-0.640474305199,-0.447608088863));
#9905 = ORIENTED_EDGE('',*,*,#9789,.F.);
#9906 = ORIENTED_EDGE('',*,*,#9907,.T.);
#9907 = EDGE_CURVE('',#9767,#9899,#9908,.T.);
#9908 = LINE('',#9909,#9910);
#9909 = CARTESIAN_POINT('',(5.358974456787,0.5,1.40246450901));
#9910 = VECTOR('',#9911,1.);
#9911 = DIRECTION('',(0.624051010066,-0.640474305199,0.447608088863));
#9912 = PLANE('',#9913);
#9913 = AXIS2_PLACEMENT_3D('',#9914,#9915,#9916);
#9914 = CARTESIAN_POINT('',(5.396096251452,0.375,1.429090562486));
#9915 = DIRECTION('',(0.58283851483,-0.,-0.812588004853));
#9916 = DIRECTION('',(-0.812588004853,0.,-0.58283851483));
#9917 = ADVANCED_FACE('',(#9918),#9935,.T.);
#9918 = FACE_BOUND('',#9919,.T.);
#9919 = EDGE_LOOP('',(#9920,#9921,#9929));
#9920 = ORIENTED_EDGE('',*,*,#9907,.F.);
#9921 = ORIENTED_EDGE('',*,*,#9922,.T.);
#9922 = EDGE_CURVE('',#9767,#9923,#9925,.T.);
#9923 = VERTEX_POINT('',#9924);
#9924 = CARTESIAN_POINT('',(5.602564334869,0.5,1.57718193531));
#9925 = LINE('',#9926,#9927);
#9926 = CARTESIAN_POINT('',(5.358974456787,0.5,1.40246450901));
#9927 = VECTOR('',#9928,1.);
#9928 = DIRECTION('',(0.812588545206,0.,0.582837761474));
#9929 = ORIENTED_EDGE('',*,*,#9930,.T.);
#9930 = EDGE_CURVE('',#9923,#9899,#9931,.T.);
#9931 = LINE('',#9932,#9933);
#9932 = CARTESIAN_POINT('',(5.602564334869,0.5,1.57718193531));
#9933 = VECTOR('',#9934,1.);
#9934 = DIRECTION('',(-0.624052501793,-0.640473328674,-0.447607406399));
#9935 = PLANE('',#9936);
#9936 = AXIS2_PLACEMENT_3D('',#9937,#9938,#9939);
#9937 = CARTESIAN_POINT('',(5.48076935466,0.46464892149,1.489823240995)
  );
#9938 = DIRECTION('',(0.582837761474,-1.111674807554E-06,-0.812588545205
    ));
#9939 = DIRECTION('',(-0.812588545206,-2.201537893294E-23,
    -0.582837761474));
#9940 = ADVANCED_FACE('',(#9941),#9956,.T.);
#9941 = FACE_BOUND('',#9942,.T.);
#9942 = EDGE_LOOP('',(#9943,#9944,#9950));
#9943 = ORIENTED_EDGE('',*,*,#9930,.F.);
#9944 = ORIENTED_EDGE('',*,*,#9945,.T.);
#9945 = EDGE_CURVE('',#9923,#5952,#9946,.T.);
#9946 = LINE('',#9947,#9948);
#9947 = CARTESIAN_POINT('',(5.602564334869,0.5,1.57718193531));
#9948 = VECTOR('',#9949,1.);
#9949 = DIRECTION('',(0.,-1.,0.));
#9950 = ORIENTED_EDGE('',*,*,#9951,.T.);
#9951 = EDGE_CURVE('',#5952,#9899,#9952,.T.);
#9952 = LINE('',#9953,#9954);
#9953 = CARTESIAN_POINT('',(5.602564334869,0.25,1.57718193531));
#9954 = VECTOR('',#9955,1.);
#9955 = DIRECTION('',(-0.624052501793,0.640473328674,-0.447607406399));
#9956 = PLANE('',#9957);
#9957 = AXIS2_PLACEMENT_3D('',#9958,#9959,#9960);
#9958 = CARTESIAN_POINT('',(5.565442372771,0.375,1.550555865985));
#9959 = DIRECTION('',(0.58283700812,-0.,-0.812589085557));
#9960 = DIRECTION('',(-0.812589085557,0.,-0.58283700812));
#9961 = ADVANCED_FACE('',(#9962),#9967,.T.);
#9962 = FACE_BOUND('',#9963,.T.);
#9963 = EDGE_LOOP('',(#9964,#9965,#9966));
#9964 = ORIENTED_EDGE('',*,*,#9951,.F.);
#9965 = ORIENTED_EDGE('',*,*,#5951,.F.);
#9966 = ORIENTED_EDGE('',*,*,#9898,.F.);
#9967 = PLANE('',#9968);
#9968 = AXIS2_PLACEMENT_3D('',#9969,#9970,#9971);
#9969 = CARTESIAN_POINT('',(5.48076935466,0.28535107851,1.489823240995)
  );
#9970 = DIRECTION('',(0.582837761474,1.1116748075E-06,-0.812588545205));
#9971 = DIRECTION('',(-0.812588545206,6.634186606958E-23,-0.582837761474
    ));
#9972 = ADVANCED_FACE('',(#9973),#9990,.T.);
#9973 = FACE_BOUND('',#9974,.T.);
#9974 = EDGE_LOOP('',(#9975,#9983,#9984));
#9975 = ORIENTED_EDGE('',*,*,#9976,.T.);
#9976 = EDGE_CURVE('',#9977,#512,#9979,.T.);
#9977 = VERTEX_POINT('',#9978);
#9978 = CARTESIAN_POINT('',(5.48076915741,0.375,2.48982334137));
#9979 = LINE('',#9980,#9981);
#9980 = CARTESIAN_POINT('',(5.48076915741,0.375,2.48982334137));
#9981 = VECTOR('',#9982,1.);
#9982 = DIRECTION('',(-0.624051010066,-0.640474305199,-0.447608088863));
#9983 = ORIENTED_EDGE('',*,*,#511,.F.);
#9984 = ORIENTED_EDGE('',*,*,#9985,.T.);
#9985 = EDGE_CURVE('',#427,#9977,#9986,.T.);
#9986 = LINE('',#9987,#9988);
#9987 = CARTESIAN_POINT('',(5.602564334869,0.25,2.57718205452));
#9988 = VECTOR('',#9989,1.);
#9989 = DIRECTION('',(-0.624052501793,0.640473328674,-0.447607406399));
#9990 = PLANE('',#9991);
#9991 = AXIS2_PLACEMENT_3D('',#9992,#9993,#9994);
#9992 = CARTESIAN_POINT('',(5.48076935466,0.28535107851,2.489823360204)
  );
#9993 = DIRECTION('',(-0.582837761474,-1.111674807487E-06,0.812588545205
    ));
#9994 = DIRECTION('',(0.812588545206,-3.283024597294E-23,0.582837761474)
  );
#9995 = ADVANCED_FACE('',(#9996),#10013,.T.);
#9996 = FACE_BOUND('',#9997,.T.);
#9997 = EDGE_LOOP('',(#9998,#9999,#10007));
#9998 = ORIENTED_EDGE('',*,*,#9985,.F.);
#9999 = ORIENTED_EDGE('',*,*,#10000,.T.);
#10000 = EDGE_CURVE('',#427,#10001,#10003,.T.);
#10001 = VERTEX_POINT('',#10002);
#10002 = CARTESIAN_POINT('',(5.602564334869,0.5,2.57718205452));
#10003 = LINE('',#10004,#10005);
#10004 = CARTESIAN_POINT('',(5.602564334869,0.25,2.57718205452));
#10005 = VECTOR('',#10006,1.);
#10006 = DIRECTION('',(0.,1.,0.));
#10007 = ORIENTED_EDGE('',*,*,#10008,.T.);
#10008 = EDGE_CURVE('',#10001,#9977,#10009,.T.);
#10009 = LINE('',#10010,#10011);
#10010 = CARTESIAN_POINT('',(5.602564334869,0.5,2.57718205452));
#10011 = VECTOR('',#10012,1.);
#10012 = DIRECTION('',(-0.624052501793,-0.640473328674,-0.447607406399)
  );
#10013 = PLANE('',#10014);
#10014 = AXIS2_PLACEMENT_3D('',#10015,#10016,#10017);
#10015 = CARTESIAN_POINT('',(5.565442372771,0.375,2.550555985195));
#10016 = DIRECTION('',(-0.58283700812,0.,0.812589085557));
#10017 = DIRECTION('',(0.812589085557,0.,0.58283700812));
#10018 = ADVANCED_FACE('',(#10019),#10034,.T.);
#10019 = FACE_BOUND('',#10020,.T.);
#10020 = EDGE_LOOP('',(#10021,#10022,#10028));
#10021 = ORIENTED_EDGE('',*,*,#10008,.F.);
#10022 = ORIENTED_EDGE('',*,*,#10023,.T.);
#10023 = EDGE_CURVE('',#10001,#9845,#10024,.T.);
#10024 = LINE('',#10025,#10026);
#10025 = CARTESIAN_POINT('',(5.602564334869,0.5,2.57718205452));
#10026 = VECTOR('',#10027,1.);
#10027 = DIRECTION('',(-0.812588545206,0.,-0.582837761474));
#10028 = ORIENTED_EDGE('',*,*,#10029,.T.);
#10029 = EDGE_CURVE('',#9845,#9977,#10030,.T.);
#10030 = LINE('',#10031,#10032);
#10031 = CARTESIAN_POINT('',(5.358974456787,0.5,2.40246462822));
#10032 = VECTOR('',#10033,1.);
#10033 = DIRECTION('',(0.624051010066,-0.640474305199,0.447608088863));
#10034 = PLANE('',#10035);
#10035 = AXIS2_PLACEMENT_3D('',#10036,#10037,#10038);
#10036 = CARTESIAN_POINT('',(5.48076935466,0.46464892149,2.489823360204)
  );
#10037 = DIRECTION('',(-0.582837761474,1.111674807533E-06,0.812588545205
    ));
#10038 = DIRECTION('',(0.812588545206,8.952034569182E-23,0.582837761474)
  );
#10039 = ADVANCED_FACE('',(#10040),#10045,.T.);
#10040 = FACE_BOUND('',#10041,.T.);
#10041 = EDGE_LOOP('',(#10042,#10043,#10044));
#10042 = ORIENTED_EDGE('',*,*,#10029,.F.);
#10043 = ORIENTED_EDGE('',*,*,#9844,.F.);
#10044 = ORIENTED_EDGE('',*,*,#9976,.F.);
#10045 = PLANE('',#10046);
#10046 = AXIS2_PLACEMENT_3D('',#10047,#10048,#10049);
#10047 = CARTESIAN_POINT('',(5.396096251452,0.375,2.429090681695));
#10048 = DIRECTION('',(-0.58283851483,0.,0.812588004853));
#10049 = DIRECTION('',(0.812588004853,0.,0.58283851483));
#10050 = ADVANCED_FACE('',(#10051),#10068,.T.);
#10051 = FACE_BOUND('',#10052,.T.);
#10052 = EDGE_LOOP('',(#10053,#10061,#10062));
#10053 = ORIENTED_EDGE('',*,*,#10054,.T.);
#10054 = EDGE_CURVE('',#10055,#5952,#10057,.T.);
#10055 = VERTEX_POINT('',#10056);
#10056 = CARTESIAN_POINT('',(5.724359035492,0.375,1.641597032547));
#10057 = LINE('',#10058,#10059);
#10058 = CARTESIAN_POINT('',(5.724359035492,0.375,1.641597032547));
#10059 = VECTOR('',#10060,1.);
#10060 = DIRECTION('',(-0.654694282795,-0.671924024043,-0.346256410755)
  );
#10061 = ORIENTED_EDGE('',*,*,#9945,.F.);
#10062 = ORIENTED_EDGE('',*,*,#10063,.T.);
#10063 = EDGE_CURVE('',#9923,#10055,#10064,.T.);
#10064 = LINE('',#10065,#10066);
#10065 = CARTESIAN_POINT('',(5.602564334869,0.5,1.57718193531));
#10066 = VECTOR('',#10067,1.);
#10067 = DIRECTION('',(0.654694282795,-0.671924024043,0.346256410755));
#10068 = PLANE('',#10069);
#10069 = AXIS2_PLACEMENT_3D('',#10070,#10071,#10072);
#10070 = CARTESIAN_POINT('',(5.638987850194,0.375,1.596445698589));
#10071 = DIRECTION('',(0.467522308879,-0.,-0.883981272823));
#10072 = DIRECTION('',(-0.883981272823,0.,-0.467522308879));
#10073 = ADVANCED_FACE('',(#10074),#10091,.T.);
#10074 = FACE_BOUND('',#10075,.T.);
#10075 = EDGE_LOOP('',(#10076,#10077,#10085));
#10076 = ORIENTED_EDGE('',*,*,#10063,.F.);
#10077 = ORIENTED_EDGE('',*,*,#10078,.T.);
#10078 = EDGE_CURVE('',#9923,#10079,#10081,.T.);
#10079 = VERTEX_POINT('',#10080);
#10080 = CARTESIAN_POINT('',(5.846153736115,0.5,1.706012129784));
#10081 = LINE('',#10082,#10083);
#10082 = CARTESIAN_POINT('',(5.602564334869,0.5,1.57718193531));
#10083 = VECTOR('',#10084,1.);
#10084 = DIRECTION('',(0.883981272823,0.,0.467522308879));
#10085 = ORIENTED_EDGE('',*,*,#10086,.T.);
#10086 = EDGE_CURVE('',#10079,#10055,#10087,.T.);
#10087 = LINE('',#10088,#10089);
#10088 = CARTESIAN_POINT('',(5.846153736115,0.5,1.706012129784));
#10089 = VECTOR('',#10090,1.);
#10090 = DIRECTION('',(-0.654694282795,-0.671924024043,-0.346256410755)
  );
#10091 = PLANE('',#10092);
#10092 = AXIS2_PLACEMENT_3D('',#10093,#10094,#10095);
#10093 = CARTESIAN_POINT('',(5.724359035492,0.46409325582,1.641597032547
    ));
#10094 = DIRECTION('',(0.467522308879,-0.,-0.883981272823));
#10095 = DIRECTION('',(-0.883981272823,0.,-0.467522308879));
#10096 = ADVANCED_FACE('',(#10097),#10112,.T.);
#10097 = FACE_BOUND('',#10098,.T.);
#10098 = EDGE_LOOP('',(#10099,#10100,#10106));
#10099 = ORIENTED_EDGE('',*,*,#10086,.F.);
#10100 = ORIENTED_EDGE('',*,*,#10101,.T.);
#10101 = EDGE_CURVE('',#10079,#6108,#10102,.T.);
#10102 = LINE('',#10103,#10104);
#10103 = CARTESIAN_POINT('',(5.846153736115,0.5,1.706012129784));
#10104 = VECTOR('',#10105,1.);
#10105 = DIRECTION('',(0.,-1.,0.));
#10106 = ORIENTED_EDGE('',*,*,#10107,.T.);
#10107 = EDGE_CURVE('',#6108,#10055,#10108,.T.);
#10108 = LINE('',#10109,#10110);
#10109 = CARTESIAN_POINT('',(5.846153736115,0.25,1.706012129784));
#10110 = VECTOR('',#10111,1.);
#10111 = DIRECTION('',(-0.654694282795,0.671924024043,-0.346256410755));
#10112 = PLANE('',#10113);
#10113 = AXIS2_PLACEMENT_3D('',#10114,#10115,#10116);
#10114 = CARTESIAN_POINT('',(5.80973022079,0.375,1.686748366505));
#10115 = DIRECTION('',(0.467522308879,-0.,-0.883981272823));
#10116 = DIRECTION('',(-0.883981272823,0.,-0.467522308879));
#10117 = ADVANCED_FACE('',(#10118),#10123,.T.);
#10118 = FACE_BOUND('',#10119,.T.);
#10119 = EDGE_LOOP('',(#10120,#10121,#10122));
#10120 = ORIENTED_EDGE('',*,*,#10107,.F.);
#10121 = ORIENTED_EDGE('',*,*,#6107,.F.);
#10122 = ORIENTED_EDGE('',*,*,#10054,.F.);
#10123 = PLANE('',#10124);
#10124 = AXIS2_PLACEMENT_3D('',#10125,#10126,#10127);
#10125 = CARTESIAN_POINT('',(5.724359035492,0.28590674418,1.641597032547
    ));
#10126 = DIRECTION('',(0.467522308879,-0.,-0.883981272823));
#10127 = DIRECTION('',(-0.883981272823,0.,-0.467522308879));
#10128 = ADVANCED_FACE('',(#10129),#10146,.T.);
#10129 = FACE_BOUND('',#10130,.T.);
#10130 = EDGE_LOOP('',(#10131,#10139,#10140));
#10131 = ORIENTED_EDGE('',*,*,#10132,.T.);
#10132 = EDGE_CURVE('',#10133,#427,#10135,.T.);
#10133 = VERTEX_POINT('',#10134);
#10134 = CARTESIAN_POINT('',(5.724359035492,0.375,2.641597032547));
#10135 = LINE('',#10136,#10137);
#10136 = CARTESIAN_POINT('',(5.724359035492,0.375,2.641597032547));
#10137 = VECTOR('',#10138,1.);
#10138 = DIRECTION('',(-0.654694428059,-0.671924173129,-0.346255846785)
  );
#10139 = ORIENTED_EDGE('',*,*,#426,.F.);
#10140 = ORIENTED_EDGE('',*,*,#10141,.T.);
#10141 = EDGE_CURVE('',#342,#10133,#10142,.T.);
#10142 = LINE('',#10143,#10144);
#10143 = CARTESIAN_POINT('',(5.846153736115,0.25,2.706012010574));
#10144 = VECTOR('',#10145,1.);
#10145 = DIRECTION('',(-0.654694428059,0.671924173129,-0.346255846785));
#10146 = PLANE('',#10147);
#10147 = AXIS2_PLACEMENT_3D('',#10148,#10149,#10150);
#10148 = CARTESIAN_POINT('',(5.724359035492,0.28590674697,2.641597032547
    ));
#10149 = DIRECTION('',(-0.467521632778,0.,0.8839816304));
#10150 = DIRECTION('',(0.8839816304,0.,0.467521632778));
#10151 = ADVANCED_FACE('',(#10152),#10169,.T.);
#10152 = FACE_BOUND('',#10153,.T.);
#10153 = EDGE_LOOP('',(#10154,#10155,#10163));
#10154 = ORIENTED_EDGE('',*,*,#10141,.F.);
#10155 = ORIENTED_EDGE('',*,*,#10156,.T.);
#10156 = EDGE_CURVE('',#342,#10157,#10159,.T.);
#10157 = VERTEX_POINT('',#10158);
#10158 = CARTESIAN_POINT('',(5.846153736115,0.5,2.706012010574));
#10159 = LINE('',#10160,#10161);
#10160 = CARTESIAN_POINT('',(5.846153736115,0.25,2.706012010574));
#10161 = VECTOR('',#10162,1.);
#10162 = DIRECTION('',(0.,1.,0.));
#10163 = ORIENTED_EDGE('',*,*,#10164,.T.);
#10164 = EDGE_CURVE('',#10157,#10133,#10165,.T.);
#10165 = LINE('',#10166,#10167);
#10166 = CARTESIAN_POINT('',(5.846153736115,0.5,2.706012010574));
#10167 = VECTOR('',#10168,1.);
#10168 = DIRECTION('',(-0.654694428059,-0.671924173129,-0.346255846785)
  );
#10169 = PLANE('',#10170);
#10170 = AXIS2_PLACEMENT_3D('',#10171,#10172,#10173);
#10171 = CARTESIAN_POINT('',(5.809730224038,0.375,2.686748284664));
#10172 = DIRECTION('',(-0.467521632778,0.,0.8839816304));
#10173 = DIRECTION('',(0.8839816304,0.,0.467521632778));
#10174 = ADVANCED_FACE('',(#10175),#10190,.T.);
#10175 = FACE_BOUND('',#10176,.T.);
#10176 = EDGE_LOOP('',(#10177,#10178,#10184));
#10177 = ORIENTED_EDGE('',*,*,#10164,.F.);
#10178 = ORIENTED_EDGE('',*,*,#10179,.T.);
#10179 = EDGE_CURVE('',#10157,#10001,#10180,.T.);
#10180 = LINE('',#10181,#10182);
#10181 = CARTESIAN_POINT('',(5.846153736115,0.5,2.706012010574));
#10182 = VECTOR('',#10183,1.);
#10183 = DIRECTION('',(-0.8839816304,0.,-0.467521632778));
#10184 = ORIENTED_EDGE('',*,*,#10185,.T.);
#10185 = EDGE_CURVE('',#10001,#10133,#10186,.T.);
#10186 = LINE('',#10187,#10188);
#10187 = CARTESIAN_POINT('',(5.602564334869,0.5,2.57718205452));
#10188 = VECTOR('',#10189,1.);
#10189 = DIRECTION('',(0.654694428059,-0.671924173129,0.346255846785));
#10190 = PLANE('',#10191);
#10191 = AXIS2_PLACEMENT_3D('',#10192,#10193,#10194);
#10192 = CARTESIAN_POINT('',(5.724359035492,0.46409325303,2.641597032547
    ));
#10193 = DIRECTION('',(-0.467521632778,0.,0.8839816304));
#10194 = DIRECTION('',(0.8839816304,0.,0.467521632778));
#10195 = ADVANCED_FACE('',(#10196),#10201,.T.);
#10196 = FACE_BOUND('',#10197,.T.);
#10197 = EDGE_LOOP('',(#10198,#10199,#10200));
#10198 = ORIENTED_EDGE('',*,*,#10185,.F.);
#10199 = ORIENTED_EDGE('',*,*,#10000,.F.);
#10200 = ORIENTED_EDGE('',*,*,#10132,.F.);
#10201 = PLANE('',#10202);
#10202 = AXIS2_PLACEMENT_3D('',#10203,#10204,#10205);
#10203 = CARTESIAN_POINT('',(5.638987846946,0.375,2.59644578043));
#10204 = DIRECTION('',(-0.467521632778,0.,0.8839816304));
#10205 = DIRECTION('',(0.8839816304,0.,0.467521632778));
#10206 = ADVANCED_FACE('',(#10207),#10224,.T.);
#10207 = FACE_BOUND('',#10208,.T.);
#10208 = EDGE_LOOP('',(#10209,#10217,#10218));
#10209 = ORIENTED_EDGE('',*,*,#10210,.T.);
#10210 = EDGE_CURVE('',#10211,#6108,#10213,.T.);
#10211 = VERTEX_POINT('',#10212);
#10212 = CARTESIAN_POINT('',(5.967948913574,0.375,1.743680238724));
#10213 = LINE('',#10214,#10215);
#10214 = CARTESIAN_POINT('',(5.967948913574,0.375,1.743680238724));
#10215 = VECTOR('',#10216,1.);
#10216 = DIRECTION('',(-0.682157861505,-0.700107627138,-0.210973842951)
  );
#10217 = ORIENTED_EDGE('',*,*,#10101,.F.);
#10218 = ORIENTED_EDGE('',*,*,#10219,.T.);
#10219 = EDGE_CURVE('',#10079,#10211,#10220,.T.);
#10220 = LINE('',#10221,#10222);
#10221 = CARTESIAN_POINT('',(5.846153736115,0.5,1.706012129784));
#10222 = VECTOR('',#10223,1.);
#10223 = DIRECTION('',(0.682157861505,-0.700107627138,0.210973842951));
#10224 = PLANE('',#10225);
#10225 = AXIS2_PLACEMENT_3D('',#10226,#10227,#10228);
#10226 = CARTESIAN_POINT('',(5.881973579375,0.375,1.717090283995));
#10227 = DIRECTION('',(0.295466124412,-0.,-0.955353217049));
#10228 = DIRECTION('',(-0.955353217049,0.,-0.295466124412));
#10229 = ADVANCED_FACE('',(#10230),#10247,.T.);
#10230 = FACE_BOUND('',#10231,.T.);
#10231 = EDGE_LOOP('',(#10232,#10233,#10241));
#10232 = ORIENTED_EDGE('',*,*,#10219,.F.);
#10233 = ORIENTED_EDGE('',*,*,#10234,.T.);
#10234 = EDGE_CURVE('',#10079,#10235,#10237,.T.);
#10235 = VERTEX_POINT('',#10236);
#10236 = CARTESIAN_POINT('',(6.089743614197,0.5,1.781348466873));
#10237 = LINE('',#10238,#10239);
#10238 = CARTESIAN_POINT('',(5.846153736115,0.5,1.706012129784));
#10239 = VECTOR('',#10240,1.);
#10240 = DIRECTION('',(0.955352921811,0.,0.295467079025));
#10241 = ORIENTED_EDGE('',*,*,#10242,.T.);
#10242 = EDGE_CURVE('',#10235,#10211,#10243,.T.);
#10243 = LINE('',#10244,#10245);
#10244 = CARTESIAN_POINT('',(6.089743614197,0.5,1.781348466873));
#10245 = VECTOR('',#10246,1.);
#10246 = DIRECTION('',(-0.682156337494,-0.700108804003,-0.210974865269)
  );
#10247 = PLANE('',#10248);
#10248 = AXIS2_PLACEMENT_3D('',#10249,#10250,#10251);
#10249 = CARTESIAN_POINT('',(5.967948714843,0.463536371176,
    1.743680271706));
#10250 = DIRECTION('',(0.295467079025,1.01910650152E-06,-0.95535292181)
  );
#10251 = DIRECTION('',(-0.955352921811,-2.302102899069E-23,
    -0.295467079025));
#10252 = ADVANCED_FACE('',(#10253),#10268,.T.);
#10253 = FACE_BOUND('',#10254,.T.);
#10254 = EDGE_LOOP('',(#10255,#10256,#10262));
#10255 = ORIENTED_EDGE('',*,*,#10242,.F.);
#10256 = ORIENTED_EDGE('',*,*,#10257,.T.);
#10257 = EDGE_CURVE('',#10235,#6264,#10258,.T.);
#10258 = LINE('',#10259,#10260);
#10259 = CARTESIAN_POINT('',(6.089743614197,0.5,1.781348466873));
#10260 = VECTOR('',#10261,1.);
#10261 = DIRECTION('',(0.,-1.,0.));
#10262 = ORIENTED_EDGE('',*,*,#10263,.T.);
#10263 = EDGE_CURVE('',#6264,#10211,#10264,.T.);
#10264 = LINE('',#10265,#10266);
#10265 = CARTESIAN_POINT('',(6.089743614197,0.25,1.781348466873));
#10266 = VECTOR('',#10267,1.);
#10267 = DIRECTION('',(-0.682156337494,0.700108804003,-0.210974865269));
#10268 = PLANE('',#10269);
#10269 = AXIS2_PLACEMENT_3D('',#10270,#10271,#10272);
#10270 = CARTESIAN_POINT('',(6.053923935969,0.375,1.770270285271));
#10271 = DIRECTION('',(0.295468033641,-0.,-0.955352626571));
#10272 = DIRECTION('',(-0.955352626571,0.,-0.295468033641));
#10273 = ADVANCED_FACE('',(#10274),#10279,.T.);
#10274 = FACE_BOUND('',#10275,.T.);
#10275 = EDGE_LOOP('',(#10276,#10277,#10278));
#10276 = ORIENTED_EDGE('',*,*,#10263,.F.);
#10277 = ORIENTED_EDGE('',*,*,#6263,.F.);
#10278 = ORIENTED_EDGE('',*,*,#10210,.F.);
#10279 = PLANE('',#10280);
#10280 = AXIS2_PLACEMENT_3D('',#10281,#10282,#10283);
#10281 = CARTESIAN_POINT('',(5.967948714843,0.286463628824,
    1.743680271706));
#10282 = DIRECTION('',(0.295467079025,-1.019106501536E-06,-0.95535292181
    ));
#10283 = DIRECTION('',(-0.955352921811,-1.235548683849E-23,
    -0.295467079025));
#10284 = ADVANCED_FACE('',(#10285),#10302,.T.);
#10285 = FACE_BOUND('',#10286,.T.);
#10286 = EDGE_LOOP('',(#10287,#10295,#10296));
#10287 = ORIENTED_EDGE('',*,*,#10288,.T.);
#10288 = EDGE_CURVE('',#10289,#342,#10291,.T.);
#10289 = VERTEX_POINT('',#10290);
#10290 = CARTESIAN_POINT('',(5.967948913574,0.375,2.743680238724));
#10291 = LINE('',#10292,#10293);
#10292 = CARTESIAN_POINT('',(5.967948913574,0.375,2.743680238724));
#10293 = VECTOR('',#10294,1.);
#10294 = DIRECTION('',(-0.682157765415,-0.700107528519,-0.210974480907)
  );
#10295 = ORIENTED_EDGE('',*,*,#341,.F.);
#10296 = ORIENTED_EDGE('',*,*,#10297,.T.);
#10297 = EDGE_CURVE('',#319,#10289,#10298,.T.);
#10298 = LINE('',#10299,#10300);
#10299 = CARTESIAN_POINT('',(6.089743614197,0.25,2.781348466873));
#10300 = VECTOR('',#10301,1.);
#10301 = DIRECTION('',(-0.682156337494,0.700108804003,-0.210974865269));
#10302 = PLANE('',#10303);
#10303 = AXIS2_PLACEMENT_3D('',#10304,#10305,#10306);
#10304 = CARTESIAN_POINT('',(5.967948712341,0.286463627796,
    2.743680228714));
#10305 = DIRECTION('',(-0.295467505744,5.635595431232E-07,0.955352789837
    ));
#10306 = DIRECTION('',(0.955352789837,3.724764759978E-24,0.295467505744)
  );
#10307 = ADVANCED_FACE('',(#10308),#10325,.T.);
#10308 = FACE_BOUND('',#10309,.T.);
#10309 = EDGE_LOOP('',(#10310,#10311,#10319));
#10310 = ORIENTED_EDGE('',*,*,#10297,.F.);
#10311 = ORIENTED_EDGE('',*,*,#10312,.T.);
#10312 = EDGE_CURVE('',#319,#10313,#10315,.T.);
#10313 = VERTEX_POINT('',#10314);
#10314 = CARTESIAN_POINT('',(6.089743614197,0.5,2.781348466873));
#10315 = LINE('',#10316,#10317);
#10316 = CARTESIAN_POINT('',(6.089743614197,0.25,2.781348466873));
#10317 = VECTOR('',#10318,1.);
#10318 = DIRECTION('',(0.,1.,0.));
#10319 = ORIENTED_EDGE('',*,*,#10320,.T.);
#10320 = EDGE_CURVE('',#10313,#10289,#10321,.T.);
#10321 = LINE('',#10322,#10323);
#10322 = CARTESIAN_POINT('',(6.089743614197,0.5,2.781348466873));
#10323 = VECTOR('',#10324,1.);
#10324 = DIRECTION('',(-0.682156337494,-0.700108804003,-0.210974865269)
  );
#10325 = PLANE('',#10326);
#10326 = AXIS2_PLACEMENT_3D('',#10327,#10328,#10329);
#10327 = CARTESIAN_POINT('',(6.053923935969,0.375,2.770270285271));
#10328 = DIRECTION('',(-0.295468033641,0.,0.955352626571));
#10329 = DIRECTION('',(0.955352626571,0.,0.295468033641));
#10330 = ADVANCED_FACE('',(#10331),#10346,.T.);
#10331 = FACE_BOUND('',#10332,.T.);
#10332 = EDGE_LOOP('',(#10333,#10334,#10340));
#10333 = ORIENTED_EDGE('',*,*,#10320,.F.);
#10334 = ORIENTED_EDGE('',*,*,#10335,.T.);
#10335 = EDGE_CURVE('',#10313,#10157,#10336,.T.);
#10336 = LINE('',#10337,#10338);
#10337 = CARTESIAN_POINT('',(6.089743614197,0.5,2.781348466873));
#10338 = VECTOR('',#10339,1.);
#10339 = DIRECTION('',(-0.955352789837,0.,-0.295467505744));
#10340 = ORIENTED_EDGE('',*,*,#10341,.T.);
#10341 = EDGE_CURVE('',#10157,#10289,#10342,.T.);
#10342 = LINE('',#10343,#10344);
#10343 = CARTESIAN_POINT('',(5.846153736115,0.5,2.706012010574));
#10344 = VECTOR('',#10345,1.);
#10345 = DIRECTION('',(0.682157765415,-0.700107528519,0.210974480907));
#10346 = PLANE('',#10347);
#10347 = AXIS2_PLACEMENT_3D('',#10348,#10349,#10350);
#10348 = CARTESIAN_POINT('',(5.967948712341,0.463536372204,
    2.743680228714));
#10349 = DIRECTION('',(-0.295467505744,-5.635595431284E-07,
    0.955352789837));
#10350 = DIRECTION('',(0.955352789837,-4.76789405468E-24,0.295467505744)
  );
#10351 = ADVANCED_FACE('',(#10352),#10357,.T.);
#10352 = FACE_BOUND('',#10353,.T.);
#10353 = EDGE_LOOP('',(#10354,#10355,#10356));
#10354 = ORIENTED_EDGE('',*,*,#10341,.F.);
#10355 = ORIENTED_EDGE('',*,*,#10156,.F.);
#10356 = ORIENTED_EDGE('',*,*,#10288,.F.);
#10357 = PLANE('',#10358);
#10358 = AXIS2_PLACEMENT_3D('',#10359,#10360,#10361);
#10359 = CARTESIAN_POINT('',(5.881973581453,0.375,2.717090200488));
#10360 = DIRECTION('',(-0.295466977849,0.,0.955352953102));
#10361 = DIRECTION('',(0.955352953102,0.,0.295466977849));
#10362 = ADVANCED_FACE('',(#10363),#10380,.T.);
#10363 = FACE_BOUND('',#10364,.T.);
#10364 = EDGE_LOOP('',(#10365,#10373,#10374));
#10365 = ORIENTED_EDGE('',*,*,#10366,.T.);
#10366 = EDGE_CURVE('',#10367,#6264,#10369,.T.);
#10367 = VERTEX_POINT('',#10368);
#10368 = CARTESIAN_POINT('',(6.089743614197,0.375,2.281348466873));
#10369 = LINE('',#10370,#10371);
#10370 = CARTESIAN_POINT('',(6.089743614197,0.375,2.281348466873));
#10371 = VECTOR('',#10372,1.);
#10372 = DIRECTION('',(0.,-0.242535625036,-0.970142500145));
#10373 = ORIENTED_EDGE('',*,*,#10257,.F.);
#10374 = ORIENTED_EDGE('',*,*,#10375,.T.);
#10375 = EDGE_CURVE('',#10235,#10367,#10376,.T.);
#10376 = LINE('',#10377,#10378);
#10377 = CARTESIAN_POINT('',(6.089743614197,0.5,1.781348466873));
#10378 = VECTOR('',#10379,1.);
#10379 = DIRECTION('',(0.,-0.242535625036,0.970142500145));
#10380 = PLANE('',#10381);
#10381 = AXIS2_PLACEMENT_3D('',#10382,#10383,#10384);
#10382 = CARTESIAN_POINT('',(6.089743614197,0.375,1.982549941473));
#10383 = DIRECTION('',(1.,0.,0.));
#10384 = DIRECTION('',(-0.,0.,1.));
#10385 = ADVANCED_FACE('',(#10386),#10401,.T.);
#10386 = FACE_BOUND('',#10387,.T.);
#10387 = EDGE_LOOP('',(#10388,#10389,#10395));
#10388 = ORIENTED_EDGE('',*,*,#10375,.F.);
#10389 = ORIENTED_EDGE('',*,*,#10390,.T.);
#10390 = EDGE_CURVE('',#10235,#10313,#10391,.T.);
#10391 = LINE('',#10392,#10393);
#10392 = CARTESIAN_POINT('',(6.089743614197,0.5,1.781348466873));
#10393 = VECTOR('',#10394,1.);
#10394 = DIRECTION('',(0.,0.,1.));
#10395 = ORIENTED_EDGE('',*,*,#10396,.T.);
#10396 = EDGE_CURVE('',#10313,#10367,#10397,.T.);
#10397 = LINE('',#10398,#10399);
#10398 = CARTESIAN_POINT('',(6.089743614197,0.5,2.781348466873));
#10399 = VECTOR('',#10400,1.);
#10400 = DIRECTION('',(0.,-0.242535625036,-0.970142500145));
#10401 = PLANE('',#10402);
#10402 = AXIS2_PLACEMENT_3D('',#10403,#10404,#10405);
#10403 = CARTESIAN_POINT('',(6.089743614197,0.468276406404,
    2.281348466873));
#10404 = DIRECTION('',(1.,0.,0.));
#10405 = DIRECTION('',(-0.,0.,1.));
#10406 = ADVANCED_FACE('',(#10407),#10417,.T.);
#10407 = FACE_BOUND('',#10408,.T.);
#10408 = EDGE_LOOP('',(#10409,#10410,#10411));
#10409 = ORIENTED_EDGE('',*,*,#10396,.F.);
#10410 = ORIENTED_EDGE('',*,*,#10312,.F.);
#10411 = ORIENTED_EDGE('',*,*,#10412,.T.);
#10412 = EDGE_CURVE('',#319,#10367,#10413,.T.);
#10413 = LINE('',#10414,#10415);
#10414 = CARTESIAN_POINT('',(6.089743614197,0.25,2.781348466873));
#10415 = VECTOR('',#10416,1.);
#10416 = DIRECTION('',(0.,0.242535625036,-0.970142500145));
#10417 = PLANE('',#10418);
#10418 = AXIS2_PLACEMENT_3D('',#10419,#10420,#10421);
#10419 = CARTESIAN_POINT('',(6.089743614197,0.375,2.580146992273));
#10420 = DIRECTION('',(1.,0.,0.));
#10421 = DIRECTION('',(-0.,0.,1.));
#10422 = ADVANCED_FACE('',(#10423),#10428,.T.);
#10423 = FACE_BOUND('',#10424,.T.);
#10424 = EDGE_LOOP('',(#10425,#10426,#10427));
#10425 = ORIENTED_EDGE('',*,*,#10412,.F.);
#10426 = ORIENTED_EDGE('',*,*,#6419,.F.);
#10427 = ORIENTED_EDGE('',*,*,#10366,.F.);
#10428 = PLANE('',#10429);
#10429 = AXIS2_PLACEMENT_3D('',#10430,#10431,#10432);
#10430 = CARTESIAN_POINT('',(6.089743614197,0.281723593596,
    2.281348466873));
#10431 = DIRECTION('',(1.,0.,0.));
#10432 = DIRECTION('',(-0.,0.,1.));
#10433 = ADVANCED_FACE('',(#10434),#10451,.T.);
#10434 = FACE_BOUND('',#10435,.T.);
#10435 = EDGE_LOOP('',(#10436,#10444,#10445));
#10436 = ORIENTED_EDGE('',*,*,#10437,.T.);
#10437 = EDGE_CURVE('',#10438,#6514,#10440,.T.);
#10438 = VERTEX_POINT('',#10439);
#10439 = CARTESIAN_POINT('',(0.121794871986,0.625,2.785239219666));
#10440 = LINE('',#10441,#10442);
#10441 = CARTESIAN_POINT('',(0.121794871986,0.625,2.785239219666));
#10442 = VECTOR('',#10443,1.);
#10443 = DIRECTION('',(-0.695382056144,-0.713681582817,
    8.427570433388E-02));
#10444 = ORIENTED_EDGE('',*,*,#6513,.F.);
#10445 = ORIENTED_EDGE('',*,*,#10446,.T.);
#10446 = EDGE_CURVE('',#6491,#10438,#10447,.T.);
#10447 = LINE('',#10448,#10449);
#10448 = CARTESIAN_POINT('',(0.243589743972,0.5,2.770478487015));
#10449 = VECTOR('',#10450,1.);
#10450 = DIRECTION('',(-0.695382056144,0.713681582817,8.427570433388E-02
    ));
#10451 = PLANE('',#10452);
#10452 = AXIS2_PLACEMENT_3D('',#10453,#10454,#10455);
#10453 = CARTESIAN_POINT('',(0.121794871986,0.536754538508,
    2.785239219666));
#10454 = DIRECTION('',(0.120313035417,0.,0.992736003935));
#10455 = DIRECTION('',(0.992736003935,0.,-0.120313035417));
#10456 = ADVANCED_FACE('',(#10457),#10474,.T.);
#10457 = FACE_BOUND('',#10458,.T.);
#10458 = EDGE_LOOP('',(#10459,#10460,#10468));
#10459 = ORIENTED_EDGE('',*,*,#10446,.F.);
#10460 = ORIENTED_EDGE('',*,*,#10461,.T.);
#10461 = EDGE_CURVE('',#6491,#10462,#10464,.T.);
#10462 = VERTEX_POINT('',#10463);
#10463 = CARTESIAN_POINT('',(0.243589743972,0.75,2.770478487015));
#10464 = LINE('',#10465,#10466);
#10465 = CARTESIAN_POINT('',(0.243589743972,0.5,2.770478487015));
#10466 = VECTOR('',#10467,1.);
#10467 = DIRECTION('',(0.,1.,0.));
#10468 = ORIENTED_EDGE('',*,*,#10469,.T.);
#10469 = EDGE_CURVE('',#10462,#10438,#10470,.T.);
#10470 = LINE('',#10471,#10472);
#10471 = CARTESIAN_POINT('',(0.243589743972,0.75,2.770478487015));
#10472 = VECTOR('',#10473,1.);
#10473 = DIRECTION('',(-0.695382056144,-0.713681582817,
    8.427570433388E-02));
#10474 = PLANE('',#10475);
#10475 = AXIS2_PLACEMENT_3D('',#10476,#10477,#10478);
#10476 = CARTESIAN_POINT('',(0.20805371639,0.625,2.77478521844));
#10477 = DIRECTION('',(0.120313035417,0.,0.992736003935));
#10478 = DIRECTION('',(0.992736003935,0.,-0.120313035417));
#10479 = ADVANCED_FACE('',(#10480),#10497,.T.);
#10480 = FACE_BOUND('',#10481,.T.);
#10481 = EDGE_LOOP('',(#10482,#10483,#10491));
#10482 = ORIENTED_EDGE('',*,*,#10469,.F.);
#10483 = ORIENTED_EDGE('',*,*,#10484,.T.);
#10484 = EDGE_CURVE('',#10462,#10485,#10487,.T.);
#10485 = VERTEX_POINT('',#10486);
#10486 = CARTESIAN_POINT('',(0.,0.75,2.799999952316));
#10487 = LINE('',#10488,#10489);
#10488 = CARTESIAN_POINT('',(0.243589743972,0.75,2.770478487015));
#10489 = VECTOR('',#10490,1.);
#10490 = DIRECTION('',(-0.992736003935,0.,0.120313035417));
#10491 = ORIENTED_EDGE('',*,*,#10492,.T.);
#10492 = EDGE_CURVE('',#10485,#10438,#10493,.T.);
#10493 = LINE('',#10494,#10495);
#10494 = CARTESIAN_POINT('',(0.,0.75,2.799999952316));
#10495 = VECTOR('',#10496,1.);
#10496 = DIRECTION('',(0.695382056144,-0.713681582817,
    -8.427570433388E-02));
#10497 = PLANE('',#10498);
#10498 = AXIS2_PLACEMENT_3D('',#10499,#10500,#10501);
#10499 = CARTESIAN_POINT('',(0.121794871986,0.713245461492,
    2.785239219666));
#10500 = DIRECTION('',(0.120313035417,0.,0.992736003935));
#10501 = DIRECTION('',(0.992736003935,0.,-0.120313035417));
#10502 = ADVANCED_FACE('',(#10503),#10513,.T.);
#10503 = FACE_BOUND('',#10504,.T.);
#10504 = EDGE_LOOP('',(#10505,#10506,#10512));
#10505 = ORIENTED_EDGE('',*,*,#10492,.F.);
#10506 = ORIENTED_EDGE('',*,*,#10507,.T.);
#10507 = EDGE_CURVE('',#10485,#6514,#10508,.T.);
#10508 = LINE('',#10509,#10510);
#10509 = CARTESIAN_POINT('',(0.,0.75,2.799999952316));
#10510 = VECTOR('',#10511,1.);
#10511 = DIRECTION('',(0.,-1.,0.));
#10512 = ORIENTED_EDGE('',*,*,#10437,.F.);
#10513 = PLANE('',#10514);
#10514 = AXIS2_PLACEMENT_3D('',#10515,#10516,#10517);
#10515 = CARTESIAN_POINT('',(3.553602758153E-02,0.625,2.795693220891));
#10516 = DIRECTION('',(0.120313035417,0.,0.992736003935));
#10517 = DIRECTION('',(0.992736003935,0.,-0.120313035417));
#10518 = ADVANCED_FACE('',(#10519),#10536,.T.);
#10519 = FACE_BOUND('',#10520,.T.);
#10520 = EDGE_LOOP('',(#10521,#10529,#10530));
#10521 = ORIENTED_EDGE('',*,*,#10522,.T.);
#10522 = EDGE_CURVE('',#10523,#118,#10525,.T.);
#10523 = VERTEX_POINT('',#10524);
#10524 = CARTESIAN_POINT('',(0.,0.625,2.299999952316));
#10525 = LINE('',#10526,#10527);
#10526 = CARTESIAN_POINT('',(0.,0.625,2.299999952316));
#10527 = VECTOR('',#10528,1.);
#10528 = DIRECTION('',(0.,-0.242535625036,-0.970142500145));
#10529 = ORIENTED_EDGE('',*,*,#6591,.F.);
#10530 = ORIENTED_EDGE('',*,*,#10531,.T.);
#10531 = EDGE_CURVE('',#6514,#10523,#10532,.T.);
#10532 = LINE('',#10533,#10534);
#10533 = CARTESIAN_POINT('',(0.,0.5,2.799999952316));
#10534 = VECTOR('',#10535,1.);
#10535 = DIRECTION('',(0.,0.242535625036,-0.970142500145));
#10536 = PLANE('',#10537);
#10537 = AXIS2_PLACEMENT_3D('',#10538,#10539,#10540);
#10538 = CARTESIAN_POINT('',(0.,0.531723593596,2.299999952316));
#10539 = DIRECTION('',(-1.,-0.,-0.));
#10540 = DIRECTION('',(0.,0.,-1.));
#10541 = ADVANCED_FACE('',(#10542),#10552,.T.);
#10542 = FACE_BOUND('',#10543,.T.);
#10543 = EDGE_LOOP('',(#10544,#10545,#10546));
#10544 = ORIENTED_EDGE('',*,*,#10531,.F.);
#10545 = ORIENTED_EDGE('',*,*,#10507,.F.);
#10546 = ORIENTED_EDGE('',*,*,#10547,.T.);
#10547 = EDGE_CURVE('',#10485,#10523,#10548,.T.);
#10548 = LINE('',#10549,#10550);
#10549 = CARTESIAN_POINT('',(0.,0.75,2.799999952316));
#10550 = VECTOR('',#10551,1.);
#10551 = DIRECTION('',(0.,-0.242535625036,-0.970142500145));
#10552 = PLANE('',#10553);
#10553 = AXIS2_PLACEMENT_3D('',#10554,#10555,#10556);
#10554 = CARTESIAN_POINT('',(0.,0.625,2.598798477717));
#10555 = DIRECTION('',(-1.,-0.,-0.));
#10556 = DIRECTION('',(0.,0.,-1.));
#10557 = ADVANCED_FACE('',(#10558),#10573,.T.);
#10558 = FACE_BOUND('',#10559,.T.);
#10559 = EDGE_LOOP('',(#10560,#10561,#10567));
#10560 = ORIENTED_EDGE('',*,*,#10547,.F.);
#10561 = ORIENTED_EDGE('',*,*,#10562,.T.);
#10562 = EDGE_CURVE('',#10485,#24,#10563,.T.);
#10563 = LINE('',#10564,#10565);
#10564 = CARTESIAN_POINT('',(0.,0.75,2.799999952316));
#10565 = VECTOR('',#10566,1.);
#10566 = DIRECTION('',(0.,0.,-1.));
#10567 = ORIENTED_EDGE('',*,*,#10568,.T.);
#10568 = EDGE_CURVE('',#24,#10523,#10569,.T.);
#10569 = LINE('',#10570,#10571);
#10570 = CARTESIAN_POINT('',(0.,0.75,1.799999952316));
#10571 = VECTOR('',#10572,1.);
#10572 = DIRECTION('',(0.,-0.242535625036,0.970142500145));
#10573 = PLANE('',#10574);
#10574 = AXIS2_PLACEMENT_3D('',#10575,#10576,#10577);
#10575 = CARTESIAN_POINT('',(0.,0.718276406404,2.299999952316));
#10576 = DIRECTION('',(-1.,-0.,-0.));
#10577 = DIRECTION('',(0.,0.,-1.));
#10578 = ADVANCED_FACE('',(#10579),#10584,.T.);
#10579 = FACE_BOUND('',#10580,.T.);
#10580 = EDGE_LOOP('',(#10581,#10582,#10583));
#10581 = ORIENTED_EDGE('',*,*,#10568,.F.);
#10582 = ORIENTED_EDGE('',*,*,#125,.F.);
#10583 = ORIENTED_EDGE('',*,*,#10522,.F.);
#10584 = PLANE('',#10585);
#10585 = AXIS2_PLACEMENT_3D('',#10586,#10587,#10588);
#10586 = CARTESIAN_POINT('',(0.,0.625,2.001201426916));
#10587 = DIRECTION('',(-1.,-0.,-0.));
#10588 = DIRECTION('',(0.,0.,-1.));
#10589 = ADVANCED_FACE('',(#10590),#10607,.T.);
#10590 = FACE_BOUND('',#10591,.T.);
#10591 = EDGE_LOOP('',(#10592,#10600,#10601));
#10592 = ORIENTED_EDGE('',*,*,#10593,.T.);
#10593 = EDGE_CURVE('',#10594,#163,#10596,.T.);
#10594 = VERTEX_POINT('',#10595);
#10595 = CARTESIAN_POINT('',(0.365384608507,0.625,1.72706758976));
#10596 = LINE('',#10597,#10598);
#10597 = CARTESIAN_POINT('',(0.365384608507,0.625,1.72706758976));
#10598 = VECTOR('',#10599,1.);
#10599 = DIRECTION('',(-0.677229039429,-0.695050897684,0.241381601998));
#10600 = ORIENTED_EDGE('',*,*,#162,.F.);
#10601 = ORIENTED_EDGE('',*,*,#10602,.T.);
#10602 = EDGE_CURVE('',#78,#10594,#10603,.T.);
#10603 = LINE('',#10604,#10605);
#10604 = CARTESIAN_POINT('',(0.243589743972,0.75,1.770478367805));
#10605 = VECTOR('',#10606,1.);
#10606 = DIRECTION('',(0.677229039429,-0.695050897684,-0.241381601998));
#10607 = PLANE('',#10608);
#10608 = AXIS2_PLACEMENT_3D('',#10609,#10610,#10611);
#10609 = CARTESIAN_POINT('',(0.279516353816,0.625,1.757673213074));
#10610 = DIRECTION('',(-0.335736929277,-0.,-0.941955792126));
#10611 = DIRECTION('',(-0.941955792126,0.,0.335736929277));
#10612 = ADVANCED_FACE('',(#10613),#10630,.T.);
#10613 = FACE_BOUND('',#10614,.T.);
#10614 = EDGE_LOOP('',(#10615,#10616,#10624));
#10615 = ORIENTED_EDGE('',*,*,#10602,.F.);
#10616 = ORIENTED_EDGE('',*,*,#10617,.T.);
#10617 = EDGE_CURVE('',#78,#10618,#10620,.T.);
#10618 = VERTEX_POINT('',#10619);
#10619 = CARTESIAN_POINT('',(0.487179487944,0.75,1.683656811714));
#10620 = LINE('',#10621,#10622);
#10621 = CARTESIAN_POINT('',(0.243589743972,0.75,1.770478367805));
#10622 = VECTOR('',#10623,1.);
#10623 = DIRECTION('',(0.941955798621,0.,-0.335736911054));
#10624 = ORIENTED_EDGE('',*,*,#10625,.T.);
#10625 = EDGE_CURVE('',#10618,#10594,#10626,.T.);
#10626 = LINE('',#10627,#10628);
#10627 = CARTESIAN_POINT('',(0.487179487944,0.75,1.683656811714));
#10628 = VECTOR('',#10629,1.);
#10629 = DIRECTION('',(-0.677229084284,-0.695050858683,0.241381588454));
#10630 = PLANE('',#10631);
#10631 = AXIS2_PLACEMENT_3D('',#10632,#10633,#10634);
#10632 = CARTESIAN_POINT('',(0.365384614785,0.713640817765,
    1.727067589406));
#10633 = DIRECTION('',(-0.335736911054,2.001147931315E-08,
    -0.941955798621));
#10634 = DIRECTION('',(-0.941955798621,1.725090392995E-25,0.335736911054
    ));
#10635 = ADVANCED_FACE('',(#10636),#10651,.T.);
#10636 = FACE_BOUND('',#10637,.T.);
#10637 = EDGE_LOOP('',(#10638,#10639,#10645));
#10638 = ORIENTED_EDGE('',*,*,#10625,.F.);
#10639 = ORIENTED_EDGE('',*,*,#10640,.T.);
#10640 = EDGE_CURVE('',#10618,#6647,#10641,.T.);
#10641 = LINE('',#10642,#10643);
#10642 = CARTESIAN_POINT('',(0.487179487944,0.75,1.683656811714));
#10643 = VECTOR('',#10644,1.);
#10644 = DIRECTION('',(0.,-1.,0.));
#10645 = ORIENTED_EDGE('',*,*,#10646,.T.);
#10646 = EDGE_CURVE('',#6647,#10594,#10647,.T.);
#10647 = LINE('',#10648,#10649);
#10648 = CARTESIAN_POINT('',(0.487179487944,0.5,1.683656811714));
#10649 = VECTOR('',#10650,1.);
#10650 = DIRECTION('',(-0.677229084284,0.695050858683,0.241381588454));
#10651 = PLANE('',#10652);
#10652 = AXIS2_PLACEMENT_3D('',#10653,#10654,#10655);
#10653 = CARTESIAN_POINT('',(0.451252872877,0.625,1.69646196674));
#10654 = DIRECTION('',(-0.335736892831,-0.,-0.941955805116));
#10655 = DIRECTION('',(-0.941955805116,0.,0.335736892831));
#10656 = ADVANCED_FACE('',(#10657),#10662,.T.);
#10657 = FACE_BOUND('',#10658,.T.);
#10658 = EDGE_LOOP('',(#10659,#10660,#10661));
#10659 = ORIENTED_EDGE('',*,*,#10646,.F.);
#10660 = ORIENTED_EDGE('',*,*,#6646,.F.);
#10661 = ORIENTED_EDGE('',*,*,#10593,.F.);
#10662 = PLANE('',#10663);
#10663 = AXIS2_PLACEMENT_3D('',#10664,#10665,#10666);
#10664 = CARTESIAN_POINT('',(0.365384614785,0.536359182235,
    1.727067589406));
#10665 = DIRECTION('',(-0.335736911054,-2.001147933046E-08,
    -0.941955798621));
#10666 = DIRECTION('',(-0.941955798621,-9.752064902946E-25,
    0.335736911054));
#10667 = ADVANCED_FACE('',(#10668),#10685,.T.);
#10668 = FACE_BOUND('',#10669,.T.);
#10669 = EDGE_LOOP('',(#10670,#10678,#10679));
#10670 = ORIENTED_EDGE('',*,*,#10671,.T.);
#10671 = EDGE_CURVE('',#10672,#6491,#10674,.T.);
#10672 = VERTEX_POINT('',#10673);
#10673 = CARTESIAN_POINT('',(0.365384608507,0.625,2.727067708969));
#10674 = LINE('',#10675,#10676);
#10675 = CARTESIAN_POINT('',(0.365384608507,0.625,2.727067708969));
#10676 = VECTOR('',#10677,1.);
#10677 = DIRECTION('',(-0.677229039429,-0.695050897684,0.241381601998));
#10678 = ORIENTED_EDGE('',*,*,#6747,.F.);
#10679 = ORIENTED_EDGE('',*,*,#10680,.T.);
#10680 = EDGE_CURVE('',#6725,#10672,#10681,.T.);
#10681 = LINE('',#10682,#10683);
#10682 = CARTESIAN_POINT('',(0.487179487944,0.5,2.683656692505));
#10683 = VECTOR('',#10684,1.);
#10684 = DIRECTION('',(-0.67722886757,0.695050636265,0.241382836915));
#10685 = PLANE('',#10686);
#10686 = AXIS2_PLACEMENT_3D('',#10687,#10688,#10689);
#10687 = CARTESIAN_POINT('',(0.365384620453,0.536359179961,2.72706762206
    ));
#10688 = DIRECTION('',(0.33573772909,-8.783072461963E-07,0.941955507052)
  );
#10689 = DIRECTION('',(0.941955507052,-2.456534314429E-23,-0.33573772909
    ));
#10690 = ADVANCED_FACE('',(#10691),#10708,.T.);
#10691 = FACE_BOUND('',#10692,.T.);
#10692 = EDGE_LOOP('',(#10693,#10694,#10702));
#10693 = ORIENTED_EDGE('',*,*,#10680,.F.);
#10694 = ORIENTED_EDGE('',*,*,#10695,.T.);
#10695 = EDGE_CURVE('',#6725,#10696,#10698,.T.);
#10696 = VERTEX_POINT('',#10697);
#10697 = CARTESIAN_POINT('',(0.487179487944,0.75,2.683656692505));
#10698 = LINE('',#10699,#10700);
#10699 = CARTESIAN_POINT('',(0.487179487944,0.5,2.683656692505));
#10700 = VECTOR('',#10701,1.);
#10701 = DIRECTION('',(0.,1.,0.));
#10702 = ORIENTED_EDGE('',*,*,#10703,.T.);
#10703 = EDGE_CURVE('',#10696,#10672,#10704,.T.);
#10704 = LINE('',#10705,#10706);
#10705 = CARTESIAN_POINT('',(0.487179487944,0.75,2.683656692505));
#10706 = VECTOR('',#10707,1.);
#10707 = DIRECTION('',(-0.67722886757,-0.695050636265,0.241382836915));
#10708 = PLANE('',#10709);
#10709 = AXIS2_PLACEMENT_3D('',#10710,#10711,#10712);
#10710 = CARTESIAN_POINT('',(0.451252868163,0.625,2.696461919539));
#10711 = DIRECTION('',(0.335738528902,0.,0.941955221977));
#10712 = DIRECTION('',(0.941955221977,0.,-0.335738528902));
#10713 = ADVANCED_FACE('',(#10714),#10729,.T.);
#10714 = FACE_BOUND('',#10715,.T.);
#10715 = EDGE_LOOP('',(#10716,#10717,#10723));
#10716 = ORIENTED_EDGE('',*,*,#10703,.F.);
#10717 = ORIENTED_EDGE('',*,*,#10718,.T.);
#10718 = EDGE_CURVE('',#10696,#10462,#10719,.T.);
#10719 = LINE('',#10720,#10721);
#10720 = CARTESIAN_POINT('',(0.487179487944,0.75,2.683656692505));
#10721 = VECTOR('',#10722,1.);
#10722 = DIRECTION('',(-0.941955507052,0.,0.33573772909));
#10723 = ORIENTED_EDGE('',*,*,#10724,.T.);
#10724 = EDGE_CURVE('',#10462,#10672,#10725,.T.);
#10725 = LINE('',#10726,#10727);
#10726 = CARTESIAN_POINT('',(0.243589743972,0.75,2.770478487015));
#10727 = VECTOR('',#10728,1.);
#10728 = DIRECTION('',(0.677229039429,-0.695050897684,-0.241381601998));
#10729 = PLANE('',#10730);
#10730 = AXIS2_PLACEMENT_3D('',#10731,#10732,#10733);
#10731 = CARTESIAN_POINT('',(0.365384620453,0.713640820039,2.72706762206
    ));
#10732 = DIRECTION('',(0.33573772909,8.783072461803E-07,0.941955507052)
  );
#10733 = DIRECTION('',(0.941955507052,3.495319467717E-23,-0.33573772909)
  );
#10734 = ADVANCED_FACE('',(#10735),#10740,.T.);
#10735 = FACE_BOUND('',#10736,.T.);
#10736 = EDGE_LOOP('',(#10737,#10738,#10739));
#10737 = ORIENTED_EDGE('',*,*,#10724,.F.);
#10738 = ORIENTED_EDGE('',*,*,#10461,.F.);
#10739 = ORIENTED_EDGE('',*,*,#10671,.F.);
#10740 = PLANE('',#10741);
#10741 = AXIS2_PLACEMENT_3D('',#10742,#10743,#10744);
#10742 = CARTESIAN_POINT('',(0.279516353816,0.625,2.757673332283));
#10743 = DIRECTION('',(0.335736929277,0.,0.941955792126));
#10744 = DIRECTION('',(0.941955792126,0.,-0.335736929277));
#10745 = ADVANCED_FACE('',(#10746),#10763,.T.);
#10746 = FACE_BOUND('',#10747,.T.);
#10747 = EDGE_LOOP('',(#10748,#10756,#10757));
#10748 = ORIENTED_EDGE('',*,*,#10749,.T.);
#10749 = EDGE_CURVE('',#10750,#6647,#10752,.T.);
#10750 = VERTEX_POINT('',#10751);
#10751 = CARTESIAN_POINT('',(0.608974337578,0.625,1.614158987999));
#10752 = LINE('',#10753,#10754);
#10753 = CARTESIAN_POINT('',(0.608974337578,0.625,1.614158987999));
#10754 = VECTOR('',#10755,1.);
#10755 = DIRECTION('',(-0.648350217109,-0.665412186,0.369957590405));
#10756 = ORIENTED_EDGE('',*,*,#10640,.F.);
#10757 = ORIENTED_EDGE('',*,*,#10758,.T.);
#10758 = EDGE_CURVE('',#10618,#10750,#10759,.T.);
#10759 = LINE('',#10760,#10761);
#10760 = CARTESIAN_POINT('',(0.487179487944,0.75,1.683656811714));
#10761 = VECTOR('',#10762,1.);
#10762 = DIRECTION('',(0.648350217109,-0.665412186,-0.369957590405));
#10763 = PLANE('',#10764);
#10764 = AXIS2_PLACEMENT_3D('',#10765,#10766,#10767);
#10765 = CARTESIAN_POINT('',(0.523745465621,0.625,1.662791759717));
#10766 = DIRECTION('',(-0.495605381332,-0.,-0.868547814455));
#10767 = DIRECTION('',(-0.868547814455,0.,0.495605381332));
#10768 = ADVANCED_FACE('',(#10769),#10786,.T.);
#10769 = FACE_BOUND('',#10770,.T.);
#10770 = EDGE_LOOP('',(#10771,#10772,#10780));
#10771 = ORIENTED_EDGE('',*,*,#10758,.F.);
#10772 = ORIENTED_EDGE('',*,*,#10773,.T.);
#10773 = EDGE_CURVE('',#10618,#10774,#10776,.T.);
#10774 = VERTEX_POINT('',#10775);
#10775 = CARTESIAN_POINT('',(0.730769217014,0.75,1.544661164284));
#10776 = LINE('',#10777,#10778);
#10777 = CARTESIAN_POINT('',(0.487179487944,0.75,1.683656811714));
#10778 = VECTOR('',#10779,1.);
#10779 = DIRECTION('',(0.868547840556,0.,-0.49560533559));
#10780 = ORIENTED_EDGE('',*,*,#10781,.T.);
#10781 = EDGE_CURVE('',#10774,#10750,#10782,.T.);
#10782 = LINE('',#10783,#10784);
#10783 = CARTESIAN_POINT('',(0.730769217014,0.75,1.544661164284));
#10784 = VECTOR('',#10785,1.);
#10785 = DIRECTION('',(-0.648350309067,-0.665412117556,0.369957552351));
#10786 = PLANE('',#10787);
#10787 = AXIS2_PLACEMENT_3D('',#10788,#10789,#10790);
#10788 = CARTESIAN_POINT('',(0.608974350006,0.71421365423,1.614158986976
    ));
#10789 = DIRECTION('',(-0.49560533559,5.908075995945E-08,-0.868547840556
    ));
#10790 = DIRECTION('',(-0.868547840556,1.795054564513E-24,0.49560533559)
  );
#10791 = ADVANCED_FACE('',(#10792),#10807,.T.);
#10792 = FACE_BOUND('',#10793,.T.);
#10793 = EDGE_LOOP('',(#10794,#10795,#10801));
#10794 = ORIENTED_EDGE('',*,*,#10781,.F.);
#10795 = ORIENTED_EDGE('',*,*,#10796,.T.);
#10796 = EDGE_CURVE('',#10774,#6803,#10797,.T.);
#10797 = LINE('',#10798,#10799);
#10798 = CARTESIAN_POINT('',(0.730769217014,0.75,1.544661164284));
#10799 = VECTOR('',#10800,1.);
#10800 = DIRECTION('',(0.,-1.,0.));
#10801 = ORIENTED_EDGE('',*,*,#10802,.T.);
#10802 = EDGE_CURVE('',#6803,#10750,#10803,.T.);
#10803 = LINE('',#10804,#10805);
#10804 = CARTESIAN_POINT('',(0.730769217014,0.5,1.544661164284));
#10805 = VECTOR('',#10806,1.);
#10806 = DIRECTION('',(-0.648350309067,0.665412117556,0.369957552351));
#10807 = PLANE('',#10808);
#10808 = AXIS2_PLACEMENT_3D('',#10809,#10810,#10811);
#10809 = CARTESIAN_POINT('',(0.694203228887,0.625,1.565526217138));
#10810 = DIRECTION('',(-0.495605289848,-0.,-0.868547866657));
#10811 = DIRECTION('',(-0.868547866657,0.,0.495605289848));
#10812 = ADVANCED_FACE('',(#10813),#10818,.T.);
#10813 = FACE_BOUND('',#10814,.T.);
#10814 = EDGE_LOOP('',(#10815,#10816,#10817));
#10815 = ORIENTED_EDGE('',*,*,#10802,.F.);
#10816 = ORIENTED_EDGE('',*,*,#6802,.F.);
#10817 = ORIENTED_EDGE('',*,*,#10749,.F.);
#10818 = PLANE('',#10819);
#10819 = AXIS2_PLACEMENT_3D('',#10820,#10821,#10822);
#10820 = CARTESIAN_POINT('',(0.608974350006,0.53578634577,1.614158986976
    ));
#10821 = DIRECTION('',(-0.49560533559,-5.908075994435E-08,
    -0.868547840556));
#10822 = DIRECTION('',(-0.868547840556,-1.102281907074E-25,0.49560533559
    ));
#10823 = ADVANCED_FACE('',(#10824),#10841,.T.);
#10824 = FACE_BOUND('',#10825,.T.);
#10825 = EDGE_LOOP('',(#10826,#10834,#10835));
#10826 = ORIENTED_EDGE('',*,*,#10827,.T.);
#10827 = EDGE_CURVE('',#10828,#6725,#10830,.T.);
#10828 = VERTEX_POINT('',#10829);
#10829 = CARTESIAN_POINT('',(0.608974337578,0.625,2.61415886879));
#10830 = LINE('',#10831,#10832);
#10831 = CARTESIAN_POINT('',(0.608974337578,0.625,2.61415886879));
#10832 = VECTOR('',#10833,1.);
#10833 = DIRECTION('',(-0.648350217109,-0.665412186,0.369957590405));
#10834 = ORIENTED_EDGE('',*,*,#6903,.F.);
#10835 = ORIENTED_EDGE('',*,*,#10836,.T.);
#10836 = EDGE_CURVE('',#6881,#10828,#10837,.T.);
#10837 = LINE('',#10838,#10839);
#10838 = CARTESIAN_POINT('',(0.730769217014,0.5,2.544661283493));
#10839 = VECTOR('',#10840,1.);
#10840 = DIRECTION('',(-0.648350613493,0.665412429994,0.369956456887));
#10841 = PLANE('',#10842);
#10842 = AXIS2_PLACEMENT_3D('',#10843,#10844,#10845);
#10843 = CARTESIAN_POINT('',(0.60897434182,0.535786348623,2.614158957518
    ));
#10844 = DIRECTION('',(0.495604694288,8.873928005945E-07,0.868548206491)
  );
#10845 = DIRECTION('',(0.868548206491,5.087371028207E-23,-0.495604694288
    ));
#10846 = ADVANCED_FACE('',(#10847),#10864,.T.);
#10847 = FACE_BOUND('',#10848,.T.);
#10848 = EDGE_LOOP('',(#10849,#10850,#10858));
#10849 = ORIENTED_EDGE('',*,*,#10836,.F.);
#10850 = ORIENTED_EDGE('',*,*,#10851,.T.);
#10851 = EDGE_CURVE('',#6881,#10852,#10854,.T.);
#10852 = VERTEX_POINT('',#10853);
#10853 = CARTESIAN_POINT('',(0.730769217014,0.75,2.544661283493));
#10854 = LINE('',#10855,#10856);
#10855 = CARTESIAN_POINT('',(0.730769217014,0.5,2.544661283493));
#10856 = VECTOR('',#10857,1.);
#10857 = DIRECTION('',(0.,1.,0.));
#10858 = ORIENTED_EDGE('',*,*,#10859,.T.);
#10859 = EDGE_CURVE('',#10852,#10828,#10860,.T.);
#10860 = LINE('',#10861,#10862);
#10861 = CARTESIAN_POINT('',(0.730769217014,0.75,2.544661283493));
#10862 = VECTOR('',#10863,1.);
#10863 = DIRECTION('',(-0.648350613493,-0.665412429994,0.369956456887));
#10864 = PLANE('',#10865);
#10865 = AXIS2_PLACEMENT_3D('',#10866,#10867,#10868);
#10866 = CARTESIAN_POINT('',(0.694203235747,0.625,2.565526260854));
#10867 = DIRECTION('',(0.495604007243,0.,0.868548598528));
#10868 = DIRECTION('',(0.868548598528,0.,-0.495604007243));
#10869 = ADVANCED_FACE('',(#10870),#10885,.T.);
#10870 = FACE_BOUND('',#10871,.T.);
#10871 = EDGE_LOOP('',(#10872,#10873,#10879));
#10872 = ORIENTED_EDGE('',*,*,#10859,.F.);
#10873 = ORIENTED_EDGE('',*,*,#10874,.T.);
#10874 = EDGE_CURVE('',#10852,#10696,#10875,.T.);
#10875 = LINE('',#10876,#10877);
#10876 = CARTESIAN_POINT('',(0.730769217014,0.75,2.544661283493));
#10877 = VECTOR('',#10878,1.);
#10878 = DIRECTION('',(-0.868548206491,0.,0.495604694288));
#10879 = ORIENTED_EDGE('',*,*,#10880,.T.);
#10880 = EDGE_CURVE('',#10696,#10828,#10881,.T.);
#10881 = LINE('',#10882,#10883);
#10882 = CARTESIAN_POINT('',(0.487179487944,0.75,2.683656692505));
#10883 = VECTOR('',#10884,1.);
#10884 = DIRECTION('',(0.648350217109,-0.665412186,-0.369957590405));
#10885 = PLANE('',#10886);
#10886 = AXIS2_PLACEMENT_3D('',#10887,#10888,#10889);
#10887 = CARTESIAN_POINT('',(0.60897434182,0.714213651377,2.614158957518
    ));
#10888 = DIRECTION('',(0.495604694288,-8.87392800612E-07,0.868548206491)
  );
#10889 = DIRECTION('',(0.868548206491,-4.913425354798E-23,
    -0.495604694288));
#10890 = ADVANCED_FACE('',(#10891),#10896,.T.);
#10891 = FACE_BOUND('',#10892,.T.);
#10892 = EDGE_LOOP('',(#10893,#10894,#10895));
#10893 = ORIENTED_EDGE('',*,*,#10880,.F.);
#10894 = ORIENTED_EDGE('',*,*,#10695,.F.);
#10895 = ORIENTED_EDGE('',*,*,#10827,.F.);
#10896 = PLANE('',#10897);
#10897 = AXIS2_PLACEMENT_3D('',#10898,#10899,#10900);
#10898 = CARTESIAN_POINT('',(0.523745465621,0.625,2.662791640508));
#10899 = DIRECTION('',(0.495605381332,0.,0.868547814455));
#10900 = DIRECTION('',(0.868547814455,0.,-0.495605381332));
#10901 = ADVANCED_FACE('',(#10902),#10919,.T.);
#10902 = FACE_BOUND('',#10903,.T.);
#10903 = EDGE_LOOP('',(#10904,#10912,#10913));
#10904 = ORIENTED_EDGE('',*,*,#10905,.T.);
#10905 = EDGE_CURVE('',#10906,#6803,#10908,.T.);
#10906 = VERTEX_POINT('',#10907);
#10907 = CARTESIAN_POINT('',(0.852564096451,0.625,1.453179836273));
#10908 = LINE('',#10909,#10910);
#10909 = CARTESIAN_POINT('',(0.852564096451,0.625,1.453179836273));
#10910 = VECTOR('',#10911,1.);
#10911 = DIRECTION('',(-0.618098219128,-0.634363921935,0.464259632165));
#10912 = ORIENTED_EDGE('',*,*,#10796,.F.);
#10913 = ORIENTED_EDGE('',*,*,#10914,.T.);
#10914 = EDGE_CURVE('',#10774,#10906,#10915,.T.);
#10915 = LINE('',#10916,#10917);
#10916 = CARTESIAN_POINT('',(0.730769217014,0.75,1.544661164284));
#10917 = VECTOR('',#10918,1.);
#10918 = DIRECTION('',(0.618098219128,-0.634363921935,-0.464259632165));
#10919 = PLANE('',#10920);
#10920 = AXIS2_PLACEMENT_3D('',#10921,#10922,#10923);
#10921 = CARTESIAN_POINT('',(0.76802985334,0.625,1.51667433504));
#10922 = DIRECTION('',(-0.600567765739,-0.,-0.799573860725));
#10923 = DIRECTION('',(-0.799573860725,0.,0.600567765739));
#10924 = ADVANCED_FACE('',(#10925),#10942,.T.);
#10925 = FACE_BOUND('',#10926,.T.);
#10926 = EDGE_LOOP('',(#10927,#10928,#10936));
#10927 = ORIENTED_EDGE('',*,*,#10914,.F.);
#10928 = ORIENTED_EDGE('',*,*,#10929,.T.);
#10929 = EDGE_CURVE('',#10774,#10930,#10932,.T.);
#10930 = VERTEX_POINT('',#10931);
#10931 = CARTESIAN_POINT('',(0.974358975887,0.75,1.361698508263));
#10932 = LINE('',#10933,#10934);
#10933 = CARTESIAN_POINT('',(0.730769217014,0.75,1.544661164284));
#10934 = VECTOR('',#10935,1.);
#10935 = DIRECTION('',(0.799573860725,0.,-0.600567765739));
#10936 = ORIENTED_EDGE('',*,*,#10937,.T.);
#10937 = EDGE_CURVE('',#10930,#10906,#10938,.T.);
#10938 = LINE('',#10939,#10940);
#10939 = CARTESIAN_POINT('',(0.974358975887,0.75,1.361698508263));
#10940 = VECTOR('',#10941,1.);
#10941 = DIRECTION('',(-0.618098219128,-0.634363921935,0.464259632165));
#10942 = PLANE('',#10943);
#10943 = AXIS2_PLACEMENT_3D('',#10944,#10945,#10946);
#10944 = CARTESIAN_POINT('',(0.852564096451,0.714749699874,
    1.453179836273));
#10945 = DIRECTION('',(-0.600567765739,-0.,-0.799573860725));
#10946 = DIRECTION('',(-0.799573860725,0.,0.600567765739));
#10947 = ADVANCED_FACE('',(#10948),#10963,.T.);
#10948 = FACE_BOUND('',#10949,.T.);
#10949 = EDGE_LOOP('',(#10950,#10951,#10957));
#10950 = ORIENTED_EDGE('',*,*,#10937,.F.);
#10951 = ORIENTED_EDGE('',*,*,#10952,.T.);
#10952 = EDGE_CURVE('',#10930,#6959,#10953,.T.);
#10953 = LINE('',#10954,#10955);
#10954 = CARTESIAN_POINT('',(0.974358975887,0.75,1.361698508263));
#10955 = VECTOR('',#10956,1.);
#10956 = DIRECTION('',(0.,-1.,0.));
#10957 = ORIENTED_EDGE('',*,*,#10958,.T.);
#10958 = EDGE_CURVE('',#6959,#10906,#10959,.T.);
#10959 = LINE('',#10960,#10961);
#10960 = CARTESIAN_POINT('',(0.974358975887,0.5,1.361698508263));
#10961 = VECTOR('',#10962,1.);
#10962 = DIRECTION('',(-0.618098219128,0.634363921935,0.464259632165));
#10963 = PLANE('',#10964);
#10964 = AXIS2_PLACEMENT_3D('',#10965,#10966,#10967);
#10965 = CARTESIAN_POINT('',(0.937098339562,0.625,1.389685337506));
#10966 = DIRECTION('',(-0.600567765739,-0.,-0.799573860725));
#10967 = DIRECTION('',(-0.799573860725,0.,0.600567765739));
#10968 = ADVANCED_FACE('',(#10969),#10974,.T.);
#10969 = FACE_BOUND('',#10970,.T.);
#10970 = EDGE_LOOP('',(#10971,#10972,#10973));
#10971 = ORIENTED_EDGE('',*,*,#10958,.F.);
#10972 = ORIENTED_EDGE('',*,*,#6958,.F.);
#10973 = ORIENTED_EDGE('',*,*,#10905,.F.);
#10974 = PLANE('',#10975);
#10975 = AXIS2_PLACEMENT_3D('',#10976,#10977,#10978);
#10976 = CARTESIAN_POINT('',(0.852564096451,0.535250300126,
    1.453179836273));
#10977 = DIRECTION('',(-0.600567765739,-0.,-0.799573860725));
#10978 = DIRECTION('',(-0.799573860725,0.,0.600567765739));
#10979 = ADVANCED_FACE('',(#10980),#10997,.T.);
#10980 = FACE_BOUND('',#10981,.T.);
#10981 = EDGE_LOOP('',(#10982,#10990,#10991));
#10982 = ORIENTED_EDGE('',*,*,#10983,.T.);
#10983 = EDGE_CURVE('',#10984,#6881,#10986,.T.);
#10984 = VERTEX_POINT('',#10985);
#10985 = CARTESIAN_POINT('',(0.852564096451,0.625,2.453179836273));
#10986 = LINE('',#10987,#10988);
#10987 = CARTESIAN_POINT('',(0.852564096451,0.625,2.453179836273));
#10988 = VECTOR('',#10989,1.);
#10989 = DIRECTION('',(-0.618098045525,-0.634363743764,0.464260106747));
#10990 = ORIENTED_EDGE('',*,*,#7059,.F.);
#10991 = ORIENTED_EDGE('',*,*,#10992,.T.);
#10992 = EDGE_CURVE('',#7037,#10984,#10993,.T.);
#10993 = LINE('',#10994,#10995);
#10994 = CARTESIAN_POINT('',(0.974358975887,0.5,2.361698627472));
#10995 = VECTOR('',#10996,1.);
#10996 = DIRECTION('',(-0.618098392731,0.634364100107,0.464259157583));
#10997 = PLANE('',#10998);
#10998 = AXIS2_PLACEMENT_3D('',#10999,#11000,#11001);
#10999 = CARTESIAN_POINT('',(0.852564086804,0.535250300126,
    2.453179929111));
#11000 = DIRECTION('',(0.600567765739,7.62533055049E-07,0.799573860725)
  );
#11001 = DIRECTION('',(0.799573860725,-1.855194689392E-23,
    -0.600567765739));
#11002 = ADVANCED_FACE('',(#11003),#11020,.T.);
#11003 = FACE_BOUND('',#11004,.T.);
#11004 = EDGE_LOOP('',(#11005,#11006,#11014));
#11005 = ORIENTED_EDGE('',*,*,#10992,.F.);
#11006 = ORIENTED_EDGE('',*,*,#11007,.T.);
#11007 = EDGE_CURVE('',#7037,#11008,#11010,.T.);
#11008 = VERTEX_POINT('',#11009);
#11009 = CARTESIAN_POINT('',(0.974358975887,0.75,2.361698627472));
#11010 = LINE('',#11011,#11012);
#11011 = CARTESIAN_POINT('',(0.974358975887,0.5,2.361698627472));
#11012 = VECTOR('',#11013,1.);
#11013 = DIRECTION('',(0.,1.,0.));
#11014 = ORIENTED_EDGE('',*,*,#11015,.T.);
#11015 = EDGE_CURVE('',#11008,#10984,#11016,.T.);
#11016 = LINE('',#11017,#11018);
#11017 = CARTESIAN_POINT('',(0.974358975887,0.75,2.361698627472));
#11018 = VECTOR('',#11019,1.);
#11019 = DIRECTION('',(-0.618098392731,-0.634364100107,0.464259157583));
#11020 = PLANE('',#11021);
#11021 = AXIS2_PLACEMENT_3D('',#11022,#11023,#11024);
#11022 = CARTESIAN_POINT('',(0.937098343624,0.625,2.389685417195));
#11023 = DIRECTION('',(0.600567265409,0.,0.799574236528));
#11024 = DIRECTION('',(0.799574236528,0.,-0.600567265409));
#11025 = ADVANCED_FACE('',(#11026),#11041,.T.);
#11026 = FACE_BOUND('',#11027,.T.);
#11027 = EDGE_LOOP('',(#11028,#11029,#11035));
#11028 = ORIENTED_EDGE('',*,*,#11015,.F.);
#11029 = ORIENTED_EDGE('',*,*,#11030,.T.);
#11030 = EDGE_CURVE('',#11008,#10852,#11031,.T.);
#11031 = LINE('',#11032,#11033);
#11032 = CARTESIAN_POINT('',(0.974358975887,0.75,2.361698627472));
#11033 = VECTOR('',#11034,1.);
#11034 = DIRECTION('',(-0.799573860725,0.,0.600567765739));
#11035 = ORIENTED_EDGE('',*,*,#11036,.T.);
#11036 = EDGE_CURVE('',#10852,#10984,#11037,.T.);
#11037 = LINE('',#11038,#11039);
#11038 = CARTESIAN_POINT('',(0.730769217014,0.75,2.544661283493));
#11039 = VECTOR('',#11040,1.);
#11040 = DIRECTION('',(0.618098045525,-0.634363743764,-0.464260106747));
#11041 = PLANE('',#11042);
#11042 = AXIS2_PLACEMENT_3D('',#11043,#11044,#11045);
#11043 = CARTESIAN_POINT('',(0.852564086804,0.714749699874,
    2.453179929111));
#11044 = DIRECTION('',(0.600567765739,-7.625330550942E-07,0.799573860725
    ));
#11045 = DIRECTION('',(0.799573860725,8.165018798785E-25,-0.600567765739
    ));
#11046 = ADVANCED_FACE('',(#11047),#11052,.T.);
#11047 = FACE_BOUND('',#11048,.T.);
#11048 = EDGE_LOOP('',(#11049,#11050,#11051));
#11049 = ORIENTED_EDGE('',*,*,#11036,.F.);
#11050 = ORIENTED_EDGE('',*,*,#10851,.F.);
#11051 = ORIENTED_EDGE('',*,*,#10983,.F.);
#11052 = PLANE('',#11053);
#11053 = AXIS2_PLACEMENT_3D('',#11054,#11055,#11056);
#11054 = CARTESIAN_POINT('',(0.768029857402,0.625,2.516674414729));
#11055 = DIRECTION('',(0.600568266069,0.,0.799573484922));
#11056 = DIRECTION('',(0.799573484922,0.,-0.600568266069));
#11057 = ADVANCED_FACE('',(#11058),#11075,.T.);
#11058 = FACE_BOUND('',#11059,.T.);
#11059 = EDGE_LOOP('',(#11060,#11068,#11069));
#11060 = ORIENTED_EDGE('',*,*,#11061,.T.);
#11061 = EDGE_CURVE('',#11062,#6959,#11064,.T.);
#11062 = VERTEX_POINT('',#11063);
#11063 = CARTESIAN_POINT('',(1.096153855324,0.625,1.253634929657));
#11064 = LINE('',#11065,#11066);
#11065 = CARTESIAN_POINT('',(1.096153855324,0.625,1.253634929657));
#11066 = VECTOR('',#11067,1.);
#11067 = DIRECTION('',(-0.593333154676,-0.608947146856,0.526440062968));
#11068 = ORIENTED_EDGE('',*,*,#10952,.F.);
#11069 = ORIENTED_EDGE('',*,*,#11070,.T.);
#11070 = EDGE_CURVE('',#10930,#11062,#11071,.T.);
#11071 = LINE('',#11072,#11073);
#11072 = CARTESIAN_POINT('',(0.974358975887,0.75,1.361698508263));
#11073 = VECTOR('',#11074,1.);
#11074 = DIRECTION('',(0.593333154676,-0.608947146856,-0.526440062968));
#11075 = PLANE('',#11076);
#11076 = AXIS2_PLACEMENT_3D('',#11077,#11078,#11079);
#11077 = CARTESIAN_POINT('',(1.012208223973,0.625,1.328116429816));
#11078 = DIRECTION('',(-0.663682420039,-0.,-0.748014468665));
#11079 = DIRECTION('',(-0.748014468665,0.,0.663682420039));
#11080 = ADVANCED_FACE('',(#11081),#11098,.T.);
#11081 = FACE_BOUND('',#11082,.T.);
#11082 = EDGE_LOOP('',(#11083,#11084,#11092));
#11083 = ORIENTED_EDGE('',*,*,#11070,.F.);
#11084 = ORIENTED_EDGE('',*,*,#11085,.T.);
#11085 = EDGE_CURVE('',#10930,#11086,#11088,.T.);
#11086 = VERTEX_POINT('',#11087);
#11087 = CARTESIAN_POINT('',(1.217948675156,0.75,1.145571351051));
#11088 = LINE('',#11089,#11090);
#11089 = CARTESIAN_POINT('',(0.974358975887,0.75,1.361698508263));
#11090 = VECTOR('',#11091,1.);
#11091 = DIRECTION('',(0.748014388043,0.,-0.663682510905));
#11092 = ORIENTED_EDGE('',*,*,#11093,.T.);
#11093 = EDGE_CURVE('',#11086,#11062,#11094,.T.);
#11094 = LINE('',#11095,#11096);
#11095 = CARTESIAN_POINT('',(1.217948675156,0.75,1.145571351051));
#11096 = VECTOR('',#11097,1.);
#11097 = DIRECTION('',(-0.59333296653,-0.608947251769,0.526440153666));
#11098 = PLANE('',#11099);
#11099 = AXIS2_PLACEMENT_3D('',#11100,#11101,#11102);
#11100 = CARTESIAN_POINT('',(1.096153830906,0.715146316639,
    1.253634932253));
#11101 = DIRECTION('',(-0.663682510905,-1.582342412591E-07,
    -0.748014388043));
#11102 = DIRECTION('',(-0.748014388043,1.073655454198E-23,0.663682510905
    ));
#11103 = ADVANCED_FACE('',(#11104),#11119,.T.);
#11104 = FACE_BOUND('',#11105,.T.);
#11105 = EDGE_LOOP('',(#11106,#11107,#11113));
#11106 = ORIENTED_EDGE('',*,*,#11093,.F.);
#11107 = ORIENTED_EDGE('',*,*,#11108,.T.);
#11108 = EDGE_CURVE('',#11086,#7115,#11109,.T.);
#11109 = LINE('',#11110,#11111);
#11110 = CARTESIAN_POINT('',(1.217948675156,0.75,1.145571351051));
#11111 = VECTOR('',#11112,1.);
#11112 = DIRECTION('',(0.,-1.,0.));
#11113 = ORIENTED_EDGE('',*,*,#11114,.T.);
#11114 = EDGE_CURVE('',#7115,#11062,#11115,.T.);
#11115 = LINE('',#11116,#11117);
#11116 = CARTESIAN_POINT('',(1.217948675156,0.5,1.145571351051));
#11117 = VECTOR('',#11118,1.);
#11118 = DIRECTION('',(-0.59333296653,0.608947251769,0.526440153666));
#11119 = PLANE('',#11120);
#11120 = AXIS2_PLACEMENT_3D('',#11121,#11122,#11123);
#11121 = CARTESIAN_POINT('',(1.180099448061,0.625,1.179153427309));
#11122 = DIRECTION('',(-0.663682601771,-0.,-0.748014307421));
#11123 = DIRECTION('',(-0.748014307421,0.,0.663682601771));
#11124 = ADVANCED_FACE('',(#11125),#11130,.T.);
#11125 = FACE_BOUND('',#11126,.T.);
#11126 = EDGE_LOOP('',(#11127,#11128,#11129));
#11127 = ORIENTED_EDGE('',*,*,#11114,.F.);
#11128 = ORIENTED_EDGE('',*,*,#7114,.F.);
#11129 = ORIENTED_EDGE('',*,*,#11061,.F.);
#11130 = PLANE('',#11131);
#11131 = AXIS2_PLACEMENT_3D('',#11132,#11133,#11134);
#11132 = CARTESIAN_POINT('',(1.096153830906,0.534853683361,
    1.253634932253));
#11133 = DIRECTION('',(-0.663682510905,1.582342412164E-07,
    -0.748014388043));
#11134 = DIRECTION('',(-0.748014388043,-1.5928740889E-23,0.663682510905)
  );
#11135 = ADVANCED_FACE('',(#11136),#11153,.T.);
#11136 = FACE_BOUND('',#11137,.T.);
#11137 = EDGE_LOOP('',(#11138,#11146,#11147));
#11138 = ORIENTED_EDGE('',*,*,#11139,.T.);
#11139 = EDGE_CURVE('',#11140,#7037,#11142,.T.);
#11140 = VERTEX_POINT('',#11141);
#11141 = CARTESIAN_POINT('',(1.096153855324,0.625,2.253634929657));
#11142 = LINE('',#11143,#11144);
#11143 = CARTESIAN_POINT('',(1.096153855324,0.625,2.253634929657));
#11144 = VECTOR('',#11145,1.);
#11145 = DIRECTION('',(-0.593332973281,-0.608946960687,0.52644048276));
#11146 = ORIENTED_EDGE('',*,*,#7215,.F.);
#11147 = ORIENTED_EDGE('',*,*,#11148,.T.);
#11148 = EDGE_CURVE('',#7193,#11140,#11149,.T.);
#11149 = LINE('',#11150,#11151);
#11150 = CARTESIAN_POINT('',(1.217948675156,0.5,2.145571470261));
#11151 = VECTOR('',#11152,1.);
#11152 = DIRECTION('',(-0.593333147926,0.608947437938,0.526439733873));
#11153 = PLANE('',#11154);
#11154 = AXIS2_PLACEMENT_3D('',#11155,#11156,#11157);
#11155 = CARTESIAN_POINT('',(1.096153820523,0.534853683361,
    2.253635027435));
#11156 = DIRECTION('',(0.663682510904,5.55127868963E-07,0.748014388043)
  );
#11157 = DIRECTION('',(0.748014388043,3.838071536605E-23,-0.663682510905
    ));
#11158 = ADVANCED_FACE('',(#11159),#11176,.T.);
#11159 = FACE_BOUND('',#11160,.T.);
#11160 = EDGE_LOOP('',(#11161,#11162,#11170));
#11161 = ORIENTED_EDGE('',*,*,#11148,.F.);
#11162 = ORIENTED_EDGE('',*,*,#11163,.T.);
#11163 = EDGE_CURVE('',#7193,#11164,#11166,.T.);
#11164 = VERTEX_POINT('',#11165);
#11165 = CARTESIAN_POINT('',(1.217948675156,0.75,2.145571470261));
#11166 = LINE('',#11167,#11168);
#11167 = CARTESIAN_POINT('',(1.217948675156,0.5,2.145571470261));
#11168 = VECTOR('',#11169,1.);
#11169 = DIRECTION('',(0.,1.,0.));
#11170 = ORIENTED_EDGE('',*,*,#11171,.T.);
#11171 = EDGE_CURVE('',#11164,#11140,#11172,.T.);
#11172 = LINE('',#11173,#11174);
#11173 = CARTESIAN_POINT('',(1.217948675156,0.75,2.145571470261));
#11174 = VECTOR('',#11175,1.);
#11175 = DIRECTION('',(-0.593333147926,-0.608947437938,0.526439733873));
#11176 = PLANE('',#11177);
#11177 = AXIS2_PLACEMENT_3D('',#11178,#11179,#11180);
#11178 = CARTESIAN_POINT('',(1.18009945244,0.625,2.179153505586));
#11179 = DIRECTION('',(0.663682192122,0.,0.748014670886));
#11180 = DIRECTION('',(0.748014670886,0.,-0.663682192122));
#11181 = ADVANCED_FACE('',(#11182),#11197,.T.);
#11182 = FACE_BOUND('',#11183,.T.);
#11183 = EDGE_LOOP('',(#11184,#11185,#11191));
#11184 = ORIENTED_EDGE('',*,*,#11171,.F.);
#11185 = ORIENTED_EDGE('',*,*,#11186,.T.);
#11186 = EDGE_CURVE('',#11164,#11008,#11187,.T.);
#11187 = LINE('',#11188,#11189);
#11188 = CARTESIAN_POINT('',(1.217948675156,0.75,2.145571470261));
#11189 = VECTOR('',#11190,1.);
#11190 = DIRECTION('',(-0.748014388043,0.,0.663682510905));
#11191 = ORIENTED_EDGE('',*,*,#11192,.T.);
#11192 = EDGE_CURVE('',#11008,#11140,#11193,.T.);
#11193 = LINE('',#11194,#11195);
#11194 = CARTESIAN_POINT('',(0.974358975887,0.75,2.361698627472));
#11195 = VECTOR('',#11196,1.);
#11196 = DIRECTION('',(0.593332973281,-0.608946960687,-0.52644048276));
#11197 = PLANE('',#11198);
#11198 = AXIS2_PLACEMENT_3D('',#11199,#11200,#11201);
#11199 = CARTESIAN_POINT('',(1.096153820523,0.715146316639,
    2.253635027435));
#11200 = DIRECTION('',(0.663682510904,-5.551278689246E-07,0.748014388043
    ));
#11201 = DIRECTION('',(0.748014388043,3.264291193977E-23,-0.663682510905
    ));
#11202 = ADVANCED_FACE('',(#11203),#11208,.T.);
#11203 = FACE_BOUND('',#11204,.T.);
#11204 = EDGE_LOOP('',(#11205,#11206,#11207));
#11205 = ORIENTED_EDGE('',*,*,#11192,.F.);
#11206 = ORIENTED_EDGE('',*,*,#11007,.F.);
#11207 = ORIENTED_EDGE('',*,*,#11139,.F.);
#11208 = PLANE('',#11209);
#11209 = AXIS2_PLACEMENT_3D('',#11210,#11211,#11212);
#11210 = CARTESIAN_POINT('',(1.012208228353,0.625,2.328116508093));
#11211 = DIRECTION('',(0.663682829686,0.,0.748014105201));
#11212 = DIRECTION('',(0.748014105201,0.,-0.663682829686));
#11213 = ADVANCED_FACE('',(#11214),#11231,.T.);
#11214 = FACE_BOUND('',#11215,.T.);
#11215 = EDGE_LOOP('',(#11216,#11224,#11225));
#11216 = ORIENTED_EDGE('',*,*,#11217,.T.);
#11217 = EDGE_CURVE('',#11218,#7115,#11220,.T.);
#11218 = VERTEX_POINT('',#11219);
#11219 = CARTESIAN_POINT('',(1.339743614197,0.625,1.027305960655));
#11220 = LINE('',#11221,#11222);
#11221 = CARTESIAN_POINT('',(1.339743614197,0.625,1.027305960655));
#11222 = VECTOR('',#11223,1.);
#11223 = DIRECTION('',(-0.577715898785,-0.592918621387,0.560974017851));
#11224 = ORIENTED_EDGE('',*,*,#11108,.F.);
#11225 = ORIENTED_EDGE('',*,*,#11226,.T.);
#11226 = EDGE_CURVE('',#11086,#11218,#11227,.T.);
#11227 = LINE('',#11228,#11229);
#11228 = CARTESIAN_POINT('',(1.217948675156,0.75,1.145571351051));
#11229 = VECTOR('',#11230,1.);
#11230 = DIRECTION('',(0.577715898785,-0.592918621387,-0.560974017851));
#11231 = PLANE('',#11232);
#11232 = AXIS2_PLACEMENT_3D('',#11233,#11234,#11235);
#11233 = CARTESIAN_POINT('',(1.256178794826,0.625,1.108449118689));
#11234 = DIRECTION('',(-0.696635070038,-0.,-0.717425661092));
#11235 = DIRECTION('',(-0.717425661092,0.,0.696635070038));
#11236 = ADVANCED_FACE('',(#11237),#11254,.T.);
#11237 = FACE_BOUND('',#11238,.T.);
#11238 = EDGE_LOOP('',(#11239,#11240,#11248));
#11239 = ORIENTED_EDGE('',*,*,#11226,.F.);
#11240 = ORIENTED_EDGE('',*,*,#11241,.T.);
#11241 = EDGE_CURVE('',#11086,#11242,#11244,.T.);
#11242 = VERTEX_POINT('',#11243);
#11243 = CARTESIAN_POINT('',(1.461538434029,0.75,0.909040629864));
#11244 = LINE('',#11245,#11246);
#11245 = CARTESIAN_POINT('',(1.217948675156,0.75,1.145571351051));
#11246 = VECTOR('',#11247,1.);
#11247 = DIRECTION('',(0.71742557844,0.,-0.696635155156));
#11248 = ORIENTED_EDGE('',*,*,#11249,.T.);
#11249 = EDGE_CURVE('',#11242,#11218,#11250,.T.);
#11250 = LINE('',#11251,#11252);
#11251 = CARTESIAN_POINT('',(1.461538434029,0.75,0.909040629864));
#11252 = VECTOR('',#11253,1.);
#11253 = DIRECTION('',(-0.577715613683,-0.592918909113,0.56097400735));
#11254 = PLANE('',#11255);
#11255 = AXIS2_PLACEMENT_3D('',#11256,#11257,#11258);
#11256 = CARTESIAN_POINT('',(1.339743562916,0.715378991889,
    1.027305990151));
#11257 = DIRECTION('',(-0.696635155156,-1.611339406693E-07,
    -0.71742557844));
#11258 = DIRECTION('',(-0.71742557844,-1.310774295098E-25,0.696635155156
    ));
#11259 = ADVANCED_FACE('',(#11260),#11275,.T.);
#11260 = FACE_BOUND('',#11261,.T.);
#11261 = EDGE_LOOP('',(#11262,#11263,#11269));
#11262 = ORIENTED_EDGE('',*,*,#11249,.F.);
#11263 = ORIENTED_EDGE('',*,*,#11264,.T.);
#11264 = EDGE_CURVE('',#11242,#7271,#11265,.T.);
#11265 = LINE('',#11266,#11267);
#11266 = CARTESIAN_POINT('',(1.461538434029,0.75,0.909040629864));
#11267 = VECTOR('',#11268,1.);
#11268 = DIRECTION('',(0.,-1.,0.));
#11269 = ORIENTED_EDGE('',*,*,#11270,.T.);
#11270 = EDGE_CURVE('',#7271,#11218,#11271,.T.);
#11271 = LINE('',#11272,#11273);
#11272 = CARTESIAN_POINT('',(1.461538434029,0.5,0.909040629864));
#11273 = VECTOR('',#11274,1.);
#11274 = DIRECTION('',(-0.577715613683,0.592918909113,0.56097400735));
#11275 = PLANE('',#11276);
#11276 = AXIS2_PLACEMENT_3D('',#11277,#11278,#11279);
#11277 = CARTESIAN_POINT('',(1.423308358682,0.625,0.946162836812));
#11278 = DIRECTION('',(-0.696635240274,-0.,-0.717425495789));
#11279 = DIRECTION('',(-0.717425495789,0.,0.696635240274));
#11280 = ADVANCED_FACE('',(#11281),#11286,.T.);
#11281 = FACE_BOUND('',#11282,.T.);
#11282 = EDGE_LOOP('',(#11283,#11284,#11285));
#11283 = ORIENTED_EDGE('',*,*,#11270,.F.);
#11284 = ORIENTED_EDGE('',*,*,#7270,.F.);
#11285 = ORIENTED_EDGE('',*,*,#11217,.F.);
#11286 = PLANE('',#11287);
#11287 = AXIS2_PLACEMENT_3D('',#11288,#11289,#11290);
#11288 = CARTESIAN_POINT('',(1.339743562916,0.534621008111,
    1.027305990151));
#11289 = DIRECTION('',(-0.696635155156,1.611339407239E-07,-0.71742557844
    ));
#11290 = DIRECTION('',(-0.71742557844,-3.537093361424E-24,0.696635155156
    ));
#11291 = ADVANCED_FACE('',(#11292),#11309,.T.);
#11292 = FACE_BOUND('',#11293,.T.);
#11293 = EDGE_LOOP('',(#11294,#11302,#11303));
#11294 = ORIENTED_EDGE('',*,*,#11295,.T.);
#11295 = EDGE_CURVE('',#11296,#7193,#11298,.T.);
#11296 = VERTEX_POINT('',#11297);
#11297 = CARTESIAN_POINT('',(1.339743614197,0.625,2.027306079865));
#11298 = LINE('',#11299,#11300);
#11299 = CARTESIAN_POINT('',(1.339743614197,0.625,2.027306079865));
#11300 = VECTOR('',#11301,1.);
#11301 = DIRECTION('',(-0.577715898785,-0.592918621387,0.560974017851));
#11302 = ORIENTED_EDGE('',*,*,#7371,.F.);
#11303 = ORIENTED_EDGE('',*,*,#11304,.T.);
#11304 = EDGE_CURVE('',#7349,#11296,#11305,.T.);
#11305 = LINE('',#11306,#11307);
#11306 = CARTESIAN_POINT('',(1.461538434029,0.5,1.909040570259));
#11307 = VECTOR('',#11308,1.);
#11308 = DIRECTION('',(-0.577715338803,0.592918626999,0.560974588613));
#11309 = PLANE('',#11310);
#11310 = AXIS2_PLACEMENT_3D('',#11311,#11312,#11313);
#11311 = CARTESIAN_POINT('',(1.339743570941,0.534621006119,
    2.027306036923));
#11312 = DIRECTION('',(0.696635426221,-6.742767054725E-07,0.717425315231
    ));
#11313 = DIRECTION('',(0.717425315231,-4.598697084929E-23,
    -0.696635426221));
#11314 = ADVANCED_FACE('',(#11315),#11332,.T.);
#11315 = FACE_BOUND('',#11316,.T.);
#11316 = EDGE_LOOP('',(#11317,#11318,#11326));
#11317 = ORIENTED_EDGE('',*,*,#11304,.F.);
#11318 = ORIENTED_EDGE('',*,*,#11319,.T.);
#11319 = EDGE_CURVE('',#7349,#11320,#11322,.T.);
#11320 = VERTEX_POINT('',#11321);
#11321 = CARTESIAN_POINT('',(1.461538434029,0.75,1.909040570259));
#11322 = LINE('',#11323,#11324);
#11323 = CARTESIAN_POINT('',(1.461538434029,0.5,1.909040570259));
#11324 = VECTOR('',#11325,1.);
#11325 = DIRECTION('',(0.,1.,0.));
#11326 = ORIENTED_EDGE('',*,*,#11327,.T.);
#11327 = EDGE_CURVE('',#11320,#11296,#11328,.T.);
#11328 = LINE('',#11329,#11330);
#11329 = CARTESIAN_POINT('',(1.461538434029,0.75,1.909040570259));
#11330 = VECTOR('',#11331,1.);
#11331 = DIRECTION('',(-0.577715338803,-0.592918626999,0.560974588613));
#11332 = PLANE('',#11333);
#11333 = AXIS2_PLACEMENT_3D('',#11334,#11335,#11336);
#11334 = CARTESIAN_POINT('',(1.423308351912,0.625,1.94616283991));
#11335 = DIRECTION('',(0.696635782403,0.,0.71742496937));
#11336 = DIRECTION('',(0.71742496937,0.,-0.696635782403));
#11337 = ADVANCED_FACE('',(#11338),#11353,.T.);
#11338 = FACE_BOUND('',#11339,.T.);
#11339 = EDGE_LOOP('',(#11340,#11341,#11347));
#11340 = ORIENTED_EDGE('',*,*,#11327,.F.);
#11341 = ORIENTED_EDGE('',*,*,#11342,.T.);
#11342 = EDGE_CURVE('',#11320,#11164,#11343,.T.);
#11343 = LINE('',#11344,#11345);
#11344 = CARTESIAN_POINT('',(1.461538434029,0.75,1.909040570259));
#11345 = VECTOR('',#11346,1.);
#11346 = DIRECTION('',(-0.717425315231,0.,0.696635426221));
#11347 = ORIENTED_EDGE('',*,*,#11348,.T.);
#11348 = EDGE_CURVE('',#11164,#11296,#11349,.T.);
#11349 = LINE('',#11350,#11351);
#11350 = CARTESIAN_POINT('',(1.217948675156,0.75,2.145571470261));
#11351 = VECTOR('',#11352,1.);
#11352 = DIRECTION('',(0.577715898785,-0.592918621387,-0.560974017851));
#11353 = PLANE('',#11354);
#11354 = AXIS2_PLACEMENT_3D('',#11355,#11356,#11357);
#11355 = CARTESIAN_POINT('',(1.339743570941,0.715378993881,
    2.027306036923));
#11356 = DIRECTION('',(0.696635426221,6.742767054897E-07,0.717425315231)
  );
#11357 = DIRECTION('',(0.717425315231,3.653110721499E-23,-0.696635426221
    ));
#11358 = ADVANCED_FACE('',(#11359),#11364,.T.);
#11359 = FACE_BOUND('',#11360,.T.);
#11360 = EDGE_LOOP('',(#11361,#11362,#11363));
#11361 = ORIENTED_EDGE('',*,*,#11348,.F.);
#11362 = ORIENTED_EDGE('',*,*,#11163,.F.);
#11363 = ORIENTED_EDGE('',*,*,#11295,.F.);
#11364 = PLANE('',#11365);
#11365 = AXIS2_PLACEMENT_3D('',#11366,#11367,#11368);
#11366 = CARTESIAN_POINT('',(1.256178794826,0.625,2.108449237898));
#11367 = DIRECTION('',(0.696635070038,0.,0.717425661092));
#11368 = DIRECTION('',(0.717425661092,0.,-0.696635070038));
#11369 = ADVANCED_FACE('',(#11370),#11387,.T.);
#11370 = FACE_BOUND('',#11371,.T.);
#11371 = EDGE_LOOP('',(#11372,#11380,#11381));
#11372 = ORIENTED_EDGE('',*,*,#11373,.T.);
#11373 = EDGE_CURVE('',#11374,#7271,#11376,.T.);
#11374 = VERTEX_POINT('',#11375);
#11375 = CARTESIAN_POINT('',(1.58333337307,0.625,0.787556171417));
#11376 = LINE('',#11377,#11378);
#11377 = CARTESIAN_POINT('',(1.58333337307,0.625,0.787556171417));
#11378 = VECTOR('',#11379,1.);
#11379 = DIRECTION('',(-0.572764458251,-0.587836882591,0.571304362692));
#11380 = ORIENTED_EDGE('',*,*,#11264,.F.);
#11381 = ORIENTED_EDGE('',*,*,#11382,.T.);
#11382 = EDGE_CURVE('',#11242,#11374,#11383,.T.);
#11383 = LINE('',#11384,#11385);
#11384 = CARTESIAN_POINT('',(1.461538434029,0.75,0.909040629864));
#11385 = VECTOR('',#11386,1.);
#11386 = DIRECTION('',(0.572764458251,-0.587836882591,-0.571304362692));
#11387 = PLANE('',#11388);
#11388 = AXIS2_PLACEMENT_3D('',#11389,#11390,#11391);
#11389 = CARTESIAN_POINT('',(1.499890905991,0.625,0.870785926318));
#11390 = DIRECTION('',(-0.706203774804,-0.,-0.70800863586));
#11391 = DIRECTION('',(-0.70800863586,0.,0.706203774804));
#11392 = ADVANCED_FACE('',(#11393),#11410,.T.);
#11393 = FACE_BOUND('',#11394,.T.);
#11394 = EDGE_LOOP('',(#11395,#11396,#11404));
#11395 = ORIENTED_EDGE('',*,*,#11382,.F.);
#11396 = ORIENTED_EDGE('',*,*,#11397,.T.);
#11397 = EDGE_CURVE('',#11242,#11398,#11400,.T.);
#11398 = VERTEX_POINT('',#11399);
#11399 = CARTESIAN_POINT('',(1.705128192902,0.75,0.666071772575));
#11400 = LINE('',#11401,#11402);
#11401 = CARTESIAN_POINT('',(1.461538434029,0.75,0.909040629864));
#11402 = VECTOR('',#11403,1.);
#11403 = DIRECTION('',(0.70800854968,0.,-0.706203861205));
#11404 = ORIENTED_EDGE('',*,*,#11405,.T.);
#11405 = EDGE_CURVE('',#11398,#11374,#11406,.T.);
#11406 = LINE('',#11407,#11408);
#11407 = CARTESIAN_POINT('',(1.705128192902,0.75,0.666071772575));
#11408 = VECTOR('',#11409,1.);
#11409 = DIRECTION('',(-0.572764173278,-0.587837165477,0.571304357319));
#11410 = PLANE('',#11411);
#11411 = AXIS2_PLACEMENT_3D('',#11412,#11413,#11414);
#11412 = CARTESIAN_POINT('',(1.58333332184,0.715450131285,0.787556201062
    ));
#11413 = DIRECTION('',(-0.706203861205,-1.679418499342E-07,
    -0.70800854968));
#11414 = DIRECTION('',(-0.70800854968,4.111277191908E-25,0.706203861205)
  );
#11415 = ADVANCED_FACE('',(#11416),#11431,.T.);
#11416 = FACE_BOUND('',#11417,.T.);
#11417 = EDGE_LOOP('',(#11418,#11419,#11425));
#11418 = ORIENTED_EDGE('',*,*,#11405,.F.);
#11419 = ORIENTED_EDGE('',*,*,#11420,.T.);
#11420 = EDGE_CURVE('',#11398,#7427,#11421,.T.);
#11421 = LINE('',#11422,#11423);
#11422 = CARTESIAN_POINT('',(1.705128192902,0.75,0.666071772575));
#11423 = VECTOR('',#11424,1.);
#11424 = DIRECTION('',(0.,-1.,0.));
#11425 = ORIENTED_EDGE('',*,*,#11426,.T.);
#11426 = EDGE_CURVE('',#7427,#11374,#11427,.T.);
#11427 = LINE('',#11428,#11429);
#11428 = CARTESIAN_POINT('',(1.705128192902,0.5,0.666071772575));
#11429 = VECTOR('',#11430,1.);
#11430 = DIRECTION('',(-0.572764173278,0.587837165477,0.571304357319));
#11431 = PLANE('',#11432);
#11432 = AXIS2_PLACEMENT_3D('',#11433,#11434,#11435);
#11433 = CARTESIAN_POINT('',(1.66677576531,0.625,0.704326450537));
#11434 = DIRECTION('',(-0.706203947605,-0.,-0.708008463499));
#11435 = DIRECTION('',(-0.708008463499,0.,0.706203947605));
#11436 = ADVANCED_FACE('',(#11437),#11442,.T.);
#11437 = FACE_BOUND('',#11438,.T.);
#11438 = EDGE_LOOP('',(#11439,#11440,#11441));
#11439 = ORIENTED_EDGE('',*,*,#11426,.F.);
#11440 = ORIENTED_EDGE('',*,*,#7426,.F.);
#11441 = ORIENTED_EDGE('',*,*,#11373,.F.);
#11442 = PLANE('',#11443);
#11443 = AXIS2_PLACEMENT_3D('',#11444,#11445,#11446);
#11444 = CARTESIAN_POINT('',(1.58333332184,0.534549868715,0.787556201062
    ));
#11445 = DIRECTION('',(-0.706203861205,1.67941849868E-07,-0.70800854968)
  );
#11446 = DIRECTION('',(-0.70800854968,4.404007928415E-24,0.706203861205)
  );
#11447 = ADVANCED_FACE('',(#11448),#11465,.T.);
#11448 = FACE_BOUND('',#11449,.T.);
#11449 = EDGE_LOOP('',(#11450,#11458,#11459));
#11450 = ORIENTED_EDGE('',*,*,#11451,.T.);
#11451 = EDGE_CURVE('',#11452,#7349,#11454,.T.);
#11452 = VERTEX_POINT('',#11453);
#11453 = CARTESIAN_POINT('',(1.58333337307,0.625,1.787556171417));
#11454 = LINE('',#11455,#11456);
#11455 = CARTESIAN_POINT('',(1.58333337307,0.625,1.787556171417));
#11456 = VECTOR('',#11457,1.);
#11457 = DIRECTION('',(-0.572764549972,-0.587836976726,0.571304173877));
#11458 = ORIENTED_EDGE('',*,*,#7527,.F.);
#11459 = ORIENTED_EDGE('',*,*,#11460,.T.);
#11460 = EDGE_CURVE('',#7505,#11452,#11461,.T.);
#11461 = LINE('',#11462,#11463);
#11462 = CARTESIAN_POINT('',(1.705128192902,0.5,1.666071772575));
#11463 = VECTOR('',#11464,1.);
#11464 = DIRECTION('',(-0.572764173278,0.587837165477,0.571304357319));
#11465 = PLANE('',#11466);
#11466 = AXIS2_PLACEMENT_3D('',#11467,#11468,#11469);
#11467 = CARTESIAN_POINT('',(1.583333324535,0.534549869368,
    1.787556176808));
#11468 = DIRECTION('',(0.706203774361,-3.367442008854E-07,0.708008636302
    ));
#11469 = DIRECTION('',(0.708008636302,9.170734468422E-24,-0.706203774361
    ));
#11470 = ADVANCED_FACE('',(#11471),#11488,.T.);
#11471 = FACE_BOUND('',#11472,.T.);
#11472 = EDGE_LOOP('',(#11473,#11474,#11482));
#11473 = ORIENTED_EDGE('',*,*,#11460,.F.);
#11474 = ORIENTED_EDGE('',*,*,#11475,.T.);
#11475 = EDGE_CURVE('',#7505,#11476,#11478,.T.);
#11476 = VERTEX_POINT('',#11477);
#11477 = CARTESIAN_POINT('',(1.705128192902,0.75,1.666071772575));
#11478 = LINE('',#11479,#11480);
#11479 = CARTESIAN_POINT('',(1.705128192902,0.5,1.666071772575));
#11480 = VECTOR('',#11481,1.);
#11481 = DIRECTION('',(0.,1.,0.));
#11482 = ORIENTED_EDGE('',*,*,#11483,.T.);
#11483 = EDGE_CURVE('',#11476,#11452,#11484,.T.);
#11484 = LINE('',#11485,#11486);
#11485 = CARTESIAN_POINT('',(1.705128192902,0.75,1.666071772575));
#11486 = VECTOR('',#11487,1.);
#11487 = DIRECTION('',(-0.572764173278,-0.587837165477,0.571304357319));
#11488 = PLANE('',#11489);
#11489 = AXIS2_PLACEMENT_3D('',#11490,#11491,#11492);
#11490 = CARTESIAN_POINT('',(1.66677576531,0.625,1.704326450537));
#11491 = DIRECTION('',(0.706203947605,0.,0.708008463499));
#11492 = DIRECTION('',(0.708008463499,0.,-0.706203947605));
#11493 = ADVANCED_FACE('',(#11494),#11509,.T.);
#11494 = FACE_BOUND('',#11495,.T.);
#11495 = EDGE_LOOP('',(#11496,#11497,#11503));
#11496 = ORIENTED_EDGE('',*,*,#11483,.F.);
#11497 = ORIENTED_EDGE('',*,*,#11498,.T.);
#11498 = EDGE_CURVE('',#11476,#11320,#11499,.T.);
#11499 = LINE('',#11500,#11501);
#11500 = CARTESIAN_POINT('',(1.705128192902,0.75,1.666071772575));
#11501 = VECTOR('',#11502,1.);
#11502 = DIRECTION('',(-0.708008636302,0.,0.706203774361));
#11503 = ORIENTED_EDGE('',*,*,#11504,.T.);
#11504 = EDGE_CURVE('',#11320,#11452,#11505,.T.);
#11505 = LINE('',#11506,#11507);
#11506 = CARTESIAN_POINT('',(1.461538434029,0.75,1.909040570259));
#11507 = VECTOR('',#11508,1.);
#11508 = DIRECTION('',(0.572764549972,-0.587836976726,-0.571304173877));
#11509 = PLANE('',#11510);
#11510 = AXIS2_PLACEMENT_3D('',#11511,#11512,#11513);
#11511 = CARTESIAN_POINT('',(1.583333324535,0.715450130632,
    1.787556176808));
#11512 = DIRECTION('',(0.706203774361,3.367442008386E-07,0.708008636302)
  );
#11513 = DIRECTION('',(0.708008636302,-9.828261964124E-24,
    -0.706203774361));
#11514 = ADVANCED_FACE('',(#11515),#11520,.T.);
#11515 = FACE_BOUND('',#11516,.T.);
#11516 = EDGE_LOOP('',(#11517,#11518,#11519));
#11517 = ORIENTED_EDGE('',*,*,#11504,.F.);
#11518 = ORIENTED_EDGE('',*,*,#11319,.F.);
#11519 = ORIENTED_EDGE('',*,*,#11451,.F.);
#11520 = PLANE('',#11521);
#11521 = AXIS2_PLACEMENT_3D('',#11522,#11523,#11524);
#11522 = CARTESIAN_POINT('',(1.499890903717,0.625,1.87078588775));
#11523 = DIRECTION('',(0.706203601117,0.,0.708008809104));
#11524 = DIRECTION('',(0.708008809104,0.,-0.706203601117));
#11525 = ADVANCED_FACE('',(#11526),#11543,.T.);
#11526 = FACE_BOUND('',#11527,.T.);
#11527 = EDGE_LOOP('',(#11528,#11536,#11537));
#11528 = ORIENTED_EDGE('',*,*,#11529,.T.);
#11529 = EDGE_CURVE('',#11530,#7427,#11532,.T.);
#11530 = VERTEX_POINT('',#11531);
#11531 = CARTESIAN_POINT('',(1.826923131943,0.625,0.548541128635));
#11532 = LINE('',#11533,#11534);
#11533 = CARTESIAN_POINT('',(1.826923131943,0.625,0.548541128635));
#11534 = VECTOR('',#11535,1.);
#11535 = DIRECTION('',(-0.57884517561,-0.594077615383,0.55857859749));
#11536 = ORIENTED_EDGE('',*,*,#11420,.F.);
#11537 = ORIENTED_EDGE('',*,*,#11538,.T.);
#11538 = EDGE_CURVE('',#11398,#11530,#11539,.T.);
#11539 = LINE('',#11540,#11541);
#11540 = CARTESIAN_POINT('',(1.705128192902,0.75,0.666071772575));
#11541 = VECTOR('',#11542,1.);
#11542 = DIRECTION('',(0.57884517561,-0.594077615383,-0.55857859749));
#11543 = PLANE('',#11544);
#11544 = AXIS2_PLACEMENT_3D('',#11545,#11546,#11547);
#11545 = CARTESIAN_POINT('',(1.743330516887,0.625,0.629206991712));
#11546 = DIRECTION('',(-0.69439735674,-0.,-0.719591766873));
#11547 = DIRECTION('',(-0.719591766873,0.,0.69439735674));
#11548 = ADVANCED_FACE('',(#11549),#11566,.T.);
#11549 = FACE_BOUND('',#11550,.T.);
#11550 = EDGE_LOOP('',(#11551,#11552,#11560));
#11551 = ORIENTED_EDGE('',*,*,#11538,.F.);
#11552 = ORIENTED_EDGE('',*,*,#11553,.T.);
#11553 = EDGE_CURVE('',#11398,#11554,#11556,.T.);
#11554 = VERTEX_POINT('',#11555);
#11555 = CARTESIAN_POINT('',(1.948717951775,0.75,0.431010454893));
#11556 = LINE('',#11557,#11558);
#11557 = CARTESIAN_POINT('',(1.705128192902,0.75,0.666071772575));
#11558 = VECTOR('',#11559,1.);
#11559 = DIRECTION('',(0.719591553075,0.,-0.694397578295));
#11560 = ORIENTED_EDGE('',*,*,#11561,.T.);
#11561 = EDGE_CURVE('',#11554,#11530,#11562,.T.);
#11562 = LINE('',#11563,#11564);
#11563 = CARTESIAN_POINT('',(1.948717951775,0.75,0.431010454893));
#11564 = VECTOR('',#11565,1.);
#11565 = DIRECTION('',(-0.578844753088,-0.594077763208,0.558578878121));
#11566 = PLANE('',#11567);
#11567 = AXIS2_PLACEMENT_3D('',#11568,#11569,#11570);
#11568 = CARTESIAN_POINT('',(1.826923084656,0.715362594579,
    0.548541121915));
#11569 = DIRECTION('',(-0.694397578295,-4.168965656745E-07,
    -0.719591553075));
#11570 = DIRECTION('',(-0.719591553075,-5.363331456689E-23,
    0.694397578295));
#11571 = ADVANCED_FACE('',(#11572),#11587,.T.);
#11572 = FACE_BOUND('',#11573,.T.);
#11573 = EDGE_LOOP('',(#11574,#11575,#11581));
#11574 = ORIENTED_EDGE('',*,*,#11561,.F.);
#11575 = ORIENTED_EDGE('',*,*,#11576,.T.);
#11576 = EDGE_CURVE('',#11554,#7583,#11577,.T.);
#11577 = LINE('',#11578,#11579);
#11578 = CARTESIAN_POINT('',(1.948717951775,0.75,0.431010454893));
#11579 = VECTOR('',#11580,1.);
#11580 = DIRECTION('',(0.,-1.,0.));
#11581 = ORIENTED_EDGE('',*,*,#11582,.T.);
#11582 = EDGE_CURVE('',#7583,#11530,#11583,.T.);
#11583 = LINE('',#11584,#11585);
#11584 = CARTESIAN_POINT('',(1.948717951775,0.5,0.431010454893));
#11585 = VECTOR('',#11586,1.);
#11586 = DIRECTION('',(-0.578844753088,0.594077763208,0.558578878121));
#11587 = PLANE('',#11588);
#11588 = AXIS2_PLACEMENT_3D('',#11589,#11590,#11591);
#11589 = CARTESIAN_POINT('',(1.910515668723,0.625,0.467875241685));
#11590 = DIRECTION('',(-0.69439779985,-0.,-0.719591339277));
#11591 = DIRECTION('',(-0.719591339277,0.,0.69439779985));
#11592 = ADVANCED_FACE('',(#11593),#11598,.T.);
#11593 = FACE_BOUND('',#11594,.T.);
#11594 = EDGE_LOOP('',(#11595,#11596,#11597));
#11595 = ORIENTED_EDGE('',*,*,#11582,.F.);
#11596 = ORIENTED_EDGE('',*,*,#7582,.F.);
#11597 = ORIENTED_EDGE('',*,*,#11529,.F.);
#11598 = PLANE('',#11599);
#11599 = AXIS2_PLACEMENT_3D('',#11600,#11601,#11602);
#11600 = CARTESIAN_POINT('',(1.826923084656,0.534637405421,
    0.548541121915));
#11601 = DIRECTION('',(-0.694397578295,4.16896565719E-07,-0.719591553075
    ));
#11602 = DIRECTION('',(-0.719591553075,2.352158972804E-23,0.694397578295
    ));
#11603 = ADVANCED_FACE('',(#11604),#11621,.T.);
#11604 = FACE_BOUND('',#11605,.T.);
#11605 = EDGE_LOOP('',(#11606,#11614,#11615));
#11606 = ORIENTED_EDGE('',*,*,#11607,.T.);
#11607 = EDGE_CURVE('',#11608,#7505,#11610,.T.);
#11608 = VERTEX_POINT('',#11609);
#11609 = CARTESIAN_POINT('',(1.826923131943,0.625,1.548541069031));
#11610 = LINE('',#11611,#11612);
#11611 = CARTESIAN_POINT('',(1.826923131943,0.625,1.548541069031));
#11612 = VECTOR('',#11613,1.);
#11613 = DIRECTION('',(-0.578845084018,-0.59407752138,0.558578792383));
#11614 = ORIENTED_EDGE('',*,*,#7683,.F.);
#11615 = ORIENTED_EDGE('',*,*,#11616,.T.);
#11616 = EDGE_CURVE('',#7661,#11608,#11617,.T.);
#11617 = LINE('',#11618,#11619);
#11618 = CARTESIAN_POINT('',(1.948717951775,0.5,1.431010484695));
#11619 = VECTOR('',#11620,1.);
#11620 = DIRECTION('',(-0.578844890477,0.594077904213,0.558578585782));
#11621 = PLANE('',#11622);
#11622 = AXIS2_PLACEMENT_3D('',#11623,#11624,#11625);
#11623 = CARTESIAN_POINT('',(1.82692307798,0.534637405754,1.548541122613
    ));
#11624 = DIRECTION('',(0.694397532707,1.201346605596E-08,0.719591597067)
  );
#11625 = DIRECTION('',(0.719591597067,1.478541714744E-25,-0.694397532707
    ));
#11626 = ADVANCED_FACE('',(#11627),#11644,.T.);
#11627 = FACE_BOUND('',#11628,.T.);
#11628 = EDGE_LOOP('',(#11629,#11630,#11638));
#11629 = ORIENTED_EDGE('',*,*,#11616,.F.);
#11630 = ORIENTED_EDGE('',*,*,#11631,.T.);
#11631 = EDGE_CURVE('',#7661,#11632,#11634,.T.);
#11632 = VERTEX_POINT('',#11633);
#11633 = CARTESIAN_POINT('',(1.948717951775,0.75,1.431010484695));
#11634 = LINE('',#11635,#11636);
#11635 = CARTESIAN_POINT('',(1.948717951775,0.5,1.431010484695));
#11636 = VECTOR('',#11637,1.);
#11637 = DIRECTION('',(0.,1.,0.));
#11638 = ORIENTED_EDGE('',*,*,#11639,.T.);
#11639 = EDGE_CURVE('',#11632,#11608,#11640,.T.);
#11640 = LINE('',#11641,#11642);
#11641 = CARTESIAN_POINT('',(1.948717951775,0.75,1.431010484695));
#11642 = VECTOR('',#11643,1.);
#11643 = DIRECTION('',(-0.578844890477,-0.594077904213,0.558578585782));
#11644 = PLANE('',#11645);
#11645 = AXIS2_PLACEMENT_3D('',#11646,#11647,#11648);
#11646 = CARTESIAN_POINT('',(1.910515672102,0.625,1.467875240183));
#11647 = DIRECTION('',(0.694397526323,0.,0.719591603228));
#11648 = DIRECTION('',(0.719591603228,0.,-0.694397526323));
#11649 = ADVANCED_FACE('',(#11650),#11665,.T.);
#11650 = FACE_BOUND('',#11651,.T.);
#11651 = EDGE_LOOP('',(#11652,#11653,#11659));
#11652 = ORIENTED_EDGE('',*,*,#11639,.F.);
#11653 = ORIENTED_EDGE('',*,*,#11654,.T.);
#11654 = EDGE_CURVE('',#11632,#11476,#11655,.T.);
#11655 = LINE('',#11656,#11657);
#11656 = CARTESIAN_POINT('',(1.948717951775,0.75,1.431010484695));
#11657 = VECTOR('',#11658,1.);
#11658 = DIRECTION('',(-0.719591597067,0.,0.694397532707));
#11659 = ORIENTED_EDGE('',*,*,#11660,.T.);
#11660 = EDGE_CURVE('',#11476,#11608,#11661,.T.);
#11661 = LINE('',#11662,#11663);
#11662 = CARTESIAN_POINT('',(1.705128192902,0.75,1.666071772575));
#11663 = VECTOR('',#11664,1.);
#11664 = DIRECTION('',(0.578845084018,-0.59407752138,-0.558578792383));
#11665 = PLANE('',#11666);
#11666 = AXIS2_PLACEMENT_3D('',#11667,#11668,#11669);
#11667 = CARTESIAN_POINT('',(1.82692307798,0.715362594246,1.548541122613
    ));
#11668 = DIRECTION('',(0.694397532707,-1.201346605682E-08,0.719591597067
    ));
#11669 = DIRECTION('',(0.719591597067,-3.739629869963E-25,
    -0.694397532707));
#11670 = ADVANCED_FACE('',(#11671),#11676,.T.);
#11671 = FACE_BOUND('',#11672,.T.);
#11672 = EDGE_LOOP('',(#11673,#11674,#11675));
#11673 = ORIENTED_EDGE('',*,*,#11660,.F.);
#11674 = ORIENTED_EDGE('',*,*,#11475,.F.);
#11675 = ORIENTED_EDGE('',*,*,#11607,.F.);
#11676 = PLANE('',#11677);
#11677 = AXIS2_PLACEMENT_3D('',#11678,#11679,#11680);
#11678 = CARTESIAN_POINT('',(1.74333051914,0.625,1.629206970843));
#11679 = DIRECTION('',(0.694397539092,0.,0.719591590906));
#11680 = DIRECTION('',(0.719591590906,0.,-0.694397539092));
#11681 = ADVANCED_FACE('',(#11682),#11699,.T.);
#11682 = FACE_BOUND('',#11683,.T.);
#11683 = EDGE_LOOP('',(#11684,#11692,#11693));
#11684 = ORIENTED_EDGE('',*,*,#11685,.T.);
#11685 = EDGE_CURVE('',#11686,#7583,#11688,.T.);
#11686 = VERTEX_POINT('',#11687);
#11687 = CARTESIAN_POINT('',(2.070512771606,0.625,0.324372947216));
#11688 = LINE('',#11689,#11690);
#11689 = CARTESIAN_POINT('',(2.070512771606,0.625,0.324372947216));
#11690 = VECTOR('',#11691,1.);
#11691 = DIRECTION('',(-0.595500460447,-0.611171785949,0.521390688129));
#11692 = ORIENTED_EDGE('',*,*,#11576,.F.);
#11693 = ORIENTED_EDGE('',*,*,#11694,.T.);
#11694 = EDGE_CURVE('',#11554,#11686,#11695,.T.);
#11695 = LINE('',#11696,#11697);
#11696 = CARTESIAN_POINT('',(1.948717951775,0.75,0.431010454893));
#11697 = VECTOR('',#11698,1.);
#11698 = DIRECTION('',(0.595500460447,-0.611171785949,-0.521390688129));
#11699 = PLANE('',#11700);
#11700 = AXIS2_PLACEMENT_3D('',#11701,#11702,#11703);
#11701 = CARTESIAN_POINT('',(1.986514920693,0.625,0.397917302255));
#11702 = DIRECTION('',(-0.658739128951,-0.,-0.752371424224));
#11703 = DIRECTION('',(-0.752371424224,0.,0.658739128951));
#11704 = ADVANCED_FACE('',(#11705),#11722,.T.);
#11705 = FACE_BOUND('',#11706,.T.);
#11706 = EDGE_LOOP('',(#11707,#11708,#11716));
#11707 = ORIENTED_EDGE('',*,*,#11694,.F.);
#11708 = ORIENTED_EDGE('',*,*,#11709,.T.);
#11709 = EDGE_CURVE('',#11554,#11710,#11712,.T.);
#11710 = VERTEX_POINT('',#11711);
#11711 = CARTESIAN_POINT('',(2.192307710648,0.75,0.217735439539));
#11712 = LINE('',#11713,#11714);
#11713 = CARTESIAN_POINT('',(1.948717951775,0.75,0.431010454893));
#11714 = VECTOR('',#11715,1.);
#11715 = DIRECTION('',(0.752371584,0.,-0.658738946465));
#11716 = ORIENTED_EDGE('',*,*,#11717,.T.);
#11717 = EDGE_CURVE('',#11710,#11686,#11718,.T.);
#11718 = LINE('',#11719,#11720);
#11719 = CARTESIAN_POINT('',(2.192307710648,0.75,0.217735439539));
#11720 = VECTOR('',#11721,1.);
#11721 = DIRECTION('',(-0.595500836612,-0.611171573815,0.521390507158));
#11722 = PLANE('',#11723);
#11723 = AXIS2_PLACEMENT_3D('',#11724,#11725,#11726);
#11724 = CARTESIAN_POINT('',(2.070512820475,0.715112995976,
    0.324372942051));
#11725 = DIRECTION('',(-0.658738946465,3.141112072698E-07,-0.752371584)
  );
#11726 = DIRECTION('',(-0.752371584,1.769851382243E-24,0.658738946465));
#11727 = ADVANCED_FACE('',(#11728),#11743,.T.);
#11728 = FACE_BOUND('',#11729,.T.);
#11729 = EDGE_LOOP('',(#11730,#11731,#11737));
#11730 = ORIENTED_EDGE('',*,*,#11717,.F.);
#11731 = ORIENTED_EDGE('',*,*,#11732,.T.);
#11732 = EDGE_CURVE('',#11710,#7739,#11733,.T.);
#11733 = LINE('',#11734,#11735);
#11734 = CARTESIAN_POINT('',(2.192307710648,0.75,0.217735439539));
#11735 = VECTOR('',#11736,1.);
#11736 = DIRECTION('',(0.,-1.,0.));
#11737 = ORIENTED_EDGE('',*,*,#11738,.T.);
#11738 = EDGE_CURVE('',#7739,#11686,#11739,.T.);
#11739 = LINE('',#11740,#11741);
#11740 = CARTESIAN_POINT('',(2.192307710648,0.5,0.217735439539));
#11741 = VECTOR('',#11742,1.);
#11742 = DIRECTION('',(-0.595500836612,0.611171573815,0.521390507158));
#11743 = PLANE('',#11744);
#11744 = AXIS2_PLACEMENT_3D('',#11745,#11746,#11747);
#11745 = CARTESIAN_POINT('',(2.154510699758,0.625,0.250828596534));
#11746 = DIRECTION('',(-0.658738763979,-0.,-0.752371743775));
#11747 = DIRECTION('',(-0.752371743775,0.,0.658738763979));
#11748 = ADVANCED_FACE('',(#11749),#11754,.T.);
#11749 = FACE_BOUND('',#11750,.T.);
#11750 = EDGE_LOOP('',(#11751,#11752,#11753));
#11751 = ORIENTED_EDGE('',*,*,#11738,.F.);
#11752 = ORIENTED_EDGE('',*,*,#7738,.F.);
#11753 = ORIENTED_EDGE('',*,*,#11685,.F.);
#11754 = PLANE('',#11755);
#11755 = AXIS2_PLACEMENT_3D('',#11756,#11757,#11758);
#11756 = CARTESIAN_POINT('',(2.070512820475,0.534887004024,
    0.324372942051));
#11757 = DIRECTION('',(-0.658738946465,-3.141112072885E-07,-0.752371584)
  );
#11758 = DIRECTION('',(-0.752371584,5.039090622393E-25,0.658738946465));
#11759 = ADVANCED_FACE('',(#11760),#11777,.T.);
#11760 = FACE_BOUND('',#11761,.T.);
#11761 = EDGE_LOOP('',(#11762,#11770,#11771));
#11762 = ORIENTED_EDGE('',*,*,#11763,.T.);
#11763 = EDGE_CURVE('',#11764,#7661,#11766,.T.);
#11764 = VERTEX_POINT('',#11765);
#11765 = CARTESIAN_POINT('',(2.070512771606,0.625,1.324372887611));
#11766 = LINE('',#11767,#11768);
#11767 = CARTESIAN_POINT('',(2.070512771606,0.625,1.324372887611));
#11768 = VECTOR('',#11769,1.);
#11769 = DIRECTION('',(-0.595500324719,-0.611171646649,0.521391006436));
#11770 = ORIENTED_EDGE('',*,*,#7839,.F.);
#11771 = ORIENTED_EDGE('',*,*,#11772,.T.);
#11772 = EDGE_CURVE('',#7817,#11764,#11773,.T.);
#11773 = LINE('',#11774,#11775);
#11774 = CARTESIAN_POINT('',(2.192307710648,0.5,1.217735409737));
#11775 = VECTOR('',#11776,1.);
#11776 = DIRECTION('',(-0.595500881855,0.611171620249,0.521390401056));
#11777 = PLANE('',#11778);
#11778 = AXIS2_PLACEMENT_3D('',#11779,#11780,#11781);
#11779 = CARTESIAN_POINT('',(2.07051281531,0.534887003326,1.324372929938
    ));
#11780 = DIRECTION('',(0.658739050677,6.728699414495E-07,0.752371492757)
  );
#11781 = DIRECTION('',(0.752371492757,-7.413829345697E-24,
    -0.658739050677));
#11782 = ADVANCED_FACE('',(#11783),#11800,.T.);
#11783 = FACE_BOUND('',#11784,.T.);
#11784 = EDGE_LOOP('',(#11785,#11786,#11794));
#11785 = ORIENTED_EDGE('',*,*,#11772,.F.);
#11786 = ORIENTED_EDGE('',*,*,#11787,.T.);
#11787 = EDGE_CURVE('',#7817,#11788,#11790,.T.);
#11788 = VERTEX_POINT('',#11789);
#11789 = CARTESIAN_POINT('',(2.192307710648,0.75,1.217735409737));
#11790 = LINE('',#11791,#11792);
#11791 = CARTESIAN_POINT('',(2.192307710648,0.5,1.217735409737));
#11792 = VECTOR('',#11793,1.);
#11793 = DIRECTION('',(0.,1.,0.));
#11794 = ORIENTED_EDGE('',*,*,#11795,.T.);
#11795 = EDGE_CURVE('',#11788,#11764,#11796,.T.);
#11796 = LINE('',#11797,#11798);
#11797 = CARTESIAN_POINT('',(2.192307710648,0.75,1.217735409737));
#11798 = VECTOR('',#11799,1.);
#11799 = DIRECTION('',(-0.595500881855,-0.611171620249,0.521390401056));
#11800 = PLANE('',#11801);
#11801 = AXIS2_PLACEMENT_3D('',#11802,#11803,#11804);
#11802 = CARTESIAN_POINT('',(2.154510700847,0.625,1.250828556529));
#11803 = DIRECTION('',(0.658738659767,0.,0.752371835018));
#11804 = DIRECTION('',(0.752371835018,0.,-0.658738659767));
#11805 = ADVANCED_FACE('',(#11806),#11821,.T.);
#11806 = FACE_BOUND('',#11807,.T.);
#11807 = EDGE_LOOP('',(#11808,#11809,#11815));
#11808 = ORIENTED_EDGE('',*,*,#11795,.F.);
#11809 = ORIENTED_EDGE('',*,*,#11810,.T.);
#11810 = EDGE_CURVE('',#11788,#11632,#11811,.T.);
#11811 = LINE('',#11812,#11813);
#11812 = CARTESIAN_POINT('',(2.192307710648,0.75,1.217735409737));
#11813 = VECTOR('',#11814,1.);
#11814 = DIRECTION('',(-0.752371492757,0.,0.658739050677));
#11815 = ORIENTED_EDGE('',*,*,#11816,.T.);
#11816 = EDGE_CURVE('',#11632,#11764,#11817,.T.);
#11817 = LINE('',#11818,#11819);
#11818 = CARTESIAN_POINT('',(1.948717951775,0.75,1.431010484695));
#11819 = VECTOR('',#11820,1.);
#11820 = DIRECTION('',(0.595500324719,-0.611171646649,-0.521391006436));
#11821 = PLANE('',#11822);
#11822 = AXIS2_PLACEMENT_3D('',#11823,#11824,#11825);
#11823 = CARTESIAN_POINT('',(2.07051281531,0.715112996674,1.324372929938
    ));
#11824 = DIRECTION('',(0.658739050677,-6.728699413906E-07,0.752371492757
    ));
#11825 = DIRECTION('',(0.752371492757,-1.453941284283E-23,
    -0.658739050677));
#11826 = ADVANCED_FACE('',(#11827),#11832,.T.);
#11827 = FACE_BOUND('',#11828,.T.);
#11828 = EDGE_LOOP('',(#11829,#11830,#11831));
#11829 = ORIENTED_EDGE('',*,*,#11816,.F.);
#11830 = ORIENTED_EDGE('',*,*,#11631,.F.);
#11831 = ORIENTED_EDGE('',*,*,#11763,.F.);
#11832 = PLANE('',#11833);
#11833 = AXIS2_PLACEMENT_3D('',#11834,#11835,#11836);
#11834 = CARTESIAN_POINT('',(1.986514923961,0.625,1.39791730145));
#11835 = DIRECTION('',(0.658739441587,0.,0.752371150495));
#11836 = DIRECTION('',(0.752371150495,0.,-0.658739441587));
#11837 = ADVANCED_FACE('',(#11838),#11855,.T.);
#11838 = FACE_BOUND('',#11839,.T.);
#11839 = EDGE_LOOP('',(#11840,#11848,#11849));
#11840 = ORIENTED_EDGE('',*,*,#11841,.T.);
#11841 = EDGE_CURVE('',#11842,#7739,#11844,.T.);
#11842 = VERTEX_POINT('',#11843);
#11843 = CARTESIAN_POINT('',(2.314102649689,0.625,0.128287300467));
#11844 = LINE('',#11845,#11846);
#11845 = CARTESIAN_POINT('',(2.314102649689,0.625,0.128287300467));
#11846 = VECTOR('',#11847,1.);
#11847 = DIRECTION('',(-0.621047379539,-0.637390379712,0.456107066618));
#11848 = ORIENTED_EDGE('',*,*,#11732,.F.);
#11849 = ORIENTED_EDGE('',*,*,#11850,.T.);
#11850 = EDGE_CURVE('',#11710,#11842,#11851,.T.);
#11851 = LINE('',#11852,#11853);
#11852 = CARTESIAN_POINT('',(2.192307710648,0.75,0.217735439539));
#11853 = VECTOR('',#11854,1.);
#11854 = DIRECTION('',(0.621047379539,-0.637390379712,-0.456107066618));
#11855 = PLANE('',#11856);
#11856 = AXIS2_PLACEMENT_3D('',#11857,#11858,#11859);
#11857 = CARTESIAN_POINT('',(2.229499494766,0.625,0.190421202146));
#11858 = DIRECTION('',(-0.591930915138,-0.,-0.805988704452));
#11859 = DIRECTION('',(-0.805988704452,0.,0.591930915138));
#11860 = ADVANCED_FACE('',(#11861),#11878,.T.);
#11861 = FACE_BOUND('',#11862,.T.);
#11862 = EDGE_LOOP('',(#11863,#11864,#11872));
#11863 = ORIENTED_EDGE('',*,*,#11850,.F.);
#11864 = ORIENTED_EDGE('',*,*,#11865,.T.);
#11865 = EDGE_CURVE('',#11710,#11866,#11868,.T.);
#11866 = VERTEX_POINT('',#11867);
#11867 = CARTESIAN_POINT('',(2.435897350311,0.75,3.883915767074E-02));
#11868 = LINE('',#11869,#11870);
#11869 = CARTESIAN_POINT('',(2.192307710648,0.75,0.217735439539));
#11870 = VECTOR('',#11871,1.);
#11871 = DIRECTION('',(0.805988422162,0.,-0.591931299511));
#11872 = ORIENTED_EDGE('',*,*,#11873,.T.);
#11873 = EDGE_CURVE('',#11866,#11842,#11874,.T.);
#11874 = LINE('',#11875,#11876);
#11875 = CARTESIAN_POINT('',(2.435897350311,0.75,3.883915767074E-02));
#11876 = VECTOR('',#11877,1.);
#11877 = DIRECTION('',(-0.621046627337,-0.637390855434,0.456107426033));
#11878 = PLANE('',#11879);
#11879 = AXIS2_PLACEMENT_3D('',#11880,#11881,#11882);
#11880 = CARTESIAN_POINT('',(2.314102551309,0.714700051953,
    0.128287308557));
#11881 = DIRECTION('',(-0.591931299511,-5.765198407824E-07,
    -0.805988422162));
#11882 = DIRECTION('',(-0.805988422162,3.320979994671E-23,0.591931299511
    ));
#11883 = ADVANCED_FACE('',(#11884),#11899,.T.);
#11884 = FACE_BOUND('',#11885,.T.);
#11885 = EDGE_LOOP('',(#11886,#11887,#11893));
#11886 = ORIENTED_EDGE('',*,*,#11873,.F.);
#11887 = ORIENTED_EDGE('',*,*,#11888,.T.);
#11888 = EDGE_CURVE('',#11866,#7895,#11889,.T.);
#11889 = LINE('',#11890,#11891);
#11890 = CARTESIAN_POINT('',(2.435897350311,0.75,3.883915767074E-02));
#11891 = VECTOR('',#11892,1.);
#11892 = DIRECTION('',(0.,-1.,0.));
#11893 = ORIENTED_EDGE('',*,*,#11894,.T.);
#11894 = EDGE_CURVE('',#7895,#11842,#11895,.T.);
#11895 = LINE('',#11896,#11897);
#11896 = CARTESIAN_POINT('',(2.435897350311,0.5,3.883915767074E-02));
#11897 = VECTOR('',#11898,1.);
#11898 = DIRECTION('',(-0.621046627337,0.637390855434,0.456107426033));
#11899 = PLANE('',#11900);
#11900 = AXIS2_PLACEMENT_3D('',#11901,#11902,#11903);
#11901 = CARTESIAN_POINT('',(2.398705649802,0.625,6.615338826507E-02));
#11902 = DIRECTION('',(-0.591931683885,-0.,-0.805988139872));
#11903 = DIRECTION('',(-0.805988139872,0.,0.591931683885));
#11904 = ADVANCED_FACE('',(#11905),#11910,.T.);
#11905 = FACE_BOUND('',#11906,.T.);
#11906 = EDGE_LOOP('',(#11907,#11908,#11909));
#11907 = ORIENTED_EDGE('',*,*,#11894,.F.);
#11908 = ORIENTED_EDGE('',*,*,#7894,.F.);
#11909 = ORIENTED_EDGE('',*,*,#11841,.F.);
#11910 = PLANE('',#11911);
#11911 = AXIS2_PLACEMENT_3D('',#11912,#11913,#11914);
#11912 = CARTESIAN_POINT('',(2.314102551309,0.535299948047,
    0.128287308557));
#11913 = DIRECTION('',(-0.591931299511,5.765198407995E-07,
    -0.805988422162));
#11914 = DIRECTION('',(-0.805988422162,-4.521502706983E-25,
    0.591931299511));
#11915 = ADVANCED_FACE('',(#11916),#11933,.T.);
#11916 = FACE_BOUND('',#11917,.T.);
#11917 = EDGE_LOOP('',(#11918,#11926,#11927));
#11918 = ORIENTED_EDGE('',*,*,#11919,.T.);
#11919 = EDGE_CURVE('',#11920,#7817,#11922,.T.);
#11920 = VERTEX_POINT('',#11921);
#11921 = CARTESIAN_POINT('',(2.314102649689,0.625,1.128287315369));
#11922 = LINE('',#11923,#11924);
#11923 = CARTESIAN_POINT('',(2.314102649689,0.625,1.128287315369));
#11924 = VECTOR('',#11925,1.);
#11925 = DIRECTION('',(-0.621047444109,-0.63739044598,0.45610688609));
#11926 = ORIENTED_EDGE('',*,*,#7995,.F.);
#11927 = ORIENTED_EDGE('',*,*,#11928,.T.);
#11928 = EDGE_CURVE('',#7973,#11920,#11929,.T.);
#11929 = LINE('',#11930,#11931);
#11930 = CARTESIAN_POINT('',(2.435897350311,0.5,1.038839101791));
#11931 = VECTOR('',#11932,1.);
#11932 = DIRECTION('',(-0.621046525102,0.637390750508,0.456107711869));
#11933 = PLANE('',#11934);
#11934 = AXIS2_PLACEMENT_3D('',#11935,#11936,#11937);
#11935 = CARTESIAN_POINT('',(2.314102555928,0.535299947728,
    1.128287278631));
#11936 = DIRECTION('',(0.591931355562,-9.488349400177E-07,0.805988380997
    ));
#11937 = DIRECTION('',(0.805988380997,5.5069272688E-24,-0.591931355562)
  );
#11938 = ADVANCED_FACE('',(#11939),#11956,.T.);
#11939 = FACE_BOUND('',#11940,.T.);
#11940 = EDGE_LOOP('',(#11941,#11942,#11950));
#11941 = ORIENTED_EDGE('',*,*,#11928,.F.);
#11942 = ORIENTED_EDGE('',*,*,#11943,.T.);
#11943 = EDGE_CURVE('',#7973,#11944,#11946,.T.);
#11944 = VERTEX_POINT('',#11945);
#11945 = CARTESIAN_POINT('',(2.435897350311,0.75,1.038839101791));
#11946 = LINE('',#11947,#11948);
#11947 = CARTESIAN_POINT('',(2.435897350311,0.5,1.038839101791));
#11948 = VECTOR('',#11949,1.);
#11949 = DIRECTION('',(0.,1.,0.));
#11950 = ORIENTED_EDGE('',*,*,#11951,.T.);
#11951 = EDGE_CURVE('',#11944,#11920,#11952,.T.);
#11952 = LINE('',#11953,#11954);
#11953 = CARTESIAN_POINT('',(2.435897350311,0.75,1.038839101791));
#11954 = VECTOR('',#11955,1.);
#11955 = DIRECTION('',(-0.621046525102,-0.637390750508,0.456107711869));
#11956 = PLANE('',#11957);
#11957 = AXIS2_PLACEMENT_3D('',#11958,#11959,#11960);
#11958 = CARTESIAN_POINT('',(2.398705647419,0.625,1.06615335575));
#11959 = DIRECTION('',(0.591931988163,0.,0.805987916404));
#11960 = DIRECTION('',(0.805987916404,0.,-0.591931988163));
#11961 = ADVANCED_FACE('',(#11962),#11977,.T.);
#11962 = FACE_BOUND('',#11963,.T.);
#11963 = EDGE_LOOP('',(#11964,#11965,#11971));
#11964 = ORIENTED_EDGE('',*,*,#11951,.F.);
#11965 = ORIENTED_EDGE('',*,*,#11966,.T.);
#11966 = EDGE_CURVE('',#11944,#11788,#11967,.T.);
#11967 = LINE('',#11968,#11969);
#11968 = CARTESIAN_POINT('',(2.435897350311,0.75,1.038839101791));
#11969 = VECTOR('',#11970,1.);
#11970 = DIRECTION('',(-0.805988380997,0.,0.591931355562));
#11971 = ORIENTED_EDGE('',*,*,#11972,.T.);
#11972 = EDGE_CURVE('',#11788,#11920,#11973,.T.);
#11973 = LINE('',#11974,#11975);
#11974 = CARTESIAN_POINT('',(2.192307710648,0.75,1.217735409737));
#11975 = VECTOR('',#11976,1.);
#11976 = DIRECTION('',(0.621047444109,-0.63739044598,-0.45610688609));
#11977 = PLANE('',#11978);
#11978 = AXIS2_PLACEMENT_3D('',#11979,#11980,#11981);
#11979 = CARTESIAN_POINT('',(2.314102555928,0.714700052272,
    1.128287278631));
#11980 = DIRECTION('',(0.591931355562,9.488349400064E-07,0.805988380997)
  );
#11981 = DIRECTION('',(0.805988380997,5.176206636047E-23,-0.591931355562
    ));
#11982 = ADVANCED_FACE('',(#11983),#11988,.T.);
#11983 = FACE_BOUND('',#11984,.T.);
#11984 = EDGE_LOOP('',(#11985,#11986,#11987));
#11985 = ORIENTED_EDGE('',*,*,#11972,.F.);
#11986 = ORIENTED_EDGE('',*,*,#11787,.F.);
#11987 = ORIENTED_EDGE('',*,*,#11919,.F.);
#11988 = PLANE('',#11989);
#11989 = AXIS2_PLACEMENT_3D('',#11990,#11991,#11992);
#11990 = CARTESIAN_POINT('',(2.229499493261,0.625,1.1904211871));
#11991 = DIRECTION('',(0.591930722962,0.,0.805988845589));
#11992 = DIRECTION('',(0.805988845589,0.,-0.591930722962));
#11993 = ADVANCED_FACE('',(#11994),#12011,.T.);
#11994 = FACE_BOUND('',#11995,.T.);
#11995 = EDGE_LOOP('',(#11996,#12004,#12005));
#11996 = ORIENTED_EDGE('',*,*,#11997,.T.);
#11997 = EDGE_CURVE('',#11998,#7895,#12000,.T.);
#11998 = VERTEX_POINT('',#11999);
#11999 = CARTESIAN_POINT('',(2.557692289352,0.625,-2.813831716776E-02));
#12000 = LINE('',#12001,#12002);
#12001 = CARTESIAN_POINT('',(2.557692289352,0.625,-2.813831716776E-02));
#12002 = VECTOR('',#12003,1.);
#12003 = DIRECTION('',(-0.651533553386,-0.668678804016,0.358291342168));
#12004 = ORIENTED_EDGE('',*,*,#11888,.F.);
#12005 = ORIENTED_EDGE('',*,*,#12006,.T.);
#12006 = EDGE_CURVE('',#11866,#11998,#12007,.T.);
#12007 = LINE('',#12008,#12009);
#12008 = CARTESIAN_POINT('',(2.435897350311,0.75,3.883915767074E-02));
#12009 = VECTOR('',#12010,1.);
#12010 = DIRECTION('',(0.651533553386,-0.668678804016,-0.358291342168));
#12011 = PLANE('',#12012);
#12012 = AXIS2_PLACEMENT_3D('',#12013,#12014,#12015);
#12013 = CARTESIAN_POINT('',(2.472391772949,0.625,1.877014418614E-02));
#12014 = DIRECTION('',(-0.481864940394,-0.,-0.876245501683));
#12015 = DIRECTION('',(-0.876245501683,0.,0.481864940394));
#12016 = ADVANCED_FACE('',(#12017),#12034,.T.);
#12017 = FACE_BOUND('',#12018,.T.);
#12018 = EDGE_LOOP('',(#12019,#12020,#12028));
#12019 = ORIENTED_EDGE('',*,*,#12006,.F.);
#12020 = ORIENTED_EDGE('',*,*,#12021,.T.);
#12021 = EDGE_CURVE('',#11866,#12022,#12024,.T.);
#12022 = VERTEX_POINT('',#12023);
#12023 = CARTESIAN_POINT('',(2.679487228394,0.75,-9.511578828096E-02));
#12024 = LINE('',#12025,#12026);
#12025 = CARTESIAN_POINT('',(2.435897350311,0.75,3.883915767074E-02));
#12026 = VECTOR('',#12027,1.);
#12027 = DIRECTION('',(0.876245507341,0.,-0.481864930105));
#12028 = ORIENTED_EDGE('',*,*,#12029,.T.);
#12029 = EDGE_CURVE('',#12022,#11998,#12030,.T.);
#12030 = LINE('',#12031,#12032);
#12031 = CARTESIAN_POINT('',(2.679487228394,0.75,-9.511578828096E-02));
#12032 = VECTOR('',#12033,1.);
#12033 = DIRECTION('',(-0.651533558038,-0.66867880879,0.358291324798));
#12034 = PLANE('',#12035);
#12035 = AXIS2_PLACEMENT_3D('',#12036,#12037,#12038);
#12036 = CARTESIAN_POINT('',(2.557692289228,0.714153623038,
    -2.81383157707E-02));
#12037 = DIRECTION('',(-0.481864930105,1.305707564806E-08,
    -0.876245507341));
#12038 = DIRECTION('',(-0.876245507341,-4.32537973613E-25,0.481864930105
    ));
#12039 = ADVANCED_FACE('',(#12040),#12055,.T.);
#12040 = FACE_BOUND('',#12041,.T.);
#12041 = EDGE_LOOP('',(#12042,#12043,#12049));
#12042 = ORIENTED_EDGE('',*,*,#12029,.F.);
#12043 = ORIENTED_EDGE('',*,*,#12044,.T.);
#12044 = EDGE_CURVE('',#12022,#8051,#12045,.T.);
#12045 = LINE('',#12046,#12047);
#12046 = CARTESIAN_POINT('',(2.679487228394,0.75,-9.511578828096E-02));
#12047 = VECTOR('',#12048,1.);
#12048 = DIRECTION('',(0.,-1.,0.));
#12049 = ORIENTED_EDGE('',*,*,#12050,.T.);
#12050 = EDGE_CURVE('',#8051,#11998,#12051,.T.);
#12051 = LINE('',#12052,#12053);
#12052 = CARTESIAN_POINT('',(2.679487228394,0.5,-9.511578828096E-02));
#12053 = VECTOR('',#12054,1.);
#12054 = DIRECTION('',(-0.651533558038,0.66867880879,0.358291324798));
#12055 = PLANE('',#12056);
#12056 = AXIS2_PLACEMENT_3D('',#12057,#12058,#12059);
#12057 = CARTESIAN_POINT('',(2.64299280586,0.625,-7.504677597003E-02));
#12058 = DIRECTION('',(-0.481864919815,-0.,-0.876245512999));
#12059 = DIRECTION('',(-0.876245512999,0.,0.481864919815));
#12060 = ADVANCED_FACE('',(#12061),#12066,.T.);
#12061 = FACE_BOUND('',#12062,.T.);
#12062 = EDGE_LOOP('',(#12063,#12064,#12065));
#12063 = ORIENTED_EDGE('',*,*,#12050,.F.);
#12064 = ORIENTED_EDGE('',*,*,#8050,.F.);
#12065 = ORIENTED_EDGE('',*,*,#11997,.F.);
#12066 = PLANE('',#12067);
#12067 = AXIS2_PLACEMENT_3D('',#12068,#12069,#12070);
#12068 = CARTESIAN_POINT('',(2.557692289228,0.535846376962,
    -2.81383157707E-02));
#12069 = DIRECTION('',(-0.481864930105,-1.305707557466E-08,
    -0.876245507341));
#12070 = DIRECTION('',(-0.876245507341,6.436361991912E-25,0.481864930105
    ));
#12071 = ADVANCED_FACE('',(#12072),#12089,.T.);
#12072 = FACE_BOUND('',#12073,.T.);
#12073 = EDGE_LOOP('',(#12074,#12082,#12083));
#12074 = ORIENTED_EDGE('',*,*,#12075,.T.);
#12075 = EDGE_CURVE('',#12076,#7973,#12078,.T.);
#12076 = VERTEX_POINT('',#12077);
#12077 = CARTESIAN_POINT('',(2.557692289352,0.625,0.97186166048));
#12078 = LINE('',#12079,#12080);
#12079 = CARTESIAN_POINT('',(2.557692289352,0.625,0.97186166048));
#12080 = VECTOR('',#12081,1.);
#12081 = DIRECTION('',(-0.651533595254,-0.668678846986,0.358291185839));
#12082 = ORIENTED_EDGE('',*,*,#8151,.F.);
#12083 = ORIENTED_EDGE('',*,*,#12084,.T.);
#12084 = EDGE_CURVE('',#8129,#12076,#12085,.T.);
#12085 = LINE('',#12086,#12087);
#12086 = CARTESIAN_POINT('',(2.679487228394,0.5,0.90488421917));
#12087 = VECTOR('',#12088,1.);
#12088 = DIRECTION('',(-0.651533595254,0.668678846986,0.358291185839));
#12089 = PLANE('',#12090);
#12090 = AXIS2_PLACEMENT_3D('',#12091,#12092,#12093);
#12091 = CARTESIAN_POINT('',(2.557692289352,0.535846377712,0.97186166048
    ));
#12092 = DIRECTION('',(0.481864755189,0.,0.87624560353));
#12093 = DIRECTION('',(0.87624560353,0.,-0.481864755189));
#12094 = ADVANCED_FACE('',(#12095),#12112,.T.);
#12095 = FACE_BOUND('',#12096,.T.);
#12096 = EDGE_LOOP('',(#12097,#12098,#12106));
#12097 = ORIENTED_EDGE('',*,*,#12084,.F.);
#12098 = ORIENTED_EDGE('',*,*,#12099,.T.);
#12099 = EDGE_CURVE('',#8129,#12100,#12102,.T.);
#12100 = VERTEX_POINT('',#12101);
#12101 = CARTESIAN_POINT('',(2.679487228394,0.75,0.90488421917));
#12102 = LINE('',#12103,#12104);
#12103 = CARTESIAN_POINT('',(2.679487228394,0.5,0.90488421917));
#12104 = VECTOR('',#12105,1.);
#12105 = DIRECTION('',(0.,1.,0.));
#12106 = ORIENTED_EDGE('',*,*,#12107,.T.);
#12107 = EDGE_CURVE('',#12100,#12076,#12108,.T.);
#12108 = LINE('',#12109,#12110);
#12109 = CARTESIAN_POINT('',(2.679487228394,0.75,0.90488421917));
#12110 = VECTOR('',#12111,1.);
#12111 = DIRECTION('',(-0.651533595254,-0.668678846986,0.358291185839));
#12112 = PLANE('',#12113);
#12113 = AXIS2_PLACEMENT_3D('',#12114,#12115,#12116);
#12114 = CARTESIAN_POINT('',(2.642992806695,0.625,0.924953222091));
#12115 = DIRECTION('',(0.481864755189,0.,0.87624560353));
#12116 = DIRECTION('',(0.87624560353,0.,-0.481864755189));
#12117 = ADVANCED_FACE('',(#12118),#12133,.T.);
#12118 = FACE_BOUND('',#12119,.T.);
#12119 = EDGE_LOOP('',(#12120,#12121,#12127));
#12120 = ORIENTED_EDGE('',*,*,#12107,.F.);
#12121 = ORIENTED_EDGE('',*,*,#12122,.T.);
#12122 = EDGE_CURVE('',#12100,#11944,#12123,.T.);
#12123 = LINE('',#12124,#12125);
#12124 = CARTESIAN_POINT('',(2.679487228394,0.75,0.90488421917));
#12125 = VECTOR('',#12126,1.);
#12126 = DIRECTION('',(-0.87624560353,0.,0.481864755189));
#12127 = ORIENTED_EDGE('',*,*,#12128,.T.);
#12128 = EDGE_CURVE('',#11944,#12076,#12129,.T.);
#12129 = LINE('',#12130,#12131);
#12130 = CARTESIAN_POINT('',(2.435897350311,0.75,1.038839101791));
#12131 = VECTOR('',#12132,1.);
#12132 = DIRECTION('',(0.651533595254,-0.668678846986,-0.358291185839));
#12133 = PLANE('',#12134);
#12134 = AXIS2_PLACEMENT_3D('',#12135,#12136,#12137);
#12135 = CARTESIAN_POINT('',(2.557692289352,0.714153622288,0.97186166048
    ));
#12136 = DIRECTION('',(0.481864755189,0.,0.87624560353));
#12137 = DIRECTION('',(0.87624560353,0.,-0.481864755189));
#12138 = ADVANCED_FACE('',(#12139),#12144,.T.);
#12139 = FACE_BOUND('',#12140,.T.);
#12140 = EDGE_LOOP('',(#12141,#12142,#12143));
#12141 = ORIENTED_EDGE('',*,*,#12128,.F.);
#12142 = ORIENTED_EDGE('',*,*,#11943,.F.);
#12143 = ORIENTED_EDGE('',*,*,#12075,.F.);
#12144 = PLANE('',#12145);
#12145 = AXIS2_PLACEMENT_3D('',#12146,#12147,#12148);
#12146 = CARTESIAN_POINT('',(2.472391772009,0.625,1.01877009887));
#12147 = DIRECTION('',(0.481864755189,0.,0.87624560353));
#12148 = DIRECTION('',(0.87624560353,0.,-0.481864755189));
#12149 = ADVANCED_FACE('',(#12150),#12167,.T.);
#12150 = FACE_BOUND('',#12151,.T.);
#12151 = EDGE_LOOP('',(#12152,#12160,#12161));
#12152 = ORIENTED_EDGE('',*,*,#12153,.T.);
#12153 = EDGE_CURVE('',#12154,#8051,#12156,.T.);
#12154 = VERTEX_POINT('',#12155);
#12155 = CARTESIAN_POINT('',(2.801282167435,0.625,-0.135668039322));
#12156 = LINE('',#12157,#12158);
#12157 = CARTESIAN_POINT('',(2.801282167435,0.625,-0.135668039322));
#12158 = VECTOR('',#12159,1.);
#12159 = DIRECTION('',(-0.679756084215,-0.697644017032,0.226328282527));
#12160 = ORIENTED_EDGE('',*,*,#12044,.F.);
#12161 = ORIENTED_EDGE('',*,*,#12162,.T.);
#12162 = EDGE_CURVE('',#12022,#12154,#12163,.T.);
#12163 = LINE('',#12164,#12165);
#12164 = CARTESIAN_POINT('',(2.679487228394,0.75,-9.511578828096E-02));
#12165 = VECTOR('',#12166,1.);
#12166 = DIRECTION('',(0.679756084215,-0.697644017032,-0.226328282527));
#12167 = PLANE('',#12168);
#12168 = AXIS2_PLACEMENT_3D('',#12169,#12170,#12171);
#12169 = CARTESIAN_POINT('',(2.71535898296,0.625,-0.107059473363));
#12170 = DIRECTION('',(-0.315904804373,-0.,-0.948790890857));
#12171 = DIRECTION('',(-0.948790890857,0.,0.315904804373));
#12172 = ADVANCED_FACE('',(#12173),#12190,.T.);
#12173 = FACE_BOUND('',#12174,.T.);
#12174 = EDGE_LOOP('',(#12175,#12176,#12184));
#12175 = ORIENTED_EDGE('',*,*,#12162,.F.);
#12176 = ORIENTED_EDGE('',*,*,#12177,.T.);
#12177 = EDGE_CURVE('',#12022,#12178,#12180,.T.);
#12178 = VERTEX_POINT('',#12179);
#12179 = CARTESIAN_POINT('',(2.923076868057,0.75,-0.176220282912));
#12180 = LINE('',#12181,#12182);
#12181 = CARTESIAN_POINT('',(2.679487228394,0.75,-9.511578828096E-02));
#12182 = VECTOR('',#12183,1.);
#12183 = DIRECTION('',(0.94879080688,0.,-0.315905056591));
#12184 = ORIENTED_EDGE('',*,*,#12185,.T.);
#12185 = EDGE_CURVE('',#12178,#12154,#12186,.T.);
#12186 = LINE('',#12187,#12188);
#12187 = CARTESIAN_POINT('',(2.923076868057,0.75,-0.176220282912));
#12188 = VECTOR('',#12189,1.);
#12189 = DIRECTION('',(-0.679755374812,-0.69764465463,0.226328447792));
#12190 = PLANE('',#12191);
#12191 = AXIS2_PLACEMENT_3D('',#12192,#12193,#12194);
#12192 = CARTESIAN_POINT('',(2.801282066738,0.713587515552,
    -0.135668031284));
#12193 = DIRECTION('',(-0.315905056591,-2.729943693887E-07,
    -0.94879080688));
#12194 = DIRECTION('',(-0.94879080688,-5.148060933185E-24,0.315905056591
    ));
#12195 = ADVANCED_FACE('',(#12196),#12211,.T.);
#12196 = FACE_BOUND('',#12197,.T.);
#12197 = EDGE_LOOP('',(#12198,#12199,#12205));
#12198 = ORIENTED_EDGE('',*,*,#12185,.F.);
#12199 = ORIENTED_EDGE('',*,*,#12200,.T.);
#12200 = EDGE_CURVE('',#12178,#8207,#12201,.T.);
#12201 = LINE('',#12202,#12203);
#12202 = CARTESIAN_POINT('',(2.923076868057,0.75,-0.176220282912));
#12203 = VECTOR('',#12204,1.);
#12204 = DIRECTION('',(0.,-1.,0.));
#12205 = ORIENTED_EDGE('',*,*,#12206,.T.);
#12206 = EDGE_CURVE('',#8207,#12154,#12207,.T.);
#12207 = LINE('',#12208,#12209);
#12208 = CARTESIAN_POINT('',(2.923076868057,0.5,-0.176220282912));
#12209 = VECTOR('',#12210,1.);
#12210 = DIRECTION('',(-0.679755374812,0.69764465463,0.226328447792));
#12211 = PLANE('',#12212);
#12212 = AXIS2_PLACEMENT_3D('',#12213,#12214,#12215);
#12213 = CARTESIAN_POINT('',(2.887205197184,0.625,-0.164276604511));
#12214 = DIRECTION('',(-0.315905308809,-0.,-0.948790722903));
#12215 = DIRECTION('',(-0.948790722903,0.,0.315905308809));
#12216 = ADVANCED_FACE('',(#12217),#12222,.T.);
#12217 = FACE_BOUND('',#12218,.T.);
#12218 = EDGE_LOOP('',(#12219,#12220,#12221));
#12219 = ORIENTED_EDGE('',*,*,#12206,.F.);
#12220 = ORIENTED_EDGE('',*,*,#8206,.F.);
#12221 = ORIENTED_EDGE('',*,*,#12153,.F.);
#12222 = PLANE('',#12223);
#12223 = AXIS2_PLACEMENT_3D('',#12224,#12225,#12226);
#12224 = CARTESIAN_POINT('',(2.801282066738,0.536412484448,
    -0.135668031284));
#12225 = DIRECTION('',(-0.315905056591,2.729943693807E-07,-0.94879080688
    ));
#12226 = DIRECTION('',(-0.94879080688,-1.44191591616E-24,0.315905056591)
  );
#12227 = ADVANCED_FACE('',(#12228),#12245,.T.);
#12228 = FACE_BOUND('',#12229,.T.);
#12229 = EDGE_LOOP('',(#12230,#12238,#12239));
#12230 = ORIENTED_EDGE('',*,*,#12231,.T.);
#12231 = EDGE_CURVE('',#12232,#8129,#12234,.T.);
#12232 = VERTEX_POINT('',#12233);
#12233 = CARTESIAN_POINT('',(2.801282167435,0.625,0.864331960678));
#12234 = LINE('',#12235,#12236);
#12235 = CARTESIAN_POINT('',(2.801282167435,0.625,0.864331960678));
#12236 = VECTOR('',#12237,1.);
#12237 = DIRECTION('',(-0.679756077818,-0.697644010467,0.22632832198));
#12238 = ORIENTED_EDGE('',*,*,#8307,.F.);
#12239 = ORIENTED_EDGE('',*,*,#12240,.T.);
#12240 = EDGE_CURVE('',#8285,#12232,#12241,.T.);
#12241 = LINE('',#12242,#12243);
#12242 = CARTESIAN_POINT('',(2.923076868057,0.5,0.823779702187));
#12243 = VECTOR('',#12244,1.);
#12244 = DIRECTION('',(-0.679755362018,0.697644641498,0.226328526698));
#12245 = PLANE('',#12246);
#12246 = AXIS2_PLACEMENT_3D('',#12247,#12248,#12249);
#12247 = CARTESIAN_POINT('',(2.801282066905,0.536412484245,
    0.864331966021));
#12248 = DIRECTION('',(0.315905134963,-3.01270613635E-07,0.948790780786)
  );
#12249 = DIRECTION('',(0.948790780786,-1.428345922393E-24,
    -0.315905134963));
#12250 = ADVANCED_FACE('',(#12251),#12268,.T.);
#12251 = FACE_BOUND('',#12252,.T.);
#12252 = EDGE_LOOP('',(#12253,#12254,#12262));
#12253 = ORIENTED_EDGE('',*,*,#12240,.F.);
#12254 = ORIENTED_EDGE('',*,*,#12255,.T.);
#12255 = EDGE_CURVE('',#8285,#12256,#12258,.T.);
#12256 = VERTEX_POINT('',#12257);
#12257 = CARTESIAN_POINT('',(2.923076868057,0.75,0.823779702187));
#12258 = LINE('',#12259,#12260);
#12259 = CARTESIAN_POINT('',(2.923076868057,0.5,0.823779702187));
#12260 = VECTOR('',#12261,1.);
#12261 = DIRECTION('',(0.,1.,0.));
#12262 = ORIENTED_EDGE('',*,*,#12263,.T.);
#12263 = EDGE_CURVE('',#12256,#12232,#12264,.T.);
#12264 = LINE('',#12265,#12266);
#12265 = CARTESIAN_POINT('',(2.923076868057,0.75,0.823779702187));
#12266 = VECTOR('',#12267,1.);
#12267 = DIRECTION('',(-0.679755362018,-0.697644641498,0.226328526698));
#12268 = PLANE('',#12269);
#12269 = AXIS2_PLACEMENT_3D('',#12270,#12271,#12272);
#12270 = CARTESIAN_POINT('',(2.887205196906,0.625,0.835723385069));
#12271 = DIRECTION('',(0.315905413305,0.,0.94879068811));
#12272 = DIRECTION('',(0.94879068811,0.,-0.315905413305));
#12273 = ADVANCED_FACE('',(#12274),#12289,.T.);
#12274 = FACE_BOUND('',#12275,.T.);
#12275 = EDGE_LOOP('',(#12276,#12277,#12283));
#12276 = ORIENTED_EDGE('',*,*,#12263,.F.);
#12277 = ORIENTED_EDGE('',*,*,#12278,.T.);
#12278 = EDGE_CURVE('',#12256,#12100,#12279,.T.);
#12279 = LINE('',#12280,#12281);
#12280 = CARTESIAN_POINT('',(2.923076868057,0.75,0.823779702187));
#12281 = VECTOR('',#12282,1.);
#12282 = DIRECTION('',(-0.948790780786,0.,0.315905134963));
#12283 = ORIENTED_EDGE('',*,*,#12284,.T.);
#12284 = EDGE_CURVE('',#12100,#12232,#12285,.T.);
#12285 = LINE('',#12286,#12287);
#12286 = CARTESIAN_POINT('',(2.679487228394,0.75,0.90488421917));
#12287 = VECTOR('',#12288,1.);
#12288 = DIRECTION('',(0.679756077818,-0.697644010467,-0.22632832198));
#12289 = PLANE('',#12290);
#12290 = AXIS2_PLACEMENT_3D('',#12291,#12292,#12293);
#12291 = CARTESIAN_POINT('',(2.801282066905,0.713587515755,
    0.864331966021));
#12292 = DIRECTION('',(0.315905134963,3.0127061363E-07,0.948790780786));
#12293 = DIRECTION('',(0.948790780786,-7.278837751322E-24,
    -0.315905134963));
#12294 = ADVANCED_FACE('',(#12295),#12300,.T.);
#12295 = FACE_BOUND('',#12296,.T.);
#12296 = EDGE_LOOP('',(#12297,#12298,#12299));
#12297 = ORIENTED_EDGE('',*,*,#12284,.F.);
#12298 = ORIENTED_EDGE('',*,*,#12099,.F.);
#12299 = ORIENTED_EDGE('',*,*,#12231,.F.);
#12300 = PLANE('',#12301);
#12301 = AXIS2_PLACEMENT_3D('',#12302,#12303,#12304);
#12302 = CARTESIAN_POINT('',(2.715358983099,0.625,0.892940531847));
#12303 = DIRECTION('',(0.315904856621,0.,0.948790873461));
#12304 = DIRECTION('',(0.948790873461,0.,-0.315904856621));
#12305 = ADVANCED_FACE('',(#12306),#12323,.T.);
#12306 = FACE_BOUND('',#12307,.T.);
#12307 = EDGE_LOOP('',(#12308,#12316,#12317));
#12308 = ORIENTED_EDGE('',*,*,#12309,.T.);
#12309 = EDGE_CURVE('',#12310,#8207,#12312,.T.);
#12310 = VERTEX_POINT('',#12311);
#12311 = CARTESIAN_POINT('',(3.044871807098,0.625,-0.187952980399));
#12312 = LINE('',#12313,#12314);
#12313 = CARTESIAN_POINT('',(3.044871807098,0.625,-0.187952980399));
#12314 = VECTOR('',#12315,1.);
#12315 = DIRECTION('',(-0.696293287157,-0.714616400155,
    6.707502433741E-02));
#12316 = ORIENTED_EDGE('',*,*,#12200,.F.);
#12317 = ORIENTED_EDGE('',*,*,#12318,.T.);
#12318 = EDGE_CURVE('',#12178,#12310,#12319,.T.);
#12319 = LINE('',#12320,#12321);
#12320 = CARTESIAN_POINT('',(2.923076868057,0.75,-0.176220282912));
#12321 = VECTOR('',#12322,1.);
#12322 = DIRECTION('',(0.696293287157,-0.714616400155,
    -6.707502433741E-02));
#12323 = PLANE('',#12324);
#12324 = AXIS2_PLACEMENT_3D('',#12325,#12326,#12327);
#12325 = CARTESIAN_POINT('',(2.958593540775,0.625,-0.179641659695));
#12326 = DIRECTION('',(-9.588768778876E-02,-0.,-0.995392159569));
#12327 = DIRECTION('',(-0.995392159569,0.,9.588768778876E-02));
#12328 = ADVANCED_FACE('',(#12329),#12346,.T.);
#12329 = FACE_BOUND('',#12330,.T.);
#12330 = EDGE_LOOP('',(#12331,#12332,#12340));
#12331 = ORIENTED_EDGE('',*,*,#12318,.F.);
#12332 = ORIENTED_EDGE('',*,*,#12333,.T.);
#12333 = EDGE_CURVE('',#12178,#12334,#12336,.T.);
#12334 = VERTEX_POINT('',#12335);
#12335 = CARTESIAN_POINT('',(3.16666674614,0.75,-0.199685662985));
#12336 = LINE('',#12337,#12338);
#12337 = CARTESIAN_POINT('',(2.923076868057,0.75,-0.176220282912));
#12338 = VECTOR('',#12339,1.);
#12339 = DIRECTION('',(0.99539216538,0.,-9.588762745734E-02));
#12340 = ORIENTED_EDGE('',*,*,#12341,.T.);
#12341 = EDGE_CURVE('',#12334,#12310,#12342,.T.);
#12342 = LINE('',#12343,#12344);
#12343 = CARTESIAN_POINT('',(3.16666674614,0.75,-0.199685662985));
#12344 = VECTOR('',#12345,1.);
#12345 = DIRECTION('',(-0.696293291136,-0.714616404238,
    6.707493953177E-02));
#12346 = PLANE('',#12347);
#12347 = AXIS2_PLACEMENT_3D('',#12348,#12349,#12350);
#12348 = CARTESIAN_POINT('',(3.044871806996,0.713224835817,
    -0.187952975131));
#12349 = DIRECTION('',(-9.588762745734E-02,5.93299964277E-08,
    -0.99539216538));
#12350 = DIRECTION('',(-0.99539216538,-8.00656275357E-25,
    9.588762745734E-02));
#12351 = ADVANCED_FACE('',(#12352),#12367,.T.);
#12352 = FACE_BOUND('',#12353,.T.);
#12353 = EDGE_LOOP('',(#12354,#12355,#12361));
#12354 = ORIENTED_EDGE('',*,*,#12341,.F.);
#12355 = ORIENTED_EDGE('',*,*,#12356,.T.);
#12356 = EDGE_CURVE('',#12334,#8363,#12357,.T.);
#12357 = LINE('',#12358,#12359);
#12358 = CARTESIAN_POINT('',(3.16666674614,0.75,-0.199685662985));
#12359 = VECTOR('',#12360,1.);
#12360 = DIRECTION('',(0.,-1.,0.));
#12361 = ORIENTED_EDGE('',*,*,#12362,.T.);
#12362 = EDGE_CURVE('',#8363,#12310,#12363,.T.);
#12363 = LINE('',#12364,#12365);
#12364 = CARTESIAN_POINT('',(3.16666674614,0.5,-0.199685662985));
#12365 = VECTOR('',#12366,1.);
#12366 = DIRECTION('',(-0.696293291136,0.714616404238,6.707493953177E-02
    ));
#12367 = PLANE('',#12368);
#12368 = AXIS2_PLACEMENT_3D('',#12369,#12370,#12371);
#12369 = CARTESIAN_POINT('',(3.131150073506,0.625,-0.196264290555));
#12370 = DIRECTION('',(-9.588756712592E-02,-0.,-0.995392171192));
#12371 = DIRECTION('',(-0.995392171192,0.,9.588756712592E-02));
#12372 = ADVANCED_FACE('',(#12373),#12378,.T.);
#12373 = FACE_BOUND('',#12374,.T.);
#12374 = EDGE_LOOP('',(#12375,#12376,#12377));
#12375 = ORIENTED_EDGE('',*,*,#12362,.F.);
#12376 = ORIENTED_EDGE('',*,*,#8362,.F.);
#12377 = ORIENTED_EDGE('',*,*,#12309,.F.);
#12378 = PLANE('',#12379);
#12379 = AXIS2_PLACEMENT_3D('',#12380,#12381,#12382);
#12380 = CARTESIAN_POINT('',(3.044871806996,0.536775164183,
    -0.187952975131));
#12381 = DIRECTION('',(-9.588762745734E-02,-5.932999642976E-08,
    -0.99539216538));
#12382 = DIRECTION('',(-0.99539216538,3.053353969206E-25,
    9.588762745734E-02));
#12383 = ADVANCED_FACE('',(#12384),#12401,.T.);
#12384 = FACE_BOUND('',#12385,.T.);
#12385 = EDGE_LOOP('',(#12386,#12394,#12395));
#12386 = ORIENTED_EDGE('',*,*,#12387,.T.);
#12387 = EDGE_CURVE('',#12388,#8285,#12390,.T.);
#12388 = VERTEX_POINT('',#12389);
#12389 = CARTESIAN_POINT('',(3.044871807098,0.625,0.8120470047));
#12390 = LINE('',#12391,#12392);
#12391 = CARTESIAN_POINT('',(3.044871807098,0.625,0.8120470047));
#12392 = VECTOR('',#12393,1.);
#12393 = DIRECTION('',(-0.696293287157,-0.714616400155,
    6.707502433741E-02));
#12394 = ORIENTED_EDGE('',*,*,#8463,.F.);
#12395 = ORIENTED_EDGE('',*,*,#12396,.T.);
#12396 = EDGE_CURVE('',#8441,#12388,#12397,.T.);
#12397 = LINE('',#12398,#12399);
#12398 = CARTESIAN_POINT('',(3.16666674614,0.5,0.800314307213));
#12399 = VECTOR('',#12400,1.);
#12400 = DIRECTION('',(-0.696293287157,0.714616400155,6.707502433741E-02
    ));
#12401 = PLANE('',#12402);
#12402 = AXIS2_PLACEMENT_3D('',#12403,#12404,#12405);
#12403 = CARTESIAN_POINT('',(3.044871807098,0.536775164138,0.8120470047)
  );
#12404 = DIRECTION('',(9.588768778876E-02,0.,0.995392159569));
#12405 = DIRECTION('',(0.995392159569,0.,-9.588768778876E-02));
#12406 = ADVANCED_FACE('',(#12407),#12424,.T.);
#12407 = FACE_BOUND('',#12408,.T.);
#12408 = EDGE_LOOP('',(#12409,#12410,#12418));
#12409 = ORIENTED_EDGE('',*,*,#12396,.F.);
#12410 = ORIENTED_EDGE('',*,*,#12411,.T.);
#12411 = EDGE_CURVE('',#8441,#12412,#12414,.T.);
#12412 = VERTEX_POINT('',#12413);
#12413 = CARTESIAN_POINT('',(3.16666674614,0.75,0.800314307213));
#12414 = LINE('',#12415,#12416);
#12415 = CARTESIAN_POINT('',(3.16666674614,0.5,0.800314307213));
#12416 = VECTOR('',#12417,1.);
#12417 = DIRECTION('',(0.,1.,0.));
#12418 = ORIENTED_EDGE('',*,*,#12419,.T.);
#12419 = EDGE_CURVE('',#12412,#12388,#12420,.T.);
#12420 = LINE('',#12421,#12422);
#12421 = CARTESIAN_POINT('',(3.16666674614,0.75,0.800314307213));
#12422 = VECTOR('',#12423,1.);
#12423 = DIRECTION('',(-0.696293287157,-0.714616400155,
    6.707502433741E-02));
#12424 = PLANE('',#12425);
#12425 = AXIS2_PLACEMENT_3D('',#12426,#12427,#12428);
#12426 = CARTESIAN_POINT('',(3.131150073422,0.625,0.803735683996));
#12427 = DIRECTION('',(9.588768778876E-02,0.,0.995392159569));
#12428 = DIRECTION('',(0.995392159569,0.,-9.588768778876E-02));
#12429 = ADVANCED_FACE('',(#12430),#12445,.T.);
#12430 = FACE_BOUND('',#12431,.T.);
#12431 = EDGE_LOOP('',(#12432,#12433,#12439));
#12432 = ORIENTED_EDGE('',*,*,#12419,.F.);
#12433 = ORIENTED_EDGE('',*,*,#12434,.T.);
#12434 = EDGE_CURVE('',#12412,#12256,#12435,.T.);
#12435 = LINE('',#12436,#12437);
#12436 = CARTESIAN_POINT('',(3.16666674614,0.75,0.800314307213));
#12437 = VECTOR('',#12438,1.);
#12438 = DIRECTION('',(-0.995392159569,0.,9.588768778876E-02));
#12439 = ORIENTED_EDGE('',*,*,#12440,.T.);
#12440 = EDGE_CURVE('',#12256,#12388,#12441,.T.);
#12441 = LINE('',#12442,#12443);
#12442 = CARTESIAN_POINT('',(2.923076868057,0.75,0.823779702187));
#12443 = VECTOR('',#12444,1.);
#12444 = DIRECTION('',(0.696293287157,-0.714616400155,
    -6.707502433741E-02));
#12445 = PLANE('',#12446);
#12446 = AXIS2_PLACEMENT_3D('',#12447,#12448,#12449);
#12447 = CARTESIAN_POINT('',(3.044871807098,0.713224835862,0.8120470047)
  );
#12448 = DIRECTION('',(9.588768778876E-02,0.,0.995392159569));
#12449 = DIRECTION('',(0.995392159569,0.,-9.588768778876E-02));
#12450 = ADVANCED_FACE('',(#12451),#12456,.T.);
#12451 = FACE_BOUND('',#12452,.T.);
#12452 = EDGE_LOOP('',(#12453,#12454,#12455));
#12453 = ORIENTED_EDGE('',*,*,#12440,.F.);
#12454 = ORIENTED_EDGE('',*,*,#12255,.F.);
#12455 = ORIENTED_EDGE('',*,*,#12387,.F.);
#12456 = PLANE('',#12457);
#12457 = AXIS2_PLACEMENT_3D('',#12458,#12459,#12460);
#12458 = CARTESIAN_POINT('',(2.958593540775,0.625,0.820358325403));
#12459 = DIRECTION('',(9.588768778876E-02,0.,0.995392159569));
#12460 = DIRECTION('',(0.995392159569,0.,-9.588768778876E-02));
#12461 = ADVANCED_FACE('',(#12462),#12479,.T.);
#12462 = FACE_BOUND('',#12463,.T.);
#12463 = EDGE_LOOP('',(#12464,#12472,#12473));
#12464 = ORIENTED_EDGE('',*,*,#12465,.T.);
#12465 = EDGE_CURVE('',#12466,#8363,#12468,.T.);
#12466 = VERTEX_POINT('',#12467);
#12467 = CARTESIAN_POINT('',(3.288461446762,0.625,-0.181906059384));
#12468 = LINE('',#12469,#12470);
#12469 = CARTESIAN_POINT('',(3.288461446762,0.625,-0.181906059384));
#12470 = VECTOR('',#12471,1.);
#12471 = DIRECTION('',(-0.694270822697,-0.712542108922,-0.101349729962)
  );
#12472 = ORIENTED_EDGE('',*,*,#12356,.F.);
#12473 = ORIENTED_EDGE('',*,*,#12474,.T.);
#12474 = EDGE_CURVE('',#12334,#12466,#12475,.T.);
#12475 = LINE('',#12476,#12477);
#12476 = CARTESIAN_POINT('',(3.16666674614,0.75,-0.199685662985));
#12477 = VECTOR('',#12478,1.);
#12478 = DIRECTION('',(0.694270822697,-0.712542108922,0.101349729962));
#12479 = PLANE('',#12480);
#12480 = AXIS2_PLACEMENT_3D('',#12481,#12482,#12483);
#12481 = CARTESIAN_POINT('',(3.202226368291,0.625,-0.194494665488));
#12482 = DIRECTION('',(0.144449102855,-0.,-0.9895122317));
#12483 = DIRECTION('',(-0.9895122317,0.,-0.144449102855));
#12484 = ADVANCED_FACE('',(#12485),#12502,.T.);
#12485 = FACE_BOUND('',#12486,.T.);
#12486 = EDGE_LOOP('',(#12487,#12488,#12496));
#12487 = ORIENTED_EDGE('',*,*,#12474,.F.);
#12488 = ORIENTED_EDGE('',*,*,#12489,.T.);
#12489 = EDGE_CURVE('',#12334,#12490,#12492,.T.);
#12490 = VERTEX_POINT('',#12491);
#12491 = CARTESIAN_POINT('',(3.410256385803,0.75,-0.164126455784));
#12492 = LINE('',#12493,#12494);
#12493 = CARTESIAN_POINT('',(3.16666674614,0.75,-0.199685662985));
#12494 = VECTOR('',#12495,1.);
#12495 = DIRECTION('',(0.989512251909,0.,0.144448964423));
#12496 = ORIENTED_EDGE('',*,*,#12497,.T.);
#12497 = EDGE_CURVE('',#12490,#12466,#12498,.T.);
#12498 = LINE('',#12499,#12500);
#12499 = CARTESIAN_POINT('',(3.410256385803,0.75,-0.164126455784));
#12500 = VECTOR('',#12501,1.);
#12501 = DIRECTION('',(-0.694271526676,-0.712541436596,-0.101349634333)
  );
#12502 = PLANE('',#12503);
#12503 = AXIS2_PLACEMENT_3D('',#12504,#12505,#12506);
#12504 = CARTESIAN_POINT('',(3.288461547827,0.713270504527,
    -0.18190605692));
#12505 = DIRECTION('',(0.144448964423,-1.377572674112E-07,
    -0.989512251909));
#12506 = DIRECTION('',(-0.989512251909,2.886739794254E-24,
    -0.144448964423));
#12507 = ADVANCED_FACE('',(#12508),#12523,.T.);
#12508 = FACE_BOUND('',#12509,.T.);
#12509 = EDGE_LOOP('',(#12510,#12511,#12517));
#12510 = ORIENTED_EDGE('',*,*,#12497,.F.);
#12511 = ORIENTED_EDGE('',*,*,#12512,.T.);
#12512 = EDGE_CURVE('',#12490,#8519,#12513,.T.);
#12513 = LINE('',#12514,#12515);
#12514 = CARTESIAN_POINT('',(3.410256385803,0.75,-0.164126455784));
#12515 = VECTOR('',#12516,1.);
#12516 = DIRECTION('',(0.,-1.,0.));
#12517 = ORIENTED_EDGE('',*,*,#12518,.T.);
#12518 = EDGE_CURVE('',#8519,#12466,#12519,.T.);
#12519 = LINE('',#12520,#12521);
#12520 = CARTESIAN_POINT('',(3.410256385803,0.5,-0.164126455784));
#12521 = VECTOR('',#12522,1.);
#12522 = DIRECTION('',(-0.694271526676,0.712541436596,-0.101349634333));
#12523 = PLANE('',#12524);
#12524 = AXIS2_PLACEMENT_3D('',#12525,#12526,#12527);
#12525 = CARTESIAN_POINT('',(3.374696680082,0.625,-0.169317455318));
#12526 = DIRECTION('',(0.14444882599,-0.,-0.989512272117));
#12527 = DIRECTION('',(-0.989512272117,0.,-0.14444882599));
#12528 = ADVANCED_FACE('',(#12529),#12534,.T.);
#12529 = FACE_BOUND('',#12530,.T.);
#12530 = EDGE_LOOP('',(#12531,#12532,#12533));
#12531 = ORIENTED_EDGE('',*,*,#12518,.F.);
#12532 = ORIENTED_EDGE('',*,*,#8518,.F.);
#12533 = ORIENTED_EDGE('',*,*,#12465,.F.);
#12534 = PLANE('',#12535);
#12535 = AXIS2_PLACEMENT_3D('',#12536,#12537,#12538);
#12536 = CARTESIAN_POINT('',(3.288461547827,0.536729495473,
    -0.18190605692));
#12537 = DIRECTION('',(0.144448964423,1.377572674034E-07,-0.989512251909
    ));
#12538 = DIRECTION('',(-0.989512251909,-1.164718542342E-24,
    -0.144448964423));
#12539 = ADVANCED_FACE('',(#12540),#12557,.T.);
#12540 = FACE_BOUND('',#12541,.T.);
#12541 = EDGE_LOOP('',(#12542,#12550,#12551));
#12542 = ORIENTED_EDGE('',*,*,#12543,.T.);
#12543 = EDGE_CURVE('',#12544,#8441,#12546,.T.);
#12544 = VERTEX_POINT('',#12545);
#12545 = CARTESIAN_POINT('',(3.288461446762,0.625,0.818093955517));
#12546 = LINE('',#12547,#12548);
#12547 = CARTESIAN_POINT('',(3.288461446762,0.625,0.818093955517));
#12548 = VECTOR('',#12549,1.);
#12549 = DIRECTION('',(-0.694270804767,-0.71254209052,-0.10134998217));
#12550 = ORIENTED_EDGE('',*,*,#8619,.F.);
#12551 = ORIENTED_EDGE('',*,*,#12552,.T.);
#12552 = EDGE_CURVE('',#8597,#12544,#12553,.T.);
#12553 = LINE('',#12554,#12555);
#12554 = CARTESIAN_POINT('',(3.410256385803,0.5,0.835873544216));
#12555 = VECTOR('',#12556,1.);
#12556 = DIRECTION('',(-0.694271532653,0.712541442731,-0.101349550264));
#12557 = PLANE('',#12558);
#12558 = AXIS2_PLACEMENT_3D('',#12559,#12560,#12561);
#12559 = CARTESIAN_POINT('',(3.288461547211,0.536729495338,
    0.818093936846));
#12560 = DIRECTION('',(-0.14444908296,-3.736754814291E-07,0.989512234604
    ));
#12561 = DIRECTION('',(0.989512234605,-1.705889701394E-24,0.14444908296)
  );
#12562 = ADVANCED_FACE('',(#12563),#12580,.T.);
#12563 = FACE_BOUND('',#12564,.T.);
#12564 = EDGE_LOOP('',(#12565,#12566,#12574));
#12565 = ORIENTED_EDGE('',*,*,#12552,.F.);
#12566 = ORIENTED_EDGE('',*,*,#12567,.T.);
#12567 = EDGE_CURVE('',#8597,#12568,#12570,.T.);
#12568 = VERTEX_POINT('',#12569);
#12569 = CARTESIAN_POINT('',(3.410256385803,0.75,0.835873544216));
#12570 = LINE('',#12571,#12572);
#12571 = CARTESIAN_POINT('',(3.410256385803,0.5,0.835873544216));
#12572 = VECTOR('',#12573,1.);
#12573 = DIRECTION('',(0.,1.,0.));
#12574 = ORIENTED_EDGE('',*,*,#12575,.T.);
#12575 = EDGE_CURVE('',#12568,#12544,#12576,.T.);
#12576 = LINE('',#12577,#12578);
#12577 = CARTESIAN_POINT('',(3.410256385803,0.75,0.835873544216));
#12578 = VECTOR('',#12579,1.);
#12579 = DIRECTION('',(-0.694271532653,-0.712541442731,-0.101349550264)
  );
#12580 = PLANE('',#12581);
#12581 = AXIS2_PLACEMENT_3D('',#12582,#12583,#12584);
#12582 = CARTESIAN_POINT('',(3.374696680209,0.625,0.830682549051));
#12583 = DIRECTION('',(-0.144448707453,0.,0.989512289421));
#12584 = DIRECTION('',(0.989512289421,0.,0.144448707453));
#12585 = ADVANCED_FACE('',(#12586),#12601,.T.);
#12586 = FACE_BOUND('',#12587,.T.);
#12587 = EDGE_LOOP('',(#12588,#12589,#12595));
#12588 = ORIENTED_EDGE('',*,*,#12575,.F.);
#12589 = ORIENTED_EDGE('',*,*,#12590,.T.);
#12590 = EDGE_CURVE('',#12568,#12412,#12591,.T.);
#12591 = LINE('',#12592,#12593);
#12592 = CARTESIAN_POINT('',(3.410256385803,0.75,0.835873544216));
#12593 = VECTOR('',#12594,1.);
#12594 = DIRECTION('',(-0.989512234605,0.,-0.14444908296));
#12595 = ORIENTED_EDGE('',*,*,#12596,.T.);
#12596 = EDGE_CURVE('',#12412,#12544,#12597,.T.);
#12597 = LINE('',#12598,#12599);
#12598 = CARTESIAN_POINT('',(3.16666674614,0.75,0.800314307213));
#12599 = VECTOR('',#12600,1.);
#12600 = DIRECTION('',(0.694270804767,-0.71254209052,0.10134998217));
#12601 = PLANE('',#12602);
#12602 = AXIS2_PLACEMENT_3D('',#12603,#12604,#12605);
#12603 = CARTESIAN_POINT('',(3.288461547211,0.713270504662,
    0.818093936846));
#12604 = DIRECTION('',(-0.14444908296,3.736754814274E-07,0.989512234604)
  );
#12605 = DIRECTION('',(0.989512234605,-1.115633167011E-24,0.14444908296)
  );
#12606 = ADVANCED_FACE('',(#12607),#12612,.T.);
#12607 = FACE_BOUND('',#12608,.T.);
#12608 = EDGE_LOOP('',(#12609,#12610,#12611));
#12609 = ORIENTED_EDGE('',*,*,#12596,.F.);
#12610 = ORIENTED_EDGE('',*,*,#12411,.F.);
#12611 = ORIENTED_EDGE('',*,*,#12543,.F.);
#12612 = PLANE('',#12613);
#12613 = AXIS2_PLACEMENT_3D('',#12614,#12615,#12616);
#12614 = CARTESIAN_POINT('',(3.202226368673,0.625,0.805505317817));
#12615 = DIRECTION('',(-0.144449458467,0.,0.989512179788));
#12616 = DIRECTION('',(0.989512179788,0.,0.144449458467));
#12617 = ADVANCED_FACE('',(#12618),#12635,.T.);
#12618 = FACE_BOUND('',#12619,.T.);
#12619 = EDGE_LOOP('',(#12620,#12628,#12629));
#12620 = ORIENTED_EDGE('',*,*,#12621,.T.);
#12621 = EDGE_CURVE('',#12622,#8519,#12624,.T.);
#12622 = VERTEX_POINT('',#12623);
#12623 = CARTESIAN_POINT('',(3.532051324844,0.625,-0.117884323001));
#12624 = LINE('',#12625,#12626);
#12625 = CARTESIAN_POINT('',(3.532051324844,0.625,-0.117884323001));
#12626 = VECTOR('',#12627,1.);
#12627 = DIRECTION('',(-0.674587279811,-0.692339194389,-0.256121927662)
  );
#12628 = ORIENTED_EDGE('',*,*,#12512,.F.);
#12629 = ORIENTED_EDGE('',*,*,#12630,.T.);
#12630 = EDGE_CURVE('',#12490,#12622,#12631,.T.);
#12631 = LINE('',#12632,#12633);
#12632 = CARTESIAN_POINT('',(3.410256385803,0.75,-0.164126455784));
#12633 = VECTOR('',#12634,1.);
#12634 = DIRECTION('',(0.674587279811,-0.692339194389,0.256121927662));
#12635 = PLANE('',#12636);
#12636 = AXIS2_PLACEMENT_3D('',#12637,#12638,#12639);
#12637 = CARTESIAN_POINT('',(3.446240584315,0.625,-0.150464261782));
#12638 = DIRECTION('',(0.35494982711,-0.,-0.934885351385));
#12639 = DIRECTION('',(-0.934885351385,0.,-0.35494982711));
#12640 = ADVANCED_FACE('',(#12641),#12658,.T.);
#12641 = FACE_BOUND('',#12642,.T.);
#12642 = EDGE_LOOP('',(#12643,#12644,#12652));
#12643 = ORIENTED_EDGE('',*,*,#12630,.F.);
#12644 = ORIENTED_EDGE('',*,*,#12645,.T.);
#12645 = EDGE_CURVE('',#12490,#12646,#12648,.T.);
#12646 = VERTEX_POINT('',#12647);
#12647 = CARTESIAN_POINT('',(3.653846263885,0.75,-7.164218276739E-02));
#12648 = LINE('',#12649,#12650);
#12649 = CARTESIAN_POINT('',(3.410256385803,0.75,-0.164126455784));
#12650 = VECTOR('',#12651,1.);
#12651 = DIRECTION('',(0.934885341896,0.,0.354949852103));
#12652 = ORIENTED_EDGE('',*,*,#12653,.T.);
#12653 = EDGE_CURVE('',#12646,#12622,#12654,.T.);
#12654 = LINE('',#12655,#12656);
#12655 = CARTESIAN_POINT('',(3.653846263885,0.75,-7.164218276739E-02));
#12656 = VECTOR('',#12657,1.);
#12657 = DIRECTION('',(-0.674587272681,-0.692339187072,-0.256121966222)
  );
#12658 = PLANE('',#12659);
#12659 = AXIS2_PLACEMENT_3D('',#12660,#12661,#12662);
#12660 = CARTESIAN_POINT('',(3.532051325031,0.713695975185,
    -0.117884320287));
#12661 = DIRECTION('',(0.354949852103,2.786175435602E-08,-0.934885341896
    ));
#12662 = DIRECTION('',(-0.934885341896,1.619005257858E-25,
    -0.354949852103));
#12663 = ADVANCED_FACE('',(#12664),#12679,.T.);
#12664 = FACE_BOUND('',#12665,.T.);
#12665 = EDGE_LOOP('',(#12666,#12667,#12673));
#12666 = ORIENTED_EDGE('',*,*,#12653,.F.);
#12667 = ORIENTED_EDGE('',*,*,#12668,.T.);
#12668 = EDGE_CURVE('',#12646,#8675,#12669,.T.);
#12669 = LINE('',#12670,#12671);
#12670 = CARTESIAN_POINT('',(3.653846263885,0.75,-7.164218276739E-02));
#12671 = VECTOR('',#12672,1.);
#12672 = DIRECTION('',(0.,-1.,0.));
#12673 = ORIENTED_EDGE('',*,*,#12674,.T.);
#12674 = EDGE_CURVE('',#8675,#12622,#12675,.T.);
#12675 = LINE('',#12676,#12677);
#12676 = CARTESIAN_POINT('',(3.653846263885,0.5,-7.164218276739E-02));
#12677 = VECTOR('',#12678,1.);
#12678 = DIRECTION('',(-0.674587272681,0.692339187072,-0.256121966222));
#12679 = PLANE('',#12680);
#12680 = AXIS2_PLACEMENT_3D('',#12681,#12682,#12683);
#12681 = CARTESIAN_POINT('',(3.617862065218,0.625,-8.530437903005E-02));
#12682 = DIRECTION('',(0.354949877095,-0.,-0.934885332407));
#12683 = DIRECTION('',(-0.934885332407,0.,-0.354949877095));
#12684 = ADVANCED_FACE('',(#12685),#12690,.T.);
#12685 = FACE_BOUND('',#12686,.T.);
#12686 = EDGE_LOOP('',(#12687,#12688,#12689));
#12687 = ORIENTED_EDGE('',*,*,#12674,.F.);
#12688 = ORIENTED_EDGE('',*,*,#8674,.F.);
#12689 = ORIENTED_EDGE('',*,*,#12621,.F.);
#12690 = PLANE('',#12691);
#12691 = AXIS2_PLACEMENT_3D('',#12692,#12693,#12694);
#12692 = CARTESIAN_POINT('',(3.532051325031,0.536304024815,
    -0.117884320287));
#12693 = DIRECTION('',(0.354949852103,-2.786175435246E-08,
    -0.934885341896));
#12694 = DIRECTION('',(-0.934885341896,1.192566017432E-25,
    -0.354949852103));
#12695 = ADVANCED_FACE('',(#12696),#12713,.T.);
#12696 = FACE_BOUND('',#12697,.T.);
#12697 = EDGE_LOOP('',(#12698,#12706,#12707));
#12698 = ORIENTED_EDGE('',*,*,#12699,.T.);
#12699 = EDGE_CURVE('',#12700,#8597,#12702,.T.);
#12700 = VERTEX_POINT('',#12701);
#12701 = CARTESIAN_POINT('',(3.532051324844,0.625,0.882115662098));
#12702 = LINE('',#12703,#12704);
#12703 = CARTESIAN_POINT('',(3.532051324844,0.625,0.882115662098));
#12704 = VECTOR('',#12705,1.);
#12705 = DIRECTION('',(-0.674587294071,-0.692339209024,-0.256121850543)
  );
#12706 = ORIENTED_EDGE('',*,*,#8775,.F.);
#12707 = ORIENTED_EDGE('',*,*,#12708,.T.);
#12708 = EDGE_CURVE('',#8753,#12700,#12709,.T.);
#12709 = LINE('',#12710,#12711);
#12710 = CARTESIAN_POINT('',(3.653846263885,0.5,0.928357839584));
#12711 = VECTOR('',#12712,1.);
#12712 = DIRECTION('',(-0.674587237032,0.692339150484,-0.25612215902));
#12713 = PLANE('',#12714);
#12714 = AXIS2_PLACEMENT_3D('',#12715,#12716,#12717);
#12715 = CARTESIAN_POINT('',(3.53205132634,0.536304024593,0.882115683812
    ));
#12716 = DIRECTION('',(-0.354949927079,2.228940280544E-07,0.93488531343)
  );
#12717 = DIRECTION('',(0.93488531343,-9.275490405027E-24,0.354949927079)
  );
#12718 = ADVANCED_FACE('',(#12719),#12736,.T.);
#12719 = FACE_BOUND('',#12720,.T.);
#12720 = EDGE_LOOP('',(#12721,#12722,#12730));
#12721 = ORIENTED_EDGE('',*,*,#12708,.F.);
#12722 = ORIENTED_EDGE('',*,*,#12723,.T.);
#12723 = EDGE_CURVE('',#8753,#12724,#12726,.T.);
#12724 = VERTEX_POINT('',#12725);
#12725 = CARTESIAN_POINT('',(3.653846263885,0.75,0.928357839584));
#12726 = LINE('',#12727,#12728);
#12727 = CARTESIAN_POINT('',(3.653846263885,0.5,0.928357839584));
#12728 = VECTOR('',#12729,1.);
#12729 = DIRECTION('',(0.,1.,0.));
#12730 = ORIENTED_EDGE('',*,*,#12731,.T.);
#12731 = EDGE_CURVE('',#12724,#12700,#12732,.T.);
#12732 = LINE('',#12733,#12734);
#12733 = CARTESIAN_POINT('',(3.653846263885,0.75,0.928357839584));
#12734 = VECTOR('',#12735,1.);
#12735 = DIRECTION('',(-0.674587237032,-0.692339150484,-0.25612215902));
#12736 = PLANE('',#12737);
#12737 = AXIS2_PLACEMENT_3D('',#12738,#12739,#12740);
#12738 = CARTESIAN_POINT('',(3.61786206444,0.625,0.91469563202));
#12739 = DIRECTION('',(-0.354950127018,0.,0.934885237519));
#12740 = DIRECTION('',(0.934885237519,0.,0.354950127018));
#12741 = ADVANCED_FACE('',(#12742),#12757,.T.);
#12742 = FACE_BOUND('',#12743,.T.);
#12743 = EDGE_LOOP('',(#12744,#12745,#12751));
#12744 = ORIENTED_EDGE('',*,*,#12731,.F.);
#12745 = ORIENTED_EDGE('',*,*,#12746,.T.);
#12746 = EDGE_CURVE('',#12724,#12568,#12747,.T.);
#12747 = LINE('',#12748,#12749);
#12748 = CARTESIAN_POINT('',(3.653846263885,0.75,0.928357839584));
#12749 = VECTOR('',#12750,1.);
#12750 = DIRECTION('',(-0.93488531343,0.,-0.354949927079));
#12751 = ORIENTED_EDGE('',*,*,#12752,.T.);
#12752 = EDGE_CURVE('',#12568,#12700,#12753,.T.);
#12753 = LINE('',#12754,#12755);
#12754 = CARTESIAN_POINT('',(3.410256385803,0.75,0.835873544216));
#12755 = VECTOR('',#12756,1.);
#12756 = DIRECTION('',(0.674587294071,-0.692339209024,0.256121850543));
#12757 = PLANE('',#12758);
#12758 = AXIS2_PLACEMENT_3D('',#12759,#12760,#12761);
#12759 = CARTESIAN_POINT('',(3.53205132634,0.713695975407,0.882115683812
    ));
#12760 = DIRECTION('',(-0.354949927079,-2.228940280363E-07,0.93488531343
    ));
#12761 = DIRECTION('',(0.93488531343,1.807332023125E-24,0.354949927079)
  );
#12762 = ADVANCED_FACE('',(#12763),#12768,.T.);
#12763 = FACE_BOUND('',#12764,.T.);
#12764 = EDGE_LOOP('',(#12765,#12766,#12767));
#12765 = ORIENTED_EDGE('',*,*,#12752,.F.);
#12766 = ORIENTED_EDGE('',*,*,#12567,.F.);
#12767 = ORIENTED_EDGE('',*,*,#12699,.F.);
#12768 = PLANE('',#12769);
#12769 = AXIS2_PLACEMENT_3D('',#12770,#12771,#12772);
#12770 = CARTESIAN_POINT('',(3.446240584004,0.625,0.849535733698));
#12771 = DIRECTION('',(-0.354949727141,0.,0.934885389341));
#12772 = DIRECTION('',(0.934885389341,0.,0.354949727141));
#12773 = ADVANCED_FACE('',(#12774),#12791,.T.);
#12774 = FACE_BOUND('',#12775,.T.);
#12775 = EDGE_LOOP('',(#12776,#12784,#12785));
#12776 = ORIENTED_EDGE('',*,*,#12777,.T.);
#12777 = EDGE_CURVE('',#12778,#8675,#12780,.T.);
#12778 = VERTEX_POINT('',#12779);
#12779 = CARTESIAN_POINT('',(3.775640964508,0.625,3.321980475448E-04));
#12780 = LINE('',#12781,#12782);
#12781 = CARTESIAN_POINT('',(3.775640964508,0.625,3.321980475448E-04));
#12782 = VECTOR('',#12783,1.);
#12783 = DIRECTION('',(-0.645154973578,-0.662133666613,-0.38125328537));
#12784 = ORIENTED_EDGE('',*,*,#12668,.F.);
#12785 = ORIENTED_EDGE('',*,*,#12786,.T.);
#12786 = EDGE_CURVE('',#12646,#12778,#12787,.T.);
#12787 = LINE('',#12788,#12789);
#12788 = CARTESIAN_POINT('',(3.653846263885,0.75,-7.164218276739E-02));
#12789 = VECTOR('',#12790,1.);
#12790 = DIRECTION('',(0.645154973578,-0.662133666613,0.38125328537));
#12791 = PLANE('',#12792);
#12792 = AXIS2_PLACEMENT_3D('',#12793,#12794,#12795);
#12793 = CARTESIAN_POINT('',(3.690484322265,0.625,-4.999098158524E-02));
#12794 = DIRECTION('',(0.508754381295,-0.,-0.860911714122));
#12795 = DIRECTION('',(-0.860911714122,0.,-0.508754381295));
#12796 = ADVANCED_FACE('',(#12797),#12814,.T.);
#12797 = FACE_BOUND('',#12798,.T.);
#12798 = EDGE_LOOP('',(#12799,#12800,#12808));
#12799 = ORIENTED_EDGE('',*,*,#12786,.F.);
#12800 = ORIENTED_EDGE('',*,*,#12801,.T.);
#12801 = EDGE_CURVE('',#12646,#12802,#12804,.T.);
#12802 = VERTEX_POINT('',#12803);
#12803 = CARTESIAN_POINT('',(3.897435903549,0.75,7.230658084154E-02));
#12804 = LINE('',#12805,#12806);
#12805 = CARTESIAN_POINT('',(3.653846263885,0.75,-7.164218276739E-02));
#12806 = VECTOR('',#12807,1.);
#12807 = DIRECTION('',(0.860911929159,0.,0.508754017411));
#12808 = ORIENTED_EDGE('',*,*,#12809,.T.);
#12809 = EDGE_CURVE('',#12802,#12778,#12810,.T.);
#12810 = LINE('',#12811,#12812);
#12811 = CARTESIAN_POINT('',(3.897435903549,0.75,7.230658084154E-02));
#12812 = VECTOR('',#12813,1.);
#12813 = DIRECTION('',(-0.64515570826,-0.662133124474,-0.381252983692));
#12814 = PLANE('',#12815);
#12815 = AXIS2_PLACEMENT_3D('',#12816,#12817,#12818);
#12816 = CARTESIAN_POINT('',(3.775641063897,0.714273179133,
    3.322071759056E-04));
#12817 = DIRECTION('',(0.508754017411,-4.783704526928E-07,
    -0.860911929159));
#12818 = DIRECTION('',(-0.860911929159,-1.879992031779E-23,
    -0.508754017411));
#12819 = ADVANCED_FACE('',(#12820),#12835,.T.);
#12820 = FACE_BOUND('',#12821,.T.);
#12821 = EDGE_LOOP('',(#12822,#12823,#12829));
#12822 = ORIENTED_EDGE('',*,*,#12809,.F.);
#12823 = ORIENTED_EDGE('',*,*,#12824,.T.);
#12824 = EDGE_CURVE('',#12802,#8831,#12825,.T.);
#12825 = LINE('',#12826,#12827);
#12826 = CARTESIAN_POINT('',(3.897435903549,0.75,7.230658084154E-02));
#12827 = VECTOR('',#12828,1.);
#12828 = DIRECTION('',(0.,-1.,0.));
#12829 = ORIENTED_EDGE('',*,*,#12830,.T.);
#12830 = EDGE_CURVE('',#8831,#12778,#12831,.T.);
#12831 = LINE('',#12832,#12833);
#12832 = CARTESIAN_POINT('',(3.897435903549,0.5,7.230658084154E-02));
#12833 = VECTOR('',#12834,1.);
#12834 = DIRECTION('',(-0.64515570826,0.662133124474,-0.381252983692));
#12835 = PLANE('',#12836);
#12836 = AXIS2_PLACEMENT_3D('',#12837,#12838,#12839);
#12837 = CARTESIAN_POINT('',(3.860797761499,0.625,5.065537200207E-02));
#12838 = DIRECTION('',(0.508753653527,-0.,-0.860912144195));
#12839 = DIRECTION('',(-0.860912144195,0.,-0.508753653527));
#12840 = ADVANCED_FACE('',(#12841),#12846,.T.);
#12841 = FACE_BOUND('',#12842,.T.);
#12842 = EDGE_LOOP('',(#12843,#12844,#12845));
#12843 = ORIENTED_EDGE('',*,*,#12830,.F.);
#12844 = ORIENTED_EDGE('',*,*,#8830,.F.);
#12845 = ORIENTED_EDGE('',*,*,#12777,.F.);
#12846 = PLANE('',#12847);
#12847 = AXIS2_PLACEMENT_3D('',#12848,#12849,#12850);
#12848 = CARTESIAN_POINT('',(3.775641063897,0.535726820867,
    3.322071759056E-04));
#12849 = DIRECTION('',(0.508754017411,4.783704526596E-07,-0.860911929159
    ));
#12850 = DIRECTION('',(-0.860911929159,-1.723312261432E-23,
    -0.508754017411));
#12851 = ADVANCED_FACE('',(#12852),#12869,.T.);
#12852 = FACE_BOUND('',#12853,.T.);
#12853 = EDGE_LOOP('',(#12854,#12862,#12863));
#12854 = ORIENTED_EDGE('',*,*,#12855,.T.);
#12855 = EDGE_CURVE('',#12856,#8753,#12858,.T.);
#12856 = VERTEX_POINT('',#12857);
#12857 = CARTESIAN_POINT('',(3.775640964508,0.625,1.00033223629));
#12858 = LINE('',#12859,#12860);
#12859 = CARTESIAN_POINT('',(3.775640964508,0.625,1.00033223629));
#12860 = VECTOR('',#12861,1.);
#12861 = DIRECTION('',(-0.645154952874,-0.662133645364,-0.381253357309)
  );
#12862 = ORIENTED_EDGE('',*,*,#8931,.F.);
#12863 = ORIENTED_EDGE('',*,*,#12864,.T.);
#12864 = EDGE_CURVE('',#8909,#12856,#12865,.T.);
#12865 = LINE('',#12866,#12867);
#12866 = CARTESIAN_POINT('',(3.897435903549,0.5,1.072306632996));
#12867 = VECTOR('',#12868,1.);
#12868 = DIRECTION('',(-0.645155690134,0.662133105872,-0.381253046672));
#12869 = PLANE('',#12870);
#12870 = AXIS2_PLACEMENT_3D('',#12871,#12872,#12873);
#12871 = CARTESIAN_POINT('',(3.775641063827,0.535726820508,
    1.000332244671));
#12872 = DIRECTION('',(-0.508754095478,-4.851857142285E-07,
    0.860911883025));
#12873 = DIRECTION('',(0.860911883025,2.290573829113E-23,0.508754095478)
  );
#12874 = ADVANCED_FACE('',(#12875),#12892,.T.);
#12875 = FACE_BOUND('',#12876,.T.);
#12876 = EDGE_LOOP('',(#12877,#12878,#12886));
#12877 = ORIENTED_EDGE('',*,*,#12864,.F.);
#12878 = ORIENTED_EDGE('',*,*,#12879,.T.);
#12879 = EDGE_CURVE('',#8909,#12880,#12882,.T.);
#12880 = VERTEX_POINT('',#12881);
#12881 = CARTESIAN_POINT('',(3.897435903549,0.75,1.072306632996));
#12882 = LINE('',#12883,#12884);
#12883 = CARTESIAN_POINT('',(3.897435903549,0.5,1.072306632996));
#12884 = VECTOR('',#12885,1.);
#12885 = DIRECTION('',(0.,1.,0.));
#12886 = ORIENTED_EDGE('',*,*,#12887,.T.);
#12887 = EDGE_CURVE('',#12880,#12856,#12888,.T.);
#12888 = LINE('',#12889,#12890);
#12889 = CARTESIAN_POINT('',(3.897435903549,0.75,1.072306632996));
#12890 = VECTOR('',#12891,1.);
#12891 = DIRECTION('',(-0.645155690134,-0.662133105872,-0.381253046672)
  );
#12892 = PLANE('',#12893);
#12893 = AXIS2_PLACEMENT_3D('',#12894,#12895,#12896);
#12894 = CARTESIAN_POINT('',(3.860797761089,0.625,1.050655419729));
#12895 = DIRECTION('',(-0.50875372641,0.,0.860912101125));
#12896 = DIRECTION('',(0.860912101125,0.,0.50875372641));
#12897 = ADVANCED_FACE('',(#12898),#12913,.T.);
#12898 = FACE_BOUND('',#12899,.T.);
#12899 = EDGE_LOOP('',(#12900,#12901,#12907));
#12900 = ORIENTED_EDGE('',*,*,#12887,.F.);
#12901 = ORIENTED_EDGE('',*,*,#12902,.T.);
#12902 = EDGE_CURVE('',#12880,#12724,#12903,.T.);
#12903 = LINE('',#12904,#12905);
#12904 = CARTESIAN_POINT('',(3.897435903549,0.75,1.072306632996));
#12905 = VECTOR('',#12906,1.);
#12906 = DIRECTION('',(-0.860911883025,0.,-0.508754095478));
#12907 = ORIENTED_EDGE('',*,*,#12908,.T.);
#12908 = EDGE_CURVE('',#12724,#12856,#12909,.T.);
#12909 = LINE('',#12910,#12911);
#12910 = CARTESIAN_POINT('',(3.653846263885,0.75,0.928357839584));
#12911 = VECTOR('',#12912,1.);
#12912 = DIRECTION('',(0.645154952874,-0.662133645364,0.381253357309));
#12913 = PLANE('',#12914);
#12914 = AXIS2_PLACEMENT_3D('',#12915,#12916,#12917);
#12915 = CARTESIAN_POINT('',(3.775641063827,0.714273179492,
    1.000332244671));
#12916 = DIRECTION('',(-0.508754095478,4.851857142158E-07,0.860911883025
    ));
#12917 = DIRECTION('',(0.860911883025,1.248589768377E-23,0.508754095478)
  );
#12918 = ADVANCED_FACE('',(#12919),#12924,.T.);
#12919 = FACE_BOUND('',#12920,.T.);
#12920 = EDGE_LOOP('',(#12921,#12922,#12923));
#12921 = ORIENTED_EDGE('',*,*,#12908,.F.);
#12922 = ORIENTED_EDGE('',*,*,#12723,.F.);
#12923 = ORIENTED_EDGE('',*,*,#12855,.F.);
#12924 = PLANE('',#12925);
#12925 = AXIS2_PLACEMENT_3D('',#12926,#12927,#12928);
#12926 = CARTESIAN_POINT('',(3.690484322733,0.625,0.950009045824));
#12927 = DIRECTION('',(-0.508754464546,0.,0.860911664925));
#12928 = DIRECTION('',(0.860911664925,0.,0.508754464546));
#12929 = ADVANCED_FACE('',(#12930),#12947,.T.);
#12930 = FACE_BOUND('',#12931,.T.);
#12931 = EDGE_LOOP('',(#12932,#12940,#12941));
#12932 = ORIENTED_EDGE('',*,*,#12933,.T.);
#12933 = EDGE_CURVE('',#12934,#8831,#12936,.T.);
#12934 = VERTEX_POINT('',#12935);
#12935 = CARTESIAN_POINT('',(4.01923084259,0.625,0.165763616562));
#12936 = LINE('',#12937,#12938);
#12937 = CARTESIAN_POINT('',(4.01923084259,0.625,0.165763616562));
#12938 = VECTOR('',#12939,1.);
#12939 = DIRECTION('',(-0.615210506487,-0.631399908044,-0.472070110079)
  );
#12940 = ORIENTED_EDGE('',*,*,#12824,.F.);
#12941 = ORIENTED_EDGE('',*,*,#12942,.T.);
#12942 = EDGE_CURVE('',#12802,#12934,#12943,.T.);
#12943 = LINE('',#12944,#12945);
#12944 = CARTESIAN_POINT('',(3.897435903549,0.75,7.230658084154E-02));
#12945 = VECTOR('',#12946,1.);
#12946 = DIRECTION('',(0.615210506487,-0.631399908044,0.472070110079));
#12947 = PLANE('',#12948);
#12948 = AXIS2_PLACEMENT_3D('',#12949,#12950,#12951);
#12949 = CARTESIAN_POINT('',(3.934764255243,0.625,0.100949783302));
#12950 = DIRECTION('',(0.608763446121,-0.,-0.793351792503));
#12951 = DIRECTION('',(-0.793351792503,0.,-0.608763446121));
#12952 = ADVANCED_FACE('',(#12953),#12970,.T.);
#12953 = FACE_BOUND('',#12954,.T.);
#12954 = EDGE_LOOP('',(#12955,#12956,#12964));
#12955 = ORIENTED_EDGE('',*,*,#12942,.F.);
#12956 = ORIENTED_EDGE('',*,*,#12957,.T.);
#12957 = EDGE_CURVE('',#12802,#12958,#12960,.T.);
#12958 = VERTEX_POINT('',#12959);
#12959 = CARTESIAN_POINT('',(4.141025543213,0.75,0.259220659733));
#12960 = LINE('',#12961,#12962);
#12961 = CARTESIAN_POINT('',(3.897435903549,0.75,7.230658084154E-02));
#12962 = VECTOR('',#12963,1.);
#12963 = DIRECTION('',(0.793351493014,0.,0.60876383642));
#12964 = ORIENTED_EDGE('',*,*,#12965,.T.);
#12965 = EDGE_CURVE('',#12958,#12934,#12966,.T.);
#12966 = LINE('',#12967,#12968);
#12967 = CARTESIAN_POINT('',(4.141025543213,0.75,0.259220659733));
#12968 = VECTOR('',#12969,1.);
#12969 = DIRECTION('',(-0.615209747064,-0.63140036463,-0.472070489083));
#12970 = PLANE('',#12971);
#12971 = AXIS2_PLACEMENT_3D('',#12972,#12973,#12974);
#12972 = CARTESIAN_POINT('',(4.019230744551,0.714797799673,
    0.165763609722));
#12973 = DIRECTION('',(0.60876383642,6.042061524932E-07,-0.793351493014)
  );
#12974 = DIRECTION('',(-0.793351493014,-5.139544783536E-23,
    -0.60876383642));
#12975 = ADVANCED_FACE('',(#12976),#12991,.T.);
#12976 = FACE_BOUND('',#12977,.T.);
#12977 = EDGE_LOOP('',(#12978,#12979,#12985));
#12978 = ORIENTED_EDGE('',*,*,#12965,.F.);
#12979 = ORIENTED_EDGE('',*,*,#12980,.T.);
#12980 = EDGE_CURVE('',#12958,#8987,#12981,.T.);
#12981 = LINE('',#12982,#12983);
#12982 = CARTESIAN_POINT('',(4.141025543213,0.75,0.259220659733));
#12983 = VECTOR('',#12984,1.);
#12984 = DIRECTION('',(0.,-1.,0.));
#12985 = ORIENTED_EDGE('',*,*,#12986,.T.);
#12986 = EDGE_CURVE('',#8987,#12934,#12987,.T.);
#12987 = LINE('',#12988,#12989);
#12988 = CARTESIAN_POINT('',(4.141025543213,0.5,0.259220659733));
#12989 = VECTOR('',#12990,1.);
#12990 = DIRECTION('',(-0.615209747064,0.63140036463,-0.472070489083));
#12991 = PLANE('',#12992);
#12992 = AXIS2_PLACEMENT_3D('',#12993,#12994,#12995);
#12993 = CARTESIAN_POINT('',(4.103697275038,0.625,0.230577463005));
#12994 = DIRECTION('',(0.608764226719,-0.,-0.793351193525));
#12995 = DIRECTION('',(-0.793351193525,0.,-0.608764226719));
#12996 = ADVANCED_FACE('',(#12997),#13002,.T.);
#12997 = FACE_BOUND('',#12998,.T.);
#12998 = EDGE_LOOP('',(#12999,#13000,#13001));
#12999 = ORIENTED_EDGE('',*,*,#12986,.F.);
#13000 = ORIENTED_EDGE('',*,*,#8986,.F.);
#13001 = ORIENTED_EDGE('',*,*,#12933,.F.);
#13002 = PLANE('',#13003);
#13003 = AXIS2_PLACEMENT_3D('',#13004,#13005,#13006);
#13004 = CARTESIAN_POINT('',(4.019230744551,0.535202200327,
    0.165763609722));
#13005 = DIRECTION('',(0.60876383642,-6.042061525129E-07,-0.793351493014
    ));
#13006 = DIRECTION('',(-0.793351493014,2.346875147806E-24,-0.60876383642
    ));
#13007 = ADVANCED_FACE('',(#13008),#13025,.T.);
#13008 = FACE_BOUND('',#13009,.T.);
#13009 = EDGE_LOOP('',(#13010,#13018,#13019));
#13010 = ORIENTED_EDGE('',*,*,#13011,.T.);
#13011 = EDGE_CURVE('',#13012,#8909,#13014,.T.);
#13012 = VERTEX_POINT('',#13013);
#13013 = CARTESIAN_POINT('',(4.01923084259,0.625,1.165763616562));
#13014 = LINE('',#13015,#13016);
#13015 = CARTESIAN_POINT('',(4.01923084259,0.625,1.165763616562));
#13016 = VECTOR('',#13017,1.);
#13017 = DIRECTION('',(-0.615210582996,-0.631399986567,-0.472069905346)
  );
#13018 = ORIENTED_EDGE('',*,*,#9087,.F.);
#13019 = ORIENTED_EDGE('',*,*,#13020,.T.);
#13020 = EDGE_CURVE('',#9065,#13012,#13021,.T.);
#13021 = LINE('',#13022,#13023);
#13022 = CARTESIAN_POINT('',(4.141025543213,0.5,1.259220600128));
#13023 = VECTOR('',#13024,1.);
#13024 = DIRECTION('',(-0.615209834503,0.63140045437,-0.472070255102));
#13025 = PLANE('',#13026);
#13026 = AXIS2_PLACEMENT_3D('',#13027,#13028,#13029);
#13027 = CARTESIAN_POINT('',(4.019230744246,0.535202201686,
    1.165763606812));
#13028 = DIRECTION('',(-0.608763607322,5.805622170379E-07,0.793351668807
    ));
#13029 = DIRECTION('',(0.793351668808,-6.876060317921E-24,0.608763607322
    ));
#13030 = ADVANCED_FACE('',(#13031),#13048,.T.);
#13031 = FACE_BOUND('',#13032,.T.);
#13032 = EDGE_LOOP('',(#13033,#13034,#13042));
#13033 = ORIENTED_EDGE('',*,*,#13020,.F.);
#13034 = ORIENTED_EDGE('',*,*,#13035,.T.);
#13035 = EDGE_CURVE('',#9065,#13036,#13038,.T.);
#13036 = VERTEX_POINT('',#13037);
#13037 = CARTESIAN_POINT('',(4.141025543213,0.75,1.259220600128));
#13038 = LINE('',#13039,#13040);
#13039 = CARTESIAN_POINT('',(4.141025543213,0.5,1.259220600128));
#13040 = VECTOR('',#13041,1.);
#13041 = DIRECTION('',(0.,1.,0.));
#13042 = ORIENTED_EDGE('',*,*,#13043,.T.);
#13043 = EDGE_CURVE('',#13036,#13012,#13044,.T.);
#13044 = LINE('',#13045,#13046);
#13045 = CARTESIAN_POINT('',(4.141025543213,0.75,1.259220600128));
#13046 = VECTOR('',#13047,1.);
#13047 = DIRECTION('',(-0.615209834503,-0.63140045437,-0.472070255102));
#13048 = PLANE('',#13049);
#13049 = AXIS2_PLACEMENT_3D('',#13050,#13051,#13052);
#13050 = CARTESIAN_POINT('',(4.103697277091,0.625,1.230577423244));
#13051 = DIRECTION('',(-0.608763982349,0.,0.793351381038));
#13052 = DIRECTION('',(0.793351381038,0.,0.608763982349));
#13053 = ADVANCED_FACE('',(#13054),#13069,.T.);
#13054 = FACE_BOUND('',#13055,.T.);
#13055 = EDGE_LOOP('',(#13056,#13057,#13063));
#13056 = ORIENTED_EDGE('',*,*,#13043,.F.);
#13057 = ORIENTED_EDGE('',*,*,#13058,.T.);
#13058 = EDGE_CURVE('',#13036,#12880,#13059,.T.);
#13059 = LINE('',#13060,#13061);
#13060 = CARTESIAN_POINT('',(4.141025543213,0.75,1.259220600128));
#13061 = VECTOR('',#13062,1.);
#13062 = DIRECTION('',(-0.793351668808,0.,-0.608763607322));
#13063 = ORIENTED_EDGE('',*,*,#13064,.T.);
#13064 = EDGE_CURVE('',#12880,#13012,#13065,.T.);
#13065 = LINE('',#13066,#13067);
#13066 = CARTESIAN_POINT('',(3.897435903549,0.75,1.072306632996));
#13067 = VECTOR('',#13068,1.);
#13068 = DIRECTION('',(0.615210582996,-0.631399986567,0.472069905346));
#13069 = PLANE('',#13070);
#13070 = AXIS2_PLACEMENT_3D('',#13071,#13072,#13073);
#13071 = CARTESIAN_POINT('',(4.019230744246,0.714797798314,
    1.165763606812));
#13072 = DIRECTION('',(-0.608763607322,-5.805622170971E-07,
    0.793351668807));
#13073 = DIRECTION('',(0.793351668808,-6.647482108517E-24,0.608763607322
    ));
#13074 = ADVANCED_FACE('',(#13075),#13080,.T.);
#13075 = FACE_BOUND('',#13076,.T.);
#13076 = EDGE_LOOP('',(#13077,#13078,#13079));
#13077 = ORIENTED_EDGE('',*,*,#13064,.F.);
#13078 = ORIENTED_EDGE('',*,*,#12879,.F.);
#13079 = ORIENTED_EDGE('',*,*,#13011,.F.);
#13080 = PLANE('',#13081);
#13081 = AXIS2_PLACEMENT_3D('',#13082,#13083,#13084);
#13082 = CARTESIAN_POINT('',(3.934764253446,0.625,1.100949818093));
#13083 = DIRECTION('',(-0.608763232297,0.,0.793351956577));
#13084 = DIRECTION('',(0.793351956577,0.,0.608763232297));
#13085 = ADVANCED_FACE('',(#13086),#13103,.T.);
#13086 = FACE_BOUND('',#13087,.T.);
#13087 = EDGE_LOOP('',(#13088,#13096,#13097));
#13088 = ORIENTED_EDGE('',*,*,#13089,.T.);
#13089 = EDGE_CURVE('',#13090,#8987,#13092,.T.);
#13090 = VERTEX_POINT('',#13091);
#13091 = CARTESIAN_POINT('',(4.262820720673,0.625,0.368642359972));
#13092 = LINE('',#13093,#13094);
#13093 = CARTESIAN_POINT('',(4.262820720673,0.625,0.368642359972));
#13094 = VECTOR('',#13095,1.);
#13095 = DIRECTION('',(-0.591265382011,-0.606823474401,-0.531197250512)
  );
#13096 = ORIENTED_EDGE('',*,*,#12980,.F.);
#13097 = ORIENTED_EDGE('',*,*,#13098,.T.);
#13098 = EDGE_CURVE('',#12958,#13090,#13099,.T.);
#13099 = LINE('',#13100,#13101);
#13100 = CARTESIAN_POINT('',(4.141025543213,0.75,0.259220659733));
#13101 = VECTOR('',#13102,1.);
#13102 = DIRECTION('',(0.591265382011,-0.606823474401,0.531197250512));
#13103 = PLANE('',#13104);
#13104 = AXIS2_PLACEMENT_3D('',#13105,#13106,#13107);
#13105 = CARTESIAN_POINT('',(4.178924907829,0.625,0.293269732945));
#13106 = DIRECTION('',(0.668309976416,-0.,-0.743882904376));
#13107 = DIRECTION('',(-0.743882904376,0.,-0.668309976416));
#13108 = ADVANCED_FACE('',(#13109),#13126,.T.);
#13109 = FACE_BOUND('',#13110,.T.);
#13110 = EDGE_LOOP('',(#13111,#13112,#13120));
#13111 = ORIENTED_EDGE('',*,*,#13098,.F.);
#13112 = ORIENTED_EDGE('',*,*,#13113,.T.);
#13113 = EDGE_CURVE('',#12958,#13114,#13116,.T.);
#13114 = VERTEX_POINT('',#13115);
#13115 = CARTESIAN_POINT('',(4.384615421295,0.75,0.478064060211));
#13116 = LINE('',#13117,#13118);
#13117 = CARTESIAN_POINT('',(4.141025543213,0.75,0.259220659733));
#13118 = VECTOR('',#13119,1.);
#13119 = DIRECTION('',(0.74388225399,0.,0.668310700347));
#13120 = ORIENTED_EDGE('',*,*,#13121,.T.);
#13121 = EDGE_CURVE('',#13114,#13090,#13122,.T.);
#13122 = LINE('',#13123,#13124);
#13123 = CARTESIAN_POINT('',(4.384615421295,0.75,0.478064060211));
#13124 = VECTOR('',#13125,1.);
#13125 = DIRECTION('',(-0.591263876419,-0.606824304954,-0.531197977556)
  );
#13126 = PLANE('',#13127);
#13127 = AXIS2_PLACEMENT_3D('',#13128,#13129,#13130);
#13128 = CARTESIAN_POINT('',(4.262820525453,0.715177883078,
    0.368642339112));
#13129 = DIRECTION('',(0.668310700347,1.274701500603E-06,-0.743882253989
    ));
#13130 = DIRECTION('',(-0.74388225399,3.535576054095E-23,-0.668310700347
    ));
#13131 = ADVANCED_FACE('',(#13132),#13147,.T.);
#13132 = FACE_BOUND('',#13133,.T.);
#13133 = EDGE_LOOP('',(#13134,#13135,#13141));
#13134 = ORIENTED_EDGE('',*,*,#13121,.F.);
#13135 = ORIENTED_EDGE('',*,*,#13136,.T.);
#13136 = EDGE_CURVE('',#13114,#9143,#13137,.T.);
#13137 = LINE('',#13138,#13139);
#13138 = CARTESIAN_POINT('',(4.384615421295,0.75,0.478064060211));
#13139 = VECTOR('',#13140,1.);
#13140 = DIRECTION('',(0.,-1.,0.));
#13141 = ORIENTED_EDGE('',*,*,#13142,.T.);
#13142 = EDGE_CURVE('',#9143,#13090,#13143,.T.);
#13143 = LINE('',#13144,#13145);
#13144 = CARTESIAN_POINT('',(4.384615421295,0.5,0.478064060211));
#13145 = VECTOR('',#13146,1.);
#13146 = DIRECTION('',(-0.591263876419,0.606824304954,-0.531197977556));
#13147 = PLANE('',#13148);
#13148 = AXIS2_PLACEMENT_3D('',#13149,#13150,#13151);
#13149 = CARTESIAN_POINT('',(4.346716224648,0.625,0.444015004598));
#13150 = DIRECTION('',(0.66831142428,-0.,-0.743881603602));
#13151 = DIRECTION('',(-0.743881603602,0.,-0.66831142428));
#13152 = ADVANCED_FACE('',(#13153),#13158,.T.);
#13153 = FACE_BOUND('',#13154,.T.);
#13154 = EDGE_LOOP('',(#13155,#13156,#13157));
#13155 = ORIENTED_EDGE('',*,*,#13142,.F.);
#13156 = ORIENTED_EDGE('',*,*,#9142,.F.);
#13157 = ORIENTED_EDGE('',*,*,#13089,.F.);
#13158 = PLANE('',#13159);
#13159 = AXIS2_PLACEMENT_3D('',#13160,#13161,#13162);
#13160 = CARTESIAN_POINT('',(4.262820525453,0.534822116922,
    0.368642339112));
#13161 = DIRECTION('',(0.668310700347,-1.274701500597E-06,
    -0.743882253989));
#13162 = DIRECTION('',(-0.74388225399,3.228472193215E-23,-0.668310700347
    ));
#13163 = ADVANCED_FACE('',(#13164),#13181,.T.);
#13164 = FACE_BOUND('',#13165,.T.);
#13165 = EDGE_LOOP('',(#13166,#13174,#13175));
#13166 = ORIENTED_EDGE('',*,*,#13167,.T.);
#13167 = EDGE_CURVE('',#13168,#9065,#13170,.T.);
#13168 = VERTEX_POINT('',#13169);
#13169 = CARTESIAN_POINT('',(4.262820720673,0.625,1.36864233017));
#13170 = LINE('',#13171,#13172);
#13171 = CARTESIAN_POINT('',(4.262820720673,0.625,1.36864233017));
#13172 = VECTOR('',#13173,1.);
#13173 = DIRECTION('',(-0.591265336571,-0.606823427765,-0.531197354366)
  );
#13174 = ORIENTED_EDGE('',*,*,#9243,.F.);
#13175 = ORIENTED_EDGE('',*,*,#13176,.T.);
#13176 = EDGE_CURVE('',#9221,#13168,#13177,.T.);
#13177 = LINE('',#13178,#13179);
#13178 = CARTESIAN_POINT('',(4.384615421295,0.5,1.478064060211));
#13179 = VECTOR('',#13180,1.);
#13180 = DIRECTION('',(-0.591263830978,0.606824258318,-0.53119808141));
#13181 = PLANE('',#13182);
#13182 = AXIS2_PLACEMENT_3D('',#13183,#13184,#13185);
#13183 = CARTESIAN_POINT('',(4.262820525453,0.534822116231,
    1.368642309309));
#13184 = DIRECTION('',(-0.668310801071,1.274701692688E-06,0.743882163498
    ));
#13185 = DIRECTION('',(0.743882163499,-4.410228911392E-23,0.668310801071
    ));
#13186 = ADVANCED_FACE('',(#13187),#13204,.T.);
#13187 = FACE_BOUND('',#13188,.T.);
#13188 = EDGE_LOOP('',(#13189,#13190,#13198));
#13189 = ORIENTED_EDGE('',*,*,#13176,.F.);
#13190 = ORIENTED_EDGE('',*,*,#13191,.T.);
#13191 = EDGE_CURVE('',#9221,#13192,#13194,.T.);
#13192 = VERTEX_POINT('',#13193);
#13193 = CARTESIAN_POINT('',(4.384615421295,0.75,1.478064060211));
#13194 = LINE('',#13195,#13196);
#13195 = CARTESIAN_POINT('',(4.384615421295,0.5,1.478064060211));
#13196 = VECTOR('',#13197,1.);
#13197 = DIRECTION('',(0.,1.,0.));
#13198 = ORIENTED_EDGE('',*,*,#13199,.T.);
#13199 = EDGE_CURVE('',#13192,#13168,#13200,.T.);
#13200 = LINE('',#13201,#13202);
#13201 = CARTESIAN_POINT('',(4.384615421295,0.75,1.478064060211));
#13202 = VECTOR('',#13203,1.);
#13203 = DIRECTION('',(-0.591263830978,-0.606824258318,-0.53119808141));
#13204 = PLANE('',#13205);
#13205 = AXIS2_PLACEMENT_3D('',#13206,#13207,#13208);
#13206 = CARTESIAN_POINT('',(4.346716223548,0.625,1.444014994336));
#13207 = DIRECTION('',(-0.668311525004,0.,0.74388151311));
#13208 = DIRECTION('',(0.74388151311,0.,0.668311525004));
#13209 = ADVANCED_FACE('',(#13210),#13225,.T.);
#13210 = FACE_BOUND('',#13211,.T.);
#13211 = EDGE_LOOP('',(#13212,#13213,#13219));
#13212 = ORIENTED_EDGE('',*,*,#13199,.F.);
#13213 = ORIENTED_EDGE('',*,*,#13214,.T.);
#13214 = EDGE_CURVE('',#13192,#13036,#13215,.T.);
#13215 = LINE('',#13216,#13217);
#13216 = CARTESIAN_POINT('',(4.384615421295,0.75,1.478064060211));
#13217 = VECTOR('',#13218,1.);
#13218 = DIRECTION('',(-0.743882163499,0.,-0.668310801071));
#13219 = ORIENTED_EDGE('',*,*,#13220,.T.);
#13220 = EDGE_CURVE('',#13036,#13168,#13221,.T.);
#13221 = LINE('',#13222,#13223);
#13222 = CARTESIAN_POINT('',(4.141025543213,0.75,1.259220600128));
#13223 = VECTOR('',#13224,1.);
#13224 = DIRECTION('',(0.591265336571,-0.606823427765,0.531197354366));
#13225 = PLANE('',#13226);
#13226 = AXIS2_PLACEMENT_3D('',#13227,#13228,#13229);
#13227 = CARTESIAN_POINT('',(4.262820525453,0.715177883769,
    1.368642309309));
#13228 = DIRECTION('',(-0.668310801071,-1.274701692707E-06,
    0.743882163498));
#13229 = DIRECTION('',(0.743882163499,-5.118396647004E-23,0.668310801071
    ));
#13230 = ADVANCED_FACE('',(#13231),#13236,.T.);
#13231 = FACE_BOUND('',#13232,.T.);
#13232 = EDGE_LOOP('',(#13233,#13234,#13235));
#13233 = ORIENTED_EDGE('',*,*,#13220,.F.);
#13234 = ORIENTED_EDGE('',*,*,#13035,.F.);
#13235 = ORIENTED_EDGE('',*,*,#13167,.F.);
#13236 = PLANE('',#13237);
#13237 = AXIS2_PLACEMENT_3D('',#13238,#13239,#13240);
#13238 = CARTESIAN_POINT('',(4.178924908929,0.625,1.293269683603));
#13239 = DIRECTION('',(-0.66831007714,0.,0.743882813885));
#13240 = DIRECTION('',(0.743882813885,0.,0.66831007714));
#13241 = ADVANCED_FACE('',(#13242),#13259,.T.);
#13242 = FACE_BOUND('',#13243,.T.);
#13243 = EDGE_LOOP('',(#13244,#13252,#13253));
#13244 = ORIENTED_EDGE('',*,*,#13245,.T.);
#13245 = EDGE_CURVE('',#13246,#9143,#13248,.T.);
#13246 = VERTEX_POINT('',#13247);
#13247 = CARTESIAN_POINT('',(4.506410121918,0.625,0.596989810467));
#13248 = LINE('',#13249,#13250);
#13249 = CARTESIAN_POINT('',(4.506410121918,0.625,0.596989810467));
#13250 = VECTOR('',#13251,1.);
#13251 = DIRECTION('',(-0.576699861234,-0.591877005204,-0.563115335223)
  );
#13252 = ORIENTED_EDGE('',*,*,#13136,.F.);
#13253 = ORIENTED_EDGE('',*,*,#13254,.T.);
#13254 = EDGE_CURVE('',#13114,#13246,#13255,.T.);
#13255 = LINE('',#13256,#13257);
#13256 = CARTESIAN_POINT('',(4.384615421295,0.75,0.478064060211));
#13257 = VECTOR('',#13258,1.);
#13258 = DIRECTION('',(0.576699861234,-0.591877005204,0.563115335223));
#13259 = PLANE('',#13260);
#13260 = AXIS2_PLACEMENT_3D('',#13261,#13262,#13263);
#13261 = CARTESIAN_POINT('',(4.422870481273,0.625,0.515417998319));
#13262 = DIRECTION('',(0.698629737223,-0.,-0.715483396221));
#13263 = DIRECTION('',(-0.715483396221,0.,-0.698629737223));
#13264 = ADVANCED_FACE('',(#13265),#13282,.T.);
#13265 = FACE_BOUND('',#13266,.T.);
#13266 = EDGE_LOOP('',(#13267,#13268,#13276));
#13267 = ORIENTED_EDGE('',*,*,#13254,.F.);
#13268 = ORIENTED_EDGE('',*,*,#13269,.T.);
#13269 = EDGE_CURVE('',#13114,#13270,#13272,.T.);
#13270 = VERTEX_POINT('',#13271);
#13271 = CARTESIAN_POINT('',(4.628205299377,0.75,0.715915560722));
#13272 = LINE('',#13273,#13274);
#13273 = CARTESIAN_POINT('',(4.384615421295,0.75,0.478064060211));
#13274 = VECTOR('',#13275,1.);
#13275 = DIRECTION('',(0.715484079826,0.,0.698629037126));
#13276 = ORIENTED_EDGE('',*,*,#13277,.T.);
#13277 = EDGE_CURVE('',#13270,#13246,#13278,.T.);
#13278 = LINE('',#13279,#13280);
#13279 = CARTESIAN_POINT('',(4.628205299377,0.75,0.715915560722));
#13280 = VECTOR('',#13281,1.);
#13281 = DIRECTION('',(-0.576701368147,-0.591876234526,-0.563114601996)
  );
#13282 = PLANE('',#13283);
#13283 = AXIS2_PLACEMENT_3D('',#13284,#13285,#13286);
#13284 = CARTESIAN_POINT('',(4.506410316283,0.715393681585,
    0.596989831902));
#13285 = DIRECTION('',(0.698629037126,-1.332529138775E-06,
    -0.715484079825));
#13286 = DIRECTION('',(-0.715484079826,-1.844039364823E-23,
    -0.698629037126));
#13287 = ADVANCED_FACE('',(#13288),#13303,.T.);
#13288 = FACE_BOUND('',#13289,.T.);
#13289 = EDGE_LOOP('',(#13290,#13291,#13297));
#13290 = ORIENTED_EDGE('',*,*,#13277,.F.);
#13291 = ORIENTED_EDGE('',*,*,#13292,.T.);
#13292 = EDGE_CURVE('',#13270,#9299,#13293,.T.);
#13293 = LINE('',#13294,#13295);
#13294 = CARTESIAN_POINT('',(4.628205299377,0.75,0.715915560722));
#13295 = VECTOR('',#13296,1.);
#13296 = DIRECTION('',(0.,-1.,0.));
#13297 = ORIENTED_EDGE('',*,*,#13298,.T.);
#13298 = EDGE_CURVE('',#9299,#13246,#13299,.T.);
#13299 = LINE('',#13300,#13301);
#13300 = CARTESIAN_POINT('',(4.628205299377,0.5,0.715915560722));
#13301 = VECTOR('',#13302,1.);
#13302 = DIRECTION('',(-0.576701368147,0.591876234526,-0.563114601996));
#13303 = PLANE('',#13304);
#13304 = AXIS2_PLACEMENT_3D('',#13305,#13306,#13307);
#13305 = CARTESIAN_POINT('',(4.589950071107,0.625,0.67856160453));
#13306 = DIRECTION('',(0.698628337031,-0.,-0.715484763428));
#13307 = DIRECTION('',(-0.715484763428,0.,-0.698628337031));
#13308 = ADVANCED_FACE('',(#13309),#13314,.T.);
#13309 = FACE_BOUND('',#13310,.T.);
#13310 = EDGE_LOOP('',(#13311,#13312,#13313));
#13311 = ORIENTED_EDGE('',*,*,#13298,.F.);
#13312 = ORIENTED_EDGE('',*,*,#9298,.F.);
#13313 = ORIENTED_EDGE('',*,*,#13245,.F.);
#13314 = PLANE('',#13315);
#13315 = AXIS2_PLACEMENT_3D('',#13316,#13317,#13318);
#13316 = CARTESIAN_POINT('',(4.506410316283,0.534606318415,
    0.596989831902));
#13317 = DIRECTION('',(0.698629037126,1.332529138754E-06,-0.715484079825
    ));
#13318 = DIRECTION('',(-0.715484079826,-3.513133586486E-23,
    -0.698629037126));
#13319 = ADVANCED_FACE('',(#13320),#13337,.T.);
#13320 = FACE_BOUND('',#13321,.T.);
#13321 = EDGE_LOOP('',(#13322,#13330,#13331));
#13322 = ORIENTED_EDGE('',*,*,#13323,.T.);
#13323 = EDGE_CURVE('',#13324,#9221,#13326,.T.);
#13324 = VERTEX_POINT('',#13325);
#13325 = CARTESIAN_POINT('',(4.506410121918,0.625,1.596989750862));
#13326 = LINE('',#13327,#13328);
#13327 = CARTESIAN_POINT('',(4.506410121918,0.625,1.596989750862));
#13328 = VECTOR('',#13329,1.);
#13329 = DIRECTION('',(-0.576699952887,-0.59187709927,-0.563115142489));
#13330 = ORIENTED_EDGE('',*,*,#9399,.F.);
#13331 = ORIENTED_EDGE('',*,*,#13332,.T.);
#13332 = EDGE_CURVE('',#9377,#13324,#13333,.T.);
#13333 = LINE('',#13334,#13335);
#13334 = CARTESIAN_POINT('',(4.628205299377,0.5,1.715915560722));
#13335 = VECTOR('',#13336,1.);
#13336 = DIRECTION('',(-0.576701276493,0.591876140461,-0.56311479473));
#13337 = PLANE('',#13338);
#13338 = AXIS2_PLACEMENT_3D('',#13339,#13340,#13341);
#13339 = CARTESIAN_POINT('',(4.506410321641,0.534606318415,
    1.596989820633));
#13340 = DIRECTION('',(-0.698629037126,-9.913597434561E-07,
    0.715484079825));
#13341 = DIRECTION('',(0.715484079826,2.790922575248E-23,0.698629037126)
  );
#13342 = ADVANCED_FACE('',(#13343),#13360,.T.);
#13343 = FACE_BOUND('',#13344,.T.);
#13344 = EDGE_LOOP('',(#13345,#13346,#13354));
#13345 = ORIENTED_EDGE('',*,*,#13332,.F.);
#13346 = ORIENTED_EDGE('',*,*,#13347,.T.);
#13347 = EDGE_CURVE('',#9377,#13348,#13350,.T.);
#13348 = VERTEX_POINT('',#13349);
#13349 = CARTESIAN_POINT('',(4.628205299377,0.75,1.715915560722));
#13350 = LINE('',#13351,#13352);
#13351 = CARTESIAN_POINT('',(4.628205299377,0.5,1.715915560722));
#13352 = VECTOR('',#13353,1.);
#13353 = DIRECTION('',(0.,1.,0.));
#13354 = ORIENTED_EDGE('',*,*,#13355,.T.);
#13355 = EDGE_CURVE('',#13348,#13324,#13356,.T.);
#13356 = LINE('',#13357,#13358);
#13357 = CARTESIAN_POINT('',(4.628205299377,0.75,1.715915560722));
#13358 = VECTOR('',#13359,1.);
#13359 = DIRECTION('',(-0.576701276493,-0.591876140461,-0.56311479473));
#13360 = PLANE('',#13361);
#13361 = AXIS2_PLACEMENT_3D('',#13362,#13363,#13364);
#13362 = CARTESIAN_POINT('',(4.589950068847,0.625,1.678561583601));
#13363 = DIRECTION('',(-0.698628516278,0.,0.715484588404));
#13364 = DIRECTION('',(0.715484588404,0.,0.698628516278));
#13365 = ADVANCED_FACE('',(#13366),#13381,.T.);
#13366 = FACE_BOUND('',#13367,.T.);
#13367 = EDGE_LOOP('',(#13368,#13369,#13375));
#13368 = ORIENTED_EDGE('',*,*,#13355,.F.);
#13369 = ORIENTED_EDGE('',*,*,#13370,.T.);
#13370 = EDGE_CURVE('',#13348,#13192,#13371,.T.);
#13371 = LINE('',#13372,#13373);
#13372 = CARTESIAN_POINT('',(4.628205299377,0.75,1.715915560722));
#13373 = VECTOR('',#13374,1.);
#13374 = DIRECTION('',(-0.715484079826,0.,-0.698629037126));
#13375 = ORIENTED_EDGE('',*,*,#13376,.T.);
#13376 = EDGE_CURVE('',#13192,#13324,#13377,.T.);
#13377 = LINE('',#13378,#13379);
#13378 = CARTESIAN_POINT('',(4.384615421295,0.75,1.478064060211));
#13379 = VECTOR('',#13380,1.);
#13380 = DIRECTION('',(0.576699952887,-0.59187709927,0.563115142489));
#13381 = PLANE('',#13382);
#13382 = AXIS2_PLACEMENT_3D('',#13383,#13384,#13385);
#13383 = CARTESIAN_POINT('',(4.506410321641,0.715393681585,
    1.596989820633));
#13384 = DIRECTION('',(-0.698629037126,9.913597434357E-07,0.715484079825
    ));
#13385 = DIRECTION('',(0.715484079826,-9.29092484521E-23,0.698629037126)
  );
#13386 = ADVANCED_FACE('',(#13387),#13392,.T.);
#13387 = FACE_BOUND('',#13388,.T.);
#13388 = EDGE_LOOP('',(#13389,#13390,#13391));
#13389 = ORIENTED_EDGE('',*,*,#13376,.F.);
#13390 = ORIENTED_EDGE('',*,*,#13191,.F.);
#13391 = ORIENTED_EDGE('',*,*,#13323,.F.);
#13392 = PLANE('',#13393);
#13393 = AXIS2_PLACEMENT_3D('',#13394,#13395,#13396);
#13394 = CARTESIAN_POINT('',(4.422870479012,0.625,1.51541797739));
#13395 = DIRECTION('',(-0.698629557976,0.,0.715483571245));
#13396 = DIRECTION('',(0.715483571245,0.,0.698629557976));
#13397 = ADVANCED_FACE('',(#13398),#13415,.T.);
#13398 = FACE_BOUND('',#13399,.T.);
#13399 = EDGE_LOOP('',(#13400,#13408,#13409));
#13400 = ORIENTED_EDGE('',*,*,#13401,.T.);
#13401 = EDGE_CURVE('',#13402,#9299,#13404,.T.);
#13402 = VERTEX_POINT('',#13403);
#13403 = CARTESIAN_POINT('',(4.75,0.625,0.837323606014));
#13404 = LINE('',#13405,#13406);
#13405 = CARTESIAN_POINT('',(4.75,0.625,0.837323606014));
#13406 = VECTOR('',#13407,1.);
#13407 = DIRECTION('',(-0.572881290873,-0.587957940641,-0.571062594297)
  );
#13408 = ORIENTED_EDGE('',*,*,#13292,.F.);
#13409 = ORIENTED_EDGE('',*,*,#13410,.T.);
#13410 = EDGE_CURVE('',#13270,#13402,#13411,.T.);
#13411 = LINE('',#13412,#13413);
#13412 = CARTESIAN_POINT('',(4.628205299377,0.75,0.715915560722));
#13413 = VECTOR('',#13414,1.);
#13414 = DIRECTION('',(0.572881290873,-0.587957940641,0.571062594297));
#13415 = PLANE('',#13416);
#13416 = AXIS2_PLACEMENT_3D('',#13417,#13418,#13419);
#13417 = CARTESIAN_POINT('',(4.666554772467,0.625,0.754143287725));
#13418 = DIRECTION('',(0.705981696859,-0.,-0.708230078223));
#13419 = DIRECTION('',(-0.708230078223,0.,-0.705981696859));
#13420 = ADVANCED_FACE('',(#13421),#13438,.T.);
#13421 = FACE_BOUND('',#13422,.T.);
#13422 = EDGE_LOOP('',(#13423,#13424,#13432));
#13423 = ORIENTED_EDGE('',*,*,#13410,.F.);
#13424 = ORIENTED_EDGE('',*,*,#13425,.T.);
#13425 = EDGE_CURVE('',#13270,#13426,#13428,.T.);
#13426 = VERTEX_POINT('',#13427);
#13427 = CARTESIAN_POINT('',(4.871794700623,0.75,0.958731651306));
#13428 = LINE('',#13429,#13430);
#13429 = CARTESIAN_POINT('',(4.628205299377,0.75,0.715915560722));
#13430 = VECTOR('',#13431,1.);
#13431 = DIRECTION('',(0.708230078223,0.,0.705981696859));
#13432 = ORIENTED_EDGE('',*,*,#13433,.T.);
#13433 = EDGE_CURVE('',#13426,#13402,#13434,.T.);
#13434 = LINE('',#13435,#13436);
#13435 = CARTESIAN_POINT('',(4.871794700623,0.75,0.958731651306));
#13436 = VECTOR('',#13437,1.);
#13437 = DIRECTION('',(-0.572881290873,-0.587957940641,-0.571062594297)
  );
#13438 = PLANE('',#13439);
#13439 = AXIS2_PLACEMENT_3D('',#13440,#13441,#13442);
#13440 = CARTESIAN_POINT('',(4.75,0.715448452838,0.837323606014));
#13441 = DIRECTION('',(0.705981696859,-0.,-0.708230078223));
#13442 = DIRECTION('',(-0.708230078223,0.,-0.705981696859));
#13443 = ADVANCED_FACE('',(#13444),#13459,.T.);
#13444 = FACE_BOUND('',#13445,.T.);
#13445 = EDGE_LOOP('',(#13446,#13447,#13453));
#13446 = ORIENTED_EDGE('',*,*,#13433,.F.);
#13447 = ORIENTED_EDGE('',*,*,#13448,.T.);
#13448 = EDGE_CURVE('',#13426,#9455,#13449,.T.);
#13449 = LINE('',#13450,#13451);
#13450 = CARTESIAN_POINT('',(4.871794700623,0.75,0.958731651306));
#13451 = VECTOR('',#13452,1.);
#13452 = DIRECTION('',(0.,-1.,0.));
#13453 = ORIENTED_EDGE('',*,*,#13454,.T.);
#13454 = EDGE_CURVE('',#9455,#13402,#13455,.T.);
#13455 = LINE('',#13456,#13457);
#13456 = CARTESIAN_POINT('',(4.871794700623,0.5,0.958731651306));
#13457 = VECTOR('',#13458,1.);
#13458 = DIRECTION('',(-0.572881290873,0.587957940641,-0.571062594297));
#13459 = PLANE('',#13460);
#13460 = AXIS2_PLACEMENT_3D('',#13461,#13462,#13463);
#13461 = CARTESIAN_POINT('',(4.833445227533,0.625,0.920503924304));
#13462 = DIRECTION('',(0.705981696859,-0.,-0.708230078223));
#13463 = DIRECTION('',(-0.708230078223,0.,-0.705981696859));
#13464 = ADVANCED_FACE('',(#13465),#13470,.T.);
#13465 = FACE_BOUND('',#13466,.T.);
#13466 = EDGE_LOOP('',(#13467,#13468,#13469));
#13467 = ORIENTED_EDGE('',*,*,#13454,.F.);
#13468 = ORIENTED_EDGE('',*,*,#9454,.F.);
#13469 = ORIENTED_EDGE('',*,*,#13401,.F.);
#13470 = PLANE('',#13471);
#13471 = AXIS2_PLACEMENT_3D('',#13472,#13473,#13474);
#13472 = CARTESIAN_POINT('',(4.75,0.534551547162,0.837323606014));
#13473 = DIRECTION('',(0.705981696859,-0.,-0.708230078223));
#13474 = DIRECTION('',(-0.708230078223,0.,-0.705981696859));
#13475 = ADVANCED_FACE('',(#13476),#13493,.T.);
#13476 = FACE_BOUND('',#13477,.T.);
#13477 = EDGE_LOOP('',(#13478,#13486,#13487));
#13478 = ORIENTED_EDGE('',*,*,#13479,.T.);
#13479 = EDGE_CURVE('',#13480,#9377,#13482,.T.);
#13480 = VERTEX_POINT('',#13481);
#13481 = CARTESIAN_POINT('',(4.75,0.625,1.83732354641));
#13482 = LINE('',#13483,#13484);
#13483 = CARTESIAN_POINT('',(4.75,0.625,1.83732354641));
#13484 = VECTOR('',#13485,1.);
#13485 = DIRECTION('',(-0.572881382593,-0.587958034775,-0.571062405366)
  );
#13486 = ORIENTED_EDGE('',*,*,#9555,.F.);
#13487 = ORIENTED_EDGE('',*,*,#13488,.T.);
#13488 = EDGE_CURVE('',#9533,#13480,#13489,.T.);
#13489 = LINE('',#13490,#13491);
#13490 = CARTESIAN_POINT('',(4.871794700623,0.5,1.958731651306));
#13491 = VECTOR('',#13492,1.);
#13492 = DIRECTION('',(-0.572881199152,0.587957846507,-0.571062783228));
#13493 = PLANE('',#13494);
#13494 = AXIS2_PLACEMENT_3D('',#13495,#13496,#13497);
#13495 = CARTESIAN_POINT('',(4.75000000539,0.534551547162,1.837323594912
    ));
#13496 = DIRECTION('',(-0.705981696859,3.377104178868E-07,0.708230078223
    ));
#13497 = DIRECTION('',(0.708230078223,-1.764561816986E-23,0.705981696859
    ));
#13498 = ADVANCED_FACE('',(#13499),#13516,.T.);
#13499 = FACE_BOUND('',#13500,.T.);
#13500 = EDGE_LOOP('',(#13501,#13502,#13510));
#13501 = ORIENTED_EDGE('',*,*,#13488,.F.);
#13502 = ORIENTED_EDGE('',*,*,#13503,.T.);
#13503 = EDGE_CURVE('',#9533,#13504,#13506,.T.);
#13504 = VERTEX_POINT('',#13505);
#13505 = CARTESIAN_POINT('',(4.871794700623,0.75,1.958731651306));
#13506 = LINE('',#13507,#13508);
#13507 = CARTESIAN_POINT('',(4.871794700623,0.5,1.958731651306));
#13508 = VECTOR('',#13509,1.);
#13509 = DIRECTION('',(0.,1.,0.));
#13510 = ORIENTED_EDGE('',*,*,#13511,.T.);
#13511 = EDGE_CURVE('',#13504,#13480,#13512,.T.);
#13512 = LINE('',#13513,#13514);
#13513 = CARTESIAN_POINT('',(4.871794700623,0.75,1.958731651306));
#13514 = VECTOR('',#13515,1.);
#13515 = DIRECTION('',(-0.572881199152,-0.587957846507,-0.571062783228)
  );
#13516 = PLANE('',#13517);
#13517 = AXIS2_PLACEMENT_3D('',#13518,#13519,#13520);
#13518 = CARTESIAN_POINT('',(4.83344522526,0.625,1.92050390327));
#13519 = DIRECTION('',(-0.705981870709,0.,0.708229904925));
#13520 = DIRECTION('',(0.708229904925,0.,0.705981870709));
#13521 = ADVANCED_FACE('',(#13522),#13537,.T.);
#13522 = FACE_BOUND('',#13523,.T.);
#13523 = EDGE_LOOP('',(#13524,#13525,#13531));
#13524 = ORIENTED_EDGE('',*,*,#13511,.F.);
#13525 = ORIENTED_EDGE('',*,*,#13526,.T.);
#13526 = EDGE_CURVE('',#13504,#13348,#13527,.T.);
#13527 = LINE('',#13528,#13529);
#13528 = CARTESIAN_POINT('',(4.871794700623,0.75,1.958731651306));
#13529 = VECTOR('',#13530,1.);
#13530 = DIRECTION('',(-0.708230078223,0.,-0.705981696859));
#13531 = ORIENTED_EDGE('',*,*,#13532,.T.);
#13532 = EDGE_CURVE('',#13348,#13480,#13533,.T.);
#13533 = LINE('',#13534,#13535);
#13534 = CARTESIAN_POINT('',(4.628205299377,0.75,1.715915560722));
#13535 = VECTOR('',#13536,1.);
#13536 = DIRECTION('',(0.572881382593,-0.587958034775,0.571062405366));
#13537 = PLANE('',#13538);
#13538 = AXIS2_PLACEMENT_3D('',#13539,#13540,#13541);
#13539 = CARTESIAN_POINT('',(4.75000000539,0.715448452838,1.837323594912
    ));
#13540 = DIRECTION('',(-0.705981696859,-3.377104178827E-07,
    0.708230078223));
#13541 = DIRECTION('',(0.708230078223,3.539785587197E-23,0.705981696859)
  );
#13542 = ADVANCED_FACE('',(#13543),#13548,.T.);
#13543 = FACE_BOUND('',#13544,.T.);
#13544 = EDGE_LOOP('',(#13545,#13546,#13547));
#13545 = ORIENTED_EDGE('',*,*,#13532,.F.);
#13546 = ORIENTED_EDGE('',*,*,#13347,.F.);
#13547 = ORIENTED_EDGE('',*,*,#13479,.F.);
#13548 = PLANE('',#13549);
#13549 = AXIS2_PLACEMENT_3D('',#13550,#13551,#13552);
#13550 = CARTESIAN_POINT('',(4.666554770193,0.625,1.754143266691));
#13551 = DIRECTION('',(-0.705981523009,0.,0.708230251521));
#13552 = DIRECTION('',(0.708230251521,0.,0.705981523009));
#13553 = ADVANCED_FACE('',(#13554),#13571,.T.);
#13554 = FACE_BOUND('',#13555,.T.);
#13555 = EDGE_LOOP('',(#13556,#13564,#13565));
#13556 = ORIENTED_EDGE('',*,*,#13557,.T.);
#13557 = EDGE_CURVE('',#13558,#9455,#13560,.T.);
#13558 = VERTEX_POINT('',#13559);
#13559 = CARTESIAN_POINT('',(4.993589878082,0.625,1.07545375824));
#13560 = LINE('',#13561,#13562);
#13561 = CARTESIAN_POINT('',(4.993589878082,0.625,1.07545375824));
#13562 = VECTOR('',#13563,1.);
#13563 = DIRECTION('',(-0.580088094881,-0.595352076925,-0.555925990288)
  );
#13564 = ORIENTED_EDGE('',*,*,#13448,.F.);
#13565 = ORIENTED_EDGE('',*,*,#13566,.T.);
#13566 = EDGE_CURVE('',#13426,#13558,#13567,.T.);
#13567 = LINE('',#13568,#13569);
#13568 = CARTESIAN_POINT('',(4.871794700623,0.75,0.958731651306));
#13569 = VECTOR('',#13570,1.);
#13570 = DIRECTION('',(0.580088094881,-0.595352076925,0.555925990288));
#13571 = PLANE('',#13572);
#13572 = AXIS2_PLACEMENT_3D('',#13573,#13574,#13575);
#13573 = CARTESIAN_POINT('',(4.909966581056,0.625,0.995313578462));
#13574 = DIRECTION('',(0.691910704372,-0.,-0.721983086488));
#13575 = DIRECTION('',(-0.721983086488,0.,-0.691910704372));
#13576 = ADVANCED_FACE('',(#13577),#13594,.T.);
#13577 = FACE_BOUND('',#13578,.T.);
#13578 = EDGE_LOOP('',(#13579,#13580,#13588));
#13579 = ORIENTED_EDGE('',*,*,#13566,.F.);
#13580 = ORIENTED_EDGE('',*,*,#13581,.T.);
#13581 = EDGE_CURVE('',#13426,#13582,#13584,.T.);
#13582 = VERTEX_POINT('',#13583);
#13583 = CARTESIAN_POINT('',(5.115384578705,0.75,1.192175745964));
#13584 = LINE('',#13585,#13586);
#13585 = CARTESIAN_POINT('',(4.871794700623,0.75,0.958731651306));
#13586 = VECTOR('',#13587,1.);
#13587 = DIRECTION('',(0.721982586383,0.,0.691911226213));
#13588 = ORIENTED_EDGE('',*,*,#13589,.T.);
#13589 = EDGE_CURVE('',#13582,#13558,#13590,.T.);
#13590 = LINE('',#13591,#13592);
#13591 = CARTESIAN_POINT('',(5.115384578705,0.75,1.192175745964));
#13592 = VECTOR('',#13593,1.);
#13593 = DIRECTION('',(-0.580086771115,-0.595353049178,-0.555926330382)
  );
#13594 = PLANE('',#13595);
#13595 = AXIS2_PLACEMENT_3D('',#13596,#13597,#13598);
#13596 = CARTESIAN_POINT('',(4.993589678192,0.715344481497,
    1.075453688737));
#13597 = DIRECTION('',(0.691911226213,9.754478065812E-07,-0.721982586383
    ));
#13598 = DIRECTION('',(-0.721982586383,-1.483779061332E-23,
    -0.691911226213));
#13599 = ADVANCED_FACE('',(#13600),#13615,.T.);
#13600 = FACE_BOUND('',#13601,.T.);
#13601 = EDGE_LOOP('',(#13602,#13603,#13609));
#13602 = ORIENTED_EDGE('',*,*,#13589,.F.);
#13603 = ORIENTED_EDGE('',*,*,#13604,.T.);
#13604 = EDGE_CURVE('',#13582,#9611,#13605,.T.);
#13605 = LINE('',#13606,#13607);
#13606 = CARTESIAN_POINT('',(5.115384578705,0.75,1.192175745964));
#13607 = VECTOR('',#13608,1.);
#13608 = DIRECTION('',(0.,-1.,0.));
#13609 = ORIENTED_EDGE('',*,*,#13610,.T.);
#13610 = EDGE_CURVE('',#9611,#13558,#13611,.T.);
#13611 = LINE('',#13612,#13613);
#13612 = CARTESIAN_POINT('',(5.115384578705,0.5,1.192175745964));
#13613 = VECTOR('',#13614,1.);
#13614 = DIRECTION('',(-0.580086771115,0.595353049178,-0.555926330382));
#13615 = PLANE('',#13616);
#13616 = AXIS2_PLACEMENT_3D('',#13617,#13618,#13619);
#13617 = CARTESIAN_POINT('',(5.07721287098,0.625,1.155593878463));
#13618 = DIRECTION('',(0.691911748055,-0.,-0.721982086276));
#13619 = DIRECTION('',(-0.721982086276,0.,-0.691911748055));
#13620 = ADVANCED_FACE('',(#13621),#13626,.T.);
#13621 = FACE_BOUND('',#13622,.T.);
#13622 = EDGE_LOOP('',(#13623,#13624,#13625));
#13623 = ORIENTED_EDGE('',*,*,#13610,.F.);
#13624 = ORIENTED_EDGE('',*,*,#9610,.F.);
#13625 = ORIENTED_EDGE('',*,*,#13557,.F.);
#13626 = PLANE('',#13627);
#13627 = AXIS2_PLACEMENT_3D('',#13628,#13629,#13630);
#13628 = CARTESIAN_POINT('',(4.993589678192,0.534655518503,
    1.075453688737));
#13629 = DIRECTION('',(0.691911226213,-9.754478065646E-07,
    -0.721982586383));
#13630 = DIRECTION('',(-0.721982586383,5.767165857896E-23,
    -0.691911226213));
#13631 = ADVANCED_FACE('',(#13632),#13649,.T.);
#13632 = FACE_BOUND('',#13633,.T.);
#13633 = EDGE_LOOP('',(#13634,#13642,#13643));
#13634 = ORIENTED_EDGE('',*,*,#13635,.T.);
#13635 = EDGE_CURVE('',#13636,#9533,#13638,.T.);
#13636 = VERTEX_POINT('',#13637);
#13637 = CARTESIAN_POINT('',(4.993589878082,0.625,2.07545375824));
#13638 = LINE('',#13639,#13640);
#13639 = CARTESIAN_POINT('',(4.993589878082,0.625,2.07545375824));
#13640 = VECTOR('',#13641,1.);
#13641 = DIRECTION('',(-0.580088094881,-0.595352076925,-0.555925990288)
  );
#13642 = ORIENTED_EDGE('',*,*,#9711,.F.);
#13643 = ORIENTED_EDGE('',*,*,#13644,.T.);
#13644 = EDGE_CURVE('',#9689,#13636,#13645,.T.);
#13645 = LINE('',#13646,#13647);
#13646 = CARTESIAN_POINT('',(5.115384578705,0.5,2.192175865173));
#13647 = VECTOR('',#13648,1.);
#13648 = DIRECTION('',(-0.580086588016,0.595352861261,-0.555926722682));
#13649 = PLANE('',#13650);
#13650 = AXIS2_PLACEMENT_3D('',#13651,#13652,#13653);
#13651 = CARTESIAN_POINT('',(4.993589683521,0.534655517165,
    2.075453736923));
#13652 = DIRECTION('',(-0.691911410387,1.319716282605E-06,0.721982409878
    ));
#13653 = DIRECTION('',(0.721982409879,-2.568201344327E-23,0.691911410388
    ));
#13654 = ADVANCED_FACE('',(#13655),#13672,.T.);
#13655 = FACE_BOUND('',#13656,.T.);
#13656 = EDGE_LOOP('',(#13657,#13658,#13666));
#13657 = ORIENTED_EDGE('',*,*,#13644,.F.);
#13658 = ORIENTED_EDGE('',*,*,#13659,.T.);
#13659 = EDGE_CURVE('',#9689,#13660,#13662,.T.);
#13660 = VERTEX_POINT('',#13661);
#13661 = CARTESIAN_POINT('',(5.115384578705,0.75,2.192175865173));
#13662 = LINE('',#13663,#13664);
#13663 = CARTESIAN_POINT('',(5.115384578705,0.5,2.192175865173));
#13664 = VECTOR('',#13665,1.);
#13665 = DIRECTION('',(0.,1.,0.));
#13666 = ORIENTED_EDGE('',*,*,#13667,.T.);
#13667 = EDGE_CURVE('',#13660,#13636,#13668,.T.);
#13668 = LINE('',#13669,#13670);
#13669 = CARTESIAN_POINT('',(5.115384578705,0.75,2.192175865173));
#13670 = VECTOR('',#13671,1.);
#13671 = DIRECTION('',(-0.580086588016,-0.595352861261,-0.555926722682)
  );
#13672 = PLANE('',#13673);
#13673 = AXIS2_PLACEMENT_3D('',#13674,#13675,#13676);
#13674 = CARTESIAN_POINT('',(5.077212866484,0.625,2.155593956002));
#13675 = DIRECTION('',(-0.691912116405,0.,0.721981733268));
#13676 = DIRECTION('',(0.721981733268,0.,0.691912116405));
#13677 = ADVANCED_FACE('',(#13678),#13693,.T.);
#13678 = FACE_BOUND('',#13679,.T.);
#13679 = EDGE_LOOP('',(#13680,#13681,#13687));
#13680 = ORIENTED_EDGE('',*,*,#13667,.F.);
#13681 = ORIENTED_EDGE('',*,*,#13682,.T.);
#13682 = EDGE_CURVE('',#13660,#13504,#13683,.T.);
#13683 = LINE('',#13684,#13685);
#13684 = CARTESIAN_POINT('',(5.115384578705,0.75,2.192175865173));
#13685 = VECTOR('',#13686,1.);
#13686 = DIRECTION('',(-0.721982409879,0.,-0.691911410388));
#13687 = ORIENTED_EDGE('',*,*,#13688,.T.);
#13688 = EDGE_CURVE('',#13504,#13636,#13689,.T.);
#13689 = LINE('',#13690,#13691);
#13690 = CARTESIAN_POINT('',(4.871794700623,0.75,1.958731651306));
#13691 = VECTOR('',#13692,1.);
#13692 = DIRECTION('',(0.580088094881,-0.595352076925,0.555925990288));
#13693 = PLANE('',#13694);
#13694 = AXIS2_PLACEMENT_3D('',#13695,#13696,#13697);
#13695 = CARTESIAN_POINT('',(4.993589683521,0.715344482835,
    2.075453736923));
#13696 = DIRECTION('',(-0.691911410387,-1.319716282585E-06,
    0.721982409878));
#13697 = DIRECTION('',(0.721982409879,7.018777656846E-24,0.691911410388)
  );
#13698 = ADVANCED_FACE('',(#13699),#13704,.T.);
#13699 = FACE_BOUND('',#13700,.T.);
#13700 = EDGE_LOOP('',(#13701,#13702,#13703));
#13701 = ORIENTED_EDGE('',*,*,#13688,.F.);
#13702 = ORIENTED_EDGE('',*,*,#13503,.F.);
#13703 = ORIENTED_EDGE('',*,*,#13635,.F.);
#13704 = PLANE('',#13705);
#13705 = AXIS2_PLACEMENT_3D('',#13706,#13707,#13708);
#13706 = CARTESIAN_POINT('',(4.909966581056,0.625,1.995313578462));
#13707 = DIRECTION('',(-0.691910704372,0.,0.721983086488));
#13708 = DIRECTION('',(0.721983086488,0.,0.691910704372));
#13709 = ADVANCED_FACE('',(#13710),#13727,.T.);
#13710 = FACE_BOUND('',#13711,.T.);
#13711 = EDGE_LOOP('',(#13712,#13720,#13721));
#13712 = ORIENTED_EDGE('',*,*,#13713,.T.);
#13713 = EDGE_CURVE('',#13714,#9611,#13716,.T.);
#13714 = VERTEX_POINT('',#13715);
#13715 = CARTESIAN_POINT('',(5.237179279327,0.625,1.297320127487));
#13716 = LINE('',#13717,#13718);
#13717 = CARTESIAN_POINT('',(5.237179279327,0.625,1.297320127487));
#13718 = VECTOR('',#13719,1.);
#13719 = DIRECTION('',(-0.597763763464,-0.613495251034,-0.516044629899)
  );
#13720 = ORIENTED_EDGE('',*,*,#13604,.F.);
#13721 = ORIENTED_EDGE('',*,*,#13722,.T.);
#13722 = EDGE_CURVE('',#13582,#13714,#13723,.T.);
#13723 = LINE('',#13724,#13725);
#13724 = CARTESIAN_POINT('',(5.115384578705,0.75,1.192175745964));
#13725 = VECTOR('',#13726,1.);
#13726 = DIRECTION('',(0.597763763464,-0.613495251034,0.516044629899));
#13727 = PLANE('',#13728);
#13728 = AXIS2_PLACEMENT_3D('',#13729,#13730,#13731);
#13729 = CARTESIAN_POINT('',(5.153127082299,0.625,1.224758544536));
#13730 = DIRECTION('',(0.653470520021,-0.,-0.756951966417));
#13731 = DIRECTION('',(-0.756951966417,0.,-0.653470520021));
#13732 = ADVANCED_FACE('',(#13733),#13750,.T.);
#13733 = FACE_BOUND('',#13734,.T.);
#13734 = EDGE_LOOP('',(#13735,#13736,#13744));
#13735 = ORIENTED_EDGE('',*,*,#13722,.F.);
#13736 = ORIENTED_EDGE('',*,*,#13737,.T.);
#13737 = EDGE_CURVE('',#13582,#13738,#13740,.T.);
#13738 = VERTEX_POINT('',#13739);
#13739 = CARTESIAN_POINT('',(5.358974456787,0.75,1.40246450901));
#13740 = LINE('',#13741,#13742);
#13741 = CARTESIAN_POINT('',(5.115384578705,0.75,1.192175745964));
#13742 = VECTOR('',#13743,1.);
#13743 = DIRECTION('',(0.756952599166,0.,0.653469787072));
#13744 = ORIENTED_EDGE('',*,*,#13745,.T.);
#13745 = EDGE_CURVE('',#13738,#13714,#13746,.T.);
#13746 = LINE('',#13747,#13748);
#13747 = CARTESIAN_POINT('',(5.358974456787,0.75,1.40246450901));
#13748 = VECTOR('',#13749,1.);
#13749 = DIRECTION('',(-0.597765267521,-0.613494392788,-0.516043907981)
  );
#13750 = PLANE('',#13751);
#13751 = AXIS2_PLACEMENT_3D('',#13752,#13753,#13754);
#13752 = CARTESIAN_POINT('',(5.237179474938,0.715077921482,
    1.297320148034));
#13753 = DIRECTION('',(0.653469787071,-1.246394704969E-06,
    -0.756952599165));
#13754 = DIRECTION('',(-0.756952599166,8.217679090062E-23,
    -0.653469787072));
#13755 = ADVANCED_FACE('',(#13756),#13771,.T.);
#13756 = FACE_BOUND('',#13757,.T.);
#13757 = EDGE_LOOP('',(#13758,#13759,#13765));
#13758 = ORIENTED_EDGE('',*,*,#13745,.F.);
#13759 = ORIENTED_EDGE('',*,*,#13760,.T.);
#13760 = EDGE_CURVE('',#13738,#9767,#13761,.T.);
#13761 = LINE('',#13762,#13763);
#13762 = CARTESIAN_POINT('',(5.358974456787,0.75,1.40246450901));
#13763 = VECTOR('',#13764,1.);
#13764 = DIRECTION('',(0.,-1.,0.));
#13765 = ORIENTED_EDGE('',*,*,#13766,.T.);
#13766 = EDGE_CURVE('',#9767,#13714,#13767,.T.);
#13767 = LINE('',#13768,#13769);
#13768 = CARTESIAN_POINT('',(5.358974456787,0.5,1.40246450901));
#13769 = VECTOR('',#13770,1.);
#13770 = DIRECTION('',(-0.597765267521,0.613494392788,-0.516043907981));
#13771 = PLANE('',#13772);
#13772 = AXIS2_PLACEMENT_3D('',#13773,#13774,#13775);
#13773 = CARTESIAN_POINT('',(5.321231785352,0.625,1.369881693107));
#13774 = DIRECTION('',(0.653469054123,-0.,-0.756953231913));
#13775 = DIRECTION('',(-0.756953231913,0.,-0.653469054123));
#13776 = ADVANCED_FACE('',(#13777),#13782,.T.);
#13777 = FACE_BOUND('',#13778,.T.);
#13778 = EDGE_LOOP('',(#13779,#13780,#13781));
#13779 = ORIENTED_EDGE('',*,*,#13766,.F.);
#13780 = ORIENTED_EDGE('',*,*,#9766,.F.);
#13781 = ORIENTED_EDGE('',*,*,#13713,.F.);
#13782 = PLANE('',#13783);
#13783 = AXIS2_PLACEMENT_3D('',#13784,#13785,#13786);
#13784 = CARTESIAN_POINT('',(5.237179474938,0.534922078518,
    1.297320148034));
#13785 = DIRECTION('',(0.653469787071,1.246394704931E-06,-0.756952599165
    ));
#13786 = DIRECTION('',(-0.756952599166,4.158477906756E-23,
    -0.653469787072));
#13787 = ADVANCED_FACE('',(#13788),#13805,.T.);
#13788 = FACE_BOUND('',#13789,.T.);
#13789 = EDGE_LOOP('',(#13790,#13798,#13799));
#13790 = ORIENTED_EDGE('',*,*,#13791,.T.);
#13791 = EDGE_CURVE('',#13792,#9689,#13794,.T.);
#13792 = VERTEX_POINT('',#13793);
#13793 = CARTESIAN_POINT('',(5.237179279327,0.625,2.297320127487));
#13794 = LINE('',#13795,#13796);
#13795 = CARTESIAN_POINT('',(5.237179279327,0.625,2.297320127487));
#13796 = VECTOR('',#13797,1.);
#13797 = DIRECTION('',(-0.597763943944,-0.613495436263,-0.516044200631)
  );
#13798 = ORIENTED_EDGE('',*,*,#9867,.F.);
#13799 = ORIENTED_EDGE('',*,*,#13800,.T.);
#13800 = EDGE_CURVE('',#9845,#13792,#13801,.T.);
#13801 = LINE('',#13802,#13803);
#13802 = CARTESIAN_POINT('',(5.358974456787,0.5,2.40246462822));
#13803 = VECTOR('',#13804,1.);
#13804 = DIRECTION('',(-0.597765087041,0.613494207559,-0.516044337248));
#13805 = PLANE('',#13806);
#13806 = AXIS2_PLACEMENT_3D('',#13807,#13808,#13809);
#13807 = CARTESIAN_POINT('',(5.237179485212,0.534922078518,
    2.297320242808));
#13808 = DIRECTION('',(-0.653469787072,-5.245084523906E-07,
    0.756952599166));
#13809 = DIRECTION('',(0.756952599166,7.256708084671E-24,0.653469787072)
  );
#13810 = ADVANCED_FACE('',(#13811),#13828,.T.);
#13811 = FACE_BOUND('',#13812,.T.);
#13812 = EDGE_LOOP('',(#13813,#13814,#13822));
#13813 = ORIENTED_EDGE('',*,*,#13800,.F.);
#13814 = ORIENTED_EDGE('',*,*,#13815,.T.);
#13815 = EDGE_CURVE('',#9845,#13816,#13818,.T.);
#13816 = VERTEX_POINT('',#13817);
#13817 = CARTESIAN_POINT('',(5.358974456787,0.75,2.40246462822));
#13818 = LINE('',#13819,#13820);
#13819 = CARTESIAN_POINT('',(5.358974456787,0.5,2.40246462822));
#13820 = VECTOR('',#13821,1.);
#13821 = DIRECTION('',(0.,1.,0.));
#13822 = ORIENTED_EDGE('',*,*,#13823,.T.);
#13823 = EDGE_CURVE('',#13816,#13792,#13824,.T.);
#13824 = LINE('',#13825,#13826);
#13825 = CARTESIAN_POINT('',(5.358974456787,0.75,2.40246462822));
#13826 = VECTOR('',#13827,1.);
#13827 = DIRECTION('',(-0.597765087041,-0.613494207559,-0.516044337248)
  );
#13828 = PLANE('',#13829);
#13829 = AXIS2_PLACEMENT_3D('',#13830,#13831,#13832);
#13830 = CARTESIAN_POINT('',(5.321231781019,0.625,2.369881771634));
#13831 = DIRECTION('',(-0.653469478632,0.,0.756952865439));
#13832 = DIRECTION('',(0.756952865439,0.,0.653469478632));
#13833 = ADVANCED_FACE('',(#13834),#13849,.T.);
#13834 = FACE_BOUND('',#13835,.T.);
#13835 = EDGE_LOOP('',(#13836,#13837,#13843));
#13836 = ORIENTED_EDGE('',*,*,#13823,.F.);
#13837 = ORIENTED_EDGE('',*,*,#13838,.T.);
#13838 = EDGE_CURVE('',#13816,#13660,#13839,.T.);
#13839 = LINE('',#13840,#13841);
#13840 = CARTESIAN_POINT('',(5.358974456787,0.75,2.40246462822));
#13841 = VECTOR('',#13842,1.);
#13842 = DIRECTION('',(-0.756952599166,0.,-0.653469787072));
#13843 = ORIENTED_EDGE('',*,*,#13844,.T.);
#13844 = EDGE_CURVE('',#13660,#13792,#13845,.T.);
#13845 = LINE('',#13846,#13847);
#13846 = CARTESIAN_POINT('',(5.115384578705,0.75,2.192175865173));
#13847 = VECTOR('',#13848,1.);
#13848 = DIRECTION('',(0.597763943944,-0.613495436263,0.516044200631));
#13849 = PLANE('',#13850);
#13850 = AXIS2_PLACEMENT_3D('',#13851,#13852,#13853);
#13851 = CARTESIAN_POINT('',(5.237179485212,0.715077921482,
    2.297320242808));
#13852 = DIRECTION('',(-0.653469787072,5.245084524244E-07,0.756952599166
    ));
#13853 = DIRECTION('',(0.756952599166,2.716507454206E-23,0.653469787072)
  );
#13854 = ADVANCED_FACE('',(#13855),#13860,.T.);
#13855 = FACE_BOUND('',#13856,.T.);
#13856 = EDGE_LOOP('',(#13857,#13858,#13859));
#13857 = ORIENTED_EDGE('',*,*,#13844,.F.);
#13858 = ORIENTED_EDGE('',*,*,#13659,.F.);
#13859 = ORIENTED_EDGE('',*,*,#13791,.F.);
#13860 = PLANE('',#13861);
#13861 = AXIS2_PLACEMENT_3D('',#13862,#13863,#13864);
#13862 = CARTESIAN_POINT('',(5.153127077966,0.625,2.224758623064));
#13863 = DIRECTION('',(-0.653470095512,0.,0.756952332892));
#13864 = DIRECTION('',(0.756952332892,0.,0.653470095512));
#13865 = ADVANCED_FACE('',(#13866),#13883,.T.);
#13866 = FACE_BOUND('',#13867,.T.);
#13867 = EDGE_LOOP('',(#13868,#13876,#13877));
#13868 = ORIENTED_EDGE('',*,*,#13869,.T.);
#13869 = EDGE_CURVE('',#13870,#9767,#13872,.T.);
#13870 = VERTEX_POINT('',#13871);
#13871 = CARTESIAN_POINT('',(5.48076915741,0.625,1.48982322216));
#13872 = LINE('',#13873,#13874);
#13873 = CARTESIAN_POINT('',(5.48076915741,0.625,1.48982322216));
#13874 = VECTOR('',#13875,1.);
#13875 = DIRECTION('',(-0.624051010066,-0.640474305199,-0.447608088863)
  );
#13876 = ORIENTED_EDGE('',*,*,#13760,.F.);
#13877 = ORIENTED_EDGE('',*,*,#13878,.T.);
#13878 = EDGE_CURVE('',#13738,#13870,#13879,.T.);
#13879 = LINE('',#13880,#13881);
#13880 = CARTESIAN_POINT('',(5.358974456787,0.75,1.40246450901));
#13881 = VECTOR('',#13882,1.);
#13882 = DIRECTION('',(0.624051010066,-0.640474305199,0.447608088863));
#13883 = PLANE('',#13884);
#13884 = AXIS2_PLACEMENT_3D('',#13885,#13886,#13887);
#13885 = CARTESIAN_POINT('',(5.396096251452,0.625,1.429090562486));
#13886 = DIRECTION('',(0.58283851483,-0.,-0.812588004853));
#13887 = DIRECTION('',(-0.812588004853,0.,-0.58283851483));
#13888 = ADVANCED_FACE('',(#13889),#13906,.T.);
#13889 = FACE_BOUND('',#13890,.T.);
#13890 = EDGE_LOOP('',(#13891,#13892,#13900));
#13891 = ORIENTED_EDGE('',*,*,#13878,.F.);
#13892 = ORIENTED_EDGE('',*,*,#13893,.T.);
#13893 = EDGE_CURVE('',#13738,#13894,#13896,.T.);
#13894 = VERTEX_POINT('',#13895);
#13895 = CARTESIAN_POINT('',(5.602564334869,0.75,1.57718193531));
#13896 = LINE('',#13897,#13898);
#13897 = CARTESIAN_POINT('',(5.358974456787,0.75,1.40246450901));
#13898 = VECTOR('',#13899,1.);
#13899 = DIRECTION('',(0.812588545206,0.,0.582837761474));
#13900 = ORIENTED_EDGE('',*,*,#13901,.T.);
#13901 = EDGE_CURVE('',#13894,#13870,#13902,.T.);
#13902 = LINE('',#13903,#13904);
#13903 = CARTESIAN_POINT('',(5.602564334869,0.75,1.57718193531));
#13904 = VECTOR('',#13905,1.);
#13905 = DIRECTION('',(-0.624052501793,-0.640473328674,-0.447607406399)
  );
#13906 = PLANE('',#13907);
#13907 = AXIS2_PLACEMENT_3D('',#13908,#13909,#13910);
#13908 = CARTESIAN_POINT('',(5.48076935466,0.71464892149,1.489823240995)
  );
#13909 = DIRECTION('',(0.582837761474,-1.111674807554E-06,
    -0.812588545205));
#13910 = DIRECTION('',(-0.812588545206,-2.201537893294E-23,
    -0.582837761474));
#13911 = ADVANCED_FACE('',(#13912),#13927,.T.);
#13912 = FACE_BOUND('',#13913,.T.);
#13913 = EDGE_LOOP('',(#13914,#13915,#13921));
#13914 = ORIENTED_EDGE('',*,*,#13901,.F.);
#13915 = ORIENTED_EDGE('',*,*,#13916,.T.);
#13916 = EDGE_CURVE('',#13894,#9923,#13917,.T.);
#13917 = LINE('',#13918,#13919);
#13918 = CARTESIAN_POINT('',(5.602564334869,0.75,1.57718193531));
#13919 = VECTOR('',#13920,1.);
#13920 = DIRECTION('',(0.,-1.,0.));
#13921 = ORIENTED_EDGE('',*,*,#13922,.T.);
#13922 = EDGE_CURVE('',#9923,#13870,#13923,.T.);
#13923 = LINE('',#13924,#13925);
#13924 = CARTESIAN_POINT('',(5.602564334869,0.5,1.57718193531));
#13925 = VECTOR('',#13926,1.);
#13926 = DIRECTION('',(-0.624052501793,0.640473328674,-0.447607406399));
#13927 = PLANE('',#13928);
#13928 = AXIS2_PLACEMENT_3D('',#13929,#13930,#13931);
#13929 = CARTESIAN_POINT('',(5.565442372771,0.625,1.550555865985));
#13930 = DIRECTION('',(0.58283700812,-0.,-0.812589085557));
#13931 = DIRECTION('',(-0.812589085557,0.,-0.58283700812));
#13932 = ADVANCED_FACE('',(#13933),#13938,.T.);
#13933 = FACE_BOUND('',#13934,.T.);
#13934 = EDGE_LOOP('',(#13935,#13936,#13937));
#13935 = ORIENTED_EDGE('',*,*,#13922,.F.);
#13936 = ORIENTED_EDGE('',*,*,#9922,.F.);
#13937 = ORIENTED_EDGE('',*,*,#13869,.F.);
#13938 = PLANE('',#13939);
#13939 = AXIS2_PLACEMENT_3D('',#13940,#13941,#13942);
#13940 = CARTESIAN_POINT('',(5.48076935466,0.53535107851,1.489823240995)
  );
#13941 = DIRECTION('',(0.582837761474,1.1116748075E-06,-0.812588545205)
  );
#13942 = DIRECTION('',(-0.812588545206,6.634186606958E-23,
    -0.582837761474));
#13943 = ADVANCED_FACE('',(#13944),#13961,.T.);
#13944 = FACE_BOUND('',#13945,.T.);
#13945 = EDGE_LOOP('',(#13946,#13954,#13955));
#13946 = ORIENTED_EDGE('',*,*,#13947,.T.);
#13947 = EDGE_CURVE('',#13948,#9845,#13950,.T.);
#13948 = VERTEX_POINT('',#13949);
#13949 = CARTESIAN_POINT('',(5.48076915741,0.625,2.48982334137));
#13950 = LINE('',#13951,#13952);
#13951 = CARTESIAN_POINT('',(5.48076915741,0.625,2.48982334137));
#13952 = VECTOR('',#13953,1.);
#13953 = DIRECTION('',(-0.624051010066,-0.640474305199,-0.447608088863)
  );
#13954 = ORIENTED_EDGE('',*,*,#10023,.F.);
#13955 = ORIENTED_EDGE('',*,*,#13956,.T.);
#13956 = EDGE_CURVE('',#10001,#13948,#13957,.T.);
#13957 = LINE('',#13958,#13959);
#13958 = CARTESIAN_POINT('',(5.602564334869,0.5,2.57718205452));
#13959 = VECTOR('',#13960,1.);
#13960 = DIRECTION('',(-0.624052501793,0.640473328674,-0.447607406399));
#13961 = PLANE('',#13962);
#13962 = AXIS2_PLACEMENT_3D('',#13963,#13964,#13965);
#13963 = CARTESIAN_POINT('',(5.48076935466,0.53535107851,2.489823360204)
  );
#13964 = DIRECTION('',(-0.582837761474,-1.111674807487E-06,
    0.812588545205));
#13965 = DIRECTION('',(0.812588545206,-3.283024597294E-23,0.582837761474
    ));
#13966 = ADVANCED_FACE('',(#13967),#13984,.T.);
#13967 = FACE_BOUND('',#13968,.T.);
#13968 = EDGE_LOOP('',(#13969,#13970,#13978));
#13969 = ORIENTED_EDGE('',*,*,#13956,.F.);
#13970 = ORIENTED_EDGE('',*,*,#13971,.T.);
#13971 = EDGE_CURVE('',#10001,#13972,#13974,.T.);
#13972 = VERTEX_POINT('',#13973);
#13973 = CARTESIAN_POINT('',(5.602564334869,0.75,2.57718205452));
#13974 = LINE('',#13975,#13976);
#13975 = CARTESIAN_POINT('',(5.602564334869,0.5,2.57718205452));
#13976 = VECTOR('',#13977,1.);
#13977 = DIRECTION('',(0.,1.,0.));
#13978 = ORIENTED_EDGE('',*,*,#13979,.T.);
#13979 = EDGE_CURVE('',#13972,#13948,#13980,.T.);
#13980 = LINE('',#13981,#13982);
#13981 = CARTESIAN_POINT('',(5.602564334869,0.75,2.57718205452));
#13982 = VECTOR('',#13983,1.);
#13983 = DIRECTION('',(-0.624052501793,-0.640473328674,-0.447607406399)
  );
#13984 = PLANE('',#13985);
#13985 = AXIS2_PLACEMENT_3D('',#13986,#13987,#13988);
#13986 = CARTESIAN_POINT('',(5.565442372771,0.625,2.550555985195));
#13987 = DIRECTION('',(-0.58283700812,0.,0.812589085557));
#13988 = DIRECTION('',(0.812589085557,0.,0.58283700812));
#13989 = ADVANCED_FACE('',(#13990),#14005,.T.);
#13990 = FACE_BOUND('',#13991,.T.);
#13991 = EDGE_LOOP('',(#13992,#13993,#13999));
#13992 = ORIENTED_EDGE('',*,*,#13979,.F.);
#13993 = ORIENTED_EDGE('',*,*,#13994,.T.);
#13994 = EDGE_CURVE('',#13972,#13816,#13995,.T.);
#13995 = LINE('',#13996,#13997);
#13996 = CARTESIAN_POINT('',(5.602564334869,0.75,2.57718205452));
#13997 = VECTOR('',#13998,1.);
#13998 = DIRECTION('',(-0.812588545206,0.,-0.582837761474));
#13999 = ORIENTED_EDGE('',*,*,#14000,.T.);
#14000 = EDGE_CURVE('',#13816,#13948,#14001,.T.);
#14001 = LINE('',#14002,#14003);
#14002 = CARTESIAN_POINT('',(5.358974456787,0.75,2.40246462822));
#14003 = VECTOR('',#14004,1.);
#14004 = DIRECTION('',(0.624051010066,-0.640474305199,0.447608088863));
#14005 = PLANE('',#14006);
#14006 = AXIS2_PLACEMENT_3D('',#14007,#14008,#14009);
#14007 = CARTESIAN_POINT('',(5.48076935466,0.71464892149,2.489823360204)
  );
#14008 = DIRECTION('',(-0.582837761474,1.111674807513E-06,0.812588545205
    ));
#14009 = DIRECTION('',(0.812588545206,4.628169377993E-23,0.582837761474)
  );
#14010 = ADVANCED_FACE('',(#14011),#14016,.T.);
#14011 = FACE_BOUND('',#14012,.T.);
#14012 = EDGE_LOOP('',(#14013,#14014,#14015));
#14013 = ORIENTED_EDGE('',*,*,#14000,.F.);
#14014 = ORIENTED_EDGE('',*,*,#13815,.F.);
#14015 = ORIENTED_EDGE('',*,*,#13947,.F.);
#14016 = PLANE('',#14017);
#14017 = AXIS2_PLACEMENT_3D('',#14018,#14019,#14020);
#14018 = CARTESIAN_POINT('',(5.396096251452,0.625,2.429090681695));
#14019 = DIRECTION('',(-0.58283851483,0.,0.812588004853));
#14020 = DIRECTION('',(0.812588004853,0.,0.58283851483));
#14021 = ADVANCED_FACE('',(#14022),#14039,.T.);
#14022 = FACE_BOUND('',#14023,.T.);
#14023 = EDGE_LOOP('',(#14024,#14032,#14033));
#14024 = ORIENTED_EDGE('',*,*,#14025,.T.);
#14025 = EDGE_CURVE('',#14026,#9923,#14028,.T.);
#14026 = VERTEX_POINT('',#14027);
#14027 = CARTESIAN_POINT('',(5.724359035492,0.625,1.641597032547));
#14028 = LINE('',#14029,#14030);
#14029 = CARTESIAN_POINT('',(5.724359035492,0.625,1.641597032547));
#14030 = VECTOR('',#14031,1.);
#14031 = DIRECTION('',(-0.654694282795,-0.671924024043,-0.346256410755)
  );
#14032 = ORIENTED_EDGE('',*,*,#13916,.F.);
#14033 = ORIENTED_EDGE('',*,*,#14034,.T.);
#14034 = EDGE_CURVE('',#13894,#14026,#14035,.T.);
#14035 = LINE('',#14036,#14037);
#14036 = CARTESIAN_POINT('',(5.602564334869,0.75,1.57718193531));
#14037 = VECTOR('',#14038,1.);
#14038 = DIRECTION('',(0.654694282795,-0.671924024043,0.346256410755));
#14039 = PLANE('',#14040);
#14040 = AXIS2_PLACEMENT_3D('',#14041,#14042,#14043);
#14041 = CARTESIAN_POINT('',(5.638987850194,0.625,1.596445698589));
#14042 = DIRECTION('',(0.467522308879,-0.,-0.883981272823));
#14043 = DIRECTION('',(-0.883981272823,0.,-0.467522308879));
#14044 = ADVANCED_FACE('',(#14045),#14062,.T.);
#14045 = FACE_BOUND('',#14046,.T.);
#14046 = EDGE_LOOP('',(#14047,#14048,#14056));
#14047 = ORIENTED_EDGE('',*,*,#14034,.F.);
#14048 = ORIENTED_EDGE('',*,*,#14049,.T.);
#14049 = EDGE_CURVE('',#13894,#14050,#14052,.T.);
#14050 = VERTEX_POINT('',#14051);
#14051 = CARTESIAN_POINT('',(5.846153736115,0.75,1.706012129784));
#14052 = LINE('',#14053,#14054);
#14053 = CARTESIAN_POINT('',(5.602564334869,0.75,1.57718193531));
#14054 = VECTOR('',#14055,1.);
#14055 = DIRECTION('',(0.883981272823,0.,0.467522308879));
#14056 = ORIENTED_EDGE('',*,*,#14057,.T.);
#14057 = EDGE_CURVE('',#14050,#14026,#14058,.T.);
#14058 = LINE('',#14059,#14060);
#14059 = CARTESIAN_POINT('',(5.846153736115,0.75,1.706012129784));
#14060 = VECTOR('',#14061,1.);
#14061 = DIRECTION('',(-0.654694282795,-0.671924024043,-0.346256410755)
  );
#14062 = PLANE('',#14063);
#14063 = AXIS2_PLACEMENT_3D('',#14064,#14065,#14066);
#14064 = CARTESIAN_POINT('',(5.724359035492,0.71409325582,1.641597032547
    ));
#14065 = DIRECTION('',(0.467522308879,-0.,-0.883981272823));
#14066 = DIRECTION('',(-0.883981272823,0.,-0.467522308879));
#14067 = ADVANCED_FACE('',(#14068),#14083,.T.);
#14068 = FACE_BOUND('',#14069,.T.);
#14069 = EDGE_LOOP('',(#14070,#14071,#14077));
#14070 = ORIENTED_EDGE('',*,*,#14057,.F.);
#14071 = ORIENTED_EDGE('',*,*,#14072,.T.);
#14072 = EDGE_CURVE('',#14050,#10079,#14073,.T.);
#14073 = LINE('',#14074,#14075);
#14074 = CARTESIAN_POINT('',(5.846153736115,0.75,1.706012129784));
#14075 = VECTOR('',#14076,1.);
#14076 = DIRECTION('',(0.,-1.,0.));
#14077 = ORIENTED_EDGE('',*,*,#14078,.T.);
#14078 = EDGE_CURVE('',#10079,#14026,#14079,.T.);
#14079 = LINE('',#14080,#14081);
#14080 = CARTESIAN_POINT('',(5.846153736115,0.5,1.706012129784));
#14081 = VECTOR('',#14082,1.);
#14082 = DIRECTION('',(-0.654694282795,0.671924024043,-0.346256410755));
#14083 = PLANE('',#14084);
#14084 = AXIS2_PLACEMENT_3D('',#14085,#14086,#14087);
#14085 = CARTESIAN_POINT('',(5.80973022079,0.625,1.686748366505));
#14086 = DIRECTION('',(0.467522308879,-0.,-0.883981272823));
#14087 = DIRECTION('',(-0.883981272823,0.,-0.467522308879));
#14088 = ADVANCED_FACE('',(#14089),#14094,.T.);
#14089 = FACE_BOUND('',#14090,.T.);
#14090 = EDGE_LOOP('',(#14091,#14092,#14093));
#14091 = ORIENTED_EDGE('',*,*,#14078,.F.);
#14092 = ORIENTED_EDGE('',*,*,#10078,.F.);
#14093 = ORIENTED_EDGE('',*,*,#14025,.F.);
#14094 = PLANE('',#14095);
#14095 = AXIS2_PLACEMENT_3D('',#14096,#14097,#14098);
#14096 = CARTESIAN_POINT('',(5.724359035492,0.53590674418,1.641597032547
    ));
#14097 = DIRECTION('',(0.467522308879,-0.,-0.883981272823));
#14098 = DIRECTION('',(-0.883981272823,0.,-0.467522308879));
#14099 = ADVANCED_FACE('',(#14100),#14117,.T.);
#14100 = FACE_BOUND('',#14101,.T.);
#14101 = EDGE_LOOP('',(#14102,#14110,#14111));
#14102 = ORIENTED_EDGE('',*,*,#14103,.T.);
#14103 = EDGE_CURVE('',#14104,#10001,#14106,.T.);
#14104 = VERTEX_POINT('',#14105);
#14105 = CARTESIAN_POINT('',(5.724359035492,0.625,2.641597032547));
#14106 = LINE('',#14107,#14108);
#14107 = CARTESIAN_POINT('',(5.724359035492,0.625,2.641597032547));
#14108 = VECTOR('',#14109,1.);
#14109 = DIRECTION('',(-0.654694428059,-0.671924173129,-0.346255846785)
  );
#14110 = ORIENTED_EDGE('',*,*,#10179,.F.);
#14111 = ORIENTED_EDGE('',*,*,#14112,.T.);
#14112 = EDGE_CURVE('',#10157,#14104,#14113,.T.);
#14113 = LINE('',#14114,#14115);
#14114 = CARTESIAN_POINT('',(5.846153736115,0.5,2.706012010574));
#14115 = VECTOR('',#14116,1.);
#14116 = DIRECTION('',(-0.654694428059,0.671924173129,-0.346255846785));
#14117 = PLANE('',#14118);
#14118 = AXIS2_PLACEMENT_3D('',#14119,#14120,#14121);
#14119 = CARTESIAN_POINT('',(5.724359035492,0.53590674697,2.641597032547
    ));
#14120 = DIRECTION('',(-0.467521632778,0.,0.8839816304));
#14121 = DIRECTION('',(0.8839816304,0.,0.467521632778));
#14122 = ADVANCED_FACE('',(#14123),#14140,.T.);
#14123 = FACE_BOUND('',#14124,.T.);
#14124 = EDGE_LOOP('',(#14125,#14126,#14134));
#14125 = ORIENTED_EDGE('',*,*,#14112,.F.);
#14126 = ORIENTED_EDGE('',*,*,#14127,.T.);
#14127 = EDGE_CURVE('',#10157,#14128,#14130,.T.);
#14128 = VERTEX_POINT('',#14129);
#14129 = CARTESIAN_POINT('',(5.846153736115,0.75,2.706012010574));
#14130 = LINE('',#14131,#14132);
#14131 = CARTESIAN_POINT('',(5.846153736115,0.5,2.706012010574));
#14132 = VECTOR('',#14133,1.);
#14133 = DIRECTION('',(0.,1.,0.));
#14134 = ORIENTED_EDGE('',*,*,#14135,.T.);
#14135 = EDGE_CURVE('',#14128,#14104,#14136,.T.);
#14136 = LINE('',#14137,#14138);
#14137 = CARTESIAN_POINT('',(5.846153736115,0.75,2.706012010574));
#14138 = VECTOR('',#14139,1.);
#14139 = DIRECTION('',(-0.654694428059,-0.671924173129,-0.346255846785)
  );
#14140 = PLANE('',#14141);
#14141 = AXIS2_PLACEMENT_3D('',#14142,#14143,#14144);
#14142 = CARTESIAN_POINT('',(5.809730224038,0.625,2.686748284664));
#14143 = DIRECTION('',(-0.467521632778,0.,0.8839816304));
#14144 = DIRECTION('',(0.8839816304,0.,0.467521632778));
#14145 = ADVANCED_FACE('',(#14146),#14161,.T.);
#14146 = FACE_BOUND('',#14147,.T.);
#14147 = EDGE_LOOP('',(#14148,#14149,#14155));
#14148 = ORIENTED_EDGE('',*,*,#14135,.F.);
#14149 = ORIENTED_EDGE('',*,*,#14150,.T.);
#14150 = EDGE_CURVE('',#14128,#13972,#14151,.T.);
#14151 = LINE('',#14152,#14153);
#14152 = CARTESIAN_POINT('',(5.846153736115,0.75,2.706012010574));
#14153 = VECTOR('',#14154,1.);
#14154 = DIRECTION('',(-0.8839816304,0.,-0.467521632778));
#14155 = ORIENTED_EDGE('',*,*,#14156,.T.);
#14156 = EDGE_CURVE('',#13972,#14104,#14157,.T.);
#14157 = LINE('',#14158,#14159);
#14158 = CARTESIAN_POINT('',(5.602564334869,0.75,2.57718205452));
#14159 = VECTOR('',#14160,1.);
#14160 = DIRECTION('',(0.654694428059,-0.671924173129,0.346255846785));
#14161 = PLANE('',#14162);
#14162 = AXIS2_PLACEMENT_3D('',#14163,#14164,#14165);
#14163 = CARTESIAN_POINT('',(5.724359035492,0.71409325303,2.641597032547
    ));
#14164 = DIRECTION('',(-0.467521632778,0.,0.8839816304));
#14165 = DIRECTION('',(0.8839816304,0.,0.467521632778));
#14166 = ADVANCED_FACE('',(#14167),#14172,.T.);
#14167 = FACE_BOUND('',#14168,.T.);
#14168 = EDGE_LOOP('',(#14169,#14170,#14171));
#14169 = ORIENTED_EDGE('',*,*,#14156,.F.);
#14170 = ORIENTED_EDGE('',*,*,#13971,.F.);
#14171 = ORIENTED_EDGE('',*,*,#14103,.F.);
#14172 = PLANE('',#14173);
#14173 = AXIS2_PLACEMENT_3D('',#14174,#14175,#14176);
#14174 = CARTESIAN_POINT('',(5.638987846946,0.625,2.59644578043));
#14175 = DIRECTION('',(-0.467521632778,0.,0.8839816304));
#14176 = DIRECTION('',(0.8839816304,0.,0.467521632778));
#14177 = ADVANCED_FACE('',(#14178),#14195,.T.);
#14178 = FACE_BOUND('',#14179,.T.);
#14179 = EDGE_LOOP('',(#14180,#14188,#14189));
#14180 = ORIENTED_EDGE('',*,*,#14181,.T.);
#14181 = EDGE_CURVE('',#14182,#10079,#14184,.T.);
#14182 = VERTEX_POINT('',#14183);
#14183 = CARTESIAN_POINT('',(5.967948913574,0.625,1.743680238724));
#14184 = LINE('',#14185,#14186);
#14185 = CARTESIAN_POINT('',(5.967948913574,0.625,1.743680238724));
#14186 = VECTOR('',#14187,1.);
#14187 = DIRECTION('',(-0.682157861505,-0.700107627138,-0.210973842951)
  );
#14188 = ORIENTED_EDGE('',*,*,#14072,.F.);
#14189 = ORIENTED_EDGE('',*,*,#14190,.T.);
#14190 = EDGE_CURVE('',#14050,#14182,#14191,.T.);
#14191 = LINE('',#14192,#14193);
#14192 = CARTESIAN_POINT('',(5.846153736115,0.75,1.706012129784));
#14193 = VECTOR('',#14194,1.);
#14194 = DIRECTION('',(0.682157861505,-0.700107627138,0.210973842951));
#14195 = PLANE('',#14196);
#14196 = AXIS2_PLACEMENT_3D('',#14197,#14198,#14199);
#14197 = CARTESIAN_POINT('',(5.881973579375,0.625,1.717090283995));
#14198 = DIRECTION('',(0.295466124412,-0.,-0.955353217049));
#14199 = DIRECTION('',(-0.955353217049,0.,-0.295466124412));
#14200 = ADVANCED_FACE('',(#14201),#14218,.T.);
#14201 = FACE_BOUND('',#14202,.T.);
#14202 = EDGE_LOOP('',(#14203,#14204,#14212));
#14203 = ORIENTED_EDGE('',*,*,#14190,.F.);
#14204 = ORIENTED_EDGE('',*,*,#14205,.T.);
#14205 = EDGE_CURVE('',#14050,#14206,#14208,.T.);
#14206 = VERTEX_POINT('',#14207);
#14207 = CARTESIAN_POINT('',(6.089743614197,0.75,1.781348466873));
#14208 = LINE('',#14209,#14210);
#14209 = CARTESIAN_POINT('',(5.846153736115,0.75,1.706012129784));
#14210 = VECTOR('',#14211,1.);
#14211 = DIRECTION('',(0.955352921811,0.,0.295467079025));
#14212 = ORIENTED_EDGE('',*,*,#14213,.T.);
#14213 = EDGE_CURVE('',#14206,#14182,#14214,.T.);
#14214 = LINE('',#14215,#14216);
#14215 = CARTESIAN_POINT('',(6.089743614197,0.75,1.781348466873));
#14216 = VECTOR('',#14217,1.);
#14217 = DIRECTION('',(-0.682156337494,-0.700108804003,-0.210974865269)
  );
#14218 = PLANE('',#14219);
#14219 = AXIS2_PLACEMENT_3D('',#14220,#14221,#14222);
#14220 = CARTESIAN_POINT('',(5.967948714843,0.713536371176,
    1.743680271706));
#14221 = DIRECTION('',(0.295467079025,1.01910650152E-06,-0.95535292181)
  );
#14222 = DIRECTION('',(-0.955352921811,-2.302102899069E-23,
    -0.295467079025));
#14223 = ADVANCED_FACE('',(#14224),#14239,.T.);
#14224 = FACE_BOUND('',#14225,.T.);
#14225 = EDGE_LOOP('',(#14226,#14227,#14233));
#14226 = ORIENTED_EDGE('',*,*,#14213,.F.);
#14227 = ORIENTED_EDGE('',*,*,#14228,.T.);
#14228 = EDGE_CURVE('',#14206,#10235,#14229,.T.);
#14229 = LINE('',#14230,#14231);
#14230 = CARTESIAN_POINT('',(6.089743614197,0.75,1.781348466873));
#14231 = VECTOR('',#14232,1.);
#14232 = DIRECTION('',(0.,-1.,0.));
#14233 = ORIENTED_EDGE('',*,*,#14234,.T.);
#14234 = EDGE_CURVE('',#10235,#14182,#14235,.T.);
#14235 = LINE('',#14236,#14237);
#14236 = CARTESIAN_POINT('',(6.089743614197,0.5,1.781348466873));
#14237 = VECTOR('',#14238,1.);
#14238 = DIRECTION('',(-0.682156337494,0.700108804003,-0.210974865269));
#14239 = PLANE('',#14240);
#14240 = AXIS2_PLACEMENT_3D('',#14241,#14242,#14243);
#14241 = CARTESIAN_POINT('',(6.053923935969,0.625,1.770270285271));
#14242 = DIRECTION('',(0.295468033641,-0.,-0.955352626571));
#14243 = DIRECTION('',(-0.955352626571,0.,-0.295468033641));
#14244 = ADVANCED_FACE('',(#14245),#14250,.T.);
#14245 = FACE_BOUND('',#14246,.T.);
#14246 = EDGE_LOOP('',(#14247,#14248,#14249));
#14247 = ORIENTED_EDGE('',*,*,#14234,.F.);
#14248 = ORIENTED_EDGE('',*,*,#10234,.F.);
#14249 = ORIENTED_EDGE('',*,*,#14181,.F.);
#14250 = PLANE('',#14251);
#14251 = AXIS2_PLACEMENT_3D('',#14252,#14253,#14254);
#14252 = CARTESIAN_POINT('',(5.967948714843,0.536463628824,
    1.743680271706));
#14253 = DIRECTION('',(0.295467079025,-1.019106501536E-06,-0.95535292181
    ));
#14254 = DIRECTION('',(-0.955352921811,5.603015707611E-25,
    -0.295467079025));
#14255 = ADVANCED_FACE('',(#14256),#14273,.T.);
#14256 = FACE_BOUND('',#14257,.T.);
#14257 = EDGE_LOOP('',(#14258,#14266,#14267));
#14258 = ORIENTED_EDGE('',*,*,#14259,.T.);
#14259 = EDGE_CURVE('',#14260,#10157,#14262,.T.);
#14260 = VERTEX_POINT('',#14261);
#14261 = CARTESIAN_POINT('',(5.967948913574,0.625,2.743680238724));
#14262 = LINE('',#14263,#14264);
#14263 = CARTESIAN_POINT('',(5.967948913574,0.625,2.743680238724));
#14264 = VECTOR('',#14265,1.);
#14265 = DIRECTION('',(-0.682157765415,-0.700107528519,-0.210974480907)
  );
#14266 = ORIENTED_EDGE('',*,*,#10335,.F.);
#14267 = ORIENTED_EDGE('',*,*,#14268,.T.);
#14268 = EDGE_CURVE('',#10313,#14260,#14269,.T.);
#14269 = LINE('',#14270,#14271);
#14270 = CARTESIAN_POINT('',(6.089743614197,0.5,2.781348466873));
#14271 = VECTOR('',#14272,1.);
#14272 = DIRECTION('',(-0.682156337494,0.700108804003,-0.210974865269));
#14273 = PLANE('',#14274);
#14274 = AXIS2_PLACEMENT_3D('',#14275,#14276,#14277);
#14275 = CARTESIAN_POINT('',(5.967948712341,0.536463627796,
    2.743680228714));
#14276 = DIRECTION('',(-0.295467505744,5.635595431232E-07,0.955352789837
    ));
#14277 = DIRECTION('',(0.955352789837,3.724764759978E-24,0.295467505744)
  );
#14278 = ADVANCED_FACE('',(#14279),#14296,.T.);
#14279 = FACE_BOUND('',#14280,.T.);
#14280 = EDGE_LOOP('',(#14281,#14282,#14290));
#14281 = ORIENTED_EDGE('',*,*,#14268,.F.);
#14282 = ORIENTED_EDGE('',*,*,#14283,.T.);
#14283 = EDGE_CURVE('',#10313,#14284,#14286,.T.);
#14284 = VERTEX_POINT('',#14285);
#14285 = CARTESIAN_POINT('',(6.089743614197,0.75,2.781348466873));
#14286 = LINE('',#14287,#14288);
#14287 = CARTESIAN_POINT('',(6.089743614197,0.5,2.781348466873));
#14288 = VECTOR('',#14289,1.);
#14289 = DIRECTION('',(0.,1.,0.));
#14290 = ORIENTED_EDGE('',*,*,#14291,.T.);
#14291 = EDGE_CURVE('',#14284,#14260,#14292,.T.);
#14292 = LINE('',#14293,#14294);
#14293 = CARTESIAN_POINT('',(6.089743614197,0.75,2.781348466873));
#14294 = VECTOR('',#14295,1.);
#14295 = DIRECTION('',(-0.682156337494,-0.700108804003,-0.210974865269)
  );
#14296 = PLANE('',#14297);
#14297 = AXIS2_PLACEMENT_3D('',#14298,#14299,#14300);
#14298 = CARTESIAN_POINT('',(6.053923935969,0.625,2.770270285271));
#14299 = DIRECTION('',(-0.295468033641,0.,0.955352626571));
#14300 = DIRECTION('',(0.955352626571,0.,0.295468033641));
#14301 = ADVANCED_FACE('',(#14302),#14317,.T.);
#14302 = FACE_BOUND('',#14303,.T.);
#14303 = EDGE_LOOP('',(#14304,#14305,#14311));
#14304 = ORIENTED_EDGE('',*,*,#14291,.F.);
#14305 = ORIENTED_EDGE('',*,*,#14306,.T.);
#14306 = EDGE_CURVE('',#14284,#14128,#14307,.T.);
#14307 = LINE('',#14308,#14309);
#14308 = CARTESIAN_POINT('',(6.089743614197,0.75,2.781348466873));
#14309 = VECTOR('',#14310,1.);
#14310 = DIRECTION('',(-0.955352789837,0.,-0.295467505744));
#14311 = ORIENTED_EDGE('',*,*,#14312,.T.);
#14312 = EDGE_CURVE('',#14128,#14260,#14313,.T.);
#14313 = LINE('',#14314,#14315);
#14314 = CARTESIAN_POINT('',(5.846153736115,0.75,2.706012010574));
#14315 = VECTOR('',#14316,1.);
#14316 = DIRECTION('',(0.682157765415,-0.700107528519,0.210974480907));
#14317 = PLANE('',#14318);
#14318 = AXIS2_PLACEMENT_3D('',#14319,#14320,#14321);
#14319 = CARTESIAN_POINT('',(5.967948712341,0.713536372204,
    2.743680228714));
#14320 = DIRECTION('',(-0.295467505744,-5.635595431317E-07,
    0.955352789837));
#14321 = DIRECTION('',(0.955352789837,-2.341357886625E-24,0.295467505744
    ));
#14322 = ADVANCED_FACE('',(#14323),#14328,.T.);
#14323 = FACE_BOUND('',#14324,.T.);
#14324 = EDGE_LOOP('',(#14325,#14326,#14327));
#14325 = ORIENTED_EDGE('',*,*,#14312,.F.);
#14326 = ORIENTED_EDGE('',*,*,#14127,.F.);
#14327 = ORIENTED_EDGE('',*,*,#14259,.F.);
#14328 = PLANE('',#14329);
#14329 = AXIS2_PLACEMENT_3D('',#14330,#14331,#14332);
#14330 = CARTESIAN_POINT('',(5.881973581453,0.625,2.717090200488));
#14331 = DIRECTION('',(-0.295466977849,0.,0.955352953102));
#14332 = DIRECTION('',(0.955352953102,0.,0.295466977849));
#14333 = ADVANCED_FACE('',(#14334),#14351,.T.);
#14334 = FACE_BOUND('',#14335,.T.);
#14335 = EDGE_LOOP('',(#14336,#14344,#14345));
#14336 = ORIENTED_EDGE('',*,*,#14337,.T.);
#14337 = EDGE_CURVE('',#14338,#10235,#14340,.T.);
#14338 = VERTEX_POINT('',#14339);
#14339 = CARTESIAN_POINT('',(6.089743614197,0.625,2.281348466873));
#14340 = LINE('',#14341,#14342);
#14341 = CARTESIAN_POINT('',(6.089743614197,0.625,2.281348466873));
#14342 = VECTOR('',#14343,1.);
#14343 = DIRECTION('',(0.,-0.242535625036,-0.970142500145));
#14344 = ORIENTED_EDGE('',*,*,#14228,.F.);
#14345 = ORIENTED_EDGE('',*,*,#14346,.T.);
#14346 = EDGE_CURVE('',#14206,#14338,#14347,.T.);
#14347 = LINE('',#14348,#14349);
#14348 = CARTESIAN_POINT('',(6.089743614197,0.75,1.781348466873));
#14349 = VECTOR('',#14350,1.);
#14350 = DIRECTION('',(0.,-0.242535625036,0.970142500145));
#14351 = PLANE('',#14352);
#14352 = AXIS2_PLACEMENT_3D('',#14353,#14354,#14355);
#14353 = CARTESIAN_POINT('',(6.089743614197,0.625,1.982549941473));
#14354 = DIRECTION('',(1.,0.,0.));
#14355 = DIRECTION('',(-0.,0.,1.));
#14356 = ADVANCED_FACE('',(#14357),#14372,.T.);
#14357 = FACE_BOUND('',#14358,.T.);
#14358 = EDGE_LOOP('',(#14359,#14360,#14366));
#14359 = ORIENTED_EDGE('',*,*,#14346,.F.);
#14360 = ORIENTED_EDGE('',*,*,#14361,.T.);
#14361 = EDGE_CURVE('',#14206,#14284,#14362,.T.);
#14362 = LINE('',#14363,#14364);
#14363 = CARTESIAN_POINT('',(6.089743614197,0.75,1.781348466873));
#14364 = VECTOR('',#14365,1.);
#14365 = DIRECTION('',(0.,0.,1.));
#14366 = ORIENTED_EDGE('',*,*,#14367,.T.);
#14367 = EDGE_CURVE('',#14284,#14338,#14368,.T.);
#14368 = LINE('',#14369,#14370);
#14369 = CARTESIAN_POINT('',(6.089743614197,0.75,2.781348466873));
#14370 = VECTOR('',#14371,1.);
#14371 = DIRECTION('',(0.,-0.242535625036,-0.970142500145));
#14372 = PLANE('',#14373);
#14373 = AXIS2_PLACEMENT_3D('',#14374,#14375,#14376);
#14374 = CARTESIAN_POINT('',(6.089743614197,0.718276406404,
    2.281348466873));
#14375 = DIRECTION('',(1.,0.,0.));
#14376 = DIRECTION('',(-0.,0.,1.));
#14377 = ADVANCED_FACE('',(#14378),#14388,.T.);
#14378 = FACE_BOUND('',#14379,.T.);
#14379 = EDGE_LOOP('',(#14380,#14381,#14382));
#14380 = ORIENTED_EDGE('',*,*,#14367,.F.);
#14381 = ORIENTED_EDGE('',*,*,#14283,.F.);
#14382 = ORIENTED_EDGE('',*,*,#14383,.T.);
#14383 = EDGE_CURVE('',#10313,#14338,#14384,.T.);
#14384 = LINE('',#14385,#14386);
#14385 = CARTESIAN_POINT('',(6.089743614197,0.5,2.781348466873));
#14386 = VECTOR('',#14387,1.);
#14387 = DIRECTION('',(0.,0.242535625036,-0.970142500145));
#14388 = PLANE('',#14389);
#14389 = AXIS2_PLACEMENT_3D('',#14390,#14391,#14392);
#14390 = CARTESIAN_POINT('',(6.089743614197,0.625,2.580146992273));
#14391 = DIRECTION('',(1.,0.,0.));
#14392 = DIRECTION('',(-0.,0.,1.));
#14393 = ADVANCED_FACE('',(#14394),#14399,.T.);
#14394 = FACE_BOUND('',#14395,.T.);
#14395 = EDGE_LOOP('',(#14396,#14397,#14398));
#14396 = ORIENTED_EDGE('',*,*,#14383,.F.);
#14397 = ORIENTED_EDGE('',*,*,#10390,.F.);
#14398 = ORIENTED_EDGE('',*,*,#14337,.F.);
#14399 = PLANE('',#14400);
#14400 = AXIS2_PLACEMENT_3D('',#14401,#14402,#14403);
#14401 = CARTESIAN_POINT('',(6.089743614197,0.531723593596,
    2.281348466873));
#14402 = DIRECTION('',(1.,0.,0.));
#14403 = DIRECTION('',(-0.,0.,1.));
#14404 = ADVANCED_FACE('',(#14405),#14422,.T.);
#14405 = FACE_BOUND('',#14406,.T.);
#14406 = EDGE_LOOP('',(#14407,#14415,#14416));
#14407 = ORIENTED_EDGE('',*,*,#14408,.T.);
#14408 = EDGE_CURVE('',#14409,#10485,#14411,.T.);
#14409 = VERTEX_POINT('',#14410);
#14410 = CARTESIAN_POINT('',(0.121794871986,0.875,2.785239219666));
#14411 = LINE('',#14412,#14413);
#14412 = CARTESIAN_POINT('',(0.121794871986,0.875,2.785239219666));
#14413 = VECTOR('',#14414,1.);
#14414 = DIRECTION('',(-0.695382056144,-0.713681582817,
    8.427570433388E-02));
#14415 = ORIENTED_EDGE('',*,*,#10484,.F.);
#14416 = ORIENTED_EDGE('',*,*,#14417,.T.);
#14417 = EDGE_CURVE('',#10462,#14409,#14418,.T.);
#14418 = LINE('',#14419,#14420);
#14419 = CARTESIAN_POINT('',(0.243589743972,0.75,2.770478487015));
#14420 = VECTOR('',#14421,1.);
#14421 = DIRECTION('',(-0.695382056144,0.713681582817,8.427570433388E-02
    ));
#14422 = PLANE('',#14423);
#14423 = AXIS2_PLACEMENT_3D('',#14424,#14425,#14426);
#14424 = CARTESIAN_POINT('',(0.121794871986,0.786754538508,
    2.785239219666));
#14425 = DIRECTION('',(0.120313035417,0.,0.992736003935));
#14426 = DIRECTION('',(0.992736003935,0.,-0.120313035417));
#14427 = ADVANCED_FACE('',(#14428),#14445,.T.);
#14428 = FACE_BOUND('',#14429,.T.);
#14429 = EDGE_LOOP('',(#14430,#14431,#14439));
#14430 = ORIENTED_EDGE('',*,*,#14417,.F.);
#14431 = ORIENTED_EDGE('',*,*,#14432,.T.);
#14432 = EDGE_CURVE('',#10462,#14433,#14435,.T.);
#14433 = VERTEX_POINT('',#14434);
#14434 = CARTESIAN_POINT('',(0.243589743972,1.,2.770478487015));
#14435 = LINE('',#14436,#14437);
#14436 = CARTESIAN_POINT('',(0.243589743972,0.75,2.770478487015));
#14437 = VECTOR('',#14438,1.);
#14438 = DIRECTION('',(0.,1.,0.));
#14439 = ORIENTED_EDGE('',*,*,#14440,.T.);
#14440 = EDGE_CURVE('',#14433,#14409,#14441,.T.);
#14441 = LINE('',#14442,#14443);
#14442 = CARTESIAN_POINT('',(0.243589743972,1.,2.770478487015));
#14443 = VECTOR('',#14444,1.);
#14444 = DIRECTION('',(-0.695382056144,-0.713681582817,
    8.427570433388E-02));
#14445 = PLANE('',#14446);
#14446 = AXIS2_PLACEMENT_3D('',#14447,#14448,#14449);
#14447 = CARTESIAN_POINT('',(0.20805371639,0.875,2.77478521844));
#14448 = DIRECTION('',(0.120313035417,0.,0.992736003935));
#14449 = DIRECTION('',(0.992736003935,0.,-0.120313035417));
#14450 = ADVANCED_FACE('',(#14451),#14468,.T.);
#14451 = FACE_BOUND('',#14452,.T.);
#14452 = EDGE_LOOP('',(#14453,#14454,#14462));
#14453 = ORIENTED_EDGE('',*,*,#14440,.F.);
#14454 = ORIENTED_EDGE('',*,*,#14455,.T.);
#14455 = EDGE_CURVE('',#14433,#14456,#14458,.T.);
#14456 = VERTEX_POINT('',#14457);
#14457 = CARTESIAN_POINT('',(0.,1.,2.799999952316));
#14458 = LINE('',#14459,#14460);
#14459 = CARTESIAN_POINT('',(0.243589743972,1.,2.770478487015));
#14460 = VECTOR('',#14461,1.);
#14461 = DIRECTION('',(-0.992736003935,0.,0.120313035417));
#14462 = ORIENTED_EDGE('',*,*,#14463,.T.);
#14463 = EDGE_CURVE('',#14456,#14409,#14464,.T.);
#14464 = LINE('',#14465,#14466);
#14465 = CARTESIAN_POINT('',(0.,1.,2.799999952316));
#14466 = VECTOR('',#14467,1.);
#14467 = DIRECTION('',(0.695382056144,-0.713681582817,
    -8.427570433388E-02));
#14468 = PLANE('',#14469);
#14469 = AXIS2_PLACEMENT_3D('',#14470,#14471,#14472);
#14470 = CARTESIAN_POINT('',(0.121794871986,0.963245461492,
    2.785239219666));
#14471 = DIRECTION('',(0.120313035417,0.,0.992736003935));
#14472 = DIRECTION('',(0.992736003935,0.,-0.120313035417));
#14473 = ADVANCED_FACE('',(#14474),#14484,.T.);
#14474 = FACE_BOUND('',#14475,.T.);
#14475 = EDGE_LOOP('',(#14476,#14477,#14483));
#14476 = ORIENTED_EDGE('',*,*,#14463,.F.);
#14477 = ORIENTED_EDGE('',*,*,#14478,.T.);
#14478 = EDGE_CURVE('',#14456,#10485,#14479,.T.);
#14479 = LINE('',#14480,#14481);
#14480 = CARTESIAN_POINT('',(0.,1.,2.799999952316));
#14481 = VECTOR('',#14482,1.);
#14482 = DIRECTION('',(0.,-1.,0.));
#14483 = ORIENTED_EDGE('',*,*,#14408,.F.);
#14484 = PLANE('',#14485);
#14485 = AXIS2_PLACEMENT_3D('',#14486,#14487,#14488);
#14486 = CARTESIAN_POINT('',(3.553602758153E-02,0.875,2.795693220891));
#14487 = DIRECTION('',(0.120313035417,0.,0.992736003935));
#14488 = DIRECTION('',(0.992736003935,0.,-0.120313035417));
#14489 = ADVANCED_FACE('',(#14490),#14507,.T.);
#14490 = FACE_BOUND('',#14491,.T.);
#14491 = EDGE_LOOP('',(#14492,#14500,#14501));
#14492 = ORIENTED_EDGE('',*,*,#14493,.T.);
#14493 = EDGE_CURVE('',#14494,#55,#14496,.T.);
#14494 = VERTEX_POINT('',#14495);
#14495 = CARTESIAN_POINT('',(0.121794871986,1.,2.285239219666));
#14496 = LINE('',#14497,#14498);
#14497 = CARTESIAN_POINT('',(0.121794871986,1.,2.285239219666));
#14498 = VECTOR('',#14499,1.);
#14499 = DIRECTION('',(0.23024768507,0.,-0.973132058623));
#14500 = ORIENTED_EDGE('',*,*,#54,.F.);
#14501 = ORIENTED_EDGE('',*,*,#14502,.T.);
#14502 = EDGE_CURVE('',#32,#14494,#14503,.T.);
#14503 = LINE('',#14504,#14505);
#14504 = CARTESIAN_POINT('',(0.,1.,1.799999952316));
#14505 = VECTOR('',#14506,1.);
#14506 = DIRECTION('',(0.243448031554,0.,0.969913942539));
#14507 = PLANE('',#14508);
#14508 = AXIS2_PLACEMENT_3D('',#14509,#14510,#14511);
#14509 = CARTESIAN_POINT('',(0.123165202922,1.,1.986947202196));
#14510 = DIRECTION('',(0.,1.,0.));
#14511 = DIRECTION('',(0.,-0.,1.));
#14512 = ADVANCED_FACE('',(#14513),#14528,.T.);
#14513 = FACE_BOUND('',#14514,.T.);
#14514 = EDGE_LOOP('',(#14515,#14516,#14522));
#14515 = ORIENTED_EDGE('',*,*,#14502,.F.);
#14516 = ORIENTED_EDGE('',*,*,#14517,.T.);
#14517 = EDGE_CURVE('',#32,#14456,#14518,.T.);
#14518 = LINE('',#14519,#14520);
#14519 = CARTESIAN_POINT('',(0.,1.,1.799999952316));
#14520 = VECTOR('',#14521,1.);
#14521 = DIRECTION('',(0.,0.,1.));
#14522 = ORIENTED_EDGE('',*,*,#14523,.T.);
#14523 = EDGE_CURVE('',#14456,#14494,#14524,.T.);
#14524 = LINE('',#14525,#14526);
#14525 = CARTESIAN_POINT('',(0.,1.,2.799999952316));
#14526 = VECTOR('',#14527,1.);
#14527 = DIRECTION('',(0.230247735564,0.,-0.973132046676));
#14528 = PLANE('',#14529);
#14529 = AXIS2_PLACEMENT_3D('',#14530,#14531,#14532);
#14530 = CARTESIAN_POINT('',(3.08878218442E-02,1.,2.299790112512));
#14531 = DIRECTION('',(0.,1.,0.));
#14532 = DIRECTION('',(0.,-0.,1.));
#14533 = ADVANCED_FACE('',(#14534),#14544,.T.);
#14534 = FACE_BOUND('',#14535,.T.);
#14535 = EDGE_LOOP('',(#14536,#14537,#14538));
#14536 = ORIENTED_EDGE('',*,*,#14523,.F.);
#14537 = ORIENTED_EDGE('',*,*,#14455,.F.);
#14538 = ORIENTED_EDGE('',*,*,#14539,.T.);
#14539 = EDGE_CURVE('',#14433,#14494,#14540,.T.);
#14540 = LINE('',#14541,#14542);
#14541 = CARTESIAN_POINT('',(0.243589743972,1.,2.770478487015));
#14542 = VECTOR('',#14543,1.);
#14543 = DIRECTION('',(-0.243448031554,0.,-0.969913942539));
#14544 = PLANE('',#14545);
#14545 = AXIS2_PLACEMENT_3D('',#14546,#14547,#14548);
#14546 = CARTESIAN_POINT('',(0.120424546452,1.,2.583531202379));
#14547 = DIRECTION('',(0.,1.,0.));
#14548 = DIRECTION('',(0.,-0.,1.));
#14549 = ADVANCED_FACE('',(#14550),#14560,.T.);
#14550 = FACE_BOUND('',#14551,.T.);
#14551 = EDGE_LOOP('',(#14552,#14553,#14559));
#14552 = ORIENTED_EDGE('',*,*,#14539,.F.);
#14553 = ORIENTED_EDGE('',*,*,#14554,.T.);
#14554 = EDGE_CURVE('',#14433,#55,#14555,.T.);
#14555 = LINE('',#14556,#14557);
#14556 = CARTESIAN_POINT('',(0.243589743972,1.,2.770478487015));
#14557 = VECTOR('',#14558,1.);
#14558 = DIRECTION('',(0.,0.,-1.));
#14559 = ORIENTED_EDGE('',*,*,#14493,.F.);
#14560 = PLANE('',#14561);
#14561 = AXIS2_PLACEMENT_3D('',#14562,#14563,#14564);
#14562 = CARTESIAN_POINT('',(0.212701922227,1.,2.270688268016));
#14563 = DIRECTION('',(0.,1.,0.));
#14564 = DIRECTION('',(0.,-0.,1.));
#14565 = ADVANCED_FACE('',(#14566),#14583,.T.);
#14566 = FACE_BOUND('',#14567,.T.);
#14567 = EDGE_LOOP('',(#14568,#14576,#14577));
#14568 = ORIENTED_EDGE('',*,*,#14569,.T.);
#14569 = EDGE_CURVE('',#14570,#24,#14572,.T.);
#14570 = VERTEX_POINT('',#14571);
#14571 = CARTESIAN_POINT('',(0.,0.875,2.299999952316));
#14572 = LINE('',#14573,#14574);
#14573 = CARTESIAN_POINT('',(0.,0.875,2.299999952316));
#14574 = VECTOR('',#14575,1.);
#14575 = DIRECTION('',(0.,-0.242535625036,-0.970142500145));
#14576 = ORIENTED_EDGE('',*,*,#10562,.F.);
#14577 = ORIENTED_EDGE('',*,*,#14578,.T.);
#14578 = EDGE_CURVE('',#10485,#14570,#14579,.T.);
#14579 = LINE('',#14580,#14581);
#14580 = CARTESIAN_POINT('',(0.,0.75,2.799999952316));
#14581 = VECTOR('',#14582,1.);
#14582 = DIRECTION('',(0.,0.242535625036,-0.970142500145));
#14583 = PLANE('',#14584);
#14584 = AXIS2_PLACEMENT_3D('',#14585,#14586,#14587);
#14585 = CARTESIAN_POINT('',(0.,0.781723593596,2.299999952316));
#14586 = DIRECTION('',(-1.,-0.,-0.));
#14587 = DIRECTION('',(0.,0.,-1.));
#14588 = ADVANCED_FACE('',(#14589),#14599,.T.);
#14589 = FACE_BOUND('',#14590,.T.);
#14590 = EDGE_LOOP('',(#14591,#14592,#14593));
#14591 = ORIENTED_EDGE('',*,*,#14578,.F.);
#14592 = ORIENTED_EDGE('',*,*,#14478,.F.);
#14593 = ORIENTED_EDGE('',*,*,#14594,.T.);
#14594 = EDGE_CURVE('',#14456,#14570,#14595,.T.);
#14595 = LINE('',#14596,#14597);
#14596 = CARTESIAN_POINT('',(0.,1.,2.799999952316));
#14597 = VECTOR('',#14598,1.);
#14598 = DIRECTION('',(0.,-0.242535625036,-0.970142500145));
#14599 = PLANE('',#14600);
#14600 = AXIS2_PLACEMENT_3D('',#14601,#14602,#14603);
#14601 = CARTESIAN_POINT('',(0.,0.875,2.598798477717));
#14602 = DIRECTION('',(-1.,-0.,-0.));
#14603 = DIRECTION('',(0.,0.,-1.));
#14604 = ADVANCED_FACE('',(#14605),#14615,.T.);
#14605 = FACE_BOUND('',#14606,.T.);
#14606 = EDGE_LOOP('',(#14607,#14608,#14609));
#14607 = ORIENTED_EDGE('',*,*,#14594,.F.);
#14608 = ORIENTED_EDGE('',*,*,#14517,.F.);
#14609 = ORIENTED_EDGE('',*,*,#14610,.T.);
#14610 = EDGE_CURVE('',#32,#14570,#14611,.T.);
#14611 = LINE('',#14612,#14613);
#14612 = CARTESIAN_POINT('',(0.,1.,1.799999952316));
#14613 = VECTOR('',#14614,1.);
#14614 = DIRECTION('',(0.,-0.242535625036,0.970142500145));
#14615 = PLANE('',#14616);
#14616 = AXIS2_PLACEMENT_3D('',#14617,#14618,#14619);
#14617 = CARTESIAN_POINT('',(0.,0.968276406404,2.299999952316));
#14618 = DIRECTION('',(-1.,-0.,-0.));
#14619 = DIRECTION('',(0.,0.,-1.));
#14620 = ADVANCED_FACE('',(#14621),#14626,.T.);
#14621 = FACE_BOUND('',#14622,.T.);
#14622 = EDGE_LOOP('',(#14623,#14624,#14625));
#14623 = ORIENTED_EDGE('',*,*,#14610,.F.);
#14624 = ORIENTED_EDGE('',*,*,#31,.F.);
#14625 = ORIENTED_EDGE('',*,*,#14569,.F.);
#14626 = PLANE('',#14627);
#14627 = AXIS2_PLACEMENT_3D('',#14628,#14629,#14630);
#14628 = CARTESIAN_POINT('',(0.,0.875,2.001201426916));
#14629 = DIRECTION('',(-1.,-0.,-0.));
#14630 = DIRECTION('',(0.,0.,-1.));
#14631 = ADVANCED_FACE('',(#14632),#14649,.T.);
#14632 = FACE_BOUND('',#14633,.T.);
#14633 = EDGE_LOOP('',(#14634,#14642,#14643));
#14634 = ORIENTED_EDGE('',*,*,#14635,.T.);
#14635 = EDGE_CURVE('',#14636,#78,#14638,.T.);
#14636 = VERTEX_POINT('',#14637);
#14637 = CARTESIAN_POINT('',(0.365384608507,0.875,1.72706758976));
#14638 = LINE('',#14639,#14640);
#14639 = CARTESIAN_POINT('',(0.365384608507,0.875,1.72706758976));
#14640 = VECTOR('',#14641,1.);
#14641 = DIRECTION('',(-0.677229039429,-0.695050897684,0.241381601998));
#14642 = ORIENTED_EDGE('',*,*,#77,.F.);
#14643 = ORIENTED_EDGE('',*,*,#14644,.T.);
#14644 = EDGE_CURVE('',#55,#14636,#14645,.T.);
#14645 = LINE('',#14646,#14647);
#14646 = CARTESIAN_POINT('',(0.243589743972,1.,1.770478367805));
#14647 = VECTOR('',#14648,1.);
#14648 = DIRECTION('',(0.677229039429,-0.695050897684,-0.241381601998));
#14649 = PLANE('',#14650);
#14650 = AXIS2_PLACEMENT_3D('',#14651,#14652,#14653);
#14651 = CARTESIAN_POINT('',(0.279516353816,0.875,1.757673213074));
#14652 = DIRECTION('',(-0.335736929277,-0.,-0.941955792126));
#14653 = DIRECTION('',(-0.941955792126,0.,0.335736929277));
#14654 = ADVANCED_FACE('',(#14655),#14672,.T.);
#14655 = FACE_BOUND('',#14656,.T.);
#14656 = EDGE_LOOP('',(#14657,#14658,#14666));
#14657 = ORIENTED_EDGE('',*,*,#14644,.F.);
#14658 = ORIENTED_EDGE('',*,*,#14659,.T.);
#14659 = EDGE_CURVE('',#55,#14660,#14662,.T.);
#14660 = VERTEX_POINT('',#14661);
#14661 = CARTESIAN_POINT('',(0.487179487944,1.,1.683656811714));
#14662 = LINE('',#14663,#14664);
#14663 = CARTESIAN_POINT('',(0.243589743972,1.,1.770478367805));
#14664 = VECTOR('',#14665,1.);
#14665 = DIRECTION('',(0.941955798621,0.,-0.335736911054));
#14666 = ORIENTED_EDGE('',*,*,#14667,.T.);
#14667 = EDGE_CURVE('',#14660,#14636,#14668,.T.);
#14668 = LINE('',#14669,#14670);
#14669 = CARTESIAN_POINT('',(0.487179487944,1.,1.683656811714));
#14670 = VECTOR('',#14671,1.);
#14671 = DIRECTION('',(-0.677229084284,-0.695050858683,0.241381588454));
#14672 = PLANE('',#14673);
#14673 = AXIS2_PLACEMENT_3D('',#14674,#14675,#14676);
#14674 = CARTESIAN_POINT('',(0.365384614785,0.963640817765,
    1.727067589406));
#14675 = DIRECTION('',(-0.335736911054,2.001147931315E-08,
    -0.941955798621));
#14676 = DIRECTION('',(-0.941955798621,1.725090392995E-25,0.335736911054
    ));
#14677 = ADVANCED_FACE('',(#14678),#14693,.T.);
#14678 = FACE_BOUND('',#14679,.T.);
#14679 = EDGE_LOOP('',(#14680,#14681,#14687));
#14680 = ORIENTED_EDGE('',*,*,#14667,.F.);
#14681 = ORIENTED_EDGE('',*,*,#14682,.T.);
#14682 = EDGE_CURVE('',#14660,#10618,#14683,.T.);
#14683 = LINE('',#14684,#14685);
#14684 = CARTESIAN_POINT('',(0.487179487944,1.,1.683656811714));
#14685 = VECTOR('',#14686,1.);
#14686 = DIRECTION('',(0.,-1.,0.));
#14687 = ORIENTED_EDGE('',*,*,#14688,.T.);
#14688 = EDGE_CURVE('',#10618,#14636,#14689,.T.);
#14689 = LINE('',#14690,#14691);
#14690 = CARTESIAN_POINT('',(0.487179487944,0.75,1.683656811714));
#14691 = VECTOR('',#14692,1.);
#14692 = DIRECTION('',(-0.677229084284,0.695050858683,0.241381588454));
#14693 = PLANE('',#14694);
#14694 = AXIS2_PLACEMENT_3D('',#14695,#14696,#14697);
#14695 = CARTESIAN_POINT('',(0.451252872877,0.875,1.69646196674));
#14696 = DIRECTION('',(-0.335736892831,-0.,-0.941955805116));
#14697 = DIRECTION('',(-0.941955805116,0.,0.335736892831));
#14698 = ADVANCED_FACE('',(#14699),#14704,.T.);
#14699 = FACE_BOUND('',#14700,.T.);
#14700 = EDGE_LOOP('',(#14701,#14702,#14703));
#14701 = ORIENTED_EDGE('',*,*,#14688,.F.);
#14702 = ORIENTED_EDGE('',*,*,#10617,.F.);
#14703 = ORIENTED_EDGE('',*,*,#14635,.F.);
#14704 = PLANE('',#14705);
#14705 = AXIS2_PLACEMENT_3D('',#14706,#14707,#14708);
#14706 = CARTESIAN_POINT('',(0.365384614785,0.786359182235,
    1.727067589406));
#14707 = DIRECTION('',(-0.335736911054,-2.001147933046E-08,
    -0.941955798621));
#14708 = DIRECTION('',(-0.941955798621,-9.752064902946E-25,
    0.335736911054));
#14709 = ADVANCED_FACE('',(#14710),#14727,.T.);
#14710 = FACE_BOUND('',#14711,.T.);
#14711 = EDGE_LOOP('',(#14712,#14720,#14721));
#14712 = ORIENTED_EDGE('',*,*,#14713,.T.);
#14713 = EDGE_CURVE('',#14714,#10462,#14716,.T.);
#14714 = VERTEX_POINT('',#14715);
#14715 = CARTESIAN_POINT('',(0.365384608507,0.875,2.727067708969));
#14716 = LINE('',#14717,#14718);
#14717 = CARTESIAN_POINT('',(0.365384608507,0.875,2.727067708969));
#14718 = VECTOR('',#14719,1.);
#14719 = DIRECTION('',(-0.677229039429,-0.695050897684,0.241381601998));
#14720 = ORIENTED_EDGE('',*,*,#10718,.F.);
#14721 = ORIENTED_EDGE('',*,*,#14722,.T.);
#14722 = EDGE_CURVE('',#10696,#14714,#14723,.T.);
#14723 = LINE('',#14724,#14725);
#14724 = CARTESIAN_POINT('',(0.487179487944,0.75,2.683656692505));
#14725 = VECTOR('',#14726,1.);
#14726 = DIRECTION('',(-0.67722886757,0.695050636265,0.241382836915));
#14727 = PLANE('',#14728);
#14728 = AXIS2_PLACEMENT_3D('',#14729,#14730,#14731);
#14729 = CARTESIAN_POINT('',(0.365384620453,0.786359179961,2.72706762206
    ));
#14730 = DIRECTION('',(0.33573772909,-8.783072461898E-07,0.941955507052)
  );
#14731 = DIRECTION('',(0.941955507052,-2.447769451821E-23,-0.33573772909
    ));
#14732 = ADVANCED_FACE('',(#14733),#14750,.T.);
#14733 = FACE_BOUND('',#14734,.T.);
#14734 = EDGE_LOOP('',(#14735,#14736,#14744));
#14735 = ORIENTED_EDGE('',*,*,#14722,.F.);
#14736 = ORIENTED_EDGE('',*,*,#14737,.T.);
#14737 = EDGE_CURVE('',#10696,#14738,#14740,.T.);
#14738 = VERTEX_POINT('',#14739);
#14739 = CARTESIAN_POINT('',(0.487179487944,1.,2.683656692505));
#14740 = LINE('',#14741,#14742);
#14741 = CARTESIAN_POINT('',(0.487179487944,0.75,2.683656692505));
#14742 = VECTOR('',#14743,1.);
#14743 = DIRECTION('',(0.,1.,0.));
#14744 = ORIENTED_EDGE('',*,*,#14745,.T.);
#14745 = EDGE_CURVE('',#14738,#14714,#14746,.T.);
#14746 = LINE('',#14747,#14748);
#14747 = CARTESIAN_POINT('',(0.487179487944,1.,2.683656692505));
#14748 = VECTOR('',#14749,1.);
#14749 = DIRECTION('',(-0.67722886757,-0.695050636265,0.241382836915));
#14750 = PLANE('',#14751);
#14751 = AXIS2_PLACEMENT_3D('',#14752,#14753,#14754);
#14752 = CARTESIAN_POINT('',(0.451252868163,0.875,2.696461919539));
#14753 = DIRECTION('',(0.335738528902,0.,0.941955221977));
#14754 = DIRECTION('',(0.941955221977,0.,-0.335738528902));
#14755 = ADVANCED_FACE('',(#14756),#14771,.T.);
#14756 = FACE_BOUND('',#14757,.T.);
#14757 = EDGE_LOOP('',(#14758,#14759,#14765));
#14758 = ORIENTED_EDGE('',*,*,#14745,.F.);
#14759 = ORIENTED_EDGE('',*,*,#14760,.T.);
#14760 = EDGE_CURVE('',#14738,#14433,#14761,.T.);
#14761 = LINE('',#14762,#14763);
#14762 = CARTESIAN_POINT('',(0.487179487944,1.,2.683656692505));
#14763 = VECTOR('',#14764,1.);
#14764 = DIRECTION('',(-0.941955507052,0.,0.33573772909));
#14765 = ORIENTED_EDGE('',*,*,#14766,.T.);
#14766 = EDGE_CURVE('',#14433,#14714,#14767,.T.);
#14767 = LINE('',#14768,#14769);
#14768 = CARTESIAN_POINT('',(0.243589743972,1.,2.770478487015));
#14769 = VECTOR('',#14770,1.);
#14770 = DIRECTION('',(0.677229039429,-0.695050897684,-0.241381601998));
#14771 = PLANE('',#14772);
#14772 = AXIS2_PLACEMENT_3D('',#14773,#14774,#14775);
#14773 = CARTESIAN_POINT('',(0.365384620453,0.963640820039,2.72706762206
    ));
#14774 = DIRECTION('',(0.33573772909,8.783072462057E-07,0.941955507052)
  );
#14775 = DIRECTION('',(0.941955507052,1.574416866407E-23,-0.33573772909)
  );
#14776 = ADVANCED_FACE('',(#14777),#14782,.T.);
#14777 = FACE_BOUND('',#14778,.T.);
#14778 = EDGE_LOOP('',(#14779,#14780,#14781));
#14779 = ORIENTED_EDGE('',*,*,#14766,.F.);
#14780 = ORIENTED_EDGE('',*,*,#14432,.F.);
#14781 = ORIENTED_EDGE('',*,*,#14713,.F.);
#14782 = PLANE('',#14783);
#14783 = AXIS2_PLACEMENT_3D('',#14784,#14785,#14786);
#14784 = CARTESIAN_POINT('',(0.279516353816,0.875,2.757673332283));
#14785 = DIRECTION('',(0.335736929277,0.,0.941955792126));
#14786 = DIRECTION('',(0.941955792126,0.,-0.335736929277));
#14787 = ADVANCED_FACE('',(#14788),#14805,.T.);
#14788 = FACE_BOUND('',#14789,.T.);
#14789 = EDGE_LOOP('',(#14790,#14798,#14799));
#14790 = ORIENTED_EDGE('',*,*,#14791,.T.);
#14791 = EDGE_CURVE('',#14792,#14660,#14794,.T.);
#14792 = VERTEX_POINT('',#14793);
#14793 = CARTESIAN_POINT('',(0.365384608507,1.,2.227067708969));
#14794 = LINE('',#14795,#14796);
#14795 = CARTESIAN_POINT('',(0.365384608507,1.,2.227067708969));
#14796 = VECTOR('',#14797,1.);
#14797 = DIRECTION('',(0.21870442154,0.,-0.975791153884));
#14798 = ORIENTED_EDGE('',*,*,#14659,.F.);
#14799 = ORIENTED_EDGE('',*,*,#14800,.T.);
#14800 = EDGE_CURVE('',#55,#14792,#14801,.T.);
#14801 = LINE('',#14802,#14803);
#14802 = CARTESIAN_POINT('',(0.243589743972,1.,1.770478367805));
#14803 = VECTOR('',#14804,1.);
#14804 = DIRECTION('',(0.257737146016,0.,0.96621507107));
#14805 = PLANE('',#14806);
#14806 = AXIS2_PLACEMENT_3D('',#14807,#14808,#14809);
#14807 = CARTESIAN_POINT('',(0.369372022652,1.,1.925454167299));
#14808 = DIRECTION('',(0.,1.,0.));
#14809 = DIRECTION('',(0.,-0.,1.));
#14810 = ADVANCED_FACE('',(#14811),#14821,.T.);
#14811 = FACE_BOUND('',#14812,.T.);
#14812 = EDGE_LOOP('',(#14813,#14814,#14815));
#14813 = ORIENTED_EDGE('',*,*,#14800,.F.);
#14814 = ORIENTED_EDGE('',*,*,#14554,.F.);
#14815 = ORIENTED_EDGE('',*,*,#14816,.T.);
#14816 = EDGE_CURVE('',#14433,#14792,#14817,.T.);
#14817 = LINE('',#14818,#14819);
#14818 = CARTESIAN_POINT('',(0.243589743972,1.,2.770478487015));
#14819 = VECTOR('',#14820,1.);
#14820 = DIRECTION('',(0.218704441745,0.,-0.975791149356));
#14821 = PLANE('',#14822);
#14822 = AXIS2_PLACEMENT_3D('',#14823,#14824,#14825);
#14823 = CARTESIAN_POINT('',(0.274480266043,1.,2.269857553697));
#14824 = DIRECTION('',(0.,1.,0.));
#14825 = DIRECTION('',(0.,-0.,1.));
#14826 = ADVANCED_FACE('',(#14827),#14837,.T.);
#14827 = FACE_BOUND('',#14828,.T.);
#14828 = EDGE_LOOP('',(#14829,#14830,#14831));
#14829 = ORIENTED_EDGE('',*,*,#14816,.F.);
#14830 = ORIENTED_EDGE('',*,*,#14760,.F.);
#14831 = ORIENTED_EDGE('',*,*,#14832,.T.);
#14832 = EDGE_CURVE('',#14738,#14792,#14833,.T.);
#14833 = LINE('',#14834,#14835);
#14834 = CARTESIAN_POINT('',(0.487179487944,1.,2.683656692505));
#14835 = VECTOR('',#14836,1.);
#14836 = DIRECTION('',(-0.25773736392,0.,-0.966215012945));
#14837 = PLANE('',#14838);
#14838 = AXIS2_PLACEMENT_3D('',#14839,#14840,#14841);
#14839 = CARTESIAN_POINT('',(0.361397191627,1.,2.528681145955));
#14840 = DIRECTION('',(0.,1.,0.));
#14841 = DIRECTION('',(0.,-0.,1.));
#14842 = ADVANCED_FACE('',(#14843),#14853,.T.);
#14843 = FACE_BOUND('',#14844,.T.);
#14844 = EDGE_LOOP('',(#14845,#14846,#14852));
#14845 = ORIENTED_EDGE('',*,*,#14832,.F.);
#14846 = ORIENTED_EDGE('',*,*,#14847,.T.);
#14847 = EDGE_CURVE('',#14738,#14660,#14848,.T.);
#14848 = LINE('',#14849,#14850);
#14849 = CARTESIAN_POINT('',(0.487179487944,1.,2.683656692505));
#14850 = VECTOR('',#14851,1.);
#14851 = DIRECTION('',(0.,0.,-1.));
#14852 = ORIENTED_EDGE('',*,*,#14791,.F.);
#14853 = PLANE('',#14854);
#14854 = AXIS2_PLACEMENT_3D('',#14855,#14856,#14857);
#14855 = CARTESIAN_POINT('',(0.456288961749,1.,2.18427762971));
#14856 = DIRECTION('',(0.,1.,0.));
#14857 = DIRECTION('',(0.,-0.,1.));
#14858 = ADVANCED_FACE('',(#14859),#14876,.T.);
#14859 = FACE_BOUND('',#14860,.T.);
#14860 = EDGE_LOOP('',(#14861,#14869,#14870));
#14861 = ORIENTED_EDGE('',*,*,#14862,.T.);
#14862 = EDGE_CURVE('',#14863,#10618,#14865,.T.);
#14863 = VERTEX_POINT('',#14864);
#14864 = CARTESIAN_POINT('',(0.608974337578,0.875,1.614158987999));
#14865 = LINE('',#14866,#14867);
#14866 = CARTESIAN_POINT('',(0.608974337578,0.875,1.614158987999));
#14867 = VECTOR('',#14868,1.);
#14868 = DIRECTION('',(-0.648350217109,-0.665412186,0.369957590405));
#14869 = ORIENTED_EDGE('',*,*,#14682,.F.);
#14870 = ORIENTED_EDGE('',*,*,#14871,.T.);
#14871 = EDGE_CURVE('',#14660,#14863,#14872,.T.);
#14872 = LINE('',#14873,#14874);
#14873 = CARTESIAN_POINT('',(0.487179487944,1.,1.683656811714));
#14874 = VECTOR('',#14875,1.);
#14875 = DIRECTION('',(0.648350217109,-0.665412186,-0.369957590405));
#14876 = PLANE('',#14877);
#14877 = AXIS2_PLACEMENT_3D('',#14878,#14879,#14880);
#14878 = CARTESIAN_POINT('',(0.523745465621,0.875,1.662791759717));
#14879 = DIRECTION('',(-0.495605381332,-0.,-0.868547814455));
#14880 = DIRECTION('',(-0.868547814455,0.,0.495605381332));
#14881 = ADVANCED_FACE('',(#14882),#14899,.T.);
#14882 = FACE_BOUND('',#14883,.T.);
#14883 = EDGE_LOOP('',(#14884,#14885,#14893));
#14884 = ORIENTED_EDGE('',*,*,#14871,.F.);
#14885 = ORIENTED_EDGE('',*,*,#14886,.T.);
#14886 = EDGE_CURVE('',#14660,#14887,#14889,.T.);
#14887 = VERTEX_POINT('',#14888);
#14888 = CARTESIAN_POINT('',(0.730769217014,1.,1.544661164284));
#14889 = LINE('',#14890,#14891);
#14890 = CARTESIAN_POINT('',(0.487179487944,1.,1.683656811714));
#14891 = VECTOR('',#14892,1.);
#14892 = DIRECTION('',(0.868547840556,0.,-0.49560533559));
#14893 = ORIENTED_EDGE('',*,*,#14894,.T.);
#14894 = EDGE_CURVE('',#14887,#14863,#14895,.T.);
#14895 = LINE('',#14896,#14897);
#14896 = CARTESIAN_POINT('',(0.730769217014,1.,1.544661164284));
#14897 = VECTOR('',#14898,1.);
#14898 = DIRECTION('',(-0.648350309067,-0.665412117556,0.369957552351));
#14899 = PLANE('',#14900);
#14900 = AXIS2_PLACEMENT_3D('',#14901,#14902,#14903);
#14901 = CARTESIAN_POINT('',(0.608974350006,0.96421365423,1.614158986976
    ));
#14902 = DIRECTION('',(-0.49560533559,5.908075996695E-08,-0.868547840556
    ));
#14903 = DIRECTION('',(-0.868547840556,3.386460822207E-24,0.49560533559)
  );
#14904 = ADVANCED_FACE('',(#14905),#14920,.T.);
#14905 = FACE_BOUND('',#14906,.T.);
#14906 = EDGE_LOOP('',(#14907,#14908,#14914));
#14907 = ORIENTED_EDGE('',*,*,#14894,.F.);
#14908 = ORIENTED_EDGE('',*,*,#14909,.T.);
#14909 = EDGE_CURVE('',#14887,#10774,#14910,.T.);
#14910 = LINE('',#14911,#14912);
#14911 = CARTESIAN_POINT('',(0.730769217014,1.,1.544661164284));
#14912 = VECTOR('',#14913,1.);
#14913 = DIRECTION('',(0.,-1.,0.));
#14914 = ORIENTED_EDGE('',*,*,#14915,.T.);
#14915 = EDGE_CURVE('',#10774,#14863,#14916,.T.);
#14916 = LINE('',#14917,#14918);
#14917 = CARTESIAN_POINT('',(0.730769217014,0.75,1.544661164284));
#14918 = VECTOR('',#14919,1.);
#14919 = DIRECTION('',(-0.648350309067,0.665412117556,0.369957552351));
#14920 = PLANE('',#14921);
#14921 = AXIS2_PLACEMENT_3D('',#14922,#14923,#14924);
#14922 = CARTESIAN_POINT('',(0.694203228887,0.875,1.565526217138));
#14923 = DIRECTION('',(-0.495605289848,-0.,-0.868547866657));
#14924 = DIRECTION('',(-0.868547866657,0.,0.495605289848));
#14925 = ADVANCED_FACE('',(#14926),#14931,.T.);
#14926 = FACE_BOUND('',#14927,.T.);
#14927 = EDGE_LOOP('',(#14928,#14929,#14930));
#14928 = ORIENTED_EDGE('',*,*,#14915,.F.);
#14929 = ORIENTED_EDGE('',*,*,#10773,.F.);
#14930 = ORIENTED_EDGE('',*,*,#14862,.F.);
#14931 = PLANE('',#14932);
#14932 = AXIS2_PLACEMENT_3D('',#14933,#14934,#14935);
#14933 = CARTESIAN_POINT('',(0.608974350006,0.78578634577,1.614158986976
    ));
#14934 = DIRECTION('',(-0.49560533559,-5.908075995186E-08,
    -0.868547840556));
#14935 = DIRECTION('',(-0.868547840556,2.476965423973E-24,0.49560533559)
  );
#14936 = ADVANCED_FACE('',(#14937),#14954,.T.);
#14937 = FACE_BOUND('',#14938,.T.);
#14938 = EDGE_LOOP('',(#14939,#14947,#14948));
#14939 = ORIENTED_EDGE('',*,*,#14940,.T.);
#14940 = EDGE_CURVE('',#14941,#10696,#14943,.T.);
#14941 = VERTEX_POINT('',#14942);
#14942 = CARTESIAN_POINT('',(0.608974337578,0.875,2.61415886879));
#14943 = LINE('',#14944,#14945);
#14944 = CARTESIAN_POINT('',(0.608974337578,0.875,2.61415886879));
#14945 = VECTOR('',#14946,1.);
#14946 = DIRECTION('',(-0.648350217109,-0.665412186,0.369957590405));
#14947 = ORIENTED_EDGE('',*,*,#10874,.F.);
#14948 = ORIENTED_EDGE('',*,*,#14949,.T.);
#14949 = EDGE_CURVE('',#10852,#14941,#14950,.T.);
#14950 = LINE('',#14951,#14952);
#14951 = CARTESIAN_POINT('',(0.730769217014,0.75,2.544661283493));
#14952 = VECTOR('',#14953,1.);
#14953 = DIRECTION('',(-0.648350613493,0.665412429994,0.369956456887));
#14954 = PLANE('',#14955);
#14955 = AXIS2_PLACEMENT_3D('',#14956,#14957,#14958);
#14956 = CARTESIAN_POINT('',(0.60897434182,0.785786348623,2.614158957518
    ));
#14957 = DIRECTION('',(0.495604694288,8.873928005945E-07,0.868548206491)
  );
#14958 = DIRECTION('',(0.868548206491,5.087371028207E-23,-0.495604694288
    ));
#14959 = ADVANCED_FACE('',(#14960),#14977,.T.);
#14960 = FACE_BOUND('',#14961,.T.);
#14961 = EDGE_LOOP('',(#14962,#14963,#14971));
#14962 = ORIENTED_EDGE('',*,*,#14949,.F.);
#14963 = ORIENTED_EDGE('',*,*,#14964,.T.);
#14964 = EDGE_CURVE('',#10852,#14965,#14967,.T.);
#14965 = VERTEX_POINT('',#14966);
#14966 = CARTESIAN_POINT('',(0.730769217014,1.,2.544661283493));
#14967 = LINE('',#14968,#14969);
#14968 = CARTESIAN_POINT('',(0.730769217014,0.75,2.544661283493));
#14969 = VECTOR('',#14970,1.);
#14970 = DIRECTION('',(0.,1.,0.));
#14971 = ORIENTED_EDGE('',*,*,#14972,.T.);
#14972 = EDGE_CURVE('',#14965,#14941,#14973,.T.);
#14973 = LINE('',#14974,#14975);
#14974 = CARTESIAN_POINT('',(0.730769217014,1.,2.544661283493));
#14975 = VECTOR('',#14976,1.);
#14976 = DIRECTION('',(-0.648350613493,-0.665412429994,0.369956456887));
#14977 = PLANE('',#14978);
#14978 = AXIS2_PLACEMENT_3D('',#14979,#14980,#14981);
#14979 = CARTESIAN_POINT('',(0.694203235747,0.875,2.565526260854));
#14980 = DIRECTION('',(0.495604007243,0.,0.868548598528));
#14981 = DIRECTION('',(0.868548598528,0.,-0.495604007243));
#14982 = ADVANCED_FACE('',(#14983),#14998,.T.);
#14983 = FACE_BOUND('',#14984,.T.);
#14984 = EDGE_LOOP('',(#14985,#14986,#14992));
#14985 = ORIENTED_EDGE('',*,*,#14972,.F.);
#14986 = ORIENTED_EDGE('',*,*,#14987,.T.);
#14987 = EDGE_CURVE('',#14965,#14738,#14988,.T.);
#14988 = LINE('',#14989,#14990);
#14989 = CARTESIAN_POINT('',(0.730769217014,1.,2.544661283493));
#14990 = VECTOR('',#14991,1.);
#14991 = DIRECTION('',(-0.868548206491,0.,0.495604694288));
#14992 = ORIENTED_EDGE('',*,*,#14993,.T.);
#14993 = EDGE_CURVE('',#14738,#14941,#14994,.T.);
#14994 = LINE('',#14995,#14996);
#14995 = CARTESIAN_POINT('',(0.487179487944,1.,2.683656692505));
#14996 = VECTOR('',#14997,1.);
#14997 = DIRECTION('',(0.648350217109,-0.665412186,-0.369957590405));
#14998 = PLANE('',#14999);
#14999 = AXIS2_PLACEMENT_3D('',#15000,#15001,#15002);
#15000 = CARTESIAN_POINT('',(0.60897434182,0.964213651377,2.614158957518
    ));
#15001 = DIRECTION('',(0.495604694288,-8.87392800612E-07,0.868548206491)
  );
#15002 = DIRECTION('',(0.868548206491,-4.913425354798E-23,
    -0.495604694288));
#15003 = ADVANCED_FACE('',(#15004),#15009,.T.);
#15004 = FACE_BOUND('',#15005,.T.);
#15005 = EDGE_LOOP('',(#15006,#15007,#15008));
#15006 = ORIENTED_EDGE('',*,*,#14993,.F.);
#15007 = ORIENTED_EDGE('',*,*,#14737,.F.);
#15008 = ORIENTED_EDGE('',*,*,#14940,.F.);
#15009 = PLANE('',#15010);
#15010 = AXIS2_PLACEMENT_3D('',#15011,#15012,#15013);
#15011 = CARTESIAN_POINT('',(0.523745465621,0.875,2.662791640508));
#15012 = DIRECTION('',(0.495605381332,0.,0.868547814455));
#15013 = DIRECTION('',(0.868547814455,0.,-0.495605381332));
#15014 = ADVANCED_FACE('',(#15015),#15032,.T.);
#15015 = FACE_BOUND('',#15016,.T.);
#15016 = EDGE_LOOP('',(#15017,#15025,#15026));
#15017 = ORIENTED_EDGE('',*,*,#15018,.T.);
#15018 = EDGE_CURVE('',#15019,#14887,#15021,.T.);
#15019 = VERTEX_POINT('',#15020);
#15020 = CARTESIAN_POINT('',(0.608974337578,1.,2.11415886879));
#15021 = LINE('',#15022,#15023);
#15022 = CARTESIAN_POINT('',(0.608974337578,1.,2.11415886879));
#15023 = VECTOR('',#15024,1.);
#15024 = DIRECTION('',(0.209134496044,0.,-0.977886886385));
#15025 = ORIENTED_EDGE('',*,*,#14886,.F.);
#15026 = ORIENTED_EDGE('',*,*,#15027,.T.);
#15027 = EDGE_CURVE('',#14660,#15019,#15028,.T.);
#15028 = LINE('',#15029,#15030);
#15029 = CARTESIAN_POINT('',(0.487179487944,1.,1.683656811714));
#15030 = VECTOR('',#15031,1.);
#15031 = DIRECTION('',(0.2722286072,0.,0.962232604635));
#15032 = PLANE('',#15033);
#15033 = AXIS2_PLACEMENT_3D('',#15034,#15035,#15036);
#15034 = CARTESIAN_POINT('',(0.615247844806,1.,1.807066448266));
#15035 = DIRECTION('',(0.,1.,0.));
#15036 = DIRECTION('',(0.,-0.,1.));
#15037 = ADVANCED_FACE('',(#15038),#15048,.T.);
#15038 = FACE_BOUND('',#15039,.T.);
#15039 = EDGE_LOOP('',(#15040,#15041,#15042));
#15040 = ORIENTED_EDGE('',*,*,#15027,.F.);
#15041 = ORIENTED_EDGE('',*,*,#14847,.F.);
#15042 = ORIENTED_EDGE('',*,*,#15043,.T.);
#15043 = EDGE_CURVE('',#14738,#15019,#15044,.T.);
#15044 = LINE('',#15045,#15046);
#15045 = CARTESIAN_POINT('',(0.487179487944,1.,2.683656692505));
#15046 = VECTOR('',#15047,1.);
#15047 = DIRECTION('',(0.209134405246,0.,-0.977886905804));
#15048 = PLANE('',#15049);
#15049 = AXIS2_PLACEMENT_3D('',#15050,#15051,#15052);
#15050 = CARTESIAN_POINT('',(0.518074859503,1.,2.182652010493));
#15051 = DIRECTION('',(0.,1.,0.));
#15052 = DIRECTION('',(0.,-0.,1.));
#15053 = ADVANCED_FACE('',(#15054),#15064,.T.);
#15054 = FACE_BOUND('',#15055,.T.);
#15055 = EDGE_LOOP('',(#15056,#15057,#15058));
#15056 = ORIENTED_EDGE('',*,*,#15043,.F.);
#15057 = ORIENTED_EDGE('',*,*,#14987,.F.);
#15058 = ORIENTED_EDGE('',*,*,#15059,.T.);
#15059 = EDGE_CURVE('',#14965,#15019,#15060,.T.);
#15060 = LINE('',#15061,#15062);
#15061 = CARTESIAN_POINT('',(0.730769217014,1.,2.544661283493));
#15062 = VECTOR('',#15063,1.);
#15063 = DIRECTION('',(-0.272228459489,0.,-0.962232646424));
#15064 = PLANE('',#15065);
#15065 = AXIS2_PLACEMENT_3D('',#15066,#15067,#15068);
#15066 = CARTESIAN_POINT('',(0.602700861332,1.,2.42125138393));
#15067 = DIRECTION('',(0.,1.,0.));
#15068 = DIRECTION('',(0.,-0.,1.));
#15069 = ADVANCED_FACE('',(#15070),#15080,.T.);
#15070 = FACE_BOUND('',#15071,.T.);
#15071 = EDGE_LOOP('',(#15072,#15073,#15079));
#15072 = ORIENTED_EDGE('',*,*,#15059,.F.);
#15073 = ORIENTED_EDGE('',*,*,#15074,.T.);
#15074 = EDGE_CURVE('',#14965,#14887,#15075,.T.);
#15075 = LINE('',#15076,#15077);
#15076 = CARTESIAN_POINT('',(0.730769217014,1.,2.544661283493));
#15077 = VECTOR('',#15078,1.);
#15078 = DIRECTION('',(0.,0.,-1.));
#15079 = ORIENTED_EDGE('',*,*,#15018,.F.);
#15080 = PLANE('',#15081);
#15081 = AXIS2_PLACEMENT_3D('',#15082,#15083,#15084);
#15082 = CARTESIAN_POINT('',(0.699873837949,1.,2.045665961939));
#15083 = DIRECTION('',(0.,1.,0.));
#15084 = DIRECTION('',(0.,-0.,1.));
#15085 = ADVANCED_FACE('',(#15086),#15103,.T.);
#15086 = FACE_BOUND('',#15087,.T.);
#15087 = EDGE_LOOP('',(#15088,#15096,#15097));
#15088 = ORIENTED_EDGE('',*,*,#15089,.T.);
#15089 = EDGE_CURVE('',#15090,#10774,#15092,.T.);
#15090 = VERTEX_POINT('',#15091);
#15091 = CARTESIAN_POINT('',(0.852564096451,0.875,1.453179836273));
#15092 = LINE('',#15093,#15094);
#15093 = CARTESIAN_POINT('',(0.852564096451,0.875,1.453179836273));
#15094 = VECTOR('',#15095,1.);
#15095 = DIRECTION('',(-0.618098219128,-0.634363921935,0.464259632165));
#15096 = ORIENTED_EDGE('',*,*,#14909,.F.);
#15097 = ORIENTED_EDGE('',*,*,#15098,.T.);
#15098 = EDGE_CURVE('',#14887,#15090,#15099,.T.);
#15099 = LINE('',#15100,#15101);
#15100 = CARTESIAN_POINT('',(0.730769217014,1.,1.544661164284));
#15101 = VECTOR('',#15102,1.);
#15102 = DIRECTION('',(0.618098219128,-0.634363921935,-0.464259632165));
#15103 = PLANE('',#15104);
#15104 = AXIS2_PLACEMENT_3D('',#15105,#15106,#15107);
#15105 = CARTESIAN_POINT('',(0.76802985334,0.875,1.51667433504));
#15106 = DIRECTION('',(-0.600567765739,-0.,-0.799573860725));
#15107 = DIRECTION('',(-0.799573860725,0.,0.600567765739));
#15108 = ADVANCED_FACE('',(#15109),#15126,.T.);
#15109 = FACE_BOUND('',#15110,.T.);
#15110 = EDGE_LOOP('',(#15111,#15112,#15120));
#15111 = ORIENTED_EDGE('',*,*,#15098,.F.);
#15112 = ORIENTED_EDGE('',*,*,#15113,.T.);
#15113 = EDGE_CURVE('',#14887,#15114,#15116,.T.);
#15114 = VERTEX_POINT('',#15115);
#15115 = CARTESIAN_POINT('',(0.974358975887,1.,1.361698508263));
#15116 = LINE('',#15117,#15118);
#15117 = CARTESIAN_POINT('',(0.730769217014,1.,1.544661164284));
#15118 = VECTOR('',#15119,1.);
#15119 = DIRECTION('',(0.799573860725,0.,-0.600567765739));
#15120 = ORIENTED_EDGE('',*,*,#15121,.T.);
#15121 = EDGE_CURVE('',#15114,#15090,#15122,.T.);
#15122 = LINE('',#15123,#15124);
#15123 = CARTESIAN_POINT('',(0.974358975887,1.,1.361698508263));
#15124 = VECTOR('',#15125,1.);
#15125 = DIRECTION('',(-0.618098219128,-0.634363921935,0.464259632165));
#15126 = PLANE('',#15127);
#15127 = AXIS2_PLACEMENT_3D('',#15128,#15129,#15130);
#15128 = CARTESIAN_POINT('',(0.852564096451,0.964749699874,
    1.453179836273));
#15129 = DIRECTION('',(-0.600567765739,-0.,-0.799573860725));
#15130 = DIRECTION('',(-0.799573860725,0.,0.600567765739));
#15131 = ADVANCED_FACE('',(#15132),#15147,.T.);
#15132 = FACE_BOUND('',#15133,.T.);
#15133 = EDGE_LOOP('',(#15134,#15135,#15141));
#15134 = ORIENTED_EDGE('',*,*,#15121,.F.);
#15135 = ORIENTED_EDGE('',*,*,#15136,.T.);
#15136 = EDGE_CURVE('',#15114,#10930,#15137,.T.);
#15137 = LINE('',#15138,#15139);
#15138 = CARTESIAN_POINT('',(0.974358975887,1.,1.361698508263));
#15139 = VECTOR('',#15140,1.);
#15140 = DIRECTION('',(0.,-1.,0.));
#15141 = ORIENTED_EDGE('',*,*,#15142,.T.);
#15142 = EDGE_CURVE('',#10930,#15090,#15143,.T.);
#15143 = LINE('',#15144,#15145);
#15144 = CARTESIAN_POINT('',(0.974358975887,0.75,1.361698508263));
#15145 = VECTOR('',#15146,1.);
#15146 = DIRECTION('',(-0.618098219128,0.634363921935,0.464259632165));
#15147 = PLANE('',#15148);
#15148 = AXIS2_PLACEMENT_3D('',#15149,#15150,#15151);
#15149 = CARTESIAN_POINT('',(0.937098339562,0.875,1.389685337506));
#15150 = DIRECTION('',(-0.600567765739,-0.,-0.799573860725));
#15151 = DIRECTION('',(-0.799573860725,0.,0.600567765739));
#15152 = ADVANCED_FACE('',(#15153),#15158,.T.);
#15153 = FACE_BOUND('',#15154,.T.);
#15154 = EDGE_LOOP('',(#15155,#15156,#15157));
#15155 = ORIENTED_EDGE('',*,*,#15142,.F.);
#15156 = ORIENTED_EDGE('',*,*,#10929,.F.);
#15157 = ORIENTED_EDGE('',*,*,#15089,.F.);
#15158 = PLANE('',#15159);
#15159 = AXIS2_PLACEMENT_3D('',#15160,#15161,#15162);
#15160 = CARTESIAN_POINT('',(0.852564096451,0.785250300126,
    1.453179836273));
#15161 = DIRECTION('',(-0.600567765739,-0.,-0.799573860725));
#15162 = DIRECTION('',(-0.799573860725,0.,0.600567765739));
#15163 = ADVANCED_FACE('',(#15164),#15181,.T.);
#15164 = FACE_BOUND('',#15165,.T.);
#15165 = EDGE_LOOP('',(#15166,#15174,#15175));
#15166 = ORIENTED_EDGE('',*,*,#15167,.T.);
#15167 = EDGE_CURVE('',#15168,#10852,#15170,.T.);
#15168 = VERTEX_POINT('',#15169);
#15169 = CARTESIAN_POINT('',(0.852564096451,0.875,2.453179836273));
#15170 = LINE('',#15171,#15172);
#15171 = CARTESIAN_POINT('',(0.852564096451,0.875,2.453179836273));
#15172 = VECTOR('',#15173,1.);
#15173 = DIRECTION('',(-0.618098045525,-0.634363743764,0.464260106747));
#15174 = ORIENTED_EDGE('',*,*,#11030,.F.);
#15175 = ORIENTED_EDGE('',*,*,#15176,.T.);
#15176 = EDGE_CURVE('',#11008,#15168,#15177,.T.);
#15177 = LINE('',#15178,#15179);
#15178 = CARTESIAN_POINT('',(0.974358975887,0.75,2.361698627472));
#15179 = VECTOR('',#15180,1.);
#15180 = DIRECTION('',(-0.618098392731,0.634364100107,0.464259157583));
#15181 = PLANE('',#15182);
#15182 = AXIS2_PLACEMENT_3D('',#15183,#15184,#15185);
#15183 = CARTESIAN_POINT('',(0.852564086804,0.785250300126,
    2.453179929111));
#15184 = DIRECTION('',(0.600567765739,7.62533055049E-07,0.799573860725)
  );
#15185 = DIRECTION('',(0.799573860725,-1.855194689392E-23,
    -0.600567765739));
#15186 = ADVANCED_FACE('',(#15187),#15204,.T.);
#15187 = FACE_BOUND('',#15188,.T.);
#15188 = EDGE_LOOP('',(#15189,#15190,#15198));
#15189 = ORIENTED_EDGE('',*,*,#15176,.F.);
#15190 = ORIENTED_EDGE('',*,*,#15191,.T.);
#15191 = EDGE_CURVE('',#11008,#15192,#15194,.T.);
#15192 = VERTEX_POINT('',#15193);
#15193 = CARTESIAN_POINT('',(0.974358975887,1.,2.361698627472));
#15194 = LINE('',#15195,#15196);
#15195 = CARTESIAN_POINT('',(0.974358975887,0.75,2.361698627472));
#15196 = VECTOR('',#15197,1.);
#15197 = DIRECTION('',(0.,1.,0.));
#15198 = ORIENTED_EDGE('',*,*,#15199,.T.);
#15199 = EDGE_CURVE('',#15192,#15168,#15200,.T.);
#15200 = LINE('',#15201,#15202);
#15201 = CARTESIAN_POINT('',(0.974358975887,1.,2.361698627472));
#15202 = VECTOR('',#15203,1.);
#15203 = DIRECTION('',(-0.618098392731,-0.634364100107,0.464259157583));
#15204 = PLANE('',#15205);
#15205 = AXIS2_PLACEMENT_3D('',#15206,#15207,#15208);
#15206 = CARTESIAN_POINT('',(0.937098343624,0.875,2.389685417195));
#15207 = DIRECTION('',(0.600567265409,0.,0.799574236528));
#15208 = DIRECTION('',(0.799574236528,0.,-0.600567265409));
#15209 = ADVANCED_FACE('',(#15210),#15225,.T.);
#15210 = FACE_BOUND('',#15211,.T.);
#15211 = EDGE_LOOP('',(#15212,#15213,#15219));
#15212 = ORIENTED_EDGE('',*,*,#15199,.F.);
#15213 = ORIENTED_EDGE('',*,*,#15214,.T.);
#15214 = EDGE_CURVE('',#15192,#14965,#15215,.T.);
#15215 = LINE('',#15216,#15217);
#15216 = CARTESIAN_POINT('',(0.974358975887,1.,2.361698627472));
#15217 = VECTOR('',#15218,1.);
#15218 = DIRECTION('',(-0.799573860725,0.,0.600567765739));
#15219 = ORIENTED_EDGE('',*,*,#15220,.T.);
#15220 = EDGE_CURVE('',#14965,#15168,#15221,.T.);
#15221 = LINE('',#15222,#15223);
#15222 = CARTESIAN_POINT('',(0.730769217014,1.,2.544661283493));
#15223 = VECTOR('',#15224,1.);
#15224 = DIRECTION('',(0.618098045525,-0.634363743764,-0.464260106747));
#15225 = PLANE('',#15226);
#15226 = AXIS2_PLACEMENT_3D('',#15227,#15228,#15229);
#15227 = CARTESIAN_POINT('',(0.852564086804,0.964749699874,
    2.453179929111));
#15228 = DIRECTION('',(0.600567765739,-7.625330550942E-07,0.799573860725
    ));
#15229 = DIRECTION('',(0.799573860725,8.165018798785E-25,-0.600567765739
    ));
#15230 = ADVANCED_FACE('',(#15231),#15236,.T.);
#15231 = FACE_BOUND('',#15232,.T.);
#15232 = EDGE_LOOP('',(#15233,#15234,#15235));
#15233 = ORIENTED_EDGE('',*,*,#15220,.F.);
#15234 = ORIENTED_EDGE('',*,*,#14964,.F.);
#15235 = ORIENTED_EDGE('',*,*,#15167,.F.);
#15236 = PLANE('',#15237);
#15237 = AXIS2_PLACEMENT_3D('',#15238,#15239,#15240);
#15238 = CARTESIAN_POINT('',(0.768029857402,0.875,2.516674414729));
#15239 = DIRECTION('',(0.600568266069,0.,0.799573484922));
#15240 = DIRECTION('',(0.799573484922,0.,-0.600568266069));
#15241 = ADVANCED_FACE('',(#15242),#15259,.T.);
#15242 = FACE_BOUND('',#15243,.T.);
#15243 = EDGE_LOOP('',(#15244,#15252,#15253));
#15244 = ORIENTED_EDGE('',*,*,#15245,.T.);
#15245 = EDGE_CURVE('',#15246,#15114,#15248,.T.);
#15246 = VERTEX_POINT('',#15247);
#15247 = CARTESIAN_POINT('',(0.852564096451,1.,1.953179836273));
#15248 = LINE('',#15249,#15250);
#15249 = CARTESIAN_POINT('',(0.852564096451,1.,1.953179836273));
#15250 = VECTOR('',#15251,1.);
#15251 = DIRECTION('',(0.201683599307,0.,-0.979450726566));
#15252 = ORIENTED_EDGE('',*,*,#15113,.F.);
#15253 = ORIENTED_EDGE('',*,*,#15254,.T.);
#15254 = EDGE_CURVE('',#14887,#15246,#15255,.T.);
#15255 = LINE('',#15256,#15257);
#15256 = CARTESIAN_POINT('',(0.730769217014,1.,1.544661164284));
#15257 = VECTOR('',#15258,1.);
#15258 = DIRECTION('',(0.285710285866,0.,0.958316040015));
#15259 = PLANE('',#15260);
#15260 = AXIS2_PLACEMENT_3D('',#15261,#15262,#15263);
#15261 = CARTESIAN_POINT('',(0.86066667808,1.,1.64003610835));
#15262 = DIRECTION('',(0.,1.,0.));
#15263 = DIRECTION('',(0.,-0.,1.));
#15264 = ADVANCED_FACE('',(#15265),#15275,.T.);
#15265 = FACE_BOUND('',#15266,.T.);
#15266 = EDGE_LOOP('',(#15267,#15268,#15269));
#15267 = ORIENTED_EDGE('',*,*,#15254,.F.);
#15268 = ORIENTED_EDGE('',*,*,#15074,.F.);
#15269 = ORIENTED_EDGE('',*,*,#15270,.T.);
#15270 = EDGE_CURVE('',#14965,#15246,#15271,.T.);
#15271 = LINE('',#15272,#15273);
#15272 = CARTESIAN_POINT('',(0.730769217014,1.,2.544661283493));
#15273 = VECTOR('',#15274,1.);
#15274 = DIRECTION('',(0.201683560312,0.,-0.979450734596));
#15275 = PLANE('',#15276);
#15276 = AXIS2_PLACEMENT_3D('',#15277,#15278,#15279);
#15277 = CARTESIAN_POINT('',(0.761670561245,1.,2.043321259345));
#15278 = DIRECTION('',(0.,1.,0.));
#15279 = DIRECTION('',(0.,-0.,1.));
#15280 = ADVANCED_FACE('',(#15281),#15291,.T.);
#15281 = FACE_BOUND('',#15282,.T.);
#15282 = EDGE_LOOP('',(#15283,#15284,#15285));
#15283 = ORIENTED_EDGE('',*,*,#15270,.F.);
#15284 = ORIENTED_EDGE('',*,*,#15214,.F.);
#15285 = ORIENTED_EDGE('',*,*,#15286,.T.);
#15286 = EDGE_CURVE('',#15192,#15246,#15287,.T.);
#15287 = LINE('',#15288,#15289);
#15288 = CARTESIAN_POINT('',(0.974358975887,1.,2.361698627472));
#15289 = VECTOR('',#15290,1.);
#15290 = DIRECTION('',(-0.285710209299,0.,-0.958316062843));
#15291 = PLANE('',#15292);
#15292 = AXIS2_PLACEMENT_3D('',#15293,#15294,#15295);
#15293 = CARTESIAN_POINT('',(0.844461516108,1.,2.266323626563));
#15294 = DIRECTION('',(0.,1.,0.));
#15295 = DIRECTION('',(0.,-0.,1.));
#15296 = ADVANCED_FACE('',(#15297),#15307,.T.);
#15297 = FACE_BOUND('',#15298,.T.);
#15298 = EDGE_LOOP('',(#15299,#15300,#15306));
#15299 = ORIENTED_EDGE('',*,*,#15286,.F.);
#15300 = ORIENTED_EDGE('',*,*,#15301,.T.);
#15301 = EDGE_CURVE('',#15192,#15114,#15302,.T.);
#15302 = LINE('',#15303,#15304);
#15303 = CARTESIAN_POINT('',(0.974358975887,1.,2.361698627472));
#15304 = VECTOR('',#15305,1.);
#15305 = DIRECTION('',(0.,0.,-1.));
#15306 = ORIENTED_EDGE('',*,*,#15245,.F.);
#15307 = PLANE('',#15308);
#15308 = AXIS2_PLACEMENT_3D('',#15309,#15310,#15311);
#15309 = CARTESIAN_POINT('',(0.943457631694,1.,1.863038530556));
#15310 = DIRECTION('',(0.,1.,0.));
#15311 = DIRECTION('',(0.,-0.,1.));
#15312 = ADVANCED_FACE('',(#15313),#15330,.T.);
#15313 = FACE_BOUND('',#15314,.T.);
#15314 = EDGE_LOOP('',(#15315,#15323,#15324));
#15315 = ORIENTED_EDGE('',*,*,#15316,.T.);
#15316 = EDGE_CURVE('',#15317,#10930,#15319,.T.);
#15317 = VERTEX_POINT('',#15318);
#15318 = CARTESIAN_POINT('',(1.096153855324,0.875,1.253634929657));
#15319 = LINE('',#15320,#15321);
#15320 = CARTESIAN_POINT('',(1.096153855324,0.875,1.253634929657));
#15321 = VECTOR('',#15322,1.);
#15322 = DIRECTION('',(-0.593333154676,-0.608947146856,0.526440062968));
#15323 = ORIENTED_EDGE('',*,*,#15136,.F.);
#15324 = ORIENTED_EDGE('',*,*,#15325,.T.);
#15325 = EDGE_CURVE('',#15114,#15317,#15326,.T.);
#15326 = LINE('',#15327,#15328);
#15327 = CARTESIAN_POINT('',(0.974358975887,1.,1.361698508263));
#15328 = VECTOR('',#15329,1.);
#15329 = DIRECTION('',(0.593333154676,-0.608947146856,-0.526440062968));
#15330 = PLANE('',#15331);
#15331 = AXIS2_PLACEMENT_3D('',#15332,#15333,#15334);
#15332 = CARTESIAN_POINT('',(1.012208223973,0.875,1.328116429816));
#15333 = DIRECTION('',(-0.663682420039,-0.,-0.748014468665));
#15334 = DIRECTION('',(-0.748014468665,0.,0.663682420039));
#15335 = ADVANCED_FACE('',(#15336),#15353,.T.);
#15336 = FACE_BOUND('',#15337,.T.);
#15337 = EDGE_LOOP('',(#15338,#15339,#15347));
#15338 = ORIENTED_EDGE('',*,*,#15325,.F.);
#15339 = ORIENTED_EDGE('',*,*,#15340,.T.);
#15340 = EDGE_CURVE('',#15114,#15341,#15343,.T.);
#15341 = VERTEX_POINT('',#15342);
#15342 = CARTESIAN_POINT('',(1.217948675156,1.,1.145571351051));
#15343 = LINE('',#15344,#15345);
#15344 = CARTESIAN_POINT('',(0.974358975887,1.,1.361698508263));
#15345 = VECTOR('',#15346,1.);
#15346 = DIRECTION('',(0.748014388043,0.,-0.663682510905));
#15347 = ORIENTED_EDGE('',*,*,#15348,.T.);
#15348 = EDGE_CURVE('',#15341,#15317,#15349,.T.);
#15349 = LINE('',#15350,#15351);
#15350 = CARTESIAN_POINT('',(1.217948675156,1.,1.145571351051));
#15351 = VECTOR('',#15352,1.);
#15352 = DIRECTION('',(-0.59333296653,-0.608947251769,0.526440153666));
#15353 = PLANE('',#15354);
#15354 = AXIS2_PLACEMENT_3D('',#15355,#15356,#15357);
#15355 = CARTESIAN_POINT('',(1.096153830906,0.965146316639,
    1.253634932253));
#15356 = DIRECTION('',(-0.663682510905,-1.582342412296E-07,
    -0.748014388043));
#15357 = DIRECTION('',(-0.748014388043,6.597022216811E-24,0.663682510905
    ));
#15358 = ADVANCED_FACE('',(#15359),#15374,.T.);
#15359 = FACE_BOUND('',#15360,.T.);
#15360 = EDGE_LOOP('',(#15361,#15362,#15368));
#15361 = ORIENTED_EDGE('',*,*,#15348,.F.);
#15362 = ORIENTED_EDGE('',*,*,#15363,.T.);
#15363 = EDGE_CURVE('',#15341,#11086,#15364,.T.);
#15364 = LINE('',#15365,#15366);
#15365 = CARTESIAN_POINT('',(1.217948675156,1.,1.145571351051));
#15366 = VECTOR('',#15367,1.);
#15367 = DIRECTION('',(0.,-1.,0.));
#15368 = ORIENTED_EDGE('',*,*,#15369,.T.);
#15369 = EDGE_CURVE('',#11086,#15317,#15370,.T.);
#15370 = LINE('',#15371,#15372);
#15371 = CARTESIAN_POINT('',(1.217948675156,0.75,1.145571351051));
#15372 = VECTOR('',#15373,1.);
#15373 = DIRECTION('',(-0.59333296653,0.608947251769,0.526440153666));
#15374 = PLANE('',#15375);
#15375 = AXIS2_PLACEMENT_3D('',#15376,#15377,#15378);
#15376 = CARTESIAN_POINT('',(1.180099448061,0.875,1.179153427309));
#15377 = DIRECTION('',(-0.663682601771,-0.,-0.748014307421));
#15378 = DIRECTION('',(-0.748014307421,0.,0.663682601771));
#15379 = ADVANCED_FACE('',(#15380),#15385,.T.);
#15380 = FACE_BOUND('',#15381,.T.);
#15381 = EDGE_LOOP('',(#15382,#15383,#15384));
#15382 = ORIENTED_EDGE('',*,*,#15369,.F.);
#15383 = ORIENTED_EDGE('',*,*,#11085,.F.);
#15384 = ORIENTED_EDGE('',*,*,#15316,.F.);
#15385 = PLANE('',#15386);
#15386 = AXIS2_PLACEMENT_3D('',#15387,#15388,#15389);
#15387 = CARTESIAN_POINT('',(1.096153830906,0.784853683361,
    1.253634932253));
#15388 = DIRECTION('',(-0.663682510905,1.582342412256E-07,
    -0.748014388043));
#15389 = DIRECTION('',(-0.748014388043,-1.126040547583E-23,
    0.663682510905));
#15390 = ADVANCED_FACE('',(#15391),#15408,.T.);
#15391 = FACE_BOUND('',#15392,.T.);
#15392 = EDGE_LOOP('',(#15393,#15401,#15402));
#15393 = ORIENTED_EDGE('',*,*,#15394,.T.);
#15394 = EDGE_CURVE('',#15395,#11008,#15397,.T.);
#15395 = VERTEX_POINT('',#15396);
#15396 = CARTESIAN_POINT('',(1.096153855324,0.875,2.253634929657));
#15397 = LINE('',#15398,#15399);
#15398 = CARTESIAN_POINT('',(1.096153855324,0.875,2.253634929657));
#15399 = VECTOR('',#15400,1.);
#15400 = DIRECTION('',(-0.593332973281,-0.608946960687,0.52644048276));
#15401 = ORIENTED_EDGE('',*,*,#11186,.F.);
#15402 = ORIENTED_EDGE('',*,*,#15403,.T.);
#15403 = EDGE_CURVE('',#11164,#15395,#15404,.T.);
#15404 = LINE('',#15405,#15406);
#15405 = CARTESIAN_POINT('',(1.217948675156,0.75,2.145571470261));
#15406 = VECTOR('',#15407,1.);
#15407 = DIRECTION('',(-0.593333147926,0.608947437938,0.526439733873));
#15408 = PLANE('',#15409);
#15409 = AXIS2_PLACEMENT_3D('',#15410,#15411,#15412);
#15410 = CARTESIAN_POINT('',(1.096153820523,0.784853683361,
    2.253635027435));
#15411 = DIRECTION('',(0.663682510904,5.551278689472E-07,0.748014388043)
  );
#15412 = DIRECTION('',(0.748014388043,1.668475243028E-23,-0.663682510905
    ));
#15413 = ADVANCED_FACE('',(#15414),#15431,.T.);
#15414 = FACE_BOUND('',#15415,.T.);
#15415 = EDGE_LOOP('',(#15416,#15417,#15425));
#15416 = ORIENTED_EDGE('',*,*,#15403,.F.);
#15417 = ORIENTED_EDGE('',*,*,#15418,.T.);
#15418 = EDGE_CURVE('',#11164,#15419,#15421,.T.);
#15419 = VERTEX_POINT('',#15420);
#15420 = CARTESIAN_POINT('',(1.217948675156,1.,2.145571470261));
#15421 = LINE('',#15422,#15423);
#15422 = CARTESIAN_POINT('',(1.217948675156,0.75,2.145571470261));
#15423 = VECTOR('',#15424,1.);
#15424 = DIRECTION('',(0.,1.,0.));
#15425 = ORIENTED_EDGE('',*,*,#15426,.T.);
#15426 = EDGE_CURVE('',#15419,#15395,#15427,.T.);
#15427 = LINE('',#15428,#15429);
#15428 = CARTESIAN_POINT('',(1.217948675156,1.,2.145571470261));
#15429 = VECTOR('',#15430,1.);
#15430 = DIRECTION('',(-0.593333147926,-0.608947437938,0.526439733873));
#15431 = PLANE('',#15432);
#15432 = AXIS2_PLACEMENT_3D('',#15433,#15434,#15435);
#15433 = CARTESIAN_POINT('',(1.18009945244,0.875,2.179153505586));
#15434 = DIRECTION('',(0.663682192122,0.,0.748014670886));
#15435 = DIRECTION('',(0.748014670886,0.,-0.663682192122));
#15436 = ADVANCED_FACE('',(#15437),#15452,.T.);
#15437 = FACE_BOUND('',#15438,.T.);
#15438 = EDGE_LOOP('',(#15439,#15440,#15446));
#15439 = ORIENTED_EDGE('',*,*,#15426,.F.);
#15440 = ORIENTED_EDGE('',*,*,#15441,.T.);
#15441 = EDGE_CURVE('',#15419,#15192,#15442,.T.);
#15442 = LINE('',#15443,#15444);
#15443 = CARTESIAN_POINT('',(1.217948675156,1.,2.145571470261));
#15444 = VECTOR('',#15445,1.);
#15445 = DIRECTION('',(-0.748014388043,0.,0.663682510905));
#15446 = ORIENTED_EDGE('',*,*,#15447,.T.);
#15447 = EDGE_CURVE('',#15192,#15395,#15448,.T.);
#15448 = LINE('',#15449,#15450);
#15449 = CARTESIAN_POINT('',(0.974358975887,1.,2.361698627472));
#15450 = VECTOR('',#15451,1.);
#15451 = DIRECTION('',(0.593332973281,-0.608946960687,-0.52644048276));
#15452 = PLANE('',#15453);
#15453 = AXIS2_PLACEMENT_3D('',#15454,#15455,#15456);
#15454 = CARTESIAN_POINT('',(1.096153820523,0.965146316639,
    2.253635027435));
#15455 = DIRECTION('',(0.663682510904,-5.551278689814E-07,0.748014388043
    ));
#15456 = DIRECTION('',(0.748014388043,6.521284065544E-24,-0.663682510905
    ));
#15457 = ADVANCED_FACE('',(#15458),#15463,.T.);
#15458 = FACE_BOUND('',#15459,.T.);
#15459 = EDGE_LOOP('',(#15460,#15461,#15462));
#15460 = ORIENTED_EDGE('',*,*,#15447,.F.);
#15461 = ORIENTED_EDGE('',*,*,#15191,.F.);
#15462 = ORIENTED_EDGE('',*,*,#15394,.F.);
#15463 = PLANE('',#15464);
#15464 = AXIS2_PLACEMENT_3D('',#15465,#15466,#15467);
#15465 = CARTESIAN_POINT('',(1.012208228353,0.875,2.328116508093));
#15466 = DIRECTION('',(0.663682829686,0.,0.748014105201));
#15467 = DIRECTION('',(0.748014105201,0.,-0.663682829686));
#15468 = ADVANCED_FACE('',(#15469),#15486,.T.);
#15469 = FACE_BOUND('',#15470,.T.);
#15470 = EDGE_LOOP('',(#15471,#15479,#15480));
#15471 = ORIENTED_EDGE('',*,*,#15472,.T.);
#15472 = EDGE_CURVE('',#15473,#15341,#15475,.T.);
#15473 = VERTEX_POINT('',#15474);
#15474 = CARTESIAN_POINT('',(1.096153855324,1.,1.753634929657));
#15475 = LINE('',#15476,#15477);
#15476 = CARTESIAN_POINT('',(1.096153855324,1.,1.753634929657));
#15477 = VECTOR('',#15478,1.);
#15478 = DIRECTION('',(0.196398482162,0.,-0.980524164008));
#15479 = ORIENTED_EDGE('',*,*,#15340,.F.);
#15480 = ORIENTED_EDGE('',*,*,#15481,.T.);
#15481 = EDGE_CURVE('',#15114,#15473,#15482,.T.);
#15482 = LINE('',#15483,#15484);
#15483 = CARTESIAN_POINT('',(0.974358975887,1.,1.361698508263));
#15484 = VECTOR('',#15485,1.);
#15485 = DIRECTION('',(0.296753538114,0.,0.954954102361));
#15486 = PLANE('',#15487);
#15487 = AXIS2_PLACEMENT_3D('',#15488,#15489,#15490);
#15488 = CARTESIAN_POINT('',(1.105570657356,1.,1.435250825154));
#15489 = DIRECTION('',(0.,1.,0.));
#15490 = DIRECTION('',(0.,-0.,1.));
#15491 = ADVANCED_FACE('',(#15492),#15502,.T.);
#15492 = FACE_BOUND('',#15493,.T.);
#15493 = EDGE_LOOP('',(#15494,#15495,#15496));
#15494 = ORIENTED_EDGE('',*,*,#15481,.F.);
#15495 = ORIENTED_EDGE('',*,*,#15301,.F.);
#15496 = ORIENTED_EDGE('',*,*,#15497,.T.);
#15497 = EDGE_CURVE('',#15192,#15473,#15498,.T.);
#15498 = LINE('',#15499,#15500);
#15499 = CARTESIAN_POINT('',(0.974358975887,1.,2.361698627472));
#15500 = VECTOR('',#15501,1.);
#15501 = DIRECTION('',(0.196398537551,0.,-0.980524152914));
#15502 = PLANE('',#15503);
#15503 = AXIS2_PLACEMENT_3D('',#15504,#15505,#15506);
#15504 = CARTESIAN_POINT('',(1.0052660344,1.,1.860096029649));
#15505 = DIRECTION('',(0.,1.,0.));
#15506 = DIRECTION('',(0.,-0.,1.));
#15507 = ADVANCED_FACE('',(#15508),#15518,.T.);
#15508 = FACE_BOUND('',#15509,.T.);
#15509 = EDGE_LOOP('',(#15510,#15511,#15512));
#15510 = ORIENTED_EDGE('',*,*,#15497,.F.);
#15511 = ORIENTED_EDGE('',*,*,#15441,.F.);
#15512 = ORIENTED_EDGE('',*,*,#15513,.T.);
#15513 = EDGE_CURVE('',#15419,#15473,#15514,.T.);
#15514 = LINE('',#15515,#15516);
#15515 = CARTESIAN_POINT('',(1.217948675156,1.,2.145571470261));
#15516 = VECTOR('',#15517,1.);
#15517 = DIRECTION('',(-0.296753323366,0.,-0.954954169095));
#15518 = PLANE('',#15519);
#15519 = AXIS2_PLACEMENT_3D('',#15520,#15521,#15522);
#15520 = CARTESIAN_POINT('',(1.086737016437,1.,2.072019098037));
#15521 = DIRECTION('',(0.,1.,0.));
#15522 = DIRECTION('',(0.,-0.,1.));
#15523 = ADVANCED_FACE('',(#15524),#15534,.T.);
#15524 = FACE_BOUND('',#15525,.T.);
#15525 = EDGE_LOOP('',(#15526,#15527,#15533));
#15526 = ORIENTED_EDGE('',*,*,#15513,.F.);
#15527 = ORIENTED_EDGE('',*,*,#15528,.T.);
#15528 = EDGE_CURVE('',#15419,#15341,#15529,.T.);
#15529 = LINE('',#15530,#15531);
#15530 = CARTESIAN_POINT('',(1.217948675156,1.,2.145571470261));
#15531 = VECTOR('',#15532,1.);
#15532 = DIRECTION('',(0.,0.,-1.));
#15533 = ORIENTED_EDGE('',*,*,#15472,.F.);
#15534 = PLANE('',#15535);
#15535 = AXIS2_PLACEMENT_3D('',#15536,#15537,#15538);
#15536 = CARTESIAN_POINT('',(1.187041632247,1.,1.647173945456));
#15537 = DIRECTION('',(0.,1.,0.));
#15538 = DIRECTION('',(0.,-0.,1.));
#15539 = ADVANCED_FACE('',(#15540),#15557,.T.);
#15540 = FACE_BOUND('',#15541,.T.);
#15541 = EDGE_LOOP('',(#15542,#15550,#15551));
#15542 = ORIENTED_EDGE('',*,*,#15543,.T.);
#15543 = EDGE_CURVE('',#15544,#11086,#15546,.T.);
#15544 = VERTEX_POINT('',#15545);
#15545 = CARTESIAN_POINT('',(1.339743614197,0.875,1.027305960655));
#15546 = LINE('',#15547,#15548);
#15547 = CARTESIAN_POINT('',(1.339743614197,0.875,1.027305960655));
#15548 = VECTOR('',#15549,1.);
#15549 = DIRECTION('',(-0.577715898785,-0.592918621387,0.560974017851));
#15550 = ORIENTED_EDGE('',*,*,#15363,.F.);
#15551 = ORIENTED_EDGE('',*,*,#15552,.T.);
#15552 = EDGE_CURVE('',#15341,#15544,#15553,.T.);
#15553 = LINE('',#15554,#15555);
#15554 = CARTESIAN_POINT('',(1.217948675156,1.,1.145571351051));
#15555 = VECTOR('',#15556,1.);
#15556 = DIRECTION('',(0.577715898785,-0.592918621387,-0.560974017851));
#15557 = PLANE('',#15558);
#15558 = AXIS2_PLACEMENT_3D('',#15559,#15560,#15561);
#15559 = CARTESIAN_POINT('',(1.256178794826,0.875,1.108449118689));
#15560 = DIRECTION('',(-0.696635070038,-0.,-0.717425661092));
#15561 = DIRECTION('',(-0.717425661092,0.,0.696635070038));
#15562 = ADVANCED_FACE('',(#15563),#15580,.T.);
#15563 = FACE_BOUND('',#15564,.T.);
#15564 = EDGE_LOOP('',(#15565,#15566,#15574));
#15565 = ORIENTED_EDGE('',*,*,#15552,.F.);
#15566 = ORIENTED_EDGE('',*,*,#15567,.T.);
#15567 = EDGE_CURVE('',#15341,#15568,#15570,.T.);
#15568 = VERTEX_POINT('',#15569);
#15569 = CARTESIAN_POINT('',(1.461538434029,1.,0.909040629864));
#15570 = LINE('',#15571,#15572);
#15571 = CARTESIAN_POINT('',(1.217948675156,1.,1.145571351051));
#15572 = VECTOR('',#15573,1.);
#15573 = DIRECTION('',(0.71742557844,0.,-0.696635155156));
#15574 = ORIENTED_EDGE('',*,*,#15575,.T.);
#15575 = EDGE_CURVE('',#15568,#15544,#15576,.T.);
#15576 = LINE('',#15577,#15578);
#15577 = CARTESIAN_POINT('',(1.461538434029,1.,0.909040629864));
#15578 = VECTOR('',#15579,1.);
#15579 = DIRECTION('',(-0.577715613683,-0.592918909113,0.56097400735));
#15580 = PLANE('',#15581);
#15581 = AXIS2_PLACEMENT_3D('',#15582,#15583,#15584);
#15582 = CARTESIAN_POINT('',(1.339743562916,0.965378991889,
    1.027305990151));
#15583 = DIRECTION('',(-0.696635155156,-1.611339406788E-07,
    -0.71742557844));
#15584 = DIRECTION('',(-0.71742557844,-2.075428554226E-24,0.696635155156
    ));
#15585 = ADVANCED_FACE('',(#15586),#15601,.T.);
#15586 = FACE_BOUND('',#15587,.T.);
#15587 = EDGE_LOOP('',(#15588,#15589,#15595));
#15588 = ORIENTED_EDGE('',*,*,#15575,.F.);
#15589 = ORIENTED_EDGE('',*,*,#15590,.T.);
#15590 = EDGE_CURVE('',#15568,#11242,#15591,.T.);
#15591 = LINE('',#15592,#15593);
#15592 = CARTESIAN_POINT('',(1.461538434029,1.,0.909040629864));
#15593 = VECTOR('',#15594,1.);
#15594 = DIRECTION('',(0.,-1.,0.));
#15595 = ORIENTED_EDGE('',*,*,#15596,.T.);
#15596 = EDGE_CURVE('',#11242,#15544,#15597,.T.);
#15597 = LINE('',#15598,#15599);
#15598 = CARTESIAN_POINT('',(1.461538434029,0.75,0.909040629864));
#15599 = VECTOR('',#15600,1.);
#15600 = DIRECTION('',(-0.577715613683,0.592918909113,0.56097400735));
#15601 = PLANE('',#15602);
#15602 = AXIS2_PLACEMENT_3D('',#15603,#15604,#15605);
#15603 = CARTESIAN_POINT('',(1.423308358682,0.875,0.946162836812));
#15604 = DIRECTION('',(-0.696635240274,-0.,-0.717425495789));
#15605 = DIRECTION('',(-0.717425495789,0.,0.696635240274));
#15606 = ADVANCED_FACE('',(#15607),#15612,.T.);
#15607 = FACE_BOUND('',#15608,.T.);
#15608 = EDGE_LOOP('',(#15609,#15610,#15611));
#15609 = ORIENTED_EDGE('',*,*,#15596,.F.);
#15610 = ORIENTED_EDGE('',*,*,#11241,.F.);
#15611 = ORIENTED_EDGE('',*,*,#15543,.F.);
#15612 = PLANE('',#15613);
#15613 = AXIS2_PLACEMENT_3D('',#15614,#15615,#15616);
#15614 = CARTESIAN_POINT('',(1.339743562916,0.784621008111,
    1.027305990151));
#15615 = DIRECTION('',(-0.696635155156,1.611339407111E-07,-0.71742557844
    ));
#15616 = DIRECTION('',(-0.71742557844,3.183767183275E-24,0.696635155156)
  );
#15617 = ADVANCED_FACE('',(#15618),#15635,.T.);
#15618 = FACE_BOUND('',#15619,.T.);
#15619 = EDGE_LOOP('',(#15620,#15628,#15629));
#15620 = ORIENTED_EDGE('',*,*,#15621,.T.);
#15621 = EDGE_CURVE('',#15622,#11164,#15624,.T.);
#15622 = VERTEX_POINT('',#15623);
#15623 = CARTESIAN_POINT('',(1.339743614197,0.875,2.027306079865));
#15624 = LINE('',#15625,#15626);
#15625 = CARTESIAN_POINT('',(1.339743614197,0.875,2.027306079865));
#15626 = VECTOR('',#15627,1.);
#15627 = DIRECTION('',(-0.577715898785,-0.592918621387,0.560974017851));
#15628 = ORIENTED_EDGE('',*,*,#11342,.F.);
#15629 = ORIENTED_EDGE('',*,*,#15630,.T.);
#15630 = EDGE_CURVE('',#11320,#15622,#15631,.T.);
#15631 = LINE('',#15632,#15633);
#15632 = CARTESIAN_POINT('',(1.461538434029,0.75,1.909040570259));
#15633 = VECTOR('',#15634,1.);
#15634 = DIRECTION('',(-0.577715338803,0.592918626999,0.560974588613));
#15635 = PLANE('',#15636);
#15636 = AXIS2_PLACEMENT_3D('',#15637,#15638,#15639);
#15637 = CARTESIAN_POINT('',(1.339743570941,0.784621006119,
    2.027306036923));
#15638 = DIRECTION('',(0.696635426221,-6.742767054604E-07,0.717425315231
    ));
#15639 = DIRECTION('',(0.717425315231,-4.082537994468E-24,
    -0.696635426221));
#15640 = ADVANCED_FACE('',(#15641),#15658,.T.);
#15641 = FACE_BOUND('',#15642,.T.);
#15642 = EDGE_LOOP('',(#15643,#15644,#15652));
#15643 = ORIENTED_EDGE('',*,*,#15630,.F.);
#15644 = ORIENTED_EDGE('',*,*,#15645,.T.);
#15645 = EDGE_CURVE('',#11320,#15646,#15648,.T.);
#15646 = VERTEX_POINT('',#15647);
#15647 = CARTESIAN_POINT('',(1.461538434029,1.,1.909040570259));
#15648 = LINE('',#15649,#15650);
#15649 = CARTESIAN_POINT('',(1.461538434029,0.75,1.909040570259));
#15650 = VECTOR('',#15651,1.);
#15651 = DIRECTION('',(0.,1.,0.));
#15652 = ORIENTED_EDGE('',*,*,#15653,.T.);
#15653 = EDGE_CURVE('',#15646,#15622,#15654,.T.);
#15654 = LINE('',#15655,#15656);
#15655 = CARTESIAN_POINT('',(1.461538434029,1.,1.909040570259));
#15656 = VECTOR('',#15657,1.);
#15657 = DIRECTION('',(-0.577715338803,-0.592918626999,0.560974588613));
#15658 = PLANE('',#15659);
#15659 = AXIS2_PLACEMENT_3D('',#15660,#15661,#15662);
#15660 = CARTESIAN_POINT('',(1.423308351912,0.875,1.94616283991));
#15661 = DIRECTION('',(0.696635782403,0.,0.71742496937));
#15662 = DIRECTION('',(0.71742496937,0.,-0.696635782403));
#15663 = ADVANCED_FACE('',(#15664),#15679,.T.);
#15664 = FACE_BOUND('',#15665,.T.);
#15665 = EDGE_LOOP('',(#15666,#15667,#15673));
#15666 = ORIENTED_EDGE('',*,*,#15653,.F.);
#15667 = ORIENTED_EDGE('',*,*,#15668,.T.);
#15668 = EDGE_CURVE('',#15646,#15419,#15669,.T.);
#15669 = LINE('',#15670,#15671);
#15670 = CARTESIAN_POINT('',(1.461538434029,1.,1.909040570259));
#15671 = VECTOR('',#15672,1.);
#15672 = DIRECTION('',(-0.717425315231,0.,0.696635426221));
#15673 = ORIENTED_EDGE('',*,*,#15674,.T.);
#15674 = EDGE_CURVE('',#15419,#15622,#15675,.T.);
#15675 = LINE('',#15676,#15677);
#15676 = CARTESIAN_POINT('',(1.217948675156,1.,2.145571470261));
#15677 = VECTOR('',#15678,1.);
#15678 = DIRECTION('',(0.577715898785,-0.592918621387,-0.560974017851));
#15679 = PLANE('',#15680);
#15680 = AXIS2_PLACEMENT_3D('',#15681,#15682,#15683);
#15681 = CARTESIAN_POINT('',(1.339743570941,0.965378993881,
    2.027306036923));
#15682 = DIRECTION('',(0.696635426221,6.742767054897E-07,0.717425315231)
  );
#15683 = DIRECTION('',(0.717425315231,3.653110721499E-23,-0.696635426221
    ));
#15684 = ADVANCED_FACE('',(#15685),#15690,.T.);
#15685 = FACE_BOUND('',#15686,.T.);
#15686 = EDGE_LOOP('',(#15687,#15688,#15689));
#15687 = ORIENTED_EDGE('',*,*,#15674,.F.);
#15688 = ORIENTED_EDGE('',*,*,#15418,.F.);
#15689 = ORIENTED_EDGE('',*,*,#15621,.F.);
#15690 = PLANE('',#15691);
#15691 = AXIS2_PLACEMENT_3D('',#15692,#15693,#15694);
#15692 = CARTESIAN_POINT('',(1.256178794826,0.875,2.108449237898));
#15693 = DIRECTION('',(0.696635070038,0.,0.717425661092));
#15694 = DIRECTION('',(0.717425661092,0.,-0.696635070038));
#15695 = ADVANCED_FACE('',(#15696),#15713,.T.);
#15696 = FACE_BOUND('',#15697,.T.);
#15697 = EDGE_LOOP('',(#15698,#15706,#15707));
#15698 = ORIENTED_EDGE('',*,*,#15699,.T.);
#15699 = EDGE_CURVE('',#15700,#15568,#15702,.T.);
#15700 = VERTEX_POINT('',#15701);
#15701 = CARTESIAN_POINT('',(1.339743614197,1.,1.527305960655));
#15702 = LINE('',#15703,#15704);
#15703 = CARTESIAN_POINT('',(1.339743614197,1.,1.527305960655));
#15704 = VECTOR('',#15705,1.);
#15705 = DIRECTION('',(0.193279828236,0.,-0.981143673473));
#15706 = ORIENTED_EDGE('',*,*,#15567,.F.);
#15707 = ORIENTED_EDGE('',*,*,#15708,.T.);
#15708 = EDGE_CURVE('',#15341,#15700,#15709,.T.);
#15709 = LINE('',#15710,#15711);
#15710 = CARTESIAN_POINT('',(1.217948675156,1.,1.145571351051));
#15711 = VECTOR('',#15712,1.);
#15712 = DIRECTION('',(0.303960319983,0.,0.95268469279));
#15713 = PLANE('',#15714);
#15714 = AXIS2_PLACEMENT_3D('',#15715,#15716,#15717);
#15715 = CARTESIAN_POINT('',(1.349940181266,1.,1.205463185018));
#15716 = DIRECTION('',(0.,1.,0.));
#15717 = DIRECTION('',(0.,-0.,1.));
#15718 = ADVANCED_FACE('',(#15719),#15729,.T.);
#15719 = FACE_BOUND('',#15720,.T.);
#15720 = EDGE_LOOP('',(#15721,#15722,#15723));
#15721 = ORIENTED_EDGE('',*,*,#15708,.F.);
#15722 = ORIENTED_EDGE('',*,*,#15528,.F.);
#15723 = ORIENTED_EDGE('',*,*,#15724,.T.);
#15724 = EDGE_CURVE('',#15419,#15700,#15725,.T.);
#15725 = LINE('',#15726,#15727);
#15726 = CARTESIAN_POINT('',(1.217948675156,1.,2.145571470261));
#15727 = VECTOR('',#15728,1.);
#15728 = DIRECTION('',(0.193279956534,0.,-0.981143648199));
#15729 = PLANE('',#15730);
#15730 = AXIS2_PLACEMENT_3D('',#15731,#15732,#15733);
#15731 = CARTESIAN_POINT('',(1.248859817422,1.,1.643802248219));
#15732 = DIRECTION('',(0.,1.,0.));
#15733 = DIRECTION('',(0.,-0.,1.));
#15734 = ADVANCED_FACE('',(#15735),#15745,.T.);
#15735 = FACE_BOUND('',#15736,.T.);
#15736 = EDGE_LOOP('',(#15737,#15738,#15739));
#15737 = ORIENTED_EDGE('',*,*,#15724,.F.);
#15738 = ORIENTED_EDGE('',*,*,#15668,.F.);
#15739 = ORIENTED_EDGE('',*,*,#15740,.T.);
#15740 = EDGE_CURVE('',#15646,#15700,#15741,.T.);
#15741 = LINE('',#15742,#15743);
#15742 = CARTESIAN_POINT('',(1.461538434029,1.,1.909040570259));
#15743 = VECTOR('',#15744,1.);
#15744 = DIRECTION('',(-0.303960049963,0.,-0.952684778941));
#15745 = PLANE('',#15746);
#15746 = AXIS2_PLACEMENT_3D('',#15747,#15748,#15749);
#15747 = CARTESIAN_POINT('',(1.329546964458,1.,1.849148817374));
#15748 = DIRECTION('',(0.,1.,0.));
#15749 = DIRECTION('',(0.,-0.,1.));
#15750 = ADVANCED_FACE('',(#15751),#15761,.T.);
#15751 = FACE_BOUND('',#15752,.T.);
#15752 = EDGE_LOOP('',(#15753,#15754,#15760));
#15753 = ORIENTED_EDGE('',*,*,#15740,.F.);
#15754 = ORIENTED_EDGE('',*,*,#15755,.T.);
#15755 = EDGE_CURVE('',#15646,#15568,#15756,.T.);
#15756 = LINE('',#15757,#15758);
#15757 = CARTESIAN_POINT('',(1.461538434029,1.,1.909040570259));
#15758 = VECTOR('',#15759,1.);
#15759 = DIRECTION('',(0.,0.,-1.));
#15760 = ORIENTED_EDGE('',*,*,#15699,.F.);
#15761 = PLANE('',#15762);
#15762 = AXIS2_PLACEMENT_3D('',#15763,#15764,#15765);
#15763 = CARTESIAN_POINT('',(1.430627322761,1.,1.410809758357));
#15764 = DIRECTION('',(0.,1.,0.));
#15765 = DIRECTION('',(0.,-0.,1.));
#15766 = ADVANCED_FACE('',(#15767),#15784,.T.);
#15767 = FACE_BOUND('',#15768,.T.);
#15768 = EDGE_LOOP('',(#15769,#15777,#15778));
#15769 = ORIENTED_EDGE('',*,*,#15770,.T.);
#15770 = EDGE_CURVE('',#15771,#11242,#15773,.T.);
#15771 = VERTEX_POINT('',#15772);
#15772 = CARTESIAN_POINT('',(1.58333337307,0.875,0.787556171417));
#15773 = LINE('',#15774,#15775);
#15774 = CARTESIAN_POINT('',(1.58333337307,0.875,0.787556171417));
#15775 = VECTOR('',#15776,1.);
#15776 = DIRECTION('',(-0.572764458251,-0.587836882591,0.571304362692));
#15777 = ORIENTED_EDGE('',*,*,#15590,.F.);
#15778 = ORIENTED_EDGE('',*,*,#15779,.T.);
#15779 = EDGE_CURVE('',#15568,#15771,#15780,.T.);
#15780 = LINE('',#15781,#15782);
#15781 = CARTESIAN_POINT('',(1.461538434029,1.,0.909040629864));
#15782 = VECTOR('',#15783,1.);
#15783 = DIRECTION('',(0.572764458251,-0.587836882591,-0.571304362692));
#15784 = PLANE('',#15785);
#15785 = AXIS2_PLACEMENT_3D('',#15786,#15787,#15788);
#15786 = CARTESIAN_POINT('',(1.499890905991,0.875,0.870785926318));
#15787 = DIRECTION('',(-0.706203774804,-0.,-0.70800863586));
#15788 = DIRECTION('',(-0.70800863586,0.,0.706203774804));
#15789 = ADVANCED_FACE('',(#15790),#15807,.T.);
#15790 = FACE_BOUND('',#15791,.T.);
#15791 = EDGE_LOOP('',(#15792,#15793,#15801));
#15792 = ORIENTED_EDGE('',*,*,#15779,.F.);
#15793 = ORIENTED_EDGE('',*,*,#15794,.T.);
#15794 = EDGE_CURVE('',#15568,#15795,#15797,.T.);
#15795 = VERTEX_POINT('',#15796);
#15796 = CARTESIAN_POINT('',(1.705128192902,1.,0.666071772575));
#15797 = LINE('',#15798,#15799);
#15798 = CARTESIAN_POINT('',(1.461538434029,1.,0.909040629864));
#15799 = VECTOR('',#15800,1.);
#15800 = DIRECTION('',(0.70800854968,0.,-0.706203861205));
#15801 = ORIENTED_EDGE('',*,*,#15802,.T.);
#15802 = EDGE_CURVE('',#15795,#15771,#15803,.T.);
#15803 = LINE('',#15804,#15805);
#15804 = CARTESIAN_POINT('',(1.705128192902,1.,0.666071772575));
#15805 = VECTOR('',#15806,1.);
#15806 = DIRECTION('',(-0.572764173278,-0.587837165477,0.571304357319));
#15807 = PLANE('',#15808);
#15808 = AXIS2_PLACEMENT_3D('',#15809,#15810,#15811);
#15809 = CARTESIAN_POINT('',(1.58333332184,0.965450131285,0.787556201062
    ));
#15810 = DIRECTION('',(-0.706203861205,-1.679418498867E-07,
    -0.70800854968));
#15811 = DIRECTION('',(-0.70800854968,2.626687869051E-24,0.706203861205)
  );
#15812 = ADVANCED_FACE('',(#15813),#15828,.T.);
#15813 = FACE_BOUND('',#15814,.T.);
#15814 = EDGE_LOOP('',(#15815,#15816,#15822));
#15815 = ORIENTED_EDGE('',*,*,#15802,.F.);
#15816 = ORIENTED_EDGE('',*,*,#15817,.T.);
#15817 = EDGE_CURVE('',#15795,#11398,#15818,.T.);
#15818 = LINE('',#15819,#15820);
#15819 = CARTESIAN_POINT('',(1.705128192902,1.,0.666071772575));
#15820 = VECTOR('',#15821,1.);
#15821 = DIRECTION('',(0.,-1.,0.));
#15822 = ORIENTED_EDGE('',*,*,#15823,.T.);
#15823 = EDGE_CURVE('',#11398,#15771,#15824,.T.);
#15824 = LINE('',#15825,#15826);
#15825 = CARTESIAN_POINT('',(1.705128192902,0.75,0.666071772575));
#15826 = VECTOR('',#15827,1.);
#15827 = DIRECTION('',(-0.572764173278,0.587837165477,0.571304357319));
#15828 = PLANE('',#15829);
#15829 = AXIS2_PLACEMENT_3D('',#15830,#15831,#15832);
#15830 = CARTESIAN_POINT('',(1.66677576531,0.875,0.704326450537));
#15831 = DIRECTION('',(-0.706203947605,-0.,-0.708008463499));
#15832 = DIRECTION('',(-0.708008463499,0.,0.706203947605));
#15833 = ADVANCED_FACE('',(#15834),#15839,.T.);
#15834 = FACE_BOUND('',#15835,.T.);
#15835 = EDGE_LOOP('',(#15836,#15837,#15838));
#15836 = ORIENTED_EDGE('',*,*,#15823,.F.);
#15837 = ORIENTED_EDGE('',*,*,#11397,.F.);
#15838 = ORIENTED_EDGE('',*,*,#15770,.F.);
#15839 = PLANE('',#15840);
#15840 = AXIS2_PLACEMENT_3D('',#15841,#15842,#15843);
#15841 = CARTESIAN_POINT('',(1.58333332184,0.784549868715,0.787556201062
    ));
#15842 = DIRECTION('',(-0.706203861205,1.67941849868E-07,-0.70800854968)
  );
#15843 = DIRECTION('',(-0.70800854968,4.404007928415E-24,0.706203861205)
  );
#15844 = ADVANCED_FACE('',(#15845),#15862,.T.);
#15845 = FACE_BOUND('',#15846,.T.);
#15846 = EDGE_LOOP('',(#15847,#15855,#15856));
#15847 = ORIENTED_EDGE('',*,*,#15848,.T.);
#15848 = EDGE_CURVE('',#15849,#11320,#15851,.T.);
#15849 = VERTEX_POINT('',#15850);
#15850 = CARTESIAN_POINT('',(1.58333337307,0.875,1.787556171417));
#15851 = LINE('',#15852,#15853);
#15852 = CARTESIAN_POINT('',(1.58333337307,0.875,1.787556171417));
#15853 = VECTOR('',#15854,1.);
#15854 = DIRECTION('',(-0.572764549972,-0.587836976726,0.571304173877));
#15855 = ORIENTED_EDGE('',*,*,#11498,.F.);
#15856 = ORIENTED_EDGE('',*,*,#15857,.T.);
#15857 = EDGE_CURVE('',#11476,#15849,#15858,.T.);
#15858 = LINE('',#15859,#15860);
#15859 = CARTESIAN_POINT('',(1.705128192902,0.75,1.666071772575));
#15860 = VECTOR('',#15861,1.);
#15861 = DIRECTION('',(-0.572764173278,0.587837165477,0.571304357319));
#15862 = PLANE('',#15863);
#15863 = AXIS2_PLACEMENT_3D('',#15864,#15865,#15866);
#15864 = CARTESIAN_POINT('',(1.583333324535,0.784549869368,
    1.787556176808));
#15865 = DIRECTION('',(0.706203774361,-3.367442008854E-07,0.708008636302
    ));
#15866 = DIRECTION('',(0.708008636302,9.170734468422E-24,-0.706203774361
    ));
#15867 = ADVANCED_FACE('',(#15868),#15885,.T.);
#15868 = FACE_BOUND('',#15869,.T.);
#15869 = EDGE_LOOP('',(#15870,#15871,#15879));
#15870 = ORIENTED_EDGE('',*,*,#15857,.F.);
#15871 = ORIENTED_EDGE('',*,*,#15872,.T.);
#15872 = EDGE_CURVE('',#11476,#15873,#15875,.T.);
#15873 = VERTEX_POINT('',#15874);
#15874 = CARTESIAN_POINT('',(1.705128192902,1.,1.666071772575));
#15875 = LINE('',#15876,#15877);
#15876 = CARTESIAN_POINT('',(1.705128192902,0.75,1.666071772575));
#15877 = VECTOR('',#15878,1.);
#15878 = DIRECTION('',(0.,1.,0.));
#15879 = ORIENTED_EDGE('',*,*,#15880,.T.);
#15880 = EDGE_CURVE('',#15873,#15849,#15881,.T.);
#15881 = LINE('',#15882,#15883);
#15882 = CARTESIAN_POINT('',(1.705128192902,1.,1.666071772575));
#15883 = VECTOR('',#15884,1.);
#15884 = DIRECTION('',(-0.572764173278,-0.587837165477,0.571304357319));
#15885 = PLANE('',#15886);
#15886 = AXIS2_PLACEMENT_3D('',#15887,#15888,#15889);
#15887 = CARTESIAN_POINT('',(1.66677576531,0.875,1.704326450537));
#15888 = DIRECTION('',(0.706203947605,0.,0.708008463499));
#15889 = DIRECTION('',(0.708008463499,0.,-0.706203947605));
#15890 = ADVANCED_FACE('',(#15891),#15906,.T.);
#15891 = FACE_BOUND('',#15892,.T.);
#15892 = EDGE_LOOP('',(#15893,#15894,#15900));
#15893 = ORIENTED_EDGE('',*,*,#15880,.F.);
#15894 = ORIENTED_EDGE('',*,*,#15895,.T.);
#15895 = EDGE_CURVE('',#15873,#15646,#15896,.T.);
#15896 = LINE('',#15897,#15898);
#15897 = CARTESIAN_POINT('',(1.705128192902,1.,1.666071772575));
#15898 = VECTOR('',#15899,1.);
#15899 = DIRECTION('',(-0.708008636302,0.,0.706203774361));
#15900 = ORIENTED_EDGE('',*,*,#15901,.T.);
#15901 = EDGE_CURVE('',#15646,#15849,#15902,.T.);
#15902 = LINE('',#15903,#15904);
#15903 = CARTESIAN_POINT('',(1.461538434029,1.,1.909040570259));
#15904 = VECTOR('',#15905,1.);
#15905 = DIRECTION('',(0.572764549972,-0.587836976726,-0.571304173877));
#15906 = PLANE('',#15907);
#15907 = AXIS2_PLACEMENT_3D('',#15908,#15909,#15910);
#15908 = CARTESIAN_POINT('',(1.583333324535,0.965450130632,
    1.787556176808));
#15909 = DIRECTION('',(0.706203774361,3.367442009082E-07,0.708008636302)
  );
#15910 = DIRECTION('',(0.708008636302,1.040774910652E-23,-0.706203774361
    ));
#15911 = ADVANCED_FACE('',(#15912),#15917,.T.);
#15912 = FACE_BOUND('',#15913,.T.);
#15913 = EDGE_LOOP('',(#15914,#15915,#15916));
#15914 = ORIENTED_EDGE('',*,*,#15901,.F.);
#15915 = ORIENTED_EDGE('',*,*,#15645,.F.);
#15916 = ORIENTED_EDGE('',*,*,#15848,.F.);
#15917 = PLANE('',#15918);
#15918 = AXIS2_PLACEMENT_3D('',#15919,#15920,#15921);
#15919 = CARTESIAN_POINT('',(1.499890903717,0.875,1.87078588775));
#15920 = DIRECTION('',(0.706203601117,0.,0.708008809104));
#15921 = DIRECTION('',(0.708008809104,0.,-0.706203601117));
#15922 = ADVANCED_FACE('',(#15923),#15940,.T.);
#15923 = FACE_BOUND('',#15924,.T.);
#15924 = EDGE_LOOP('',(#15925,#15933,#15934));
#15925 = ORIENTED_EDGE('',*,*,#15926,.T.);
#15926 = EDGE_CURVE('',#15927,#15795,#15929,.T.);
#15927 = VERTEX_POINT('',#15928);
#15928 = CARTESIAN_POINT('',(1.58333337307,1.,1.287556171417));
#15929 = LINE('',#15930,#15931);
#15930 = CARTESIAN_POINT('',(1.58333337307,1.,1.287556171417));
#15931 = VECTOR('',#15932,1.);
#15932 = DIRECTION('',(0.192315827136,0.,-0.981333084448));
#15933 = ORIENTED_EDGE('',*,*,#15794,.F.);
#15934 = ORIENTED_EDGE('',*,*,#15935,.T.);
#15935 = EDGE_CURVE('',#15568,#15927,#15936,.T.);
#15936 = LINE('',#15937,#15938);
#15937 = CARTESIAN_POINT('',(1.461538434029,1.,0.909040629864));
#15938 = VECTOR('',#15939,1.);
#15939 = DIRECTION('',(0.306303732599,0.,0.951933833518));
#15940 = PLANE('',#15941);
#15941 = AXIS2_PLACEMENT_3D('',#15942,#15943,#15944);
#15942 = CARTESIAN_POINT('',(1.593771427855,1.,0.964589555359));
#15943 = DIRECTION('',(0.,1.,0.));
#15944 = DIRECTION('',(0.,-0.,1.));
#15945 = ADVANCED_FACE('',(#15946),#15956,.T.);
#15946 = FACE_BOUND('',#15947,.T.);
#15947 = EDGE_LOOP('',(#15948,#15949,#15950));
#15948 = ORIENTED_EDGE('',*,*,#15935,.F.);
#15949 = ORIENTED_EDGE('',*,*,#15755,.F.);
#15950 = ORIENTED_EDGE('',*,*,#15951,.T.);
#15951 = EDGE_CURVE('',#15646,#15927,#15952,.T.);
#15952 = LINE('',#15953,#15954);
#15953 = CARTESIAN_POINT('',(1.461538434029,1.,1.909040570259));
#15954 = VECTOR('',#15955,1.);
#15955 = DIRECTION('',(0.192316008407,0.,-0.981333048924));
#15956 = PLANE('',#15957);
#15957 = AXIS2_PLACEMENT_3D('',#15958,#15959,#15960);
#15958 = CARTESIAN_POINT('',(1.492450951336,1.,1.407217961124));
#15959 = DIRECTION('',(0.,1.,0.));
#15960 = DIRECTION('',(0.,-0.,1.));
#15961 = ADVANCED_FACE('',(#15962),#15972,.T.);
#15962 = FACE_BOUND('',#15963,.T.);
#15963 = EDGE_LOOP('',(#15964,#15965,#15966));
#15964 = ORIENTED_EDGE('',*,*,#15951,.F.);
#15965 = ORIENTED_EDGE('',*,*,#15895,.F.);
#15966 = ORIENTED_EDGE('',*,*,#15967,.T.);
#15967 = EDGE_CURVE('',#15873,#15927,#15968,.T.);
#15968 = LINE('',#15969,#15970);
#15969 = CARTESIAN_POINT('',(1.705128192902,1.,1.666071772575));
#15970 = VECTOR('',#15971,1.);
#15971 = DIRECTION('',(-0.306303417218,0.,-0.951933934998));
#15972 = PLANE('',#15973);
#15973 = AXIS2_PLACEMENT_3D('',#15974,#15975,#15976);
#15974 = CARTESIAN_POINT('',(1.572895243654,1.,1.610522795961));
#15975 = DIRECTION('',(0.,1.,0.));
#15976 = DIRECTION('',(0.,-0.,1.));
#15977 = ADVANCED_FACE('',(#15978),#15988,.T.);
#15978 = FACE_BOUND('',#15979,.T.);
#15979 = EDGE_LOOP('',(#15980,#15981,#15987));
#15980 = ORIENTED_EDGE('',*,*,#15967,.F.);
#15981 = ORIENTED_EDGE('',*,*,#15982,.T.);
#15982 = EDGE_CURVE('',#15873,#15795,#15983,.T.);
#15983 = LINE('',#15984,#15985);
#15984 = CARTESIAN_POINT('',(1.705128192902,1.,1.666071772575));
#15985 = VECTOR('',#15986,1.);
#15986 = DIRECTION('',(0.,0.,-1.));
#15987 = ORIENTED_EDGE('',*,*,#15926,.F.);
#15988 = PLANE('',#15989);
#15989 = AXIS2_PLACEMENT_3D('',#15990,#15991,#15992);
#15990 = CARTESIAN_POINT('',(1.674215706798,1.,1.1678944074));
#15991 = DIRECTION('',(0.,1.,0.));
#15992 = DIRECTION('',(0.,-0.,1.));
#15993 = ADVANCED_FACE('',(#15994),#16011,.T.);
#15994 = FACE_BOUND('',#15995,.T.);
#15995 = EDGE_LOOP('',(#15996,#16004,#16005));
#15996 = ORIENTED_EDGE('',*,*,#15997,.T.);
#15997 = EDGE_CURVE('',#15998,#11398,#16000,.T.);
#15998 = VERTEX_POINT('',#15999);
#15999 = CARTESIAN_POINT('',(1.826923131943,0.875,0.548541128635));
#16000 = LINE('',#16001,#16002);
#16001 = CARTESIAN_POINT('',(1.826923131943,0.875,0.548541128635));
#16002 = VECTOR('',#16003,1.);
#16003 = DIRECTION('',(-0.57884517561,-0.594077615383,0.55857859749));
#16004 = ORIENTED_EDGE('',*,*,#15817,.F.);
#16005 = ORIENTED_EDGE('',*,*,#16006,.T.);
#16006 = EDGE_CURVE('',#15795,#15998,#16007,.T.);
#16007 = LINE('',#16008,#16009);
#16008 = CARTESIAN_POINT('',(1.705128192902,1.,0.666071772575));
#16009 = VECTOR('',#16010,1.);
#16010 = DIRECTION('',(0.57884517561,-0.594077615383,-0.55857859749));
#16011 = PLANE('',#16012);
#16012 = AXIS2_PLACEMENT_3D('',#16013,#16014,#16015);
#16013 = CARTESIAN_POINT('',(1.743330516887,0.875,0.629206991712));
#16014 = DIRECTION('',(-0.69439735674,-0.,-0.719591766873));
#16015 = DIRECTION('',(-0.719591766873,0.,0.69439735674));
#16016 = ADVANCED_FACE('',(#16017),#16034,.T.);
#16017 = FACE_BOUND('',#16018,.T.);
#16018 = EDGE_LOOP('',(#16019,#16020,#16028));
#16019 = ORIENTED_EDGE('',*,*,#16006,.F.);
#16020 = ORIENTED_EDGE('',*,*,#16021,.T.);
#16021 = EDGE_CURVE('',#15795,#16022,#16024,.T.);
#16022 = VERTEX_POINT('',#16023);
#16023 = CARTESIAN_POINT('',(1.948717951775,1.,0.431010454893));
#16024 = LINE('',#16025,#16026);
#16025 = CARTESIAN_POINT('',(1.705128192902,1.,0.666071772575));
#16026 = VECTOR('',#16027,1.);
#16027 = DIRECTION('',(0.719591553075,0.,-0.694397578295));
#16028 = ORIENTED_EDGE('',*,*,#16029,.T.);
#16029 = EDGE_CURVE('',#16022,#15998,#16030,.T.);
#16030 = LINE('',#16031,#16032);
#16031 = CARTESIAN_POINT('',(1.948717951775,1.,0.431010454893));
#16032 = VECTOR('',#16033,1.);
#16033 = DIRECTION('',(-0.578844753088,-0.594077763208,0.558578878121));
#16034 = PLANE('',#16035);
#16035 = AXIS2_PLACEMENT_3D('',#16036,#16037,#16038);
#16036 = CARTESIAN_POINT('',(1.826923084656,0.965362594579,
    0.548541121915));
#16037 = DIRECTION('',(-0.694397578295,-4.168965656745E-07,
    -0.719591553075));
#16038 = DIRECTION('',(-0.719591553075,-5.363331456689E-23,
    0.694397578295));
#16039 = ADVANCED_FACE('',(#16040),#16055,.T.);
#16040 = FACE_BOUND('',#16041,.T.);
#16041 = EDGE_LOOP('',(#16042,#16043,#16049));
#16042 = ORIENTED_EDGE('',*,*,#16029,.F.);
#16043 = ORIENTED_EDGE('',*,*,#16044,.T.);
#16044 = EDGE_CURVE('',#16022,#11554,#16045,.T.);
#16045 = LINE('',#16046,#16047);
#16046 = CARTESIAN_POINT('',(1.948717951775,1.,0.431010454893));
#16047 = VECTOR('',#16048,1.);
#16048 = DIRECTION('',(0.,-1.,0.));
#16049 = ORIENTED_EDGE('',*,*,#16050,.T.);
#16050 = EDGE_CURVE('',#11554,#15998,#16051,.T.);
#16051 = LINE('',#16052,#16053);
#16052 = CARTESIAN_POINT('',(1.948717951775,0.75,0.431010454893));
#16053 = VECTOR('',#16054,1.);
#16054 = DIRECTION('',(-0.578844753088,0.594077763208,0.558578878121));
#16055 = PLANE('',#16056);
#16056 = AXIS2_PLACEMENT_3D('',#16057,#16058,#16059);
#16057 = CARTESIAN_POINT('',(1.910515668723,0.875,0.467875241685));
#16058 = DIRECTION('',(-0.69439779985,-0.,-0.719591339277));
#16059 = DIRECTION('',(-0.719591339277,0.,0.69439779985));
#16060 = ADVANCED_FACE('',(#16061),#16066,.T.);
#16061 = FACE_BOUND('',#16062,.T.);
#16062 = EDGE_LOOP('',(#16063,#16064,#16065));
#16063 = ORIENTED_EDGE('',*,*,#16050,.F.);
#16064 = ORIENTED_EDGE('',*,*,#11553,.F.);
#16065 = ORIENTED_EDGE('',*,*,#15997,.F.);
#16066 = PLANE('',#16067);
#16067 = AXIS2_PLACEMENT_3D('',#16068,#16069,#16070);
#16068 = CARTESIAN_POINT('',(1.826923084656,0.784637405421,
    0.548541121915));
#16069 = DIRECTION('',(-0.694397578295,4.16896565719E-07,-0.719591553075
    ));
#16070 = DIRECTION('',(-0.719591553075,2.352158972804E-23,0.694397578295
    ));
#16071 = ADVANCED_FACE('',(#16072),#16089,.T.);
#16072 = FACE_BOUND('',#16073,.T.);
#16073 = EDGE_LOOP('',(#16074,#16082,#16083));
#16074 = ORIENTED_EDGE('',*,*,#16075,.T.);
#16075 = EDGE_CURVE('',#16076,#11476,#16078,.T.);
#16076 = VERTEX_POINT('',#16077);
#16077 = CARTESIAN_POINT('',(1.826923131943,0.875,1.548541069031));
#16078 = LINE('',#16079,#16080);
#16079 = CARTESIAN_POINT('',(1.826923131943,0.875,1.548541069031));
#16080 = VECTOR('',#16081,1.);
#16081 = DIRECTION('',(-0.578845084018,-0.59407752138,0.558578792383));
#16082 = ORIENTED_EDGE('',*,*,#11654,.F.);
#16083 = ORIENTED_EDGE('',*,*,#16084,.T.);
#16084 = EDGE_CURVE('',#11632,#16076,#16085,.T.);
#16085 = LINE('',#16086,#16087);
#16086 = CARTESIAN_POINT('',(1.948717951775,0.75,1.431010484695));
#16087 = VECTOR('',#16088,1.);
#16088 = DIRECTION('',(-0.578844890477,0.594077904213,0.558578585782));
#16089 = PLANE('',#16090);
#16090 = AXIS2_PLACEMENT_3D('',#16091,#16092,#16093);
#16091 = CARTESIAN_POINT('',(1.82692307798,0.784637405754,1.548541122613
    ));
#16092 = DIRECTION('',(0.694397532707,1.201346602257E-08,0.719591597067)
  );
#16093 = DIRECTION('',(0.719591597067,-7.391632300911E-26,
    -0.694397532707));
#16094 = ADVANCED_FACE('',(#16095),#16112,.T.);
#16095 = FACE_BOUND('',#16096,.T.);
#16096 = EDGE_LOOP('',(#16097,#16098,#16106));
#16097 = ORIENTED_EDGE('',*,*,#16084,.F.);
#16098 = ORIENTED_EDGE('',*,*,#16099,.T.);
#16099 = EDGE_CURVE('',#11632,#16100,#16102,.T.);
#16100 = VERTEX_POINT('',#16101);
#16101 = CARTESIAN_POINT('',(1.948717951775,1.,1.431010484695));
#16102 = LINE('',#16103,#16104);
#16103 = CARTESIAN_POINT('',(1.948717951775,0.75,1.431010484695));
#16104 = VECTOR('',#16105,1.);
#16105 = DIRECTION('',(0.,1.,0.));
#16106 = ORIENTED_EDGE('',*,*,#16107,.T.);
#16107 = EDGE_CURVE('',#16100,#16076,#16108,.T.);
#16108 = LINE('',#16109,#16110);
#16109 = CARTESIAN_POINT('',(1.948717951775,1.,1.431010484695));
#16110 = VECTOR('',#16111,1.);
#16111 = DIRECTION('',(-0.578844890477,-0.594077904213,0.558578585782));
#16112 = PLANE('',#16113);
#16113 = AXIS2_PLACEMENT_3D('',#16114,#16115,#16116);
#16114 = CARTESIAN_POINT('',(1.910515672102,0.875,1.467875240183));
#16115 = DIRECTION('',(0.694397526323,0.,0.719591603228));
#16116 = DIRECTION('',(0.719591603228,0.,-0.694397526323));
#16117 = ADVANCED_FACE('',(#16118),#16133,.T.);
#16118 = FACE_BOUND('',#16119,.T.);
#16119 = EDGE_LOOP('',(#16120,#16121,#16127));
#16120 = ORIENTED_EDGE('',*,*,#16107,.F.);
#16121 = ORIENTED_EDGE('',*,*,#16122,.T.);
#16122 = EDGE_CURVE('',#16100,#15873,#16123,.T.);
#16123 = LINE('',#16124,#16125);
#16124 = CARTESIAN_POINT('',(1.948717951775,1.,1.431010484695));
#16125 = VECTOR('',#16126,1.);
#16126 = DIRECTION('',(-0.719591597067,0.,0.694397532707));
#16127 = ORIENTED_EDGE('',*,*,#16128,.T.);
#16128 = EDGE_CURVE('',#15873,#16076,#16129,.T.);
#16129 = LINE('',#16130,#16131);
#16130 = CARTESIAN_POINT('',(1.705128192902,1.,1.666071772575));
#16131 = VECTOR('',#16132,1.);
#16132 = DIRECTION('',(0.578845084018,-0.59407752138,-0.558578792383));
#16133 = PLANE('',#16134);
#16134 = AXIS2_PLACEMENT_3D('',#16135,#16136,#16137);
#16135 = CARTESIAN_POINT('',(1.82692307798,0.965362594246,1.548541122613
    ));
#16136 = DIRECTION('',(0.694397532707,-1.201346608799E-08,0.719591597067
    ));
#16137 = DIRECTION('',(0.719591597067,-3.861691055156E-25,
    -0.694397532707));
#16138 = ADVANCED_FACE('',(#16139),#16144,.T.);
#16139 = FACE_BOUND('',#16140,.T.);
#16140 = EDGE_LOOP('',(#16141,#16142,#16143));
#16141 = ORIENTED_EDGE('',*,*,#16128,.F.);
#16142 = ORIENTED_EDGE('',*,*,#15872,.F.);
#16143 = ORIENTED_EDGE('',*,*,#16075,.F.);
#16144 = PLANE('',#16145);
#16145 = AXIS2_PLACEMENT_3D('',#16146,#16147,#16148);
#16146 = CARTESIAN_POINT('',(1.74333051914,0.875,1.629206970843));
#16147 = DIRECTION('',(0.694397539092,0.,0.719591590906));
#16148 = DIRECTION('',(0.719591590906,0.,-0.694397539092));
#16149 = ADVANCED_FACE('',(#16150),#16167,.T.);
#16150 = FACE_BOUND('',#16151,.T.);
#16151 = EDGE_LOOP('',(#16152,#16160,#16161));
#16152 = ORIENTED_EDGE('',*,*,#16153,.T.);
#16153 = EDGE_CURVE('',#16154,#16022,#16156,.T.);
#16154 = VERTEX_POINT('',#16155);
#16155 = CARTESIAN_POINT('',(1.826923131943,1.,1.048541069031));
#16156 = LINE('',#16157,#16158);
#16157 = CARTESIAN_POINT('',(1.826923131943,1.,1.048541069031));
#16158 = VECTOR('',#16159,1.);
#16159 = DIRECTION('',(0.193501180605,0.,-0.981100042353));
#16160 = ORIENTED_EDGE('',*,*,#16021,.F.);
#16161 = ORIENTED_EDGE('',*,*,#16162,.T.);
#16162 = EDGE_CURVE('',#15795,#16154,#16163,.T.);
#16163 = LINE('',#16164,#16165);
#16164 = CARTESIAN_POINT('',(1.705128192902,1.,0.666071772575));
#16165 = VECTOR('',#16166,1.);
#16166 = DIRECTION('',(0.303430245964,0.,0.952853653944));
#16167 = PLANE('',#16168);
#16168 = AXIS2_PLACEMENT_3D('',#16169,#16170,#16171);
#16169 = CARTESIAN_POINT('',(1.837064276699,1.,0.726952706657));
#16170 = DIRECTION('',(0.,1.,0.));
#16171 = DIRECTION('',(0.,-0.,1.));
#16172 = ADVANCED_FACE('',(#16173),#16183,.T.);
#16173 = FACE_BOUND('',#16174,.T.);
#16174 = EDGE_LOOP('',(#16175,#16176,#16177));
#16175 = ORIENTED_EDGE('',*,*,#16162,.F.);
#16176 = ORIENTED_EDGE('',*,*,#15982,.F.);
#16177 = ORIENTED_EDGE('',*,*,#16178,.T.);
#16178 = EDGE_CURVE('',#15873,#16154,#16179,.T.);
#16179 = LINE('',#16180,#16181);
#16180 = CARTESIAN_POINT('',(1.705128192902,1.,1.666071772575));
#16181 = VECTOR('',#16182,1.);
#16182 = DIRECTION('',(0.193501335941,0.,-0.981100011716));
#16183 = PLANE('',#16184);
#16184 = AXIS2_PLACEMENT_3D('',#16185,#16186,#16187);
#16185 = CARTESIAN_POINT('',(1.736039027683,1.,1.164314753038));
#16186 = DIRECTION('',(0.,1.,0.));
#16187 = DIRECTION('',(0.,-0.,1.));
#16188 = ADVANCED_FACE('',(#16189),#16199,.T.);
#16189 = FACE_BOUND('',#16190,.T.);
#16190 = EDGE_LOOP('',(#16191,#16192,#16193));
#16191 = ORIENTED_EDGE('',*,*,#16178,.F.);
#16192 = ORIENTED_EDGE('',*,*,#16122,.F.);
#16193 = ORIENTED_EDGE('',*,*,#16194,.T.);
#16194 = EDGE_CURVE('',#16100,#16154,#16195,.T.);
#16195 = LINE('',#16196,#16197);
#16196 = CARTESIAN_POINT('',(1.948717951775,1.,1.431010484695));
#16197 = VECTOR('',#16198,1.);
#16198 = DIRECTION('',(-0.303429890453,0.,-0.952853767154));
#16199 = PLANE('',#16200);
#16200 = AXIS2_PLACEMENT_3D('',#16201,#16202,#16203);
#16201 = CARTESIAN_POINT('',(1.816781912603,1.,1.370129484108));
#16202 = DIRECTION('',(0.,1.,0.));
#16203 = DIRECTION('',(0.,-0.,1.));
#16204 = ADVANCED_FACE('',(#16205),#16215,.T.);
#16205 = FACE_BOUND('',#16206,.T.);
#16206 = EDGE_LOOP('',(#16207,#16208,#16214));
#16207 = ORIENTED_EDGE('',*,*,#16194,.F.);
#16208 = ORIENTED_EDGE('',*,*,#16209,.T.);
#16209 = EDGE_CURVE('',#16100,#16022,#16210,.T.);
#16210 = LINE('',#16211,#16212);
#16211 = CARTESIAN_POINT('',(1.948717951775,1.,1.431010484695));
#16212 = VECTOR('',#16213,1.);
#16213 = DIRECTION('',(0.,0.,-1.));
#16214 = ORIENTED_EDGE('',*,*,#16153,.F.);
#16215 = PLANE('',#16216);
#16216 = AXIS2_PLACEMENT_3D('',#16217,#16218,#16219);
#16217 = CARTESIAN_POINT('',(1.917807148194,1.,0.932767484228));
#16218 = DIRECTION('',(0.,1.,0.));
#16219 = DIRECTION('',(0.,-0.,1.));
#16220 = ADVANCED_FACE('',(#16221),#16238,.T.);
#16221 = FACE_BOUND('',#16222,.T.);
#16222 = EDGE_LOOP('',(#16223,#16231,#16232));
#16223 = ORIENTED_EDGE('',*,*,#16224,.T.);
#16224 = EDGE_CURVE('',#16225,#11554,#16227,.T.);
#16225 = VERTEX_POINT('',#16226);
#16226 = CARTESIAN_POINT('',(2.070512771606,0.875,0.324372947216));
#16227 = LINE('',#16228,#16229);
#16228 = CARTESIAN_POINT('',(2.070512771606,0.875,0.324372947216));
#16229 = VECTOR('',#16230,1.);
#16230 = DIRECTION('',(-0.595500460447,-0.611171785949,0.521390688129));
#16231 = ORIENTED_EDGE('',*,*,#16044,.F.);
#16232 = ORIENTED_EDGE('',*,*,#16233,.T.);
#16233 = EDGE_CURVE('',#16022,#16225,#16234,.T.);
#16234 = LINE('',#16235,#16236);
#16235 = CARTESIAN_POINT('',(1.948717951775,1.,0.431010454893));
#16236 = VECTOR('',#16237,1.);
#16237 = DIRECTION('',(0.595500460447,-0.611171785949,-0.521390688129));
#16238 = PLANE('',#16239);
#16239 = AXIS2_PLACEMENT_3D('',#16240,#16241,#16242);
#16240 = CARTESIAN_POINT('',(1.986514920693,0.875,0.397917302255));
#16241 = DIRECTION('',(-0.658739128951,-0.,-0.752371424224));
#16242 = DIRECTION('',(-0.752371424224,0.,0.658739128951));
#16243 = ADVANCED_FACE('',(#16244),#16261,.T.);
#16244 = FACE_BOUND('',#16245,.T.);
#16245 = EDGE_LOOP('',(#16246,#16247,#16255));
#16246 = ORIENTED_EDGE('',*,*,#16233,.F.);
#16247 = ORIENTED_EDGE('',*,*,#16248,.T.);
#16248 = EDGE_CURVE('',#16022,#16249,#16251,.T.);
#16249 = VERTEX_POINT('',#16250);
#16250 = CARTESIAN_POINT('',(2.192307710648,1.,0.217735439539));
#16251 = LINE('',#16252,#16253);
#16252 = CARTESIAN_POINT('',(1.948717951775,1.,0.431010454893));
#16253 = VECTOR('',#16254,1.);
#16254 = DIRECTION('',(0.752371584,0.,-0.658738946465));
#16255 = ORIENTED_EDGE('',*,*,#16256,.T.);
#16256 = EDGE_CURVE('',#16249,#16225,#16257,.T.);
#16257 = LINE('',#16258,#16259);
#16258 = CARTESIAN_POINT('',(2.192307710648,1.,0.217735439539));
#16259 = VECTOR('',#16260,1.);
#16260 = DIRECTION('',(-0.595500836612,-0.611171573815,0.521390507158));
#16261 = PLANE('',#16262);
#16262 = AXIS2_PLACEMENT_3D('',#16263,#16264,#16265);
#16263 = CARTESIAN_POINT('',(2.070512820475,0.965112995976,
    0.324372942051));
#16264 = DIRECTION('',(-0.658738946465,3.141112072823E-07,-0.752371584)
  );
#16265 = DIRECTION('',(-0.752371584,3.162477145102E-24,0.658738946465));
#16266 = ADVANCED_FACE('',(#16267),#16282,.T.);
#16267 = FACE_BOUND('',#16268,.T.);
#16268 = EDGE_LOOP('',(#16269,#16270,#16276));
#16269 = ORIENTED_EDGE('',*,*,#16256,.F.);
#16270 = ORIENTED_EDGE('',*,*,#16271,.T.);
#16271 = EDGE_CURVE('',#16249,#11710,#16272,.T.);
#16272 = LINE('',#16273,#16274);
#16273 = CARTESIAN_POINT('',(2.192307710648,1.,0.217735439539));
#16274 = VECTOR('',#16275,1.);
#16275 = DIRECTION('',(0.,-1.,0.));
#16276 = ORIENTED_EDGE('',*,*,#16277,.T.);
#16277 = EDGE_CURVE('',#11710,#16225,#16278,.T.);
#16278 = LINE('',#16279,#16280);
#16279 = CARTESIAN_POINT('',(2.192307710648,0.75,0.217735439539));
#16280 = VECTOR('',#16281,1.);
#16281 = DIRECTION('',(-0.595500836612,0.611171573815,0.521390507158));
#16282 = PLANE('',#16283);
#16283 = AXIS2_PLACEMENT_3D('',#16284,#16285,#16286);
#16284 = CARTESIAN_POINT('',(2.154510699758,0.875,0.250828596534));
#16285 = DIRECTION('',(-0.658738763979,-0.,-0.752371743775));
#16286 = DIRECTION('',(-0.752371743775,0.,0.658738763979));
#16287 = ADVANCED_FACE('',(#16288),#16293,.T.);
#16288 = FACE_BOUND('',#16289,.T.);
#16289 = EDGE_LOOP('',(#16290,#16291,#16292));
#16290 = ORIENTED_EDGE('',*,*,#16277,.F.);
#16291 = ORIENTED_EDGE('',*,*,#11709,.F.);
#16292 = ORIENTED_EDGE('',*,*,#16224,.F.);
#16293 = PLANE('',#16294);
#16294 = AXIS2_PLACEMENT_3D('',#16295,#16296,#16297);
#16295 = CARTESIAN_POINT('',(2.070512820475,0.784887004024,
    0.324372942051));
#16296 = DIRECTION('',(-0.658738946465,-3.14111207281E-07,-0.752371584)
  );
#16297 = DIRECTION('',(-0.752371584,2.643876153366E-25,0.658738946465));
#16298 = ADVANCED_FACE('',(#16299),#16316,.T.);
#16299 = FACE_BOUND('',#16300,.T.);
#16300 = EDGE_LOOP('',(#16301,#16309,#16310));
#16301 = ORIENTED_EDGE('',*,*,#16302,.T.);
#16302 = EDGE_CURVE('',#16303,#11632,#16305,.T.);
#16303 = VERTEX_POINT('',#16304);
#16304 = CARTESIAN_POINT('',(2.070512771606,0.875,1.324372887611));
#16305 = LINE('',#16306,#16307);
#16306 = CARTESIAN_POINT('',(2.070512771606,0.875,1.324372887611));
#16307 = VECTOR('',#16308,1.);
#16308 = DIRECTION('',(-0.595500324719,-0.611171646649,0.521391006436));
#16309 = ORIENTED_EDGE('',*,*,#11810,.F.);
#16310 = ORIENTED_EDGE('',*,*,#16311,.T.);
#16311 = EDGE_CURVE('',#11788,#16303,#16312,.T.);
#16312 = LINE('',#16313,#16314);
#16313 = CARTESIAN_POINT('',(2.192307710648,0.75,1.217735409737));
#16314 = VECTOR('',#16315,1.);
#16315 = DIRECTION('',(-0.595500881855,0.611171620249,0.521390401056));
#16316 = PLANE('',#16317);
#16317 = AXIS2_PLACEMENT_3D('',#16318,#16319,#16320);
#16318 = CARTESIAN_POINT('',(2.07051281531,0.784887003326,1.324372929938
    ));
#16319 = DIRECTION('',(0.658739050677,6.728699414169E-07,0.752371492757)
  );
#16320 = DIRECTION('',(0.752371492757,5.864565038801E-24,-0.658739050677
    ));
#16321 = ADVANCED_FACE('',(#16322),#16339,.T.);
#16322 = FACE_BOUND('',#16323,.T.);
#16323 = EDGE_LOOP('',(#16324,#16325,#16333));
#16324 = ORIENTED_EDGE('',*,*,#16311,.F.);
#16325 = ORIENTED_EDGE('',*,*,#16326,.T.);
#16326 = EDGE_CURVE('',#11788,#16327,#16329,.T.);
#16327 = VERTEX_POINT('',#16328);
#16328 = CARTESIAN_POINT('',(2.192307710648,1.,1.217735409737));
#16329 = LINE('',#16330,#16331);
#16330 = CARTESIAN_POINT('',(2.192307710648,0.75,1.217735409737));
#16331 = VECTOR('',#16332,1.);
#16332 = DIRECTION('',(0.,1.,0.));
#16333 = ORIENTED_EDGE('',*,*,#16334,.T.);
#16334 = EDGE_CURVE('',#16327,#16303,#16335,.T.);
#16335 = LINE('',#16336,#16337);
#16336 = CARTESIAN_POINT('',(2.192307710648,1.,1.217735409737));
#16337 = VECTOR('',#16338,1.);
#16338 = DIRECTION('',(-0.595500881855,-0.611171620249,0.521390401056));
#16339 = PLANE('',#16340);
#16340 = AXIS2_PLACEMENT_3D('',#16341,#16342,#16343);
#16341 = CARTESIAN_POINT('',(2.154510700847,0.875,1.250828556529));
#16342 = DIRECTION('',(0.658738659767,0.,0.752371835018));
#16343 = DIRECTION('',(0.752371835018,0.,-0.658738659767));
#16344 = ADVANCED_FACE('',(#16345),#16360,.T.);
#16345 = FACE_BOUND('',#16346,.T.);
#16346 = EDGE_LOOP('',(#16347,#16348,#16354));
#16347 = ORIENTED_EDGE('',*,*,#16334,.F.);
#16348 = ORIENTED_EDGE('',*,*,#16349,.T.);
#16349 = EDGE_CURVE('',#16327,#16100,#16350,.T.);
#16350 = LINE('',#16351,#16352);
#16351 = CARTESIAN_POINT('',(2.192307710648,1.,1.217735409737));
#16352 = VECTOR('',#16353,1.);
#16353 = DIRECTION('',(-0.752371492757,0.,0.658739050677));
#16354 = ORIENTED_EDGE('',*,*,#16355,.T.);
#16355 = EDGE_CURVE('',#16100,#16303,#16356,.T.);
#16356 = LINE('',#16357,#16358);
#16357 = CARTESIAN_POINT('',(1.948717951775,1.,1.431010484695));
#16358 = VECTOR('',#16359,1.);
#16359 = DIRECTION('',(0.595500324719,-0.611171646649,-0.521391006436));
#16360 = PLANE('',#16361);
#16361 = AXIS2_PLACEMENT_3D('',#16362,#16363,#16364);
#16362 = CARTESIAN_POINT('',(2.07051281531,0.965112996674,1.324372929938
    ));
#16363 = DIRECTION('',(0.658739050677,-6.728699414233E-07,0.752371492757
    ));
#16364 = DIRECTION('',(0.752371492757,-2.848407274961E-23,
    -0.658739050677));
#16365 = ADVANCED_FACE('',(#16366),#16371,.T.);
#16366 = FACE_BOUND('',#16367,.T.);
#16367 = EDGE_LOOP('',(#16368,#16369,#16370));
#16368 = ORIENTED_EDGE('',*,*,#16355,.F.);
#16369 = ORIENTED_EDGE('',*,*,#16099,.F.);
#16370 = ORIENTED_EDGE('',*,*,#16302,.F.);
#16371 = PLANE('',#16372);
#16372 = AXIS2_PLACEMENT_3D('',#16373,#16374,#16375);
#16373 = CARTESIAN_POINT('',(1.986514923961,0.875,1.39791730145));
#16374 = DIRECTION('',(0.658739441587,0.,0.752371150495));
#16375 = DIRECTION('',(0.752371150495,0.,-0.658739441587));
#16376 = ADVANCED_FACE('',(#16377),#16394,.T.);
#16377 = FACE_BOUND('',#16378,.T.);
#16378 = EDGE_LOOP('',(#16379,#16387,#16388));
#16379 = ORIENTED_EDGE('',*,*,#16380,.T.);
#16380 = EDGE_CURVE('',#16381,#16249,#16383,.T.);
#16381 = VERTEX_POINT('',#16382);
#16382 = CARTESIAN_POINT('',(2.070512771606,1.,0.824372947216));
#16383 = LINE('',#16384,#16385);
#16384 = CARTESIAN_POINT('',(2.070512771606,1.,0.824372947216));
#16385 = VECTOR('',#16386,1.);
#16386 = DIRECTION('',(0.196842487991,0.,-0.9804351253));
#16387 = ORIENTED_EDGE('',*,*,#16248,.F.);
#16388 = ORIENTED_EDGE('',*,*,#16389,.T.);
#16389 = EDGE_CURVE('',#16022,#16381,#16390,.T.);
#16390 = LINE('',#16391,#16392);
#16391 = CARTESIAN_POINT('',(1.948717951775,1.,0.431010454893));
#16392 = VECTOR('',#16393,1.);
#16393 = DIRECTION('',(0.295771845991,0.,0.955258611644));
#16394 = PLANE('',#16395);
#16395 = AXIS2_PLACEMENT_3D('',#16396,#16397,#16398);
#16396 = CARTESIAN_POINT('',(2.07981887802,1.,0.506459002226));
#16397 = DIRECTION('',(0.,1.,0.));
#16398 = DIRECTION('',(0.,-0.,1.));
#16399 = ADVANCED_FACE('',(#16400),#16410,.T.);
#16400 = FACE_BOUND('',#16401,.T.);
#16401 = EDGE_LOOP('',(#16402,#16403,#16404));
#16402 = ORIENTED_EDGE('',*,*,#16389,.F.);
#16403 = ORIENTED_EDGE('',*,*,#16209,.F.);
#16404 = ORIENTED_EDGE('',*,*,#16405,.T.);
#16405 = EDGE_CURVE('',#16100,#16381,#16406,.T.);
#16406 = LINE('',#16407,#16408);
#16407 = CARTESIAN_POINT('',(1.948717951775,1.,1.431010484695));
#16408 = VECTOR('',#16409,1.);
#16409 = DIRECTION('',(0.196842293497,0.,-0.980435164348));
#16410 = PLANE('',#16411);
#16411 = AXIS2_PLACEMENT_3D('',#16412,#16413,#16414);
#16412 = CARTESIAN_POINT('',(1.979624460369,1.,0.929430898117));
#16413 = DIRECTION('',(0.,1.,0.));
#16414 = DIRECTION('',(0.,-0.,1.));
#16415 = ADVANCED_FACE('',(#16416),#16426,.T.);
#16416 = FACE_BOUND('',#16417,.T.);
#16417 = EDGE_LOOP('',(#16418,#16419,#16420));
#16418 = ORIENTED_EDGE('',*,*,#16405,.F.);
#16419 = ORIENTED_EDGE('',*,*,#16349,.F.);
#16420 = ORIENTED_EDGE('',*,*,#16421,.T.);
#16421 = EDGE_CURVE('',#16327,#16381,#16422,.T.);
#16422 = LINE('',#16423,#16424);
#16423 = CARTESIAN_POINT('',(2.192307710648,1.,1.217735409737));
#16424 = VECTOR('',#16425,1.);
#16425 = DIRECTION('',(-0.295772130607,0.,-0.955258523519));
#16426 = PLANE('',#16427);
#16427 = AXIS2_PLACEMENT_3D('',#16428,#16429,#16430);
#16428 = CARTESIAN_POINT('',(2.06120673945,1.,1.142286899092));
#16429 = DIRECTION('',(0.,1.,0.));
#16430 = DIRECTION('',(0.,-0.,1.));
#16431 = ADVANCED_FACE('',(#16432),#16442,.T.);
#16432 = FACE_BOUND('',#16433,.T.);
#16433 = EDGE_LOOP('',(#16434,#16435,#16441));
#16434 = ORIENTED_EDGE('',*,*,#16421,.F.);
#16435 = ORIENTED_EDGE('',*,*,#16436,.T.);
#16436 = EDGE_CURVE('',#16327,#16249,#16437,.T.);
#16437 = LINE('',#16438,#16439);
#16438 = CARTESIAN_POINT('',(2.192307710648,1.,1.217735409737));
#16439 = VECTOR('',#16440,1.);
#16440 = DIRECTION('',(0.,0.,-1.));
#16441 = ORIENTED_EDGE('',*,*,#16380,.F.);
#16442 = PLANE('',#16443);
#16443 = AXIS2_PLACEMENT_3D('',#16444,#16445,#16446);
#16444 = CARTESIAN_POINT('',(2.16140117088,1.,0.719314999451));
#16445 = DIRECTION('',(0.,1.,0.));
#16446 = DIRECTION('',(0.,-0.,1.));
#16447 = ADVANCED_FACE('',(#16448),#16465,.T.);
#16448 = FACE_BOUND('',#16449,.T.);
#16449 = EDGE_LOOP('',(#16450,#16458,#16459));
#16450 = ORIENTED_EDGE('',*,*,#16451,.T.);
#16451 = EDGE_CURVE('',#16452,#11710,#16454,.T.);
#16452 = VERTEX_POINT('',#16453);
#16453 = CARTESIAN_POINT('',(2.314102649689,0.875,0.128287300467));
#16454 = LINE('',#16455,#16456);
#16455 = CARTESIAN_POINT('',(2.314102649689,0.875,0.128287300467));
#16456 = VECTOR('',#16457,1.);
#16457 = DIRECTION('',(-0.621047379539,-0.637390379712,0.456107066618));
#16458 = ORIENTED_EDGE('',*,*,#16271,.F.);
#16459 = ORIENTED_EDGE('',*,*,#16460,.T.);
#16460 = EDGE_CURVE('',#16249,#16452,#16461,.T.);
#16461 = LINE('',#16462,#16463);
#16462 = CARTESIAN_POINT('',(2.192307710648,1.,0.217735439539));
#16463 = VECTOR('',#16464,1.);
#16464 = DIRECTION('',(0.621047379539,-0.637390379712,-0.456107066618));
#16465 = PLANE('',#16466);
#16466 = AXIS2_PLACEMENT_3D('',#16467,#16468,#16469);
#16467 = CARTESIAN_POINT('',(2.229499494766,0.875,0.190421202146));
#16468 = DIRECTION('',(-0.591930915138,-0.,-0.805988704452));
#16469 = DIRECTION('',(-0.805988704452,0.,0.591930915138));
#16470 = ADVANCED_FACE('',(#16471),#16488,.T.);
#16471 = FACE_BOUND('',#16472,.T.);
#16472 = EDGE_LOOP('',(#16473,#16474,#16482));
#16473 = ORIENTED_EDGE('',*,*,#16460,.F.);
#16474 = ORIENTED_EDGE('',*,*,#16475,.T.);
#16475 = EDGE_CURVE('',#16249,#16476,#16478,.T.);
#16476 = VERTEX_POINT('',#16477);
#16477 = CARTESIAN_POINT('',(2.435897350311,1.,3.883915767074E-02));
#16478 = LINE('',#16479,#16480);
#16479 = CARTESIAN_POINT('',(2.192307710648,1.,0.217735439539));
#16480 = VECTOR('',#16481,1.);
#16481 = DIRECTION('',(0.805988422162,0.,-0.591931299511));
#16482 = ORIENTED_EDGE('',*,*,#16483,.T.);
#16483 = EDGE_CURVE('',#16476,#16452,#16484,.T.);
#16484 = LINE('',#16485,#16486);
#16485 = CARTESIAN_POINT('',(2.435897350311,1.,3.883915767074E-02));
#16486 = VECTOR('',#16487,1.);
#16487 = DIRECTION('',(-0.621046627337,-0.637390855434,0.456107426033));
#16488 = PLANE('',#16489);
#16489 = AXIS2_PLACEMENT_3D('',#16490,#16491,#16492);
#16490 = CARTESIAN_POINT('',(2.314102551309,0.964700051953,
    0.128287308557));
#16491 = DIRECTION('',(-0.591931299511,-5.765198407583E-07,
    -0.805988422162));
#16492 = DIRECTION('',(-0.805988422162,3.045134722427E-23,0.591931299511
    ));
#16493 = ADVANCED_FACE('',(#16494),#16509,.T.);
#16494 = FACE_BOUND('',#16495,.T.);
#16495 = EDGE_LOOP('',(#16496,#16497,#16503));
#16496 = ORIENTED_EDGE('',*,*,#16483,.F.);
#16497 = ORIENTED_EDGE('',*,*,#16498,.T.);
#16498 = EDGE_CURVE('',#16476,#11866,#16499,.T.);
#16499 = LINE('',#16500,#16501);
#16500 = CARTESIAN_POINT('',(2.435897350311,1.,3.883915767074E-02));
#16501 = VECTOR('',#16502,1.);
#16502 = DIRECTION('',(0.,-1.,0.));
#16503 = ORIENTED_EDGE('',*,*,#16504,.T.);
#16504 = EDGE_CURVE('',#11866,#16452,#16505,.T.);
#16505 = LINE('',#16506,#16507);
#16506 = CARTESIAN_POINT('',(2.435897350311,0.75,3.883915767074E-02));
#16507 = VECTOR('',#16508,1.);
#16508 = DIRECTION('',(-0.621046627337,0.637390855434,0.456107426033));
#16509 = PLANE('',#16510);
#16510 = AXIS2_PLACEMENT_3D('',#16511,#16512,#16513);
#16511 = CARTESIAN_POINT('',(2.398705649802,0.875,6.615338826507E-02));
#16512 = DIRECTION('',(-0.591931683885,-0.,-0.805988139872));
#16513 = DIRECTION('',(-0.805988139872,0.,0.591931683885));
#16514 = ADVANCED_FACE('',(#16515),#16520,.T.);
#16515 = FACE_BOUND('',#16516,.T.);
#16516 = EDGE_LOOP('',(#16517,#16518,#16519));
#16517 = ORIENTED_EDGE('',*,*,#16504,.F.);
#16518 = ORIENTED_EDGE('',*,*,#11865,.F.);
#16519 = ORIENTED_EDGE('',*,*,#16451,.F.);
#16520 = PLANE('',#16521);
#16521 = AXIS2_PLACEMENT_3D('',#16522,#16523,#16524);
#16522 = CARTESIAN_POINT('',(2.314102551309,0.785299948047,
    0.128287308557));
#16523 = DIRECTION('',(-0.591931299511,5.765198407995E-07,
    -0.805988422162));
#16524 = DIRECTION('',(-0.805988422162,-4.521502706983E-25,
    0.591931299511));
#16525 = ADVANCED_FACE('',(#16526),#16543,.T.);
#16526 = FACE_BOUND('',#16527,.T.);
#16527 = EDGE_LOOP('',(#16528,#16536,#16537));
#16528 = ORIENTED_EDGE('',*,*,#16529,.T.);
#16529 = EDGE_CURVE('',#16530,#11788,#16532,.T.);
#16530 = VERTEX_POINT('',#16531);
#16531 = CARTESIAN_POINT('',(2.314102649689,0.875,1.128287315369));
#16532 = LINE('',#16533,#16534);
#16533 = CARTESIAN_POINT('',(2.314102649689,0.875,1.128287315369));
#16534 = VECTOR('',#16535,1.);
#16535 = DIRECTION('',(-0.621047444109,-0.63739044598,0.45610688609));
#16536 = ORIENTED_EDGE('',*,*,#11966,.F.);
#16537 = ORIENTED_EDGE('',*,*,#16538,.T.);
#16538 = EDGE_CURVE('',#11944,#16530,#16539,.T.);
#16539 = LINE('',#16540,#16541);
#16540 = CARTESIAN_POINT('',(2.435897350311,0.75,1.038839101791));
#16541 = VECTOR('',#16542,1.);
#16542 = DIRECTION('',(-0.621046525102,0.637390750508,0.456107711869));
#16543 = PLANE('',#16544);
#16544 = AXIS2_PLACEMENT_3D('',#16545,#16546,#16547);
#16545 = CARTESIAN_POINT('',(2.314102555928,0.785299947728,
    1.128287278631));
#16546 = DIRECTION('',(0.591931355562,-9.488349400177E-07,0.805988380997
    ));
#16547 = DIRECTION('',(0.805988380997,5.5069272688E-24,-0.591931355562)
  );
#16548 = ADVANCED_FACE('',(#16549),#16566,.T.);
#16549 = FACE_BOUND('',#16550,.T.);
#16550 = EDGE_LOOP('',(#16551,#16552,#16560));
#16551 = ORIENTED_EDGE('',*,*,#16538,.F.);
#16552 = ORIENTED_EDGE('',*,*,#16553,.T.);
#16553 = EDGE_CURVE('',#11944,#16554,#16556,.T.);
#16554 = VERTEX_POINT('',#16555);
#16555 = CARTESIAN_POINT('',(2.435897350311,1.,1.038839101791));
#16556 = LINE('',#16557,#16558);
#16557 = CARTESIAN_POINT('',(2.435897350311,0.75,1.038839101791));
#16558 = VECTOR('',#16559,1.);
#16559 = DIRECTION('',(0.,1.,0.));
#16560 = ORIENTED_EDGE('',*,*,#16561,.T.);
#16561 = EDGE_CURVE('',#16554,#16530,#16562,.T.);
#16562 = LINE('',#16563,#16564);
#16563 = CARTESIAN_POINT('',(2.435897350311,1.,1.038839101791));
#16564 = VECTOR('',#16565,1.);
#16565 = DIRECTION('',(-0.621046525102,-0.637390750508,0.456107711869));
#16566 = PLANE('',#16567);
#16567 = AXIS2_PLACEMENT_3D('',#16568,#16569,#16570);
#16568 = CARTESIAN_POINT('',(2.398705647419,0.875,1.06615335575));
#16569 = DIRECTION('',(0.591931988163,0.,0.805987916404));
#16570 = DIRECTION('',(0.805987916404,0.,-0.591931988163));
#16571 = ADVANCED_FACE('',(#16572),#16587,.T.);
#16572 = FACE_BOUND('',#16573,.T.);
#16573 = EDGE_LOOP('',(#16574,#16575,#16581));
#16574 = ORIENTED_EDGE('',*,*,#16561,.F.);
#16575 = ORIENTED_EDGE('',*,*,#16576,.T.);
#16576 = EDGE_CURVE('',#16554,#16327,#16577,.T.);
#16577 = LINE('',#16578,#16579);
#16578 = CARTESIAN_POINT('',(2.435897350311,1.,1.038839101791));
#16579 = VECTOR('',#16580,1.);
#16580 = DIRECTION('',(-0.805988380997,0.,0.591931355562));
#16581 = ORIENTED_EDGE('',*,*,#16582,.T.);
#16582 = EDGE_CURVE('',#16327,#16530,#16583,.T.);
#16583 = LINE('',#16584,#16585);
#16584 = CARTESIAN_POINT('',(2.192307710648,1.,1.217735409737));
#16585 = VECTOR('',#16586,1.);
#16586 = DIRECTION('',(0.621047444109,-0.63739044598,-0.45610688609));
#16587 = PLANE('',#16588);
#16588 = AXIS2_PLACEMENT_3D('',#16589,#16590,#16591);
#16589 = CARTESIAN_POINT('',(2.314102555928,0.964700052272,
    1.128287278631));
#16590 = DIRECTION('',(0.591931355562,9.488349400064E-07,0.805988380997)
  );
#16591 = DIRECTION('',(0.805988380997,5.176206636047E-23,-0.591931355562
    ));
#16592 = ADVANCED_FACE('',(#16593),#16598,.T.);
#16593 = FACE_BOUND('',#16594,.T.);
#16594 = EDGE_LOOP('',(#16595,#16596,#16597));
#16595 = ORIENTED_EDGE('',*,*,#16582,.F.);
#16596 = ORIENTED_EDGE('',*,*,#16326,.F.);
#16597 = ORIENTED_EDGE('',*,*,#16529,.F.);
#16598 = PLANE('',#16599);
#16599 = AXIS2_PLACEMENT_3D('',#16600,#16601,#16602);
#16600 = CARTESIAN_POINT('',(2.229499493261,0.875,1.1904211871));
#16601 = DIRECTION('',(0.591930722962,0.,0.805988845589));
#16602 = DIRECTION('',(0.805988845589,0.,-0.591930722962));
#16603 = ADVANCED_FACE('',(#16604),#16621,.T.);
#16604 = FACE_BOUND('',#16605,.T.);
#16605 = EDGE_LOOP('',(#16606,#16614,#16615));
#16606 = ORIENTED_EDGE('',*,*,#16607,.T.);
#16607 = EDGE_CURVE('',#16608,#16476,#16610,.T.);
#16608 = VERTEX_POINT('',#16609);
#16609 = CARTESIAN_POINT('',(2.314102649689,1.,0.628287315369));
#16610 = LINE('',#16611,#16612);
#16611 = CARTESIAN_POINT('',(2.314102649689,1.,0.628287315369));
#16612 = VECTOR('',#16613,1.);
#16613 = DIRECTION('',(0.202350539558,0.,-0.97931315683));
#16614 = ORIENTED_EDGE('',*,*,#16475,.F.);
#16615 = ORIENTED_EDGE('',*,*,#16616,.T.);
#16616 = EDGE_CURVE('',#16249,#16608,#16617,.T.);
#16617 = LINE('',#16618,#16619);
#16618 = CARTESIAN_POINT('',(2.192307710648,1.,0.217735439539));
#16619 = VECTOR('',#16620,1.);
#16620 = DIRECTION('',(0.284410186472,0.,0.958702688966));
#16621 = PLANE('',#16622);
#16622 = AXIS2_PLACEMENT_3D('',#16623,#16624,#16625);
#16623 = CARTESIAN_POINT('',(2.322040067979,1.,0.315749395142));
#16624 = DIRECTION('',(0.,1.,0.));
#16625 = DIRECTION('',(0.,-0.,1.));
#16626 = ADVANCED_FACE('',(#16627),#16637,.T.);
#16627 = FACE_BOUND('',#16628,.T.);
#16628 = EDGE_LOOP('',(#16629,#16630,#16631));
#16629 = ORIENTED_EDGE('',*,*,#16616,.F.);
#16630 = ORIENTED_EDGE('',*,*,#16436,.F.);
#16631 = ORIENTED_EDGE('',*,*,#16632,.T.);
#16632 = EDGE_CURVE('',#16327,#16608,#16633,.T.);
#16633 = LINE('',#16634,#16635);
#16634 = CARTESIAN_POINT('',(2.192307710648,1.,1.217735409737));
#16635 = VECTOR('',#16636,1.);
#16636 = DIRECTION('',(0.2023509403,0.,-0.979313074027));
#16637 = PLANE('',#16638);
#16638 = AXIS2_PLACEMENT_3D('',#16639,#16640,#16641);
#16639 = CARTESIAN_POINT('',(2.223208443511,1.,0.716427029271));
#16640 = DIRECTION('',(0.,1.,0.));
#16641 = DIRECTION('',(0.,-0.,1.));
#16642 = ADVANCED_FACE('',(#16643),#16653,.T.);
#16643 = FACE_BOUND('',#16644,.T.);
#16644 = EDGE_LOOP('',(#16645,#16646,#16647));
#16645 = ORIENTED_EDGE('',*,*,#16632,.F.);
#16646 = ORIENTED_EDGE('',*,*,#16576,.F.);
#16647 = ORIENTED_EDGE('',*,*,#16648,.T.);
#16648 = EDGE_CURVE('',#16554,#16608,#16649,.T.);
#16649 = LINE('',#16650,#16651);
#16650 = CARTESIAN_POINT('',(2.435897350311,1.,1.038839101791));
#16651 = VECTOR('',#16652,1.);
#16652 = DIRECTION('',(-0.284409731689,0.,-0.958702823883));
#16653 = PLANE('',#16654);
#16654 = AXIS2_PLACEMENT_3D('',#16655,#16656,#16657);
#16655 = CARTESIAN_POINT('',(2.306165077856,1.,0.940825204315));
#16656 = DIRECTION('',(0.,1.,0.));
#16657 = DIRECTION('',(0.,-0.,1.));
#16658 = ADVANCED_FACE('',(#16659),#16669,.T.);
#16659 = FACE_BOUND('',#16660,.T.);
#16660 = EDGE_LOOP('',(#16661,#16662,#16668));
#16661 = ORIENTED_EDGE('',*,*,#16648,.F.);
#16662 = ORIENTED_EDGE('',*,*,#16663,.T.);
#16663 = EDGE_CURVE('',#16554,#16476,#16664,.T.);
#16664 = LINE('',#16665,#16666);
#16665 = CARTESIAN_POINT('',(2.435897350311,1.,1.038839101791));
#16666 = VECTOR('',#16667,1.);
#16667 = DIRECTION('',(0.,0.,-1.));
#16668 = ORIENTED_EDGE('',*,*,#16607,.F.);
#16669 = PLANE('',#16670);
#16670 = AXIS2_PLACEMENT_3D('',#16671,#16672,#16673);
#16671 = CARTESIAN_POINT('',(2.404996679605,1.,0.540147521457));
#16672 = DIRECTION('',(0.,1.,0.));
#16673 = DIRECTION('',(0.,-0.,1.));
#16674 = ADVANCED_FACE('',(#16675),#16692,.T.);
#16675 = FACE_BOUND('',#16676,.T.);
#16676 = EDGE_LOOP('',(#16677,#16685,#16686));
#16677 = ORIENTED_EDGE('',*,*,#16678,.T.);
#16678 = EDGE_CURVE('',#16679,#11866,#16681,.T.);
#16679 = VERTEX_POINT('',#16680);
#16680 = CARTESIAN_POINT('',(2.557692289352,0.875,-2.813831716776E-02));
#16681 = LINE('',#16682,#16683);
#16682 = CARTESIAN_POINT('',(2.557692289352,0.875,-2.813831716776E-02));
#16683 = VECTOR('',#16684,1.);
#16684 = DIRECTION('',(-0.651533553386,-0.668678804016,0.358291342168));
#16685 = ORIENTED_EDGE('',*,*,#16498,.F.);
#16686 = ORIENTED_EDGE('',*,*,#16687,.T.);
#16687 = EDGE_CURVE('',#16476,#16679,#16688,.T.);
#16688 = LINE('',#16689,#16690);
#16689 = CARTESIAN_POINT('',(2.435897350311,1.,3.883915767074E-02));
#16690 = VECTOR('',#16691,1.);
#16691 = DIRECTION('',(0.651533553386,-0.668678804016,-0.358291342168));
#16692 = PLANE('',#16693);
#16693 = AXIS2_PLACEMENT_3D('',#16694,#16695,#16696);
#16694 = CARTESIAN_POINT('',(2.472391772949,0.875,1.877014418614E-02));
#16695 = DIRECTION('',(-0.481864940394,-0.,-0.876245501683));
#16696 = DIRECTION('',(-0.876245501683,0.,0.481864940394));
#16697 = ADVANCED_FACE('',(#16698),#16715,.T.);
#16698 = FACE_BOUND('',#16699,.T.);
#16699 = EDGE_LOOP('',(#16700,#16701,#16709));
#16700 = ORIENTED_EDGE('',*,*,#16687,.F.);
#16701 = ORIENTED_EDGE('',*,*,#16702,.T.);
#16702 = EDGE_CURVE('',#16476,#16703,#16705,.T.);
#16703 = VERTEX_POINT('',#16704);
#16704 = CARTESIAN_POINT('',(2.679487228394,1.,-9.511578828096E-02));
#16705 = LINE('',#16706,#16707);
#16706 = CARTESIAN_POINT('',(2.435897350311,1.,3.883915767074E-02));
#16707 = VECTOR('',#16708,1.);
#16708 = DIRECTION('',(0.876245507341,0.,-0.481864930105));
#16709 = ORIENTED_EDGE('',*,*,#16710,.T.);
#16710 = EDGE_CURVE('',#16703,#16679,#16711,.T.);
#16711 = LINE('',#16712,#16713);
#16712 = CARTESIAN_POINT('',(2.679487228394,1.,-9.511578828096E-02));
#16713 = VECTOR('',#16714,1.);
#16714 = DIRECTION('',(-0.651533558038,-0.66867880879,0.358291324798));
#16715 = PLANE('',#16716);
#16716 = AXIS2_PLACEMENT_3D('',#16717,#16718,#16719);
#16717 = CARTESIAN_POINT('',(2.557692289228,0.964153623038,
    -2.81383157707E-02));
#16718 = DIRECTION('',(-0.481864930105,1.305707560421E-08,
    -0.876245507341));
#16719 = DIRECTION('',(-0.876245507341,-7.59902462946E-25,0.481864930105
    ));
#16720 = ADVANCED_FACE('',(#16721),#16736,.T.);
#16721 = FACE_BOUND('',#16722,.T.);
#16722 = EDGE_LOOP('',(#16723,#16724,#16730));
#16723 = ORIENTED_EDGE('',*,*,#16710,.F.);
#16724 = ORIENTED_EDGE('',*,*,#16725,.T.);
#16725 = EDGE_CURVE('',#16703,#12022,#16726,.T.);
#16726 = LINE('',#16727,#16728);
#16727 = CARTESIAN_POINT('',(2.679487228394,1.,-9.511578828096E-02));
#16728 = VECTOR('',#16729,1.);
#16729 = DIRECTION('',(0.,-1.,0.));
#16730 = ORIENTED_EDGE('',*,*,#16731,.T.);
#16731 = EDGE_CURVE('',#12022,#16679,#16732,.T.);
#16732 = LINE('',#16733,#16734);
#16733 = CARTESIAN_POINT('',(2.679487228394,0.75,-9.511578828096E-02));
#16734 = VECTOR('',#16735,1.);
#16735 = DIRECTION('',(-0.651533558038,0.66867880879,0.358291324798));
#16736 = PLANE('',#16737);
#16737 = AXIS2_PLACEMENT_3D('',#16738,#16739,#16740);
#16738 = CARTESIAN_POINT('',(2.64299280586,0.875,-7.504677597003E-02));
#16739 = DIRECTION('',(-0.481864919815,-0.,-0.876245512999));
#16740 = DIRECTION('',(-0.876245512999,0.,0.481864919815));
#16741 = ADVANCED_FACE('',(#16742),#16747,.T.);
#16742 = FACE_BOUND('',#16743,.T.);
#16743 = EDGE_LOOP('',(#16744,#16745,#16746));
#16744 = ORIENTED_EDGE('',*,*,#16731,.F.);
#16745 = ORIENTED_EDGE('',*,*,#12021,.F.);
#16746 = ORIENTED_EDGE('',*,*,#16678,.F.);
#16747 = PLANE('',#16748);
#16748 = AXIS2_PLACEMENT_3D('',#16749,#16750,#16751);
#16749 = CARTESIAN_POINT('',(2.557692289228,0.785846376962,
    -2.81383157707E-02));
#16750 = DIRECTION('',(-0.481864930105,-1.305707557661E-08,
    -0.876245507341));
#16751 = DIRECTION('',(-0.876245507341,7.193334668573E-25,0.481864930105
    ));
#16752 = ADVANCED_FACE('',(#16753),#16770,.T.);
#16753 = FACE_BOUND('',#16754,.T.);
#16754 = EDGE_LOOP('',(#16755,#16763,#16764));
#16755 = ORIENTED_EDGE('',*,*,#16756,.T.);
#16756 = EDGE_CURVE('',#16757,#11944,#16759,.T.);
#16757 = VERTEX_POINT('',#16758);
#16758 = CARTESIAN_POINT('',(2.557692289352,0.875,0.97186166048));
#16759 = LINE('',#16760,#16761);
#16760 = CARTESIAN_POINT('',(2.557692289352,0.875,0.97186166048));
#16761 = VECTOR('',#16762,1.);
#16762 = DIRECTION('',(-0.651533595254,-0.668678846986,0.358291185839));
#16763 = ORIENTED_EDGE('',*,*,#12122,.F.);
#16764 = ORIENTED_EDGE('',*,*,#16765,.T.);
#16765 = EDGE_CURVE('',#12100,#16757,#16766,.T.);
#16766 = LINE('',#16767,#16768);
#16767 = CARTESIAN_POINT('',(2.679487228394,0.75,0.90488421917));
#16768 = VECTOR('',#16769,1.);
#16769 = DIRECTION('',(-0.651533595254,0.668678846986,0.358291185839));
#16770 = PLANE('',#16771);
#16771 = AXIS2_PLACEMENT_3D('',#16772,#16773,#16774);
#16772 = CARTESIAN_POINT('',(2.557692289352,0.785846377712,0.97186166048
    ));
#16773 = DIRECTION('',(0.481864755189,0.,0.87624560353));
#16774 = DIRECTION('',(0.87624560353,0.,-0.481864755189));
#16775 = ADVANCED_FACE('',(#16776),#16793,.T.);
#16776 = FACE_BOUND('',#16777,.T.);
#16777 = EDGE_LOOP('',(#16778,#16779,#16787));
#16778 = ORIENTED_EDGE('',*,*,#16765,.F.);
#16779 = ORIENTED_EDGE('',*,*,#16780,.T.);
#16780 = EDGE_CURVE('',#12100,#16781,#16783,.T.);
#16781 = VERTEX_POINT('',#16782);
#16782 = CARTESIAN_POINT('',(2.679487228394,1.,0.90488421917));
#16783 = LINE('',#16784,#16785);
#16784 = CARTESIAN_POINT('',(2.679487228394,0.75,0.90488421917));
#16785 = VECTOR('',#16786,1.);
#16786 = DIRECTION('',(0.,1.,0.));
#16787 = ORIENTED_EDGE('',*,*,#16788,.T.);
#16788 = EDGE_CURVE('',#16781,#16757,#16789,.T.);
#16789 = LINE('',#16790,#16791);
#16790 = CARTESIAN_POINT('',(2.679487228394,1.,0.90488421917));
#16791 = VECTOR('',#16792,1.);
#16792 = DIRECTION('',(-0.651533595254,-0.668678846986,0.358291185839));
#16793 = PLANE('',#16794);
#16794 = AXIS2_PLACEMENT_3D('',#16795,#16796,#16797);
#16795 = CARTESIAN_POINT('',(2.642992806695,0.875,0.924953222091));
#16796 = DIRECTION('',(0.481864755189,0.,0.87624560353));
#16797 = DIRECTION('',(0.87624560353,0.,-0.481864755189));
#16798 = ADVANCED_FACE('',(#16799),#16814,.T.);
#16799 = FACE_BOUND('',#16800,.T.);
#16800 = EDGE_LOOP('',(#16801,#16802,#16808));
#16801 = ORIENTED_EDGE('',*,*,#16788,.F.);
#16802 = ORIENTED_EDGE('',*,*,#16803,.T.);
#16803 = EDGE_CURVE('',#16781,#16554,#16804,.T.);
#16804 = LINE('',#16805,#16806);
#16805 = CARTESIAN_POINT('',(2.679487228394,1.,0.90488421917));
#16806 = VECTOR('',#16807,1.);
#16807 = DIRECTION('',(-0.87624560353,0.,0.481864755189));
#16808 = ORIENTED_EDGE('',*,*,#16809,.T.);
#16809 = EDGE_CURVE('',#16554,#16757,#16810,.T.);
#16810 = LINE('',#16811,#16812);
#16811 = CARTESIAN_POINT('',(2.435897350311,1.,1.038839101791));
#16812 = VECTOR('',#16813,1.);
#16813 = DIRECTION('',(0.651533595254,-0.668678846986,-0.358291185839));
#16814 = PLANE('',#16815);
#16815 = AXIS2_PLACEMENT_3D('',#16816,#16817,#16818);
#16816 = CARTESIAN_POINT('',(2.557692289352,0.964153622288,0.97186166048
    ));
#16817 = DIRECTION('',(0.481864755189,0.,0.87624560353));
#16818 = DIRECTION('',(0.87624560353,0.,-0.481864755189));
#16819 = ADVANCED_FACE('',(#16820),#16825,.T.);
#16820 = FACE_BOUND('',#16821,.T.);
#16821 = EDGE_LOOP('',(#16822,#16823,#16824));
#16822 = ORIENTED_EDGE('',*,*,#16809,.F.);
#16823 = ORIENTED_EDGE('',*,*,#16553,.F.);
#16824 = ORIENTED_EDGE('',*,*,#16756,.F.);
#16825 = PLANE('',#16826);
#16826 = AXIS2_PLACEMENT_3D('',#16827,#16828,#16829);
#16827 = CARTESIAN_POINT('',(2.472391772009,0.875,1.01877009887));
#16828 = DIRECTION('',(0.481864755189,0.,0.87624560353));
#16829 = DIRECTION('',(0.87624560353,0.,-0.481864755189));
#16830 = ADVANCED_FACE('',(#16831),#16848,.T.);
#16831 = FACE_BOUND('',#16832,.T.);
#16832 = EDGE_LOOP('',(#16833,#16841,#16842));
#16833 = ORIENTED_EDGE('',*,*,#16834,.T.);
#16834 = EDGE_CURVE('',#16835,#16703,#16837,.T.);
#16835 = VERTEX_POINT('',#16836);
#16836 = CARTESIAN_POINT('',(2.557692289352,1.,0.471861690283));
#16837 = LINE('',#16838,#16839);
#16838 = CARTESIAN_POINT('',(2.557692289352,1.,0.471861690283));
#16839 = VECTOR('',#16840,1.);
#16840 = DIRECTION('',(0.21002328323,0.,-0.977696384621));
#16841 = ORIENTED_EDGE('',*,*,#16702,.F.);
#16842 = ORIENTED_EDGE('',*,*,#16843,.T.);
#16843 = EDGE_CURVE('',#16476,#16835,#16844,.T.);
#16844 = LINE('',#16845,#16846);
#16845 = CARTESIAN_POINT('',(2.435897350311,1.,3.883915767074E-02));
#16846 = VECTOR('',#16847,1.);
#16847 = DIRECTION('',(0.270760722415,0.,0.962646680354));
#16848 = PLANE('',#16849);
#16849 = AXIS2_PLACEMENT_3D('',#16850,#16851,#16852);
#16850 = CARTESIAN_POINT('',(2.563750076337,1.,0.165386224452));
#16851 = DIRECTION('',(0.,1.,0.));
#16852 = DIRECTION('',(0.,-0.,1.));
#16853 = ADVANCED_FACE('',(#16854),#16864,.T.);
#16854 = FACE_BOUND('',#16855,.T.);
#16855 = EDGE_LOOP('',(#16856,#16857,#16858));
#16856 = ORIENTED_EDGE('',*,*,#16843,.F.);
#16857 = ORIENTED_EDGE('',*,*,#16663,.F.);
#16858 = ORIENTED_EDGE('',*,*,#16859,.T.);
#16859 = EDGE_CURVE('',#16554,#16835,#16860,.T.);
#16860 = LINE('',#16861,#16862);
#16861 = CARTESIAN_POINT('',(2.435897350311,1.,1.038839101791));
#16862 = VECTOR('',#16863,1.);
#16863 = DIRECTION('',(0.210023306974,0.,-0.977696379521));
#16864 = PLANE('',#16865);
#16865 = AXIS2_PLACEMENT_3D('',#16866,#16867,#16868);
#16866 = CARTESIAN_POINT('',(2.466792173199,1.,0.537872047295));
#16867 = DIRECTION('',(0.,1.,0.));
#16868 = DIRECTION('',(0.,-0.,1.));
#16869 = ADVANCED_FACE('',(#16870),#16880,.T.);
#16870 = FACE_BOUND('',#16871,.T.);
#16871 = EDGE_LOOP('',(#16872,#16873,#16874));
#16872 = ORIENTED_EDGE('',*,*,#16859,.F.);
#16873 = ORIENTED_EDGE('',*,*,#16803,.F.);
#16874 = ORIENTED_EDGE('',*,*,#16875,.T.);
#16875 = EDGE_CURVE('',#16781,#16835,#16876,.T.);
#16876 = LINE('',#16877,#16878);
#16877 = CARTESIAN_POINT('',(2.679487228394,1.,0.90488421917));
#16878 = VECTOR('',#16879,1.);
#16879 = DIRECTION('',(-0.270760724573,0.,-0.962646679747));
#16880 = PLANE('',#16881);
#16881 = AXIS2_PLACEMENT_3D('',#16882,#16883,#16884);
#16882 = CARTESIAN_POINT('',(2.551634504792,1.,0.778337129965));
#16883 = DIRECTION('',(0.,1.,0.));
#16884 = DIRECTION('',(0.,-0.,1.));
#16885 = ADVANCED_FACE('',(#16886),#16896,.T.);
#16886 = FACE_BOUND('',#16887,.T.);
#16887 = EDGE_LOOP('',(#16888,#16889,#16895));
#16888 = ORIENTED_EDGE('',*,*,#16875,.F.);
#16889 = ORIENTED_EDGE('',*,*,#16890,.T.);
#16890 = EDGE_CURVE('',#16781,#16703,#16891,.T.);
#16891 = LINE('',#16892,#16893);
#16892 = CARTESIAN_POINT('',(2.679487228394,1.,0.90488421917));
#16893 = VECTOR('',#16894,1.);
#16894 = DIRECTION('',(0.,0.,-1.));
#16895 = ORIENTED_EDGE('',*,*,#16834,.F.);
#16896 = PLANE('',#16897);
#16897 = AXIS2_PLACEMENT_3D('',#16898,#16899,#16900);
#16898 = CARTESIAN_POINT('',(2.648592405553,1.,0.405851298289));
#16899 = DIRECTION('',(0.,1.,0.));
#16900 = DIRECTION('',(0.,-0.,1.));
#16901 = ADVANCED_FACE('',(#16902),#16919,.T.);
#16902 = FACE_BOUND('',#16903,.T.);
#16903 = EDGE_LOOP('',(#16904,#16912,#16913));
#16904 = ORIENTED_EDGE('',*,*,#16905,.T.);
#16905 = EDGE_CURVE('',#16906,#12022,#16908,.T.);
#16906 = VERTEX_POINT('',#16907);
#16907 = CARTESIAN_POINT('',(2.801282167435,0.875,-0.135668039322));
#16908 = LINE('',#16909,#16910);
#16909 = CARTESIAN_POINT('',(2.801282167435,0.875,-0.135668039322));
#16910 = VECTOR('',#16911,1.);
#16911 = DIRECTION('',(-0.679756084215,-0.697644017032,0.226328282527));
#16912 = ORIENTED_EDGE('',*,*,#16725,.F.);
#16913 = ORIENTED_EDGE('',*,*,#16914,.T.);
#16914 = EDGE_CURVE('',#16703,#16906,#16915,.T.);
#16915 = LINE('',#16916,#16917);
#16916 = CARTESIAN_POINT('',(2.679487228394,1.,-9.511578828096E-02));
#16917 = VECTOR('',#16918,1.);
#16918 = DIRECTION('',(0.679756084215,-0.697644017032,-0.226328282527));
#16919 = PLANE('',#16920);
#16920 = AXIS2_PLACEMENT_3D('',#16921,#16922,#16923);
#16921 = CARTESIAN_POINT('',(2.71535898296,0.875,-0.107059473363));
#16922 = DIRECTION('',(-0.315904804373,-0.,-0.948790890857));
#16923 = DIRECTION('',(-0.948790890857,0.,0.315904804373));
#16924 = ADVANCED_FACE('',(#16925),#16942,.T.);
#16925 = FACE_BOUND('',#16926,.T.);
#16926 = EDGE_LOOP('',(#16927,#16928,#16936));
#16927 = ORIENTED_EDGE('',*,*,#16914,.F.);
#16928 = ORIENTED_EDGE('',*,*,#16929,.T.);
#16929 = EDGE_CURVE('',#16703,#16930,#16932,.T.);
#16930 = VERTEX_POINT('',#16931);
#16931 = CARTESIAN_POINT('',(2.923076868057,1.,-0.176220282912));
#16932 = LINE('',#16933,#16934);
#16933 = CARTESIAN_POINT('',(2.679487228394,1.,-9.511578828096E-02));
#16934 = VECTOR('',#16935,1.);
#16935 = DIRECTION('',(0.94879080688,0.,-0.315905056591));
#16936 = ORIENTED_EDGE('',*,*,#16937,.T.);
#16937 = EDGE_CURVE('',#16930,#16906,#16938,.T.);
#16938 = LINE('',#16939,#16940);
#16939 = CARTESIAN_POINT('',(2.923076868057,1.,-0.176220282912));
#16940 = VECTOR('',#16941,1.);
#16941 = DIRECTION('',(-0.679755374812,-0.69764465463,0.226328447792));
#16942 = PLANE('',#16943);
#16943 = AXIS2_PLACEMENT_3D('',#16944,#16945,#16946);
#16944 = CARTESIAN_POINT('',(2.801282066738,0.963587515552,
    -0.135668031284));
#16945 = DIRECTION('',(-0.315905056591,-2.729943693887E-07,
    -0.94879080688));
#16946 = DIRECTION('',(-0.94879080688,-5.148060933185E-24,0.315905056591
    ));
#16947 = ADVANCED_FACE('',(#16948),#16963,.T.);
#16948 = FACE_BOUND('',#16949,.T.);
#16949 = EDGE_LOOP('',(#16950,#16951,#16957));
#16950 = ORIENTED_EDGE('',*,*,#16937,.F.);
#16951 = ORIENTED_EDGE('',*,*,#16952,.T.);
#16952 = EDGE_CURVE('',#16930,#12178,#16953,.T.);
#16953 = LINE('',#16954,#16955);
#16954 = CARTESIAN_POINT('',(2.923076868057,1.,-0.176220282912));
#16955 = VECTOR('',#16956,1.);
#16956 = DIRECTION('',(0.,-1.,0.));
#16957 = ORIENTED_EDGE('',*,*,#16958,.T.);
#16958 = EDGE_CURVE('',#12178,#16906,#16959,.T.);
#16959 = LINE('',#16960,#16961);
#16960 = CARTESIAN_POINT('',(2.923076868057,0.75,-0.176220282912));
#16961 = VECTOR('',#16962,1.);
#16962 = DIRECTION('',(-0.679755374812,0.69764465463,0.226328447792));
#16963 = PLANE('',#16964);
#16964 = AXIS2_PLACEMENT_3D('',#16965,#16966,#16967);
#16965 = CARTESIAN_POINT('',(2.887205197184,0.875,-0.164276604511));
#16966 = DIRECTION('',(-0.315905308809,-0.,-0.948790722903));
#16967 = DIRECTION('',(-0.948790722903,0.,0.315905308809));
#16968 = ADVANCED_FACE('',(#16969),#16974,.T.);
#16969 = FACE_BOUND('',#16970,.T.);
#16970 = EDGE_LOOP('',(#16971,#16972,#16973));
#16971 = ORIENTED_EDGE('',*,*,#16958,.F.);
#16972 = ORIENTED_EDGE('',*,*,#12177,.F.);
#16973 = ORIENTED_EDGE('',*,*,#16905,.F.);
#16974 = PLANE('',#16975);
#16975 = AXIS2_PLACEMENT_3D('',#16976,#16977,#16978);
#16976 = CARTESIAN_POINT('',(2.801282066738,0.786412484448,
    -0.135668031284));
#16977 = DIRECTION('',(-0.315905056591,2.729943693863E-07,-0.94879080688
    ));
#16978 = DIRECTION('',(-0.94879080688,-3.933007659908E-24,0.315905056591
    ));
#16979 = ADVANCED_FACE('',(#16980),#16997,.T.);
#16980 = FACE_BOUND('',#16981,.T.);
#16981 = EDGE_LOOP('',(#16982,#16990,#16991));
#16982 = ORIENTED_EDGE('',*,*,#16983,.T.);
#16983 = EDGE_CURVE('',#16984,#12100,#16986,.T.);
#16984 = VERTEX_POINT('',#16985);
#16985 = CARTESIAN_POINT('',(2.801282167435,0.875,0.864331960678));
#16986 = LINE('',#16987,#16988);
#16987 = CARTESIAN_POINT('',(2.801282167435,0.875,0.864331960678));
#16988 = VECTOR('',#16989,1.);
#16989 = DIRECTION('',(-0.679756077818,-0.697644010467,0.22632832198));
#16990 = ORIENTED_EDGE('',*,*,#12278,.F.);
#16991 = ORIENTED_EDGE('',*,*,#16992,.T.);
#16992 = EDGE_CURVE('',#12256,#16984,#16993,.T.);
#16993 = LINE('',#16994,#16995);
#16994 = CARTESIAN_POINT('',(2.923076868057,0.75,0.823779702187));
#16995 = VECTOR('',#16996,1.);
#16996 = DIRECTION('',(-0.679755362018,0.697644641498,0.226328526698));
#16997 = PLANE('',#16998);
#16998 = AXIS2_PLACEMENT_3D('',#16999,#17000,#17001);
#16999 = CARTESIAN_POINT('',(2.801282066905,0.786412484245,
    0.864331966021));
#17000 = DIRECTION('',(0.315905134963,-3.01270613635E-07,0.948790780786)
  );
#17001 = DIRECTION('',(0.948790780786,-1.428345922393E-24,
    -0.315905134963));
#17002 = ADVANCED_FACE('',(#17003),#17020,.T.);
#17003 = FACE_BOUND('',#17004,.T.);
#17004 = EDGE_LOOP('',(#17005,#17006,#17014));
#17005 = ORIENTED_EDGE('',*,*,#16992,.F.);
#17006 = ORIENTED_EDGE('',*,*,#17007,.T.);
#17007 = EDGE_CURVE('',#12256,#17008,#17010,.T.);
#17008 = VERTEX_POINT('',#17009);
#17009 = CARTESIAN_POINT('',(2.923076868057,1.,0.823779702187));
#17010 = LINE('',#17011,#17012);
#17011 = CARTESIAN_POINT('',(2.923076868057,0.75,0.823779702187));
#17012 = VECTOR('',#17013,1.);
#17013 = DIRECTION('',(0.,1.,0.));
#17014 = ORIENTED_EDGE('',*,*,#17015,.T.);
#17015 = EDGE_CURVE('',#17008,#16984,#17016,.T.);
#17016 = LINE('',#17017,#17018);
#17017 = CARTESIAN_POINT('',(2.923076868057,1.,0.823779702187));
#17018 = VECTOR('',#17019,1.);
#17019 = DIRECTION('',(-0.679755362018,-0.697644641498,0.226328526698));
#17020 = PLANE('',#17021);
#17021 = AXIS2_PLACEMENT_3D('',#17022,#17023,#17024);
#17022 = CARTESIAN_POINT('',(2.887205196906,0.875,0.835723385069));
#17023 = DIRECTION('',(0.315905413305,0.,0.94879068811));
#17024 = DIRECTION('',(0.94879068811,0.,-0.315905413305));
#17025 = ADVANCED_FACE('',(#17026),#17041,.T.);
#17026 = FACE_BOUND('',#17027,.T.);
#17027 = EDGE_LOOP('',(#17028,#17029,#17035));
#17028 = ORIENTED_EDGE('',*,*,#17015,.F.);
#17029 = ORIENTED_EDGE('',*,*,#17030,.T.);
#17030 = EDGE_CURVE('',#17008,#16781,#17031,.T.);
#17031 = LINE('',#17032,#17033);
#17032 = CARTESIAN_POINT('',(2.923076868057,1.,0.823779702187));
#17033 = VECTOR('',#17034,1.);
#17034 = DIRECTION('',(-0.948790780786,0.,0.315905134963));
#17035 = ORIENTED_EDGE('',*,*,#17036,.T.);
#17036 = EDGE_CURVE('',#16781,#16984,#17037,.T.);
#17037 = LINE('',#17038,#17039);
#17038 = CARTESIAN_POINT('',(2.679487228394,1.,0.90488421917));
#17039 = VECTOR('',#17040,1.);
#17040 = DIRECTION('',(0.679756077818,-0.697644010467,-0.22632832198));
#17041 = PLANE('',#17042);
#17042 = AXIS2_PLACEMENT_3D('',#17043,#17044,#17045);
#17043 = CARTESIAN_POINT('',(2.801282066905,0.963587515755,
    0.864331966021));
#17044 = DIRECTION('',(0.315905134963,3.0127061363E-07,0.948790780786));
#17045 = DIRECTION('',(0.948790780786,-7.278837751322E-24,
    -0.315905134963));
#17046 = ADVANCED_FACE('',(#17047),#17052,.T.);
#17047 = FACE_BOUND('',#17048,.T.);
#17048 = EDGE_LOOP('',(#17049,#17050,#17051));
#17049 = ORIENTED_EDGE('',*,*,#17036,.F.);
#17050 = ORIENTED_EDGE('',*,*,#16780,.F.);
#17051 = ORIENTED_EDGE('',*,*,#16983,.F.);
#17052 = PLANE('',#17053);
#17053 = AXIS2_PLACEMENT_3D('',#17054,#17055,#17056);
#17054 = CARTESIAN_POINT('',(2.715358983099,0.875,0.892940531847));
#17055 = DIRECTION('',(0.315904856621,0.,0.948790873461));
#17056 = DIRECTION('',(0.948790873461,0.,-0.315904856621));
#17057 = ADVANCED_FACE('',(#17058),#17075,.T.);
#17058 = FACE_BOUND('',#17059,.T.);
#17059 = EDGE_LOOP('',(#17060,#17068,#17069));
#17060 = ORIENTED_EDGE('',*,*,#17061,.T.);
#17061 = EDGE_CURVE('',#17062,#16930,#17064,.T.);
#17062 = VERTEX_POINT('',#17063);
#17063 = CARTESIAN_POINT('',(2.801282167435,1.,0.364331960678));
#17064 = LINE('',#17065,#17066);
#17065 = CARTESIAN_POINT('',(2.801282167435,1.,0.364331960678));
#17066 = VECTOR('',#17067,1.);
#17067 = DIRECTION('',(0.219804969497,0.,-0.975543835706));
#17068 = ORIENTED_EDGE('',*,*,#16929,.F.);
#17069 = ORIENTED_EDGE('',*,*,#17070,.T.);
#17070 = EDGE_CURVE('',#16703,#17062,#17071,.T.);
#17071 = LINE('',#17072,#17073);
#17072 = CARTESIAN_POINT('',(2.679487228394,1.,-9.511578828096E-02));
#17073 = VECTOR('',#17074,1.);
#17074 = DIRECTION('',(0.256239397171,0.,0.96661335152));
#17075 = PLANE('',#17076);
#17076 = AXIS2_PLACEMENT_3D('',#17077,#17078,#17079);
#17077 = CARTESIAN_POINT('',(2.805012505372,1.,6.318603244757E-02));
#17078 = DIRECTION('',(0.,1.,0.));
#17079 = DIRECTION('',(0.,-0.,1.));
#17080 = ADVANCED_FACE('',(#17081),#17091,.T.);
#17081 = FACE_BOUND('',#17082,.T.);
#17082 = EDGE_LOOP('',(#17083,#17084,#17085));
#17083 = ORIENTED_EDGE('',*,*,#17070,.F.);
#17084 = ORIENTED_EDGE('',*,*,#16890,.F.);
#17085 = ORIENTED_EDGE('',*,*,#17086,.T.);
#17086 = EDGE_CURVE('',#16781,#17062,#17087,.T.);
#17087 = LINE('',#17088,#17089);
#17088 = CARTESIAN_POINT('',(2.679487228394,1.,0.90488421917));
#17089 = VECTOR('',#17090,1.);
#17090 = DIRECTION('',(0.21980537322,0.,-0.975543744741));
#17091 = PLANE('',#17092);
#17092 = AXIS2_PLACEMENT_3D('',#17093,#17094,#17095);
#17093 = CARTESIAN_POINT('',(2.710377378904,1.,0.404304729632));
#17094 = DIRECTION('',(0.,1.,0.));
#17095 = DIRECTION('',(0.,-0.,1.));
#17096 = ADVANCED_FACE('',(#17097),#17107,.T.);
#17097 = FACE_BOUND('',#17098,.T.);
#17098 = EDGE_LOOP('',(#17099,#17100,#17101));
#17099 = ORIENTED_EDGE('',*,*,#17086,.F.);
#17100 = ORIENTED_EDGE('',*,*,#17030,.F.);
#17101 = ORIENTED_EDGE('',*,*,#17102,.T.);
#17102 = EDGE_CURVE('',#17008,#17062,#17103,.T.);
#17103 = LINE('',#17104,#17105);
#17104 = CARTESIAN_POINT('',(2.923076868057,1.,0.823779702187));
#17105 = VECTOR('',#17106,1.);
#17106 = DIRECTION('',(-0.256238932388,0.,-0.966613474729));
#17107 = PLANE('',#17108);
#17108 = AXIS2_PLACEMENT_3D('',#17109,#17110,#17111);
#17109 = CARTESIAN_POINT('',(2.797551680105,1.,0.665477894763));
#17110 = DIRECTION('',(0.,1.,0.));
#17111 = DIRECTION('',(0.,-0.,1.));
#17112 = ADVANCED_FACE('',(#17113),#17123,.T.);
#17113 = FACE_BOUND('',#17114,.T.);
#17114 = EDGE_LOOP('',(#17115,#17116,#17122));
#17115 = ORIENTED_EDGE('',*,*,#17102,.F.);
#17116 = ORIENTED_EDGE('',*,*,#17117,.T.);
#17117 = EDGE_CURVE('',#17008,#16930,#17118,.T.);
#17118 = LINE('',#17119,#17120);
#17119 = CARTESIAN_POINT('',(2.923076868057,1.,0.823779702187));
#17120 = VECTOR('',#17121,1.);
#17121 = DIRECTION('',(0.,0.,-1.));
#17122 = ORIENTED_EDGE('',*,*,#17061,.F.);
#17123 = PLANE('',#17124);
#17124 = AXIS2_PLACEMENT_3D('',#17125,#17126,#17127);
#17125 = CARTESIAN_POINT('',(2.892186779674,1.,0.324359193249));
#17126 = DIRECTION('',(0.,1.,0.));
#17127 = DIRECTION('',(0.,-0.,1.));
#17128 = ADVANCED_FACE('',(#17129),#17146,.T.);
#17129 = FACE_BOUND('',#17130,.T.);
#17130 = EDGE_LOOP('',(#17131,#17139,#17140));
#17131 = ORIENTED_EDGE('',*,*,#17132,.T.);
#17132 = EDGE_CURVE('',#17133,#12178,#17135,.T.);
#17133 = VERTEX_POINT('',#17134);
#17134 = CARTESIAN_POINT('',(3.044871807098,0.875,-0.187952980399));
#17135 = LINE('',#17136,#17137);
#17136 = CARTESIAN_POINT('',(3.044871807098,0.875,-0.187952980399));
#17137 = VECTOR('',#17138,1.);
#17138 = DIRECTION('',(-0.696293287157,-0.714616400155,
    6.707502433741E-02));
#17139 = ORIENTED_EDGE('',*,*,#16952,.F.);
#17140 = ORIENTED_EDGE('',*,*,#17141,.T.);
#17141 = EDGE_CURVE('',#16930,#17133,#17142,.T.);
#17142 = LINE('',#17143,#17144);
#17143 = CARTESIAN_POINT('',(2.923076868057,1.,-0.176220282912));
#17144 = VECTOR('',#17145,1.);
#17145 = DIRECTION('',(0.696293287157,-0.714616400155,
    -6.707502433741E-02));
#17146 = PLANE('',#17147);
#17147 = AXIS2_PLACEMENT_3D('',#17148,#17149,#17150);
#17148 = CARTESIAN_POINT('',(2.958593540775,0.875,-0.179641659695));
#17149 = DIRECTION('',(-9.588768778876E-02,-0.,-0.995392159569));
#17150 = DIRECTION('',(-0.995392159569,0.,9.588768778876E-02));
#17151 = ADVANCED_FACE('',(#17152),#17169,.T.);
#17152 = FACE_BOUND('',#17153,.T.);
#17153 = EDGE_LOOP('',(#17154,#17155,#17163));
#17154 = ORIENTED_EDGE('',*,*,#17141,.F.);
#17155 = ORIENTED_EDGE('',*,*,#17156,.T.);
#17156 = EDGE_CURVE('',#16930,#17157,#17159,.T.);
#17157 = VERTEX_POINT('',#17158);
#17158 = CARTESIAN_POINT('',(3.16666674614,1.,-0.199685662985));
#17159 = LINE('',#17160,#17161);
#17160 = CARTESIAN_POINT('',(2.923076868057,1.,-0.176220282912));
#17161 = VECTOR('',#17162,1.);
#17162 = DIRECTION('',(0.99539216538,0.,-9.588762745734E-02));
#17163 = ORIENTED_EDGE('',*,*,#17164,.T.);
#17164 = EDGE_CURVE('',#17157,#17133,#17165,.T.);
#17165 = LINE('',#17166,#17167);
#17166 = CARTESIAN_POINT('',(3.16666674614,1.,-0.199685662985));
#17167 = VECTOR('',#17168,1.);
#17168 = DIRECTION('',(-0.696293291136,-0.714616404238,
    6.707493953177E-02));
#17169 = PLANE('',#17170);
#17170 = AXIS2_PLACEMENT_3D('',#17171,#17172,#17173);
#17171 = CARTESIAN_POINT('',(3.044871806996,0.963224835817,
    -0.187952975131));
#17172 = DIRECTION('',(-9.588762745734E-02,5.93299964277E-08,
    -0.99539216538));
#17173 = DIRECTION('',(-0.99539216538,-8.00656275357E-25,
    9.588762745734E-02));
#17174 = ADVANCED_FACE('',(#17175),#17190,.T.);
#17175 = FACE_BOUND('',#17176,.T.);
#17176 = EDGE_LOOP('',(#17177,#17178,#17184));
#17177 = ORIENTED_EDGE('',*,*,#17164,.F.);
#17178 = ORIENTED_EDGE('',*,*,#17179,.T.);
#17179 = EDGE_CURVE('',#17157,#12334,#17180,.T.);
#17180 = LINE('',#17181,#17182);
#17181 = CARTESIAN_POINT('',(3.16666674614,1.,-0.199685662985));
#17182 = VECTOR('',#17183,1.);
#17183 = DIRECTION('',(0.,-1.,0.));
#17184 = ORIENTED_EDGE('',*,*,#17185,.T.);
#17185 = EDGE_CURVE('',#12334,#17133,#17186,.T.);
#17186 = LINE('',#17187,#17188);
#17187 = CARTESIAN_POINT('',(3.16666674614,0.75,-0.199685662985));
#17188 = VECTOR('',#17189,1.);
#17189 = DIRECTION('',(-0.696293291136,0.714616404238,6.707493953177E-02
    ));
#17190 = PLANE('',#17191);
#17191 = AXIS2_PLACEMENT_3D('',#17192,#17193,#17194);
#17192 = CARTESIAN_POINT('',(3.131150073506,0.875,-0.196264290555));
#17193 = DIRECTION('',(-9.588756712592E-02,-0.,-0.995392171192));
#17194 = DIRECTION('',(-0.995392171192,0.,9.588756712592E-02));
#17195 = ADVANCED_FACE('',(#17196),#17201,.T.);
#17196 = FACE_BOUND('',#17197,.T.);
#17197 = EDGE_LOOP('',(#17198,#17199,#17200));
#17198 = ORIENTED_EDGE('',*,*,#17185,.F.);
#17199 = ORIENTED_EDGE('',*,*,#12333,.F.);
#17200 = ORIENTED_EDGE('',*,*,#17132,.F.);
#17201 = PLANE('',#17202);
#17202 = AXIS2_PLACEMENT_3D('',#17203,#17204,#17205);
#17203 = CARTESIAN_POINT('',(3.044871806996,0.786775164183,
    -0.187952975131));
#17204 = DIRECTION('',(-9.588762745734E-02,-5.932999643004E-08,
    -0.99539216538));
#17205 = DIRECTION('',(-0.99539216538,-1.908724390079E-25,
    9.588762745734E-02));
#17206 = ADVANCED_FACE('',(#17207),#17224,.T.);
#17207 = FACE_BOUND('',#17208,.T.);
#17208 = EDGE_LOOP('',(#17209,#17217,#17218));
#17209 = ORIENTED_EDGE('',*,*,#17210,.T.);
#17210 = EDGE_CURVE('',#17211,#12256,#17213,.T.);
#17211 = VERTEX_POINT('',#17212);
#17212 = CARTESIAN_POINT('',(3.044871807098,0.875,0.8120470047));
#17213 = LINE('',#17214,#17215);
#17214 = CARTESIAN_POINT('',(3.044871807098,0.875,0.8120470047));
#17215 = VECTOR('',#17216,1.);
#17216 = DIRECTION('',(-0.696293287157,-0.714616400155,
    6.707502433741E-02));
#17217 = ORIENTED_EDGE('',*,*,#12434,.F.);
#17218 = ORIENTED_EDGE('',*,*,#17219,.T.);
#17219 = EDGE_CURVE('',#12412,#17211,#17220,.T.);
#17220 = LINE('',#17221,#17222);
#17221 = CARTESIAN_POINT('',(3.16666674614,0.75,0.800314307213));
#17222 = VECTOR('',#17223,1.);
#17223 = DIRECTION('',(-0.696293287157,0.714616400155,6.707502433741E-02
    ));
#17224 = PLANE('',#17225);
#17225 = AXIS2_PLACEMENT_3D('',#17226,#17227,#17228);
#17226 = CARTESIAN_POINT('',(3.044871807098,0.786775164138,0.8120470047)
  );
#17227 = DIRECTION('',(9.588768778876E-02,0.,0.995392159569));
#17228 = DIRECTION('',(0.995392159569,0.,-9.588768778876E-02));
#17229 = ADVANCED_FACE('',(#17230),#17247,.T.);
#17230 = FACE_BOUND('',#17231,.T.);
#17231 = EDGE_LOOP('',(#17232,#17233,#17241));
#17232 = ORIENTED_EDGE('',*,*,#17219,.F.);
#17233 = ORIENTED_EDGE('',*,*,#17234,.T.);
#17234 = EDGE_CURVE('',#12412,#17235,#17237,.T.);
#17235 = VERTEX_POINT('',#17236);
#17236 = CARTESIAN_POINT('',(3.16666674614,1.,0.800314307213));
#17237 = LINE('',#17238,#17239);
#17238 = CARTESIAN_POINT('',(3.16666674614,0.75,0.800314307213));
#17239 = VECTOR('',#17240,1.);
#17240 = DIRECTION('',(0.,1.,0.));
#17241 = ORIENTED_EDGE('',*,*,#17242,.T.);
#17242 = EDGE_CURVE('',#17235,#17211,#17243,.T.);
#17243 = LINE('',#17244,#17245);
#17244 = CARTESIAN_POINT('',(3.16666674614,1.,0.800314307213));
#17245 = VECTOR('',#17246,1.);
#17246 = DIRECTION('',(-0.696293287157,-0.714616400155,
    6.707502433741E-02));
#17247 = PLANE('',#17248);
#17248 = AXIS2_PLACEMENT_3D('',#17249,#17250,#17251);
#17249 = CARTESIAN_POINT('',(3.131150073422,0.875,0.803735683996));
#17250 = DIRECTION('',(9.588768778876E-02,0.,0.995392159569));
#17251 = DIRECTION('',(0.995392159569,0.,-9.588768778876E-02));
#17252 = ADVANCED_FACE('',(#17253),#17268,.T.);
#17253 = FACE_BOUND('',#17254,.T.);
#17254 = EDGE_LOOP('',(#17255,#17256,#17262));
#17255 = ORIENTED_EDGE('',*,*,#17242,.F.);
#17256 = ORIENTED_EDGE('',*,*,#17257,.T.);
#17257 = EDGE_CURVE('',#17235,#17008,#17258,.T.);
#17258 = LINE('',#17259,#17260);
#17259 = CARTESIAN_POINT('',(3.16666674614,1.,0.800314307213));
#17260 = VECTOR('',#17261,1.);
#17261 = DIRECTION('',(-0.995392159569,0.,9.588768778876E-02));
#17262 = ORIENTED_EDGE('',*,*,#17263,.T.);
#17263 = EDGE_CURVE('',#17008,#17211,#17264,.T.);
#17264 = LINE('',#17265,#17266);
#17265 = CARTESIAN_POINT('',(2.923076868057,1.,0.823779702187));
#17266 = VECTOR('',#17267,1.);
#17267 = DIRECTION('',(0.696293287157,-0.714616400155,
    -6.707502433741E-02));
#17268 = PLANE('',#17269);
#17269 = AXIS2_PLACEMENT_3D('',#17270,#17271,#17272);
#17270 = CARTESIAN_POINT('',(3.044871807098,0.963224835862,0.8120470047)
  );
#17271 = DIRECTION('',(9.588768778876E-02,0.,0.995392159569));
#17272 = DIRECTION('',(0.995392159569,0.,-9.588768778876E-02));
#17273 = ADVANCED_FACE('',(#17274),#17279,.T.);
#17274 = FACE_BOUND('',#17275,.T.);
#17275 = EDGE_LOOP('',(#17276,#17277,#17278));
#17276 = ORIENTED_EDGE('',*,*,#17263,.F.);
#17277 = ORIENTED_EDGE('',*,*,#17007,.F.);
#17278 = ORIENTED_EDGE('',*,*,#17210,.F.);
#17279 = PLANE('',#17280);
#17280 = AXIS2_PLACEMENT_3D('',#17281,#17282,#17283);
#17281 = CARTESIAN_POINT('',(2.958593540775,0.875,0.820358325403));
#17282 = DIRECTION('',(9.588768778876E-02,0.,0.995392159569));
#17283 = DIRECTION('',(0.995392159569,0.,-9.588768778876E-02));
#17284 = ADVANCED_FACE('',(#17285),#17302,.T.);
#17285 = FACE_BOUND('',#17286,.T.);
#17286 = EDGE_LOOP('',(#17287,#17295,#17296));
#17287 = ORIENTED_EDGE('',*,*,#17288,.T.);
#17288 = EDGE_CURVE('',#17289,#17157,#17291,.T.);
#17289 = VERTEX_POINT('',#17290);
#17290 = CARTESIAN_POINT('',(3.044871807098,1.,0.312047034502));
#17291 = LINE('',#17292,#17293);
#17292 = CARTESIAN_POINT('',(3.044871807098,1.,0.312047034502));
#17293 = VECTOR('',#17294,1.);
#17294 = DIRECTION('',(0.231537447122,0.,-0.972825991933));
#17295 = ORIENTED_EDGE('',*,*,#17156,.F.);
#17296 = ORIENTED_EDGE('',*,*,#17297,.T.);
#17297 = EDGE_CURVE('',#16930,#17289,#17298,.T.);
#17298 = LINE('',#17299,#17300);
#17299 = CARTESIAN_POINT('',(2.923076868057,1.,-0.176220282912));
#17300 = VECTOR('',#17301,1.);
#17301 = DIRECTION('',(0.242027081696,0.,0.970269494381));
#17302 = PLANE('',#17303);
#17303 = AXIS2_PLACEMENT_3D('',#17304,#17305,#17306);
#17304 = CARTESIAN_POINT('',(3.045961598597,1.,1.391954484893E-02));
#17305 = DIRECTION('',(0.,1.,0.));
#17306 = DIRECTION('',(0.,-0.,1.));
#17307 = ADVANCED_FACE('',(#17308),#17318,.T.);
#17308 = FACE_BOUND('',#17309,.T.);
#17309 = EDGE_LOOP('',(#17310,#17311,#17312));
#17310 = ORIENTED_EDGE('',*,*,#17297,.F.);
#17311 = ORIENTED_EDGE('',*,*,#17117,.F.);
#17312 = ORIENTED_EDGE('',*,*,#17313,.T.);
#17313 = EDGE_CURVE('',#17008,#17289,#17314,.T.);
#17314 = LINE('',#17315,#17316);
#17315 = CARTESIAN_POINT('',(2.923076868057,1.,0.823779702187));
#17316 = VECTOR('',#17317,1.);
#17317 = DIRECTION('',(0.231537459884,0.,-0.972825988896));
#17318 = PLANE('',#17319);
#17319 = AXIS2_PLACEMENT_3D('',#17320,#17321,#17322);
#17320 = CARTESIAN_POINT('',(2.953964578099,1.,0.323612965182));
#17321 = DIRECTION('',(0.,1.,0.));
#17322 = DIRECTION('',(0.,-0.,1.));
#17323 = ADVANCED_FACE('',(#17324),#17334,.T.);
#17324 = FACE_BOUND('',#17325,.T.);
#17325 = EDGE_LOOP('',(#17326,#17327,#17328));
#17326 = ORIENTED_EDGE('',*,*,#17313,.F.);
#17327 = ORIENTED_EDGE('',*,*,#17257,.F.);
#17328 = ORIENTED_EDGE('',*,*,#17329,.T.);
#17329 = EDGE_CURVE('',#17235,#17289,#17330,.T.);
#17330 = LINE('',#17331,#17332);
#17331 = CARTESIAN_POINT('',(3.16666674614,1.,0.800314307213));
#17332 = VECTOR('',#17333,1.);
#17333 = DIRECTION('',(-0.242027102557,0.,-0.970269489177));
#17334 = PLANE('',#17335);
#17335 = AXIS2_PLACEMENT_3D('',#17336,#17337,#17338);
#17336 = CARTESIAN_POINT('',(3.043782014851,1.,0.610174505044));
#17337 = DIRECTION('',(0.,1.,0.));
#17338 = DIRECTION('',(0.,-0.,1.));
#17339 = ADVANCED_FACE('',(#17340),#17350,.T.);
#17340 = FACE_BOUND('',#17341,.T.);
#17341 = EDGE_LOOP('',(#17342,#17343,#17349));
#17342 = ORIENTED_EDGE('',*,*,#17329,.F.);
#17343 = ORIENTED_EDGE('',*,*,#17344,.T.);
#17344 = EDGE_CURVE('',#17235,#17157,#17345,.T.);
#17345 = LINE('',#17346,#17347);
#17346 = CARTESIAN_POINT('',(3.16666674614,1.,0.800314307213));
#17347 = VECTOR('',#17348,1.);
#17348 = DIRECTION('',(0.,0.,-1.));
#17349 = ORIENTED_EDGE('',*,*,#17288,.F.);
#17350 = PLANE('',#17351);
#17351 = AXIS2_PLACEMENT_3D('',#17352,#17353,#17354);
#17352 = CARTESIAN_POINT('',(3.135779036084,1.,0.300481067104));
#17353 = DIRECTION('',(0.,1.,0.));
#17354 = DIRECTION('',(0.,-0.,1.));
#17355 = ADVANCED_FACE('',(#17356),#17373,.T.);
#17356 = FACE_BOUND('',#17357,.T.);
#17357 = EDGE_LOOP('',(#17358,#17366,#17367));
#17358 = ORIENTED_EDGE('',*,*,#17359,.T.);
#17359 = EDGE_CURVE('',#17360,#12334,#17362,.T.);
#17360 = VERTEX_POINT('',#17361);
#17361 = CARTESIAN_POINT('',(3.288461446762,0.875,-0.181906059384));
#17362 = LINE('',#17363,#17364);
#17363 = CARTESIAN_POINT('',(3.288461446762,0.875,-0.181906059384));
#17364 = VECTOR('',#17365,1.);
#17365 = DIRECTION('',(-0.694270822697,-0.712542108922,-0.101349729962)
  );
#17366 = ORIENTED_EDGE('',*,*,#17179,.F.);
#17367 = ORIENTED_EDGE('',*,*,#17368,.T.);
#17368 = EDGE_CURVE('',#17157,#17360,#17369,.T.);
#17369 = LINE('',#17370,#17371);
#17370 = CARTESIAN_POINT('',(3.16666674614,1.,-0.199685662985));
#17371 = VECTOR('',#17372,1.);
#17372 = DIRECTION('',(0.694270822697,-0.712542108922,0.101349729962));
#17373 = PLANE('',#17374);
#17374 = AXIS2_PLACEMENT_3D('',#17375,#17376,#17377);
#17375 = CARTESIAN_POINT('',(3.202226368291,0.875,-0.194494665488));
#17376 = DIRECTION('',(0.144449102855,-0.,-0.9895122317));
#17377 = DIRECTION('',(-0.9895122317,0.,-0.144449102855));
#17378 = ADVANCED_FACE('',(#17379),#17396,.T.);
#17379 = FACE_BOUND('',#17380,.T.);
#17380 = EDGE_LOOP('',(#17381,#17382,#17390));
#17381 = ORIENTED_EDGE('',*,*,#17368,.F.);
#17382 = ORIENTED_EDGE('',*,*,#17383,.T.);
#17383 = EDGE_CURVE('',#17157,#17384,#17386,.T.);
#17384 = VERTEX_POINT('',#17385);
#17385 = CARTESIAN_POINT('',(3.410256385803,1.,-0.164126455784));
#17386 = LINE('',#17387,#17388);
#17387 = CARTESIAN_POINT('',(3.16666674614,1.,-0.199685662985));
#17388 = VECTOR('',#17389,1.);
#17389 = DIRECTION('',(0.989512251909,0.,0.144448964423));
#17390 = ORIENTED_EDGE('',*,*,#17391,.T.);
#17391 = EDGE_CURVE('',#17384,#17360,#17392,.T.);
#17392 = LINE('',#17393,#17394);
#17393 = CARTESIAN_POINT('',(3.410256385803,1.,-0.164126455784));
#17394 = VECTOR('',#17395,1.);
#17395 = DIRECTION('',(-0.694271526676,-0.712541436596,-0.101349634333)
  );
#17396 = PLANE('',#17397);
#17397 = AXIS2_PLACEMENT_3D('',#17398,#17399,#17400);
#17398 = CARTESIAN_POINT('',(3.288461547827,0.963270504527,
    -0.18190605692));
#17399 = DIRECTION('',(0.144448964423,-1.377572673973E-07,
    -0.989512251909));
#17400 = DIRECTION('',(-0.989512251909,3.517356574888E-24,
    -0.144448964423));
#17401 = ADVANCED_FACE('',(#17402),#17417,.T.);
#17402 = FACE_BOUND('',#17403,.T.);
#17403 = EDGE_LOOP('',(#17404,#17405,#17411));
#17404 = ORIENTED_EDGE('',*,*,#17391,.F.);
#17405 = ORIENTED_EDGE('',*,*,#17406,.T.);
#17406 = EDGE_CURVE('',#17384,#12490,#17407,.T.);
#17407 = LINE('',#17408,#17409);
#17408 = CARTESIAN_POINT('',(3.410256385803,1.,-0.164126455784));
#17409 = VECTOR('',#17410,1.);
#17410 = DIRECTION('',(0.,-1.,0.));
#17411 = ORIENTED_EDGE('',*,*,#17412,.T.);
#17412 = EDGE_CURVE('',#12490,#17360,#17413,.T.);
#17413 = LINE('',#17414,#17415);
#17414 = CARTESIAN_POINT('',(3.410256385803,0.75,-0.164126455784));
#17415 = VECTOR('',#17416,1.);
#17416 = DIRECTION('',(-0.694271526676,0.712541436596,-0.101349634333));
#17417 = PLANE('',#17418);
#17418 = AXIS2_PLACEMENT_3D('',#17419,#17420,#17421);
#17419 = CARTESIAN_POINT('',(3.374696680082,0.875,-0.169317455318));
#17420 = DIRECTION('',(0.14444882599,-0.,-0.989512272117));
#17421 = DIRECTION('',(-0.989512272117,0.,-0.14444882599));
#17422 = ADVANCED_FACE('',(#17423),#17428,.T.);
#17423 = FACE_BOUND('',#17424,.T.);
#17424 = EDGE_LOOP('',(#17425,#17426,#17427));
#17425 = ORIENTED_EDGE('',*,*,#17412,.F.);
#17426 = ORIENTED_EDGE('',*,*,#12489,.F.);
#17427 = ORIENTED_EDGE('',*,*,#17359,.F.);
#17428 = PLANE('',#17429);
#17429 = AXIS2_PLACEMENT_3D('',#17430,#17431,#17432);
#17430 = CARTESIAN_POINT('',(3.288461547827,0.786729495473,
    -0.18190605692));
#17431 = DIRECTION('',(0.144448964423,1.377572674037E-07,-0.989512251909
    ));
#17432 = DIRECTION('',(-0.989512251909,-1.02989316091E-24,
    -0.144448964423));
#17433 = ADVANCED_FACE('',(#17434),#17451,.T.);
#17434 = FACE_BOUND('',#17435,.T.);
#17435 = EDGE_LOOP('',(#17436,#17444,#17445));
#17436 = ORIENTED_EDGE('',*,*,#17437,.T.);
#17437 = EDGE_CURVE('',#17438,#12412,#17440,.T.);
#17438 = VERTEX_POINT('',#17439);
#17439 = CARTESIAN_POINT('',(3.288461446762,0.875,0.818093955517));
#17440 = LINE('',#17441,#17442);
#17441 = CARTESIAN_POINT('',(3.288461446762,0.875,0.818093955517));
#17442 = VECTOR('',#17443,1.);
#17443 = DIRECTION('',(-0.694270804767,-0.71254209052,-0.10134998217));
#17444 = ORIENTED_EDGE('',*,*,#12590,.F.);
#17445 = ORIENTED_EDGE('',*,*,#17446,.T.);
#17446 = EDGE_CURVE('',#12568,#17438,#17447,.T.);
#17447 = LINE('',#17448,#17449);
#17448 = CARTESIAN_POINT('',(3.410256385803,0.75,0.835873544216));
#17449 = VECTOR('',#17450,1.);
#17450 = DIRECTION('',(-0.694271532653,0.712541442731,-0.101349550264));
#17451 = PLANE('',#17452);
#17452 = AXIS2_PLACEMENT_3D('',#17453,#17454,#17455);
#17453 = CARTESIAN_POINT('',(3.288461547211,0.786729495338,
    0.818093936846));
#17454 = DIRECTION('',(-0.14444908296,-3.736754814254E-07,0.989512234604
    ));
#17455 = DIRECTION('',(0.989512234605,-2.082046403399E-24,0.14444908296)
  );
#17456 = ADVANCED_FACE('',(#17457),#17474,.T.);
#17457 = FACE_BOUND('',#17458,.T.);
#17458 = EDGE_LOOP('',(#17459,#17460,#17468));
#17459 = ORIENTED_EDGE('',*,*,#17446,.F.);
#17460 = ORIENTED_EDGE('',*,*,#17461,.T.);
#17461 = EDGE_CURVE('',#12568,#17462,#17464,.T.);
#17462 = VERTEX_POINT('',#17463);
#17463 = CARTESIAN_POINT('',(3.410256385803,1.,0.835873544216));
#17464 = LINE('',#17465,#17466);
#17465 = CARTESIAN_POINT('',(3.410256385803,0.75,0.835873544216));
#17466 = VECTOR('',#17467,1.);
#17467 = DIRECTION('',(0.,1.,0.));
#17468 = ORIENTED_EDGE('',*,*,#17469,.T.);
#17469 = EDGE_CURVE('',#17462,#17438,#17470,.T.);
#17470 = LINE('',#17471,#17472);
#17471 = CARTESIAN_POINT('',(3.410256385803,1.,0.835873544216));
#17472 = VECTOR('',#17473,1.);
#17473 = DIRECTION('',(-0.694271532653,-0.712541442731,-0.101349550264)
  );
#17474 = PLANE('',#17475);
#17475 = AXIS2_PLACEMENT_3D('',#17476,#17477,#17478);
#17476 = CARTESIAN_POINT('',(3.374696680209,0.875,0.830682549051));
#17477 = DIRECTION('',(-0.144448707453,0.,0.989512289421));
#17478 = DIRECTION('',(0.989512289421,0.,0.144448707453));
#17479 = ADVANCED_FACE('',(#17480),#17495,.T.);
#17480 = FACE_BOUND('',#17481,.T.);
#17481 = EDGE_LOOP('',(#17482,#17483,#17489));
#17482 = ORIENTED_EDGE('',*,*,#17469,.F.);
#17483 = ORIENTED_EDGE('',*,*,#17484,.T.);
#17484 = EDGE_CURVE('',#17462,#17235,#17485,.T.);
#17485 = LINE('',#17486,#17487);
#17486 = CARTESIAN_POINT('',(3.410256385803,1.,0.835873544216));
#17487 = VECTOR('',#17488,1.);
#17488 = DIRECTION('',(-0.989512234605,0.,-0.14444908296));
#17489 = ORIENTED_EDGE('',*,*,#17490,.T.);
#17490 = EDGE_CURVE('',#17235,#17438,#17491,.T.);
#17491 = LINE('',#17492,#17493);
#17492 = CARTESIAN_POINT('',(3.16666674614,1.,0.800314307213));
#17493 = VECTOR('',#17494,1.);
#17494 = DIRECTION('',(0.694270804767,-0.71254209052,0.10134998217));
#17495 = PLANE('',#17496);
#17496 = AXIS2_PLACEMENT_3D('',#17497,#17498,#17499);
#17497 = CARTESIAN_POINT('',(3.288461547211,0.963270504662,
    0.818093936846));
#17498 = DIRECTION('',(-0.14444908296,3.736754814246E-07,0.989512234604)
  );
#17499 = DIRECTION('',(0.989512234605,6.37824427932E-24,0.14444908296));
#17500 = ADVANCED_FACE('',(#17501),#17506,.T.);
#17501 = FACE_BOUND('',#17502,.T.);
#17502 = EDGE_LOOP('',(#17503,#17504,#17505));
#17503 = ORIENTED_EDGE('',*,*,#17490,.F.);
#17504 = ORIENTED_EDGE('',*,*,#17234,.F.);
#17505 = ORIENTED_EDGE('',*,*,#17437,.F.);
#17506 = PLANE('',#17507);
#17507 = AXIS2_PLACEMENT_3D('',#17508,#17509,#17510);
#17508 = CARTESIAN_POINT('',(3.202226368673,0.875,0.805505317817));
#17509 = DIRECTION('',(-0.144449458467,0.,0.989512179788));
#17510 = DIRECTION('',(0.989512179788,0.,0.144449458467));
#17511 = ADVANCED_FACE('',(#17512),#17529,.T.);
#17512 = FACE_BOUND('',#17513,.T.);
#17513 = EDGE_LOOP('',(#17514,#17522,#17523));
#17514 = ORIENTED_EDGE('',*,*,#17515,.T.);
#17515 = EDGE_CURVE('',#17516,#17384,#17518,.T.);
#17516 = VERTEX_POINT('',#17517);
#17517 = CARTESIAN_POINT('',(3.288461446762,1.,0.318093955517));
#17518 = LINE('',#17519,#17520);
#17519 = CARTESIAN_POINT('',(3.288461446762,1.,0.318093955517));
#17520 = VECTOR('',#17521,1.);
#17521 = DIRECTION('',(0.244881096163,0.,-0.969553118061));
#17522 = ORIENTED_EDGE('',*,*,#17383,.F.);
#17523 = ORIENTED_EDGE('',*,*,#17524,.T.);
#17524 = EDGE_CURVE('',#17157,#17516,#17525,.T.);
#17525 = LINE('',#17526,#17527);
#17526 = CARTESIAN_POINT('',(3.16666674614,1.,-0.199685662985));
#17527 = VECTOR('',#17528,1.);
#17528 = DIRECTION('',(0.228975563343,0.,0.973432170925));
#17529 = PLANE('',#17530);
#17530 = AXIS2_PLACEMENT_3D('',#17531,#17532,#17533);
#17531 = CARTESIAN_POINT('',(3.2868120016,1.,1.960113584044E-02));
#17532 = DIRECTION('',(0.,1.,0.));
#17533 = DIRECTION('',(0.,-0.,1.));
#17534 = ADVANCED_FACE('',(#17535),#17545,.T.);
#17535 = FACE_BOUND('',#17536,.T.);
#17536 = EDGE_LOOP('',(#17537,#17538,#17539));
#17537 = ORIENTED_EDGE('',*,*,#17524,.F.);
#17538 = ORIENTED_EDGE('',*,*,#17344,.F.);
#17539 = ORIENTED_EDGE('',*,*,#17540,.T.);
#17540 = EDGE_CURVE('',#17235,#17516,#17541,.T.);
#17541 = LINE('',#17542,#17543);
#17542 = CARTESIAN_POINT('',(3.16666674614,1.,0.800314307213));
#17543 = VECTOR('',#17544,1.);
#17544 = DIRECTION('',(0.244880673997,0.,-0.969553224688));
#17545 = PLANE('',#17546);
#17546 = AXIS2_PLACEMENT_3D('',#17547,#17548,#17549);
#17547 = CARTESIAN_POINT('',(3.197554681767,1.,0.300567168088));
#17548 = DIRECTION('',(0.,1.,0.));
#17549 = DIRECTION('',(0.,-0.,1.));
#17550 = ADVANCED_FACE('',(#17551),#17561,.T.);
#17551 = FACE_BOUND('',#17552,.T.);
#17552 = EDGE_LOOP('',(#17553,#17554,#17555));
#17553 = ORIENTED_EDGE('',*,*,#17540,.F.);
#17554 = ORIENTED_EDGE('',*,*,#17484,.F.);
#17555 = ORIENTED_EDGE('',*,*,#17556,.T.);
#17556 = EDGE_CURVE('',#17462,#17516,#17557,.T.);
#17557 = LINE('',#17558,#17559);
#17558 = CARTESIAN_POINT('',(3.410256385803,1.,0.835873544216));
#17559 = VECTOR('',#17560,1.);
#17560 = DIRECTION('',(-0.228976000561,0.,-0.97343206808));
#17561 = PLANE('',#17562);
#17562 = AXIS2_PLACEMENT_3D('',#17563,#17564,#17565);
#17563 = CARTESIAN_POINT('',(3.290111041022,1.,0.616586753842));
#17564 = DIRECTION('',(0.,1.,0.));
#17565 = DIRECTION('',(0.,-0.,1.));
#17566 = ADVANCED_FACE('',(#17567),#17577,.T.);
#17567 = FACE_BOUND('',#17568,.T.);
#17568 = EDGE_LOOP('',(#17569,#17570,#17576));
#17569 = ORIENTED_EDGE('',*,*,#17556,.F.);
#17570 = ORIENTED_EDGE('',*,*,#17571,.T.);
#17571 = EDGE_CURVE('',#17462,#17384,#17572,.T.);
#17572 = LINE('',#17573,#17574);
#17573 = CARTESIAN_POINT('',(3.410256385803,1.,0.835873544216));
#17574 = VECTOR('',#17575,1.);
#17575 = DIRECTION('',(0.,0.,-1.));
#17576 = ORIENTED_EDGE('',*,*,#17515,.F.);
#17577 = PLANE('',#17578);
#17578 = AXIS2_PLACEMENT_3D('',#17579,#17580,#17581);
#17579 = CARTESIAN_POINT('',(3.379368388069,1.,0.335620697946));
#17580 = DIRECTION('',(0.,1.,0.));
#17581 = DIRECTION('',(0.,-0.,1.));
#17582 = ADVANCED_FACE('',(#17583),#17600,.T.);
#17583 = FACE_BOUND('',#17584,.T.);
#17584 = EDGE_LOOP('',(#17585,#17593,#17594));
#17585 = ORIENTED_EDGE('',*,*,#17586,.T.);
#17586 = EDGE_CURVE('',#17587,#12490,#17589,.T.);
#17587 = VERTEX_POINT('',#17588);
#17588 = CARTESIAN_POINT('',(3.532051324844,0.875,-0.117884323001));
#17589 = LINE('',#17590,#17591);
#17590 = CARTESIAN_POINT('',(3.532051324844,0.875,-0.117884323001));
#17591 = VECTOR('',#17592,1.);
#17592 = DIRECTION('',(-0.674587279811,-0.692339194389,-0.256121927662)
  );
#17593 = ORIENTED_EDGE('',*,*,#17406,.F.);
#17594 = ORIENTED_EDGE('',*,*,#17595,.T.);
#17595 = EDGE_CURVE('',#17384,#17587,#17596,.T.);
#17596 = LINE('',#17597,#17598);
#17597 = CARTESIAN_POINT('',(3.410256385803,1.,-0.164126455784));
#17598 = VECTOR('',#17599,1.);
#17599 = DIRECTION('',(0.674587279811,-0.692339194389,0.256121927662));
#17600 = PLANE('',#17601);
#17601 = AXIS2_PLACEMENT_3D('',#17602,#17603,#17604);
#17602 = CARTESIAN_POINT('',(3.446240584315,0.875,-0.150464261782));
#17603 = DIRECTION('',(0.35494982711,-0.,-0.934885351385));
#17604 = DIRECTION('',(-0.934885351385,0.,-0.35494982711));
#17605 = ADVANCED_FACE('',(#17606),#17623,.T.);
#17606 = FACE_BOUND('',#17607,.T.);
#17607 = EDGE_LOOP('',(#17608,#17609,#17617));
#17608 = ORIENTED_EDGE('',*,*,#17595,.F.);
#17609 = ORIENTED_EDGE('',*,*,#17610,.T.);
#17610 = EDGE_CURVE('',#17384,#17611,#17613,.T.);
#17611 = VERTEX_POINT('',#17612);
#17612 = CARTESIAN_POINT('',(3.653846263885,1.,-7.164218276739E-02));
#17613 = LINE('',#17614,#17615);
#17614 = CARTESIAN_POINT('',(3.410256385803,1.,-0.164126455784));
#17615 = VECTOR('',#17616,1.);
#17616 = DIRECTION('',(0.934885341896,0.,0.354949852103));
#17617 = ORIENTED_EDGE('',*,*,#17618,.T.);
#17618 = EDGE_CURVE('',#17611,#17587,#17619,.T.);
#17619 = LINE('',#17620,#17621);
#17620 = CARTESIAN_POINT('',(3.653846263885,1.,-7.164218276739E-02));
#17621 = VECTOR('',#17622,1.);
#17622 = DIRECTION('',(-0.674587272681,-0.692339187072,-0.256121966222)
  );
#17623 = PLANE('',#17624);
#17624 = AXIS2_PLACEMENT_3D('',#17625,#17626,#17627);
#17625 = CARTESIAN_POINT('',(3.532051325031,0.963695975185,
    -0.117884320287));
#17626 = DIRECTION('',(0.354949852103,2.786175435602E-08,-0.934885341896
    ));
#17627 = DIRECTION('',(-0.934885341896,1.619005257858E-25,
    -0.354949852103));
#17628 = ADVANCED_FACE('',(#17629),#17644,.T.);
#17629 = FACE_BOUND('',#17630,.T.);
#17630 = EDGE_LOOP('',(#17631,#17632,#17638));
#17631 = ORIENTED_EDGE('',*,*,#17618,.F.);
#17632 = ORIENTED_EDGE('',*,*,#17633,.T.);
#17633 = EDGE_CURVE('',#17611,#12646,#17634,.T.);
#17634 = LINE('',#17635,#17636);
#17635 = CARTESIAN_POINT('',(3.653846263885,1.,-7.164218276739E-02));
#17636 = VECTOR('',#17637,1.);
#17637 = DIRECTION('',(0.,-1.,0.));
#17638 = ORIENTED_EDGE('',*,*,#17639,.T.);
#17639 = EDGE_CURVE('',#12646,#17587,#17640,.T.);
#17640 = LINE('',#17641,#17642);
#17641 = CARTESIAN_POINT('',(3.653846263885,0.75,-7.164218276739E-02));
#17642 = VECTOR('',#17643,1.);
#17643 = DIRECTION('',(-0.674587272681,0.692339187072,-0.256121966222));
#17644 = PLANE('',#17645);
#17645 = AXIS2_PLACEMENT_3D('',#17646,#17647,#17648);
#17646 = CARTESIAN_POINT('',(3.617862065218,0.875,-8.530437903005E-02));
#17647 = DIRECTION('',(0.354949877095,-0.,-0.934885332407));
#17648 = DIRECTION('',(-0.934885332407,0.,-0.354949877095));
#17649 = ADVANCED_FACE('',(#17650),#17655,.T.);
#17650 = FACE_BOUND('',#17651,.T.);
#17651 = EDGE_LOOP('',(#17652,#17653,#17654));
#17652 = ORIENTED_EDGE('',*,*,#17639,.F.);
#17653 = ORIENTED_EDGE('',*,*,#12645,.F.);
#17654 = ORIENTED_EDGE('',*,*,#17586,.F.);
#17655 = PLANE('',#17656);
#17656 = AXIS2_PLACEMENT_3D('',#17657,#17658,#17659);
#17657 = CARTESIAN_POINT('',(3.532051325031,0.786304024815,
    -0.117884320287));
#17658 = DIRECTION('',(0.354949852103,-2.786175436007E-08,
    -0.934885341896));
#17659 = DIRECTION('',(-0.934885341896,-5.485646426199E-25,
    -0.354949852103));
#17660 = ADVANCED_FACE('',(#17661),#17678,.T.);
#17661 = FACE_BOUND('',#17662,.T.);
#17662 = EDGE_LOOP('',(#17663,#17671,#17672));
#17663 = ORIENTED_EDGE('',*,*,#17664,.T.);
#17664 = EDGE_CURVE('',#17665,#12568,#17667,.T.);
#17665 = VERTEX_POINT('',#17666);
#17666 = CARTESIAN_POINT('',(3.532051324844,0.875,0.882115662098));
#17667 = LINE('',#17668,#17669);
#17668 = CARTESIAN_POINT('',(3.532051324844,0.875,0.882115662098));
#17669 = VECTOR('',#17670,1.);
#17670 = DIRECTION('',(-0.674587294071,-0.692339209024,-0.256121850543)
  );
#17671 = ORIENTED_EDGE('',*,*,#12746,.F.);
#17672 = ORIENTED_EDGE('',*,*,#17673,.T.);
#17673 = EDGE_CURVE('',#12724,#17665,#17674,.T.);
#17674 = LINE('',#17675,#17676);
#17675 = CARTESIAN_POINT('',(3.653846263885,0.75,0.928357839584));
#17676 = VECTOR('',#17677,1.);
#17677 = DIRECTION('',(-0.674587237032,0.692339150484,-0.25612215902));
#17678 = PLANE('',#17679);
#17679 = AXIS2_PLACEMENT_3D('',#17680,#17681,#17682);
#17680 = CARTESIAN_POINT('',(3.53205132634,0.786304024593,0.882115683812
    ));
#17681 = DIRECTION('',(-0.354949927079,2.228940280801E-07,0.93488531343)
  );
#17682 = DIRECTION('',(0.93488531343,2.528696825181E-24,0.354949927079)
  );
#17683 = ADVANCED_FACE('',(#17684),#17701,.T.);
#17684 = FACE_BOUND('',#17685,.T.);
#17685 = EDGE_LOOP('',(#17686,#17687,#17695));
#17686 = ORIENTED_EDGE('',*,*,#17673,.F.);
#17687 = ORIENTED_EDGE('',*,*,#17688,.T.);
#17688 = EDGE_CURVE('',#12724,#17689,#17691,.T.);
#17689 = VERTEX_POINT('',#17690);
#17690 = CARTESIAN_POINT('',(3.653846263885,1.,0.928357839584));
#17691 = LINE('',#17692,#17693);
#17692 = CARTESIAN_POINT('',(3.653846263885,0.75,0.928357839584));
#17693 = VECTOR('',#17694,1.);
#17694 = DIRECTION('',(0.,1.,0.));
#17695 = ORIENTED_EDGE('',*,*,#17696,.T.);
#17696 = EDGE_CURVE('',#17689,#17665,#17697,.T.);
#17697 = LINE('',#17698,#17699);
#17698 = CARTESIAN_POINT('',(3.653846263885,1.,0.928357839584));
#17699 = VECTOR('',#17700,1.);
#17700 = DIRECTION('',(-0.674587237032,-0.692339150484,-0.25612215902));
#17701 = PLANE('',#17702);
#17702 = AXIS2_PLACEMENT_3D('',#17703,#17704,#17705);
#17703 = CARTESIAN_POINT('',(3.61786206444,0.875,0.91469563202));
#17704 = DIRECTION('',(-0.354950127018,0.,0.934885237519));
#17705 = DIRECTION('',(0.934885237519,0.,0.354950127018));
#17706 = ADVANCED_FACE('',(#17707),#17722,.T.);
#17707 = FACE_BOUND('',#17708,.T.);
#17708 = EDGE_LOOP('',(#17709,#17710,#17716));
#17709 = ORIENTED_EDGE('',*,*,#17696,.F.);
#17710 = ORIENTED_EDGE('',*,*,#17711,.T.);
#17711 = EDGE_CURVE('',#17689,#17462,#17712,.T.);
#17712 = LINE('',#17713,#17714);
#17713 = CARTESIAN_POINT('',(3.653846263885,1.,0.928357839584));
#17714 = VECTOR('',#17715,1.);
#17715 = DIRECTION('',(-0.93488531343,0.,-0.354949927079));
#17716 = ORIENTED_EDGE('',*,*,#17717,.T.);
#17717 = EDGE_CURVE('',#17462,#17665,#17718,.T.);
#17718 = LINE('',#17719,#17720);
#17719 = CARTESIAN_POINT('',(3.410256385803,1.,0.835873544216));
#17720 = VECTOR('',#17721,1.);
#17721 = DIRECTION('',(0.674587294071,-0.692339209024,0.256121850543));
#17722 = PLANE('',#17723);
#17723 = AXIS2_PLACEMENT_3D('',#17724,#17725,#17726);
#17724 = CARTESIAN_POINT('',(3.53205132634,0.963695975407,0.882115683812
    ));
#17725 = DIRECTION('',(-0.354949927079,-2.22894028054E-07,0.93488531343)
  );
#17726 = DIRECTION('',(0.93488531343,8.695498592702E-24,0.354949927079)
  );
#17727 = ADVANCED_FACE('',(#17728),#17733,.T.);
#17728 = FACE_BOUND('',#17729,.T.);
#17729 = EDGE_LOOP('',(#17730,#17731,#17732));
#17730 = ORIENTED_EDGE('',*,*,#17717,.F.);
#17731 = ORIENTED_EDGE('',*,*,#17461,.F.);
#17732 = ORIENTED_EDGE('',*,*,#17664,.F.);
#17733 = PLANE('',#17734);
#17734 = AXIS2_PLACEMENT_3D('',#17735,#17736,#17737);
#17735 = CARTESIAN_POINT('',(3.446240584004,0.875,0.849535733698));
#17736 = DIRECTION('',(-0.354949727141,0.,0.934885389341));
#17737 = DIRECTION('',(0.934885389341,0.,0.354949727141));
#17738 = ADVANCED_FACE('',(#17739),#17756,.T.);
#17739 = FACE_BOUND('',#17740,.T.);
#17740 = EDGE_LOOP('',(#17741,#17749,#17750));
#17741 = ORIENTED_EDGE('',*,*,#17742,.T.);
#17742 = EDGE_CURVE('',#17743,#17611,#17745,.T.);
#17743 = VERTEX_POINT('',#17744);
#17744 = CARTESIAN_POINT('',(3.532051324844,1.,0.3821156919));
#17745 = LINE('',#17746,#17747);
#17746 = CARTESIAN_POINT('',(3.532051324844,1.,0.3821156919));
#17747 = VECTOR('',#17748,1.);
#17748 = DIRECTION('',(0.259237812568,0.,-0.96581352058));
#17749 = ORIENTED_EDGE('',*,*,#17610,.F.);
#17750 = ORIENTED_EDGE('',*,*,#17751,.T.);
#17751 = EDGE_CURVE('',#17384,#17743,#17752,.T.);
#17752 = LINE('',#17753,#17754);
#17753 = CARTESIAN_POINT('',(3.410256385803,1.,-0.164126455784));
#17754 = VECTOR('',#17755,1.);
#17755 = DIRECTION('',(0.217624766922,0.,0.976032510126));
#17756 = PLANE('',#17757);
#17757 = AXIS2_PLACEMENT_3D('',#17758,#17759,#17760);
#17758 = CARTESIAN_POINT('',(3.527810491508,1.,8.001144283587E-02));
#17759 = DIRECTION('',(0.,1.,0.));
#17760 = DIRECTION('',(0.,-0.,1.));
#17761 = ADVANCED_FACE('',(#17762),#17772,.T.);
#17762 = FACE_BOUND('',#17763,.T.);
#17763 = EDGE_LOOP('',(#17764,#17765,#17766));
#17764 = ORIENTED_EDGE('',*,*,#17751,.F.);
#17765 = ORIENTED_EDGE('',*,*,#17571,.F.);
#17766 = ORIENTED_EDGE('',*,*,#17767,.T.);
#17767 = EDGE_CURVE('',#17462,#17743,#17768,.T.);
#17768 = LINE('',#17769,#17770);
#17769 = CARTESIAN_POINT('',(3.410256385803,1.,0.835873544216));
#17770 = VECTOR('',#17771,1.);
#17771 = DIRECTION('',(0.259237824479,0.,-0.965813517383));
#17772 = PLANE('',#17773);
#17773 = AXIS2_PLACEMENT_3D('',#17774,#17775,#17776);
#17774 = CARTESIAN_POINT('',(3.44114734174,1.,0.336535526222));
#17775 = DIRECTION('',(0.,1.,0.));
#17776 = DIRECTION('',(0.,-0.,1.));
#17777 = ADVANCED_FACE('',(#17778),#17788,.T.);
#17778 = FACE_BOUND('',#17779,.T.);
#17779 = EDGE_LOOP('',(#17780,#17781,#17782));
#17780 = ORIENTED_EDGE('',*,*,#17767,.F.);
#17781 = ORIENTED_EDGE('',*,*,#17711,.F.);
#17782 = ORIENTED_EDGE('',*,*,#17783,.T.);
#17783 = EDGE_CURVE('',#17689,#17743,#17784,.T.);
#17784 = LINE('',#17785,#17786);
#17785 = CARTESIAN_POINT('',(3.653846263885,1.,0.928357839584));
#17786 = VECTOR('',#17787,1.);
#17787 = DIRECTION('',(-0.217624766922,0.,-0.976032510126));
#17788 = PLANE('',#17789);
#17789 = AXIS2_PLACEMENT_3D('',#17790,#17791,#17792);
#17790 = CARTESIAN_POINT('',(3.536292159245,1.,0.684219937113));
#17791 = DIRECTION('',(0.,1.,0.));
#17792 = DIRECTION('',(0.,-0.,1.));
#17793 = ADVANCED_FACE('',(#17794),#17804,.T.);
#17794 = FACE_BOUND('',#17795,.T.);
#17795 = EDGE_LOOP('',(#17796,#17797,#17803));
#17796 = ORIENTED_EDGE('',*,*,#17783,.F.);
#17797 = ORIENTED_EDGE('',*,*,#17798,.T.);
#17798 = EDGE_CURVE('',#17689,#17611,#17799,.T.);
#17799 = LINE('',#17800,#17801);
#17800 = CARTESIAN_POINT('',(3.653846263885,1.,0.928357839584));
#17801 = VECTOR('',#17802,1.);
#17802 = DIRECTION('',(0.,0.,-1.));
#17803 = ORIENTED_EDGE('',*,*,#17742,.F.);
#17804 = PLANE('',#17805);
#17805 = AXIS2_PLACEMENT_3D('',#17806,#17807,#17808);
#17806 = CARTESIAN_POINT('',(3.62295530797,1.,0.427695846594));
#17807 = DIRECTION('',(0.,1.,0.));
#17808 = DIRECTION('',(0.,-0.,1.));
#17809 = ADVANCED_FACE('',(#17810),#17827,.T.);
#17810 = FACE_BOUND('',#17811,.T.);
#17811 = EDGE_LOOP('',(#17812,#17820,#17821));
#17812 = ORIENTED_EDGE('',*,*,#17813,.T.);
#17813 = EDGE_CURVE('',#17814,#12646,#17816,.T.);
#17814 = VERTEX_POINT('',#17815);
#17815 = CARTESIAN_POINT('',(3.775640964508,0.875,3.321980475448E-04));
#17816 = LINE('',#17817,#17818);
#17817 = CARTESIAN_POINT('',(3.775640964508,0.875,3.321980475448E-04));
#17818 = VECTOR('',#17819,1.);
#17819 = DIRECTION('',(-0.645154973578,-0.662133666613,-0.38125328537));
#17820 = ORIENTED_EDGE('',*,*,#17633,.F.);
#17821 = ORIENTED_EDGE('',*,*,#17822,.T.);
#17822 = EDGE_CURVE('',#17611,#17814,#17823,.T.);
#17823 = LINE('',#17824,#17825);
#17824 = CARTESIAN_POINT('',(3.653846263885,1.,-7.164218276739E-02));
#17825 = VECTOR('',#17826,1.);
#17826 = DIRECTION('',(0.645154973578,-0.662133666613,0.38125328537));
#17827 = PLANE('',#17828);
#17828 = AXIS2_PLACEMENT_3D('',#17829,#17830,#17831);
#17829 = CARTESIAN_POINT('',(3.690484322265,0.875,-4.999098158524E-02));
#17830 = DIRECTION('',(0.508754381295,-0.,-0.860911714122));
#17831 = DIRECTION('',(-0.860911714122,0.,-0.508754381295));
#17832 = ADVANCED_FACE('',(#17833),#17850,.T.);
#17833 = FACE_BOUND('',#17834,.T.);
#17834 = EDGE_LOOP('',(#17835,#17836,#17844));
#17835 = ORIENTED_EDGE('',*,*,#17822,.F.);
#17836 = ORIENTED_EDGE('',*,*,#17837,.T.);
#17837 = EDGE_CURVE('',#17611,#17838,#17840,.T.);
#17838 = VERTEX_POINT('',#17839);
#17839 = CARTESIAN_POINT('',(3.897435903549,1.,7.230658084154E-02));
#17840 = LINE('',#17841,#17842);
#17841 = CARTESIAN_POINT('',(3.653846263885,1.,-7.164218276739E-02));
#17842 = VECTOR('',#17843,1.);
#17843 = DIRECTION('',(0.860911929159,0.,0.508754017411));
#17844 = ORIENTED_EDGE('',*,*,#17845,.T.);
#17845 = EDGE_CURVE('',#17838,#17814,#17846,.T.);
#17846 = LINE('',#17847,#17848);
#17847 = CARTESIAN_POINT('',(3.897435903549,1.,7.230658084154E-02));
#17848 = VECTOR('',#17849,1.);
#17849 = DIRECTION('',(-0.64515570826,-0.662133124474,-0.381252983692));
#17850 = PLANE('',#17851);
#17851 = AXIS2_PLACEMENT_3D('',#17852,#17853,#17854);
#17852 = CARTESIAN_POINT('',(3.775641063897,0.964273179133,
    3.322071759056E-04));
#17853 = DIRECTION('',(0.508754017411,-4.783704526832E-07,
    -0.860911929159));
#17854 = DIRECTION('',(-0.860911929159,2.210046085251E-23,
    -0.508754017411));
#17855 = ADVANCED_FACE('',(#17856),#17871,.T.);
#17856 = FACE_BOUND('',#17857,.T.);
#17857 = EDGE_LOOP('',(#17858,#17859,#17865));
#17858 = ORIENTED_EDGE('',*,*,#17845,.F.);
#17859 = ORIENTED_EDGE('',*,*,#17860,.T.);
#17860 = EDGE_CURVE('',#17838,#12802,#17861,.T.);
#17861 = LINE('',#17862,#17863);
#17862 = CARTESIAN_POINT('',(3.897435903549,1.,7.230658084154E-02));
#17863 = VECTOR('',#17864,1.);
#17864 = DIRECTION('',(0.,-1.,0.));
#17865 = ORIENTED_EDGE('',*,*,#17866,.T.);
#17866 = EDGE_CURVE('',#12802,#17814,#17867,.T.);
#17867 = LINE('',#17868,#17869);
#17868 = CARTESIAN_POINT('',(3.897435903549,0.75,7.230658084154E-02));
#17869 = VECTOR('',#17870,1.);
#17870 = DIRECTION('',(-0.64515570826,0.662133124474,-0.381252983692));
#17871 = PLANE('',#17872);
#17872 = AXIS2_PLACEMENT_3D('',#17873,#17874,#17875);
#17873 = CARTESIAN_POINT('',(3.860797761499,0.875,5.065537200207E-02));
#17874 = DIRECTION('',(0.508753653527,-0.,-0.860912144195));
#17875 = DIRECTION('',(-0.860912144195,0.,-0.508753653527));
#17876 = ADVANCED_FACE('',(#17877),#17882,.T.);
#17877 = FACE_BOUND('',#17878,.T.);
#17878 = EDGE_LOOP('',(#17879,#17880,#17881));
#17879 = ORIENTED_EDGE('',*,*,#17866,.F.);
#17880 = ORIENTED_EDGE('',*,*,#12801,.F.);
#17881 = ORIENTED_EDGE('',*,*,#17813,.F.);
#17882 = PLANE('',#17883);
#17883 = AXIS2_PLACEMENT_3D('',#17884,#17885,#17886);
#17884 = CARTESIAN_POINT('',(3.775641063897,0.785726820867,
    3.322071759056E-04));
#17885 = DIRECTION('',(0.508754017411,4.783704526596E-07,-0.860911929159
    ));
#17886 = DIRECTION('',(-0.860911929159,-1.723312261432E-23,
    -0.508754017411));
#17887 = ADVANCED_FACE('',(#17888),#17905,.T.);
#17888 = FACE_BOUND('',#17889,.T.);
#17889 = EDGE_LOOP('',(#17890,#17898,#17899));
#17890 = ORIENTED_EDGE('',*,*,#17891,.T.);
#17891 = EDGE_CURVE('',#17892,#12724,#17894,.T.);
#17892 = VERTEX_POINT('',#17893);
#17893 = CARTESIAN_POINT('',(3.775640964508,0.875,1.00033223629));
#17894 = LINE('',#17895,#17896);
#17895 = CARTESIAN_POINT('',(3.775640964508,0.875,1.00033223629));
#17896 = VECTOR('',#17897,1.);
#17897 = DIRECTION('',(-0.645154952874,-0.662133645364,-0.381253357309)
  );
#17898 = ORIENTED_EDGE('',*,*,#12902,.F.);
#17899 = ORIENTED_EDGE('',*,*,#17900,.T.);
#17900 = EDGE_CURVE('',#12880,#17892,#17901,.T.);
#17901 = LINE('',#17902,#17903);
#17902 = CARTESIAN_POINT('',(3.897435903549,0.75,1.072306632996));
#17903 = VECTOR('',#17904,1.);
#17904 = DIRECTION('',(-0.645155690134,0.662133105872,-0.381253046672));
#17905 = PLANE('',#17906);
#17906 = AXIS2_PLACEMENT_3D('',#17907,#17908,#17909);
#17907 = CARTESIAN_POINT('',(3.775641063827,0.785726820508,
    1.000332244671));
#17908 = DIRECTION('',(-0.508754095478,-4.851857142359E-07,
    0.860911883025));
#17909 = DIRECTION('',(0.860911883025,-2.381789938537E-23,0.508754095478
    ));
#17910 = ADVANCED_FACE('',(#17911),#17928,.T.);
#17911 = FACE_BOUND('',#17912,.T.);
#17912 = EDGE_LOOP('',(#17913,#17914,#17922));
#17913 = ORIENTED_EDGE('',*,*,#17900,.F.);
#17914 = ORIENTED_EDGE('',*,*,#17915,.T.);
#17915 = EDGE_CURVE('',#12880,#17916,#17918,.T.);
#17916 = VERTEX_POINT('',#17917);
#17917 = CARTESIAN_POINT('',(3.897435903549,1.,1.072306632996));
#17918 = LINE('',#17919,#17920);
#17919 = CARTESIAN_POINT('',(3.897435903549,0.75,1.072306632996));
#17920 = VECTOR('',#17921,1.);
#17921 = DIRECTION('',(0.,1.,0.));
#17922 = ORIENTED_EDGE('',*,*,#17923,.T.);
#17923 = EDGE_CURVE('',#17916,#17892,#17924,.T.);
#17924 = LINE('',#17925,#17926);
#17925 = CARTESIAN_POINT('',(3.897435903549,1.,1.072306632996));
#17926 = VECTOR('',#17927,1.);
#17927 = DIRECTION('',(-0.645155690134,-0.662133105872,-0.381253046672)
  );
#17928 = PLANE('',#17929);
#17929 = AXIS2_PLACEMENT_3D('',#17930,#17931,#17932);
#17930 = CARTESIAN_POINT('',(3.860797761089,0.875,1.050655419729));
#17931 = DIRECTION('',(-0.50875372641,0.,0.860912101125));
#17932 = DIRECTION('',(0.860912101125,0.,0.50875372641));
#17933 = ADVANCED_FACE('',(#17934),#17949,.T.);
#17934 = FACE_BOUND('',#17935,.T.);
#17935 = EDGE_LOOP('',(#17936,#17937,#17943));
#17936 = ORIENTED_EDGE('',*,*,#17923,.F.);
#17937 = ORIENTED_EDGE('',*,*,#17938,.T.);
#17938 = EDGE_CURVE('',#17916,#17689,#17939,.T.);
#17939 = LINE('',#17940,#17941);
#17940 = CARTESIAN_POINT('',(3.897435903549,1.,1.072306632996));
#17941 = VECTOR('',#17942,1.);
#17942 = DIRECTION('',(-0.860911883025,0.,-0.508754095478));
#17943 = ORIENTED_EDGE('',*,*,#17944,.T.);
#17944 = EDGE_CURVE('',#17689,#17892,#17945,.T.);
#17945 = LINE('',#17946,#17947);
#17946 = CARTESIAN_POINT('',(3.653846263885,1.,0.928357839584));
#17947 = VECTOR('',#17948,1.);
#17948 = DIRECTION('',(0.645154952874,-0.662133645364,0.381253357309));
#17949 = PLANE('',#17950);
#17950 = AXIS2_PLACEMENT_3D('',#17951,#17952,#17953);
#17951 = CARTESIAN_POINT('',(3.775641063827,0.964273179492,
    1.000332244671));
#17952 = DIRECTION('',(-0.508754095478,4.851857142158E-07,0.860911883025
    ));
#17953 = DIRECTION('',(0.860911883025,1.248589768377E-23,0.508754095478)
  );
#17954 = ADVANCED_FACE('',(#17955),#17960,.T.);
#17955 = FACE_BOUND('',#17956,.T.);
#17956 = EDGE_LOOP('',(#17957,#17958,#17959));
#17957 = ORIENTED_EDGE('',*,*,#17944,.F.);
#17958 = ORIENTED_EDGE('',*,*,#17688,.F.);
#17959 = ORIENTED_EDGE('',*,*,#17891,.F.);
#17960 = PLANE('',#17961);
#17961 = AXIS2_PLACEMENT_3D('',#17962,#17963,#17964);
#17962 = CARTESIAN_POINT('',(3.690484322733,0.875,0.950009045824));
#17963 = DIRECTION('',(-0.508754464546,0.,0.860911664925));
#17964 = DIRECTION('',(0.860911664925,0.,0.508754464546));
#17965 = ADVANCED_FACE('',(#17966),#17983,.T.);
#17966 = FACE_BOUND('',#17967,.T.);
#17967 = EDGE_LOOP('',(#17968,#17976,#17977));
#17968 = ORIENTED_EDGE('',*,*,#17969,.T.);
#17969 = EDGE_CURVE('',#17970,#17838,#17972,.T.);
#17970 = VERTEX_POINT('',#17971);
#17971 = CARTESIAN_POINT('',(3.775640964508,1.,0.500332176685));
#17972 = LINE('',#17973,#17974);
#17973 = CARTESIAN_POINT('',(3.775640964508,1.,0.500332176685));
#17974 = VECTOR('',#17975,1.);
#17975 = DIRECTION('',(0.273686183582,0.,-0.961819043748));
#17976 = ORIENTED_EDGE('',*,*,#17837,.F.);
#17977 = ORIENTED_EDGE('',*,*,#17978,.T.);
#17978 = EDGE_CURVE('',#17611,#17970,#17979,.T.);
#17979 = LINE('',#17980,#17981);
#17980 = CARTESIAN_POINT('',(3.653846263885,1.,-7.164218276739E-02));
#17981 = VECTOR('',#17982,1.);
#17982 = DIRECTION('',(0.208268009724,0.,0.978071794975));
#17983 = PLANE('',#17984);
#17984 = AXIS2_PLACEMENT_3D('',#17985,#17986,#17987);
#17985 = CARTESIAN_POINT('',(3.769156743397,1.,0.192616875312));
#17986 = DIRECTION('',(0.,1.,0.));
#17987 = DIRECTION('',(0.,-0.,1.));
#17988 = ADVANCED_FACE('',(#17989),#17999,.T.);
#17989 = FACE_BOUND('',#17990,.T.);
#17990 = EDGE_LOOP('',(#17991,#17992,#17993));
#17991 = ORIENTED_EDGE('',*,*,#17978,.F.);
#17992 = ORIENTED_EDGE('',*,*,#17798,.F.);
#17993 = ORIENTED_EDGE('',*,*,#17994,.T.);
#17994 = EDGE_CURVE('',#17689,#17970,#17995,.T.);
#17995 = LINE('',#17996,#17997);
#17996 = CARTESIAN_POINT('',(3.653846263885,1.,0.928357839584));
#17997 = VECTOR('',#17998,1.);
#17998 = DIRECTION('',(0.273685648296,0.,-0.961819196064));
#17999 = PLANE('',#18000);
#18000 = AXIS2_PLACEMENT_3D('',#18001,#18002,#18003);
#18001 = CARTESIAN_POINT('',(3.684742180403,1.,0.429399710612));
#18002 = DIRECTION('',(0.,1.,0.));
#18003 = DIRECTION('',(0.,-0.,1.));
#18004 = ADVANCED_FACE('',(#18005),#18015,.T.);
#18005 = FACE_BOUND('',#18006,.T.);
#18006 = EDGE_LOOP('',(#18007,#18008,#18009));
#18007 = ORIENTED_EDGE('',*,*,#17994,.F.);
#18008 = ORIENTED_EDGE('',*,*,#17938,.F.);
#18009 = ORIENTED_EDGE('',*,*,#18010,.T.);
#18010 = EDGE_CURVE('',#17916,#17970,#18011,.T.);
#18011 = LINE('',#18012,#18013);
#18012 = CARTESIAN_POINT('',(3.897435903549,1.,1.072306632996));
#18013 = VECTOR('',#18014,1.);
#18014 = DIRECTION('',(-0.208268365996,0.,-0.978071719111));
#18015 = PLANE('',#18016);
#18016 = AXIS2_PLACEMENT_3D('',#18017,#18018,#18019);
#18017 = CARTESIAN_POINT('',(3.782125336471,1.,0.808047528547));
#18018 = DIRECTION('',(0.,1.,0.));
#18019 = DIRECTION('',(0.,-0.,1.));
#18020 = ADVANCED_FACE('',(#18021),#18031,.T.);
#18021 = FACE_BOUND('',#18022,.T.);
#18022 = EDGE_LOOP('',(#18023,#18024,#18030));
#18023 = ORIENTED_EDGE('',*,*,#18010,.F.);
#18024 = ORIENTED_EDGE('',*,*,#18025,.T.);
#18025 = EDGE_CURVE('',#17916,#17838,#18026,.T.);
#18026 = LINE('',#18027,#18028);
#18027 = CARTESIAN_POINT('',(3.897435903549,1.,1.072306632996));
#18028 = VECTOR('',#18029,1.);
#18029 = DIRECTION('',(0.,0.,-1.));
#18030 = ORIENTED_EDGE('',*,*,#17969,.F.);
#18031 = PLANE('',#18032);
#18032 = AXIS2_PLACEMENT_3D('',#18033,#18034,#18035);
#18033 = CARTESIAN_POINT('',(3.866539924859,1.,0.571264719645));
#18034 = DIRECTION('',(0.,1.,0.));
#18035 = DIRECTION('',(0.,-0.,1.));
#18036 = ADVANCED_FACE('',(#18037),#18054,.T.);
#18037 = FACE_BOUND('',#18038,.T.);
#18038 = EDGE_LOOP('',(#18039,#18047,#18048));
#18039 = ORIENTED_EDGE('',*,*,#18040,.T.);
#18040 = EDGE_CURVE('',#18041,#12802,#18043,.T.);
#18041 = VERTEX_POINT('',#18042);
#18042 = CARTESIAN_POINT('',(4.01923084259,0.875,0.165763616562));
#18043 = LINE('',#18044,#18045);
#18044 = CARTESIAN_POINT('',(4.01923084259,0.875,0.165763616562));
#18045 = VECTOR('',#18046,1.);
#18046 = DIRECTION('',(-0.615210506487,-0.631399908044,-0.472070110079)
  );
#18047 = ORIENTED_EDGE('',*,*,#17860,.F.);
#18048 = ORIENTED_EDGE('',*,*,#18049,.T.);
#18049 = EDGE_CURVE('',#17838,#18041,#18050,.T.);
#18050 = LINE('',#18051,#18052);
#18051 = CARTESIAN_POINT('',(3.897435903549,1.,7.230658084154E-02));
#18052 = VECTOR('',#18053,1.);
#18053 = DIRECTION('',(0.615210506487,-0.631399908044,0.472070110079));
#18054 = PLANE('',#18055);
#18055 = AXIS2_PLACEMENT_3D('',#18056,#18057,#18058);
#18056 = CARTESIAN_POINT('',(3.934764255243,0.875,0.100949783302));
#18057 = DIRECTION('',(0.608763446121,-0.,-0.793351792503));
#18058 = DIRECTION('',(-0.793351792503,0.,-0.608763446121));
#18059 = ADVANCED_FACE('',(#18060),#18077,.T.);
#18060 = FACE_BOUND('',#18061,.T.);
#18061 = EDGE_LOOP('',(#18062,#18063,#18071));
#18062 = ORIENTED_EDGE('',*,*,#18049,.F.);
#18063 = ORIENTED_EDGE('',*,*,#18064,.T.);
#18064 = EDGE_CURVE('',#17838,#18065,#18067,.T.);
#18065 = VERTEX_POINT('',#18066);
#18066 = CARTESIAN_POINT('',(4.141025543213,1.,0.259220659733));
#18067 = LINE('',#18068,#18069);
#18068 = CARTESIAN_POINT('',(3.897435903549,1.,7.230658084154E-02));
#18069 = VECTOR('',#18070,1.);
#18070 = DIRECTION('',(0.793351493014,0.,0.60876383642));
#18071 = ORIENTED_EDGE('',*,*,#18072,.T.);
#18072 = EDGE_CURVE('',#18065,#18041,#18073,.T.);
#18073 = LINE('',#18074,#18075);
#18074 = CARTESIAN_POINT('',(4.141025543213,1.,0.259220659733));
#18075 = VECTOR('',#18076,1.);
#18076 = DIRECTION('',(-0.615209747064,-0.63140036463,-0.472070489083));
#18077 = PLANE('',#18078);
#18078 = AXIS2_PLACEMENT_3D('',#18079,#18080,#18081);
#18079 = CARTESIAN_POINT('',(4.019230744551,0.964797799673,
    0.165763609722));
#18080 = DIRECTION('',(0.60876383642,6.042061524958E-07,-0.793351493014)
  );
#18081 = DIRECTION('',(-0.793351493014,-3.028622561868E-24,
    -0.60876383642));
#18082 = ADVANCED_FACE('',(#18083),#18098,.T.);
#18083 = FACE_BOUND('',#18084,.T.);
#18084 = EDGE_LOOP('',(#18085,#18086,#18092));
#18085 = ORIENTED_EDGE('',*,*,#18072,.F.);
#18086 = ORIENTED_EDGE('',*,*,#18087,.T.);
#18087 = EDGE_CURVE('',#18065,#12958,#18088,.T.);
#18088 = LINE('',#18089,#18090);
#18089 = CARTESIAN_POINT('',(4.141025543213,1.,0.259220659733));
#18090 = VECTOR('',#18091,1.);
#18091 = DIRECTION('',(0.,-1.,0.));
#18092 = ORIENTED_EDGE('',*,*,#18093,.T.);
#18093 = EDGE_CURVE('',#12958,#18041,#18094,.T.);
#18094 = LINE('',#18095,#18096);
#18095 = CARTESIAN_POINT('',(4.141025543213,0.75,0.259220659733));
#18096 = VECTOR('',#18097,1.);
#18097 = DIRECTION('',(-0.615209747064,0.63140036463,-0.472070489083));
#18098 = PLANE('',#18099);
#18099 = AXIS2_PLACEMENT_3D('',#18100,#18101,#18102);
#18100 = CARTESIAN_POINT('',(4.103697275038,0.875,0.230577463005));
#18101 = DIRECTION('',(0.608764226719,-0.,-0.793351193525));
#18102 = DIRECTION('',(-0.793351193525,0.,-0.608764226719));
#18103 = ADVANCED_FACE('',(#18104),#18109,.T.);
#18104 = FACE_BOUND('',#18105,.T.);
#18105 = EDGE_LOOP('',(#18106,#18107,#18108));
#18106 = ORIENTED_EDGE('',*,*,#18093,.F.);
#18107 = ORIENTED_EDGE('',*,*,#12957,.F.);
#18108 = ORIENTED_EDGE('',*,*,#18040,.F.);
#18109 = PLANE('',#18110);
#18110 = AXIS2_PLACEMENT_3D('',#18111,#18112,#18113);
#18111 = CARTESIAN_POINT('',(4.019230744551,0.785202200327,
    0.165763609722));
#18112 = DIRECTION('',(0.60876383642,-6.042061525099E-07,-0.793351493014
    ));
#18113 = DIRECTION('',(-0.793351493014,-2.316343837309E-23,
    -0.60876383642));
#18114 = ADVANCED_FACE('',(#18115),#18132,.T.);
#18115 = FACE_BOUND('',#18116,.T.);
#18116 = EDGE_LOOP('',(#18117,#18125,#18126));
#18117 = ORIENTED_EDGE('',*,*,#18118,.T.);
#18118 = EDGE_CURVE('',#18119,#12880,#18121,.T.);
#18119 = VERTEX_POINT('',#18120);
#18120 = CARTESIAN_POINT('',(4.01923084259,0.875,1.165763616562));
#18121 = LINE('',#18122,#18123);
#18122 = CARTESIAN_POINT('',(4.01923084259,0.875,1.165763616562));
#18123 = VECTOR('',#18124,1.);
#18124 = DIRECTION('',(-0.615210582996,-0.631399986567,-0.472069905346)
  );
#18125 = ORIENTED_EDGE('',*,*,#13058,.F.);
#18126 = ORIENTED_EDGE('',*,*,#18127,.T.);
#18127 = EDGE_CURVE('',#13036,#18119,#18128,.T.);
#18128 = LINE('',#18129,#18130);
#18129 = CARTESIAN_POINT('',(4.141025543213,0.75,1.259220600128));
#18130 = VECTOR('',#18131,1.);
#18131 = DIRECTION('',(-0.615209834503,0.63140045437,-0.472070255102));
#18132 = PLANE('',#18133);
#18133 = AXIS2_PLACEMENT_3D('',#18134,#18135,#18136);
#18134 = CARTESIAN_POINT('',(4.019230744246,0.785202201686,
    1.165763606812));
#18135 = DIRECTION('',(-0.608763607322,5.805622170469E-07,0.793351668807
    ));
#18136 = DIRECTION('',(0.793351668808,3.939496290142E-23,0.608763607322)
  );
#18137 = ADVANCED_FACE('',(#18138),#18155,.T.);
#18138 = FACE_BOUND('',#18139,.T.);
#18139 = EDGE_LOOP('',(#18140,#18141,#18149));
#18140 = ORIENTED_EDGE('',*,*,#18127,.F.);
#18141 = ORIENTED_EDGE('',*,*,#18142,.T.);
#18142 = EDGE_CURVE('',#13036,#18143,#18145,.T.);
#18143 = VERTEX_POINT('',#18144);
#18144 = CARTESIAN_POINT('',(4.141025543213,1.,1.259220600128));
#18145 = LINE('',#18146,#18147);
#18146 = CARTESIAN_POINT('',(4.141025543213,0.75,1.259220600128));
#18147 = VECTOR('',#18148,1.);
#18148 = DIRECTION('',(0.,1.,0.));
#18149 = ORIENTED_EDGE('',*,*,#18150,.T.);
#18150 = EDGE_CURVE('',#18143,#18119,#18151,.T.);
#18151 = LINE('',#18152,#18153);
#18152 = CARTESIAN_POINT('',(4.141025543213,1.,1.259220600128));
#18153 = VECTOR('',#18154,1.);
#18154 = DIRECTION('',(-0.615209834503,-0.63140045437,-0.472070255102));
#18155 = PLANE('',#18156);
#18156 = AXIS2_PLACEMENT_3D('',#18157,#18158,#18159);
#18157 = CARTESIAN_POINT('',(4.103697277091,0.875,1.230577423244));
#18158 = DIRECTION('',(-0.608763982349,0.,0.793351381038));
#18159 = DIRECTION('',(0.793351381038,0.,0.608763982349));
#18160 = ADVANCED_FACE('',(#18161),#18176,.T.);
#18161 = FACE_BOUND('',#18162,.T.);
#18162 = EDGE_LOOP('',(#18163,#18164,#18170));
#18163 = ORIENTED_EDGE('',*,*,#18150,.F.);
#18164 = ORIENTED_EDGE('',*,*,#18165,.T.);
#18165 = EDGE_CURVE('',#18143,#17916,#18166,.T.);
#18166 = LINE('',#18167,#18168);
#18167 = CARTESIAN_POINT('',(4.141025543213,1.,1.259220600128));
#18168 = VECTOR('',#18169,1.);
#18169 = DIRECTION('',(-0.793351668808,0.,-0.608763607322));
#18170 = ORIENTED_EDGE('',*,*,#18171,.T.);
#18171 = EDGE_CURVE('',#17916,#18119,#18172,.T.);
#18172 = LINE('',#18173,#18174);
#18173 = CARTESIAN_POINT('',(3.897435903549,1.,1.072306632996));
#18174 = VECTOR('',#18175,1.);
#18175 = DIRECTION('',(0.615210582996,-0.631399986567,0.472069905346));
#18176 = PLANE('',#18177);
#18177 = AXIS2_PLACEMENT_3D('',#18178,#18179,#18180);
#18178 = CARTESIAN_POINT('',(4.019230744246,0.964797798314,
    1.165763606812));
#18179 = DIRECTION('',(-0.608763607322,-5.805622171064E-07,
    0.793351668807));
#18180 = DIRECTION('',(0.793351668808,-2.783128583219E-24,0.608763607322
    ));
#18181 = ADVANCED_FACE('',(#18182),#18187,.T.);
#18182 = FACE_BOUND('',#18183,.T.);
#18183 = EDGE_LOOP('',(#18184,#18185,#18186));
#18184 = ORIENTED_EDGE('',*,*,#18171,.F.);
#18185 = ORIENTED_EDGE('',*,*,#17915,.F.);
#18186 = ORIENTED_EDGE('',*,*,#18118,.F.);
#18187 = PLANE('',#18188);
#18188 = AXIS2_PLACEMENT_3D('',#18189,#18190,#18191);
#18189 = CARTESIAN_POINT('',(3.934764253446,0.875,1.100949818093));
#18190 = DIRECTION('',(-0.608763232297,0.,0.793351956577));
#18191 = DIRECTION('',(0.793351956577,0.,0.608763232297));
#18192 = ADVANCED_FACE('',(#18193),#18210,.T.);
#18193 = FACE_BOUND('',#18194,.T.);
#18194 = EDGE_LOOP('',(#18195,#18203,#18204));
#18195 = ORIENTED_EDGE('',*,*,#18196,.T.);
#18196 = EDGE_CURVE('',#18197,#18065,#18199,.T.);
#18197 = VERTEX_POINT('',#18198);
#18198 = CARTESIAN_POINT('',(4.01923084259,1.,0.665763616562));
#18199 = LINE('',#18200,#18201);
#18200 = CARTESIAN_POINT('',(4.01923084259,1.,0.665763616562));
#18201 = VECTOR('',#18202,1.);
#18202 = DIRECTION('',(0.286984289729,0.,-0.957935288758));
#18203 = ORIENTED_EDGE('',*,*,#18064,.F.);
#18204 = ORIENTED_EDGE('',*,*,#18205,.T.);
#18205 = EDGE_CURVE('',#17838,#18197,#18206,.T.);
#18206 = LINE('',#18207,#18208);
#18207 = CARTESIAN_POINT('',(3.897435903549,1.,7.230658084154E-02));
#18208 = VECTOR('',#18209,1.);
#18209 = DIRECTION('',(0.20103943944,0.,0.979583147971));
#18210 = PLANE('',#18211);
#18211 = AXIS2_PLACEMENT_3D('',#18212,#18213,#18214);
#18212 = CARTESIAN_POINT('',(4.010968587995,1.,0.352023059729));
#18213 = DIRECTION('',(0.,1.,0.));
#18214 = DIRECTION('',(0.,-0.,1.));
#18215 = ADVANCED_FACE('',(#18216),#18226,.T.);
#18216 = FACE_BOUND('',#18217,.T.);
#18217 = EDGE_LOOP('',(#18218,#18219,#18220));
#18218 = ORIENTED_EDGE('',*,*,#18205,.F.);
#18219 = ORIENTED_EDGE('',*,*,#18025,.F.);
#18220 = ORIENTED_EDGE('',*,*,#18221,.T.);
#18221 = EDGE_CURVE('',#17916,#18197,#18222,.T.);
#18222 = LINE('',#18223,#18224);
#18223 = CARTESIAN_POINT('',(3.897435903549,1.,1.072306632996));
#18224 = VECTOR('',#18225,1.);
#18225 = DIRECTION('',(0.286984766635,0.,-0.957935145884));
#18226 = PLANE('',#18227);
#18227 = AXIS2_PLACEMENT_3D('',#18228,#18229,#18230);
#18228 = CARTESIAN_POINT('',(3.928337887785,1.,0.573677371342));
#18229 = DIRECTION('',(0.,1.,0.));
#18230 = DIRECTION('',(0.,-0.,1.));
#18231 = ADVANCED_FACE('',(#18232),#18242,.T.);
#18232 = FACE_BOUND('',#18233,.T.);
#18233 = EDGE_LOOP('',(#18234,#18235,#18236));
#18234 = ORIENTED_EDGE('',*,*,#18221,.F.);
#18235 = ORIENTED_EDGE('',*,*,#18165,.F.);
#18236 = ORIENTED_EDGE('',*,*,#18237,.T.);
#18237 = EDGE_CURVE('',#18143,#18197,#18238,.T.);
#18238 = LINE('',#18239,#18240);
#18239 = CARTESIAN_POINT('',(4.141025543213,1.,1.259220600128));
#18240 = VECTOR('',#18241,1.);
#18241 = DIRECTION('',(-0.201039078756,0.,-0.979583221994));
#18242 = PLANE('',#18243);
#18243 = AXIS2_PLACEMENT_3D('',#18244,#18245,#18246);
#18244 = CARTESIAN_POINT('',(4.027492940637,1.,0.979504153309));
#18245 = DIRECTION('',(0.,1.,0.));
#18246 = DIRECTION('',(0.,-0.,1.));
#18247 = ADVANCED_FACE('',(#18248),#18258,.T.);
#18248 = FACE_BOUND('',#18249,.T.);
#18249 = EDGE_LOOP('',(#18250,#18251,#18257));
#18250 = ORIENTED_EDGE('',*,*,#18237,.F.);
#18251 = ORIENTED_EDGE('',*,*,#18252,.T.);
#18252 = EDGE_CURVE('',#18143,#18065,#18253,.T.);
#18253 = LINE('',#18254,#18255);
#18254 = CARTESIAN_POINT('',(4.141025543213,1.,1.259220600128));
#18255 = VECTOR('',#18256,1.);
#18256 = DIRECTION('',(0.,0.,-1.));
#18257 = ORIENTED_EDGE('',*,*,#18196,.F.);
#18258 = PLANE('',#18259);
#18259 = AXIS2_PLACEMENT_3D('',#18260,#18261,#18262);
#18260 = CARTESIAN_POINT('',(4.110123621086,1.,0.75784987027));
#18261 = DIRECTION('',(0.,1.,0.));
#18262 = DIRECTION('',(0.,-0.,1.));
#18263 = ADVANCED_FACE('',(#18264),#18281,.T.);
#18264 = FACE_BOUND('',#18265,.T.);
#18265 = EDGE_LOOP('',(#18266,#18274,#18275));
#18266 = ORIENTED_EDGE('',*,*,#18267,.T.);
#18267 = EDGE_CURVE('',#18268,#12958,#18270,.T.);
#18268 = VERTEX_POINT('',#18269);
#18269 = CARTESIAN_POINT('',(4.262820720673,0.875,0.368642359972));
#18270 = LINE('',#18271,#18272);
#18271 = CARTESIAN_POINT('',(4.262820720673,0.875,0.368642359972));
#18272 = VECTOR('',#18273,1.);
#18273 = DIRECTION('',(-0.591265382011,-0.606823474401,-0.531197250512)
  );
#18274 = ORIENTED_EDGE('',*,*,#18087,.F.);
#18275 = ORIENTED_EDGE('',*,*,#18276,.T.);
#18276 = EDGE_CURVE('',#18065,#18268,#18277,.T.);
#18277 = LINE('',#18278,#18279);
#18278 = CARTESIAN_POINT('',(4.141025543213,1.,0.259220659733));
#18279 = VECTOR('',#18280,1.);
#18280 = DIRECTION('',(0.591265382011,-0.606823474401,0.531197250512));
#18281 = PLANE('',#18282);
#18282 = AXIS2_PLACEMENT_3D('',#18283,#18284,#18285);
#18283 = CARTESIAN_POINT('',(4.178924907829,0.875,0.293269732945));
#18284 = DIRECTION('',(0.668309976416,-0.,-0.743882904376));
#18285 = DIRECTION('',(-0.743882904376,0.,-0.668309976416));
#18286 = ADVANCED_FACE('',(#18287),#18304,.T.);
#18287 = FACE_BOUND('',#18288,.T.);
#18288 = EDGE_LOOP('',(#18289,#18290,#18298));
#18289 = ORIENTED_EDGE('',*,*,#18276,.F.);
#18290 = ORIENTED_EDGE('',*,*,#18291,.T.);
#18291 = EDGE_CURVE('',#18065,#18292,#18294,.T.);
#18292 = VERTEX_POINT('',#18293);
#18293 = CARTESIAN_POINT('',(4.384615421295,1.,0.478064060211));
#18294 = LINE('',#18295,#18296);
#18295 = CARTESIAN_POINT('',(4.141025543213,1.,0.259220659733));
#18296 = VECTOR('',#18297,1.);
#18297 = DIRECTION('',(0.74388225399,0.,0.668310700347));
#18298 = ORIENTED_EDGE('',*,*,#18299,.T.);
#18299 = EDGE_CURVE('',#18292,#18268,#18300,.T.);
#18300 = LINE('',#18301,#18302);
#18301 = CARTESIAN_POINT('',(4.384615421295,1.,0.478064060211));
#18302 = VECTOR('',#18303,1.);
#18303 = DIRECTION('',(-0.591263876419,-0.606824304954,-0.531197977556)
  );
#18304 = PLANE('',#18305);
#18305 = AXIS2_PLACEMENT_3D('',#18306,#18307,#18308);
#18306 = CARTESIAN_POINT('',(4.262820525453,0.965177883078,
    0.368642339112));
#18307 = DIRECTION('',(0.668310700347,1.274701500606E-06,-0.743882253989
    ));
#18308 = DIRECTION('',(-0.74388225399,-3.101698805755E-23,
    -0.668310700347));
#18309 = ADVANCED_FACE('',(#18310),#18325,.T.);
#18310 = FACE_BOUND('',#18311,.T.);
#18311 = EDGE_LOOP('',(#18312,#18313,#18319));
#18312 = ORIENTED_EDGE('',*,*,#18299,.F.);
#18313 = ORIENTED_EDGE('',*,*,#18314,.T.);
#18314 = EDGE_CURVE('',#18292,#13114,#18315,.T.);
#18315 = LINE('',#18316,#18317);
#18316 = CARTESIAN_POINT('',(4.384615421295,1.,0.478064060211));
#18317 = VECTOR('',#18318,1.);
#18318 = DIRECTION('',(0.,-1.,0.));
#18319 = ORIENTED_EDGE('',*,*,#18320,.T.);
#18320 = EDGE_CURVE('',#13114,#18268,#18321,.T.);
#18321 = LINE('',#18322,#18323);
#18322 = CARTESIAN_POINT('',(4.384615421295,0.75,0.478064060211));
#18323 = VECTOR('',#18324,1.);
#18324 = DIRECTION('',(-0.591263876419,0.606824304954,-0.531197977556));
#18325 = PLANE('',#18326);
#18326 = AXIS2_PLACEMENT_3D('',#18327,#18328,#18329);
#18327 = CARTESIAN_POINT('',(4.346716224648,0.875,0.444015004598));
#18328 = DIRECTION('',(0.66831142428,-0.,-0.743881603602));
#18329 = DIRECTION('',(-0.743881603602,0.,-0.66831142428));
#18330 = ADVANCED_FACE('',(#18331),#18336,.T.);
#18331 = FACE_BOUND('',#18332,.T.);
#18332 = EDGE_LOOP('',(#18333,#18334,#18335));
#18333 = ORIENTED_EDGE('',*,*,#18320,.F.);
#18334 = ORIENTED_EDGE('',*,*,#13113,.F.);
#18335 = ORIENTED_EDGE('',*,*,#18267,.F.);
#18336 = PLANE('',#18337);
#18337 = AXIS2_PLACEMENT_3D('',#18338,#18339,#18340);
#18338 = CARTESIAN_POINT('',(4.262820525453,0.784822116922,
    0.368642339112));
#18339 = DIRECTION('',(0.668310700347,-1.274701500598E-06,
    -0.743882253989));
#18340 = DIRECTION('',(-0.74388225399,1.879060713745E-23,-0.668310700347
    ));
#18341 = ADVANCED_FACE('',(#18342),#18359,.T.);
#18342 = FACE_BOUND('',#18343,.T.);
#18343 = EDGE_LOOP('',(#18344,#18352,#18353));
#18344 = ORIENTED_EDGE('',*,*,#18345,.T.);
#18345 = EDGE_CURVE('',#18346,#13036,#18348,.T.);
#18346 = VERTEX_POINT('',#18347);
#18347 = CARTESIAN_POINT('',(4.262820720673,0.875,1.36864233017));
#18348 = LINE('',#18349,#18350);
#18349 = CARTESIAN_POINT('',(4.262820720673,0.875,1.36864233017));
#18350 = VECTOR('',#18351,1.);
#18351 = DIRECTION('',(-0.591265336571,-0.606823427765,-0.531197354366)
  );
#18352 = ORIENTED_EDGE('',*,*,#13214,.F.);
#18353 = ORIENTED_EDGE('',*,*,#18354,.T.);
#18354 = EDGE_CURVE('',#13192,#18346,#18355,.T.);
#18355 = LINE('',#18356,#18357);
#18356 = CARTESIAN_POINT('',(4.384615421295,0.75,1.478064060211));
#18357 = VECTOR('',#18358,1.);
#18358 = DIRECTION('',(-0.591263830978,0.606824258318,-0.53119808141));
#18359 = PLANE('',#18360);
#18360 = AXIS2_PLACEMENT_3D('',#18361,#18362,#18363);
#18361 = CARTESIAN_POINT('',(4.262820525453,0.784822116231,
    1.368642309309));
#18362 = DIRECTION('',(-0.668310801071,1.274701692669E-06,0.743882163498
    ));
#18363 = DIRECTION('',(0.743882163499,-7.893725262077E-23,0.668310801071
    ));
#18364 = ADVANCED_FACE('',(#18365),#18382,.T.);
#18365 = FACE_BOUND('',#18366,.T.);
#18366 = EDGE_LOOP('',(#18367,#18368,#18376));
#18367 = ORIENTED_EDGE('',*,*,#18354,.F.);
#18368 = ORIENTED_EDGE('',*,*,#18369,.T.);
#18369 = EDGE_CURVE('',#13192,#18370,#18372,.T.);
#18370 = VERTEX_POINT('',#18371);
#18371 = CARTESIAN_POINT('',(4.384615421295,1.,1.478064060211));
#18372 = LINE('',#18373,#18374);
#18373 = CARTESIAN_POINT('',(4.384615421295,0.75,1.478064060211));
#18374 = VECTOR('',#18375,1.);
#18375 = DIRECTION('',(0.,1.,0.));
#18376 = ORIENTED_EDGE('',*,*,#18377,.T.);
#18377 = EDGE_CURVE('',#18370,#18346,#18378,.T.);
#18378 = LINE('',#18379,#18380);
#18379 = CARTESIAN_POINT('',(4.384615421295,1.,1.478064060211));
#18380 = VECTOR('',#18381,1.);
#18381 = DIRECTION('',(-0.591263830978,-0.606824258318,-0.53119808141));
#18382 = PLANE('',#18383);
#18383 = AXIS2_PLACEMENT_3D('',#18384,#18385,#18386);
#18384 = CARTESIAN_POINT('',(4.346716223548,0.875,1.444014994336));
#18385 = DIRECTION('',(-0.668311525004,0.,0.74388151311));
#18386 = DIRECTION('',(0.74388151311,0.,0.668311525004));
#18387 = ADVANCED_FACE('',(#18388),#18403,.T.);
#18388 = FACE_BOUND('',#18389,.T.);
#18389 = EDGE_LOOP('',(#18390,#18391,#18397));
#18390 = ORIENTED_EDGE('',*,*,#18377,.F.);
#18391 = ORIENTED_EDGE('',*,*,#18392,.T.);
#18392 = EDGE_CURVE('',#18370,#18143,#18393,.T.);
#18393 = LINE('',#18394,#18395);
#18394 = CARTESIAN_POINT('',(4.384615421295,1.,1.478064060211));
#18395 = VECTOR('',#18396,1.);
#18396 = DIRECTION('',(-0.743882163499,0.,-0.668310801071));
#18397 = ORIENTED_EDGE('',*,*,#18398,.T.);
#18398 = EDGE_CURVE('',#18143,#18346,#18399,.T.);
#18399 = LINE('',#18400,#18401);
#18400 = CARTESIAN_POINT('',(4.141025543213,1.,1.259220600128));
#18401 = VECTOR('',#18402,1.);
#18402 = DIRECTION('',(0.591265336571,-0.606823427765,0.531197354366));
#18403 = PLANE('',#18404);
#18404 = AXIS2_PLACEMENT_3D('',#18405,#18406,#18407);
#18405 = CARTESIAN_POINT('',(4.262820525453,0.965177883769,
    1.368642309309));
#18406 = DIRECTION('',(-0.668310801071,-1.27470169273E-06,0.743882163498
    ));
#18407 = DIRECTION('',(0.743882163499,-1.10151713184E-24,0.668310801071)
  );
#18408 = ADVANCED_FACE('',(#18409),#18414,.T.);
#18409 = FACE_BOUND('',#18410,.T.);
#18410 = EDGE_LOOP('',(#18411,#18412,#18413));
#18411 = ORIENTED_EDGE('',*,*,#18398,.F.);
#18412 = ORIENTED_EDGE('',*,*,#18142,.F.);
#18413 = ORIENTED_EDGE('',*,*,#18345,.F.);
#18414 = PLANE('',#18415);
#18415 = AXIS2_PLACEMENT_3D('',#18416,#18417,#18418);
#18416 = CARTESIAN_POINT('',(4.178924908929,0.875,1.293269683603));
#18417 = DIRECTION('',(-0.66831007714,0.,0.743882813885));
#18418 = DIRECTION('',(0.743882813885,0.,0.66831007714));
#18419 = ADVANCED_FACE('',(#18420),#18437,.T.);
#18420 = FACE_BOUND('',#18421,.T.);
#18421 = EDGE_LOOP('',(#18422,#18430,#18431));
#18422 = ORIENTED_EDGE('',*,*,#18423,.T.);
#18423 = EDGE_CURVE('',#18424,#18292,#18426,.T.);
#18424 = VERTEX_POINT('',#18425);
#18425 = CARTESIAN_POINT('',(4.262820720673,1.,0.86864233017));
#18426 = LINE('',#18427,#18428);
#18427 = CARTESIAN_POINT('',(4.262820720673,1.,0.86864233017));
#18428 = VECTOR('',#18429,1.);
#18429 = DIRECTION('',(0.297693731966,0.,-0.954661427915));
#18430 = ORIENTED_EDGE('',*,*,#18291,.F.);
#18431 = ORIENTED_EDGE('',*,*,#18432,.T.);
#18432 = EDGE_CURVE('',#18065,#18424,#18433,.T.);
#18433 = LINE('',#18434,#18435);
#18434 = CARTESIAN_POINT('',(4.141025543213,1.,0.259220659733));
#18435 = VECTOR('',#18436,1.);
#18436 = DIRECTION('',(0.195978190745,0.,0.980608254479));
#18437 = PLANE('',#18438);
#18438 = AXIS2_PLACEMENT_3D('',#18439,#18440,#18441);
#18439 = CARTESIAN_POINT('',(4.253298661974,1.,0.549807301804));
#18440 = DIRECTION('',(0.,1.,0.));
#18441 = DIRECTION('',(0.,-0.,1.));
#18442 = ADVANCED_FACE('',(#18443),#18453,.T.);
#18443 = FACE_BOUND('',#18444,.T.);
#18444 = EDGE_LOOP('',(#18445,#18446,#18447));
#18445 = ORIENTED_EDGE('',*,*,#18432,.F.);
#18446 = ORIENTED_EDGE('',*,*,#18252,.F.);
#18447 = ORIENTED_EDGE('',*,*,#18448,.T.);
#18448 = EDGE_CURVE('',#18143,#18424,#18449,.T.);
#18449 = LINE('',#18450,#18451);
#18450 = CARTESIAN_POINT('',(4.141025543213,1.,1.259220600128));
#18451 = VECTOR('',#18452,1.);
#18452 = DIRECTION('',(0.297694794175,0.,-0.954661096684));
#18453 = PLANE('',#18454);
#18454 = AXIS2_PLACEMENT_3D('',#18455,#18456,#18457);
#18455 = CARTESIAN_POINT('',(4.171933196342,1.,0.760845117754));
#18456 = DIRECTION('',(0.,1.,0.));
#18457 = DIRECTION('',(0.,-0.,1.));
#18458 = ADVANCED_FACE('',(#18459),#18469,.T.);
#18459 = FACE_BOUND('',#18460,.T.);
#18460 = EDGE_LOOP('',(#18461,#18462,#18463));
#18461 = ORIENTED_EDGE('',*,*,#18448,.F.);
#18462 = ORIENTED_EDGE('',*,*,#18392,.F.);
#18463 = ORIENTED_EDGE('',*,*,#18464,.T.);
#18464 = EDGE_CURVE('',#18370,#18424,#18465,.T.);
#18465 = LINE('',#18466,#18467);
#18466 = CARTESIAN_POINT('',(4.384615421295,1.,1.478064060211));
#18467 = VECTOR('',#18468,1.);
#18468 = DIRECTION('',(-0.195977434513,0.,-0.980608405615));
#18469 = PLANE('',#18470);
#18470 = AXIS2_PLACEMENT_3D('',#18471,#18472,#18473);
#18471 = CARTESIAN_POINT('',(4.2723424745,1.,1.187477372124));
#18472 = DIRECTION('',(0.,1.,0.));
#18473 = DIRECTION('',(0.,-0.,1.));
#18474 = ADVANCED_FACE('',(#18475),#18485,.T.);
#18475 = FACE_BOUND('',#18476,.T.);
#18476 = EDGE_LOOP('',(#18477,#18478,#18484));
#18477 = ORIENTED_EDGE('',*,*,#18464,.F.);
#18478 = ORIENTED_EDGE('',*,*,#18479,.T.);
#18479 = EDGE_CURVE('',#18370,#18292,#18480,.T.);
#18480 = LINE('',#18481,#18482);
#18481 = CARTESIAN_POINT('',(4.384615421295,1.,1.478064060211));
#18482 = VECTOR('',#18483,1.);
#18483 = DIRECTION('',(0.,0.,-1.));
#18484 = ORIENTED_EDGE('',*,*,#18423,.F.);
#18485 = PLANE('',#18486);
#18486 = AXIS2_PLACEMENT_3D('',#18487,#18488,#18489);
#18487 = CARTESIAN_POINT('',(4.353707892692,1.,0.976439584224));
#18488 = DIRECTION('',(0.,1.,0.));
#18489 = DIRECTION('',(0.,-0.,1.));
#18490 = ADVANCED_FACE('',(#18491),#18508,.T.);
#18491 = FACE_BOUND('',#18492,.T.);
#18492 = EDGE_LOOP('',(#18493,#18501,#18502));
#18493 = ORIENTED_EDGE('',*,*,#18494,.T.);
#18494 = EDGE_CURVE('',#18495,#13114,#18497,.T.);
#18495 = VERTEX_POINT('',#18496);
#18496 = CARTESIAN_POINT('',(4.506410121918,0.875,0.596989810467));
#18497 = LINE('',#18498,#18499);
#18498 = CARTESIAN_POINT('',(4.506410121918,0.875,0.596989810467));
#18499 = VECTOR('',#18500,1.);
#18500 = DIRECTION('',(-0.576699861234,-0.591877005204,-0.563115335223)
  );
#18501 = ORIENTED_EDGE('',*,*,#18314,.F.);
#18502 = ORIENTED_EDGE('',*,*,#18503,.T.);
#18503 = EDGE_CURVE('',#18292,#18495,#18504,.T.);
#18504 = LINE('',#18505,#18506);
#18505 = CARTESIAN_POINT('',(4.384615421295,1.,0.478064060211));
#18506 = VECTOR('',#18507,1.);
#18507 = DIRECTION('',(0.576699861234,-0.591877005204,0.563115335223));
#18508 = PLANE('',#18509);
#18509 = AXIS2_PLACEMENT_3D('',#18510,#18511,#18512);
#18510 = CARTESIAN_POINT('',(4.422870481273,0.875,0.515417998319));
#18511 = DIRECTION('',(0.698629737223,-0.,-0.715483396221));
#18512 = DIRECTION('',(-0.715483396221,0.,-0.698629737223));
#18513 = ADVANCED_FACE('',(#18514),#18531,.T.);
#18514 = FACE_BOUND('',#18515,.T.);
#18515 = EDGE_LOOP('',(#18516,#18517,#18525));
#18516 = ORIENTED_EDGE('',*,*,#18503,.F.);
#18517 = ORIENTED_EDGE('',*,*,#18518,.T.);
#18518 = EDGE_CURVE('',#18292,#18519,#18521,.T.);
#18519 = VERTEX_POINT('',#18520);
#18520 = CARTESIAN_POINT('',(4.628205299377,1.,0.715915560722));
#18521 = LINE('',#18522,#18523);
#18522 = CARTESIAN_POINT('',(4.384615421295,1.,0.478064060211));
#18523 = VECTOR('',#18524,1.);
#18524 = DIRECTION('',(0.715484079826,0.,0.698629037126));
#18525 = ORIENTED_EDGE('',*,*,#18526,.T.);
#18526 = EDGE_CURVE('',#18519,#18495,#18527,.T.);
#18527 = LINE('',#18528,#18529);
#18528 = CARTESIAN_POINT('',(4.628205299377,1.,0.715915560722));
#18529 = VECTOR('',#18530,1.);
#18530 = DIRECTION('',(-0.576701368147,-0.591876234526,-0.563114601996)
  );
#18531 = PLANE('',#18532);
#18532 = AXIS2_PLACEMENT_3D('',#18533,#18534,#18535);
#18533 = CARTESIAN_POINT('',(4.506410316283,0.965393681585,
    0.596989831902));
#18534 = DIRECTION('',(0.698629037126,-1.33252913879E-06,-0.715484079825
    ));
#18535 = DIRECTION('',(-0.715484079826,-6.421311845775E-23,
    -0.698629037126));
#18536 = ADVANCED_FACE('',(#18537),#18552,.T.);
#18537 = FACE_BOUND('',#18538,.T.);
#18538 = EDGE_LOOP('',(#18539,#18540,#18546));
#18539 = ORIENTED_EDGE('',*,*,#18526,.F.);
#18540 = ORIENTED_EDGE('',*,*,#18541,.T.);
#18541 = EDGE_CURVE('',#18519,#13270,#18542,.T.);
#18542 = LINE('',#18543,#18544);
#18543 = CARTESIAN_POINT('',(4.628205299377,1.,0.715915560722));
#18544 = VECTOR('',#18545,1.);
#18545 = DIRECTION('',(0.,-1.,0.));
#18546 = ORIENTED_EDGE('',*,*,#18547,.T.);
#18547 = EDGE_CURVE('',#13270,#18495,#18548,.T.);
#18548 = LINE('',#18549,#18550);
#18549 = CARTESIAN_POINT('',(4.628205299377,0.75,0.715915560722));
#18550 = VECTOR('',#18551,1.);
#18551 = DIRECTION('',(-0.576701368147,0.591876234526,-0.563114601996));
#18552 = PLANE('',#18553);
#18553 = AXIS2_PLACEMENT_3D('',#18554,#18555,#18556);
#18554 = CARTESIAN_POINT('',(4.589950071107,0.875,0.67856160453));
#18555 = DIRECTION('',(0.698628337031,-0.,-0.715484763428));
#18556 = DIRECTION('',(-0.715484763428,0.,-0.698628337031));
#18557 = ADVANCED_FACE('',(#18558),#18563,.T.);
#18558 = FACE_BOUND('',#18559,.T.);
#18559 = EDGE_LOOP('',(#18560,#18561,#18562));
#18560 = ORIENTED_EDGE('',*,*,#18547,.F.);
#18561 = ORIENTED_EDGE('',*,*,#13269,.F.);
#18562 = ORIENTED_EDGE('',*,*,#18494,.F.);
#18563 = PLANE('',#18564);
#18564 = AXIS2_PLACEMENT_3D('',#18565,#18566,#18567);
#18565 = CARTESIAN_POINT('',(4.506410316283,0.784606318415,
    0.596989831902));
#18566 = DIRECTION('',(0.698629037126,1.332529138791E-06,-0.715484079825
    ));
#18567 = DIRECTION('',(-0.715484079826,-7.263410773622E-23,
    -0.698629037126));
#18568 = ADVANCED_FACE('',(#18569),#18586,.T.);
#18569 = FACE_BOUND('',#18570,.T.);
#18570 = EDGE_LOOP('',(#18571,#18579,#18580));
#18571 = ORIENTED_EDGE('',*,*,#18572,.T.);
#18572 = EDGE_CURVE('',#18573,#13192,#18575,.T.);
#18573 = VERTEX_POINT('',#18574);
#18574 = CARTESIAN_POINT('',(4.506410121918,0.875,1.596989750862));
#18575 = LINE('',#18576,#18577);
#18576 = CARTESIAN_POINT('',(4.506410121918,0.875,1.596989750862));
#18577 = VECTOR('',#18578,1.);
#18578 = DIRECTION('',(-0.576699952887,-0.59187709927,-0.563115142489));
#18579 = ORIENTED_EDGE('',*,*,#13370,.F.);
#18580 = ORIENTED_EDGE('',*,*,#18581,.T.);
#18581 = EDGE_CURVE('',#13348,#18573,#18582,.T.);
#18582 = LINE('',#18583,#18584);
#18583 = CARTESIAN_POINT('',(4.628205299377,0.75,1.715915560722));
#18584 = VECTOR('',#18585,1.);
#18585 = DIRECTION('',(-0.576701276493,0.591876140461,-0.56311479473));
#18586 = PLANE('',#18587);
#18587 = AXIS2_PLACEMENT_3D('',#18588,#18589,#18590);
#18588 = CARTESIAN_POINT('',(4.506410321641,0.784606318415,
    1.596989820633));
#18589 = DIRECTION('',(-0.698629037126,-9.913597434561E-07,
    0.715484079825));
#18590 = DIRECTION('',(0.715484079826,2.790922575248E-23,0.698629037126)
  );
#18591 = ADVANCED_FACE('',(#18592),#18609,.T.);
#18592 = FACE_BOUND('',#18593,.T.);
#18593 = EDGE_LOOP('',(#18594,#18595,#18603));
#18594 = ORIENTED_EDGE('',*,*,#18581,.F.);
#18595 = ORIENTED_EDGE('',*,*,#18596,.T.);
#18596 = EDGE_CURVE('',#13348,#18597,#18599,.T.);
#18597 = VERTEX_POINT('',#18598);
#18598 = CARTESIAN_POINT('',(4.628205299377,1.,1.715915560722));
#18599 = LINE('',#18600,#18601);
#18600 = CARTESIAN_POINT('',(4.628205299377,0.75,1.715915560722));
#18601 = VECTOR('',#18602,1.);
#18602 = DIRECTION('',(0.,1.,0.));
#18603 = ORIENTED_EDGE('',*,*,#18604,.T.);
#18604 = EDGE_CURVE('',#18597,#18573,#18605,.T.);
#18605 = LINE('',#18606,#18607);
#18606 = CARTESIAN_POINT('',(4.628205299377,1.,1.715915560722));
#18607 = VECTOR('',#18608,1.);
#18608 = DIRECTION('',(-0.576701276493,-0.591876140461,-0.56311479473));
#18609 = PLANE('',#18610);
#18610 = AXIS2_PLACEMENT_3D('',#18611,#18612,#18613);
#18611 = CARTESIAN_POINT('',(4.589950068847,0.875,1.678561583601));
#18612 = DIRECTION('',(-0.698628516278,0.,0.715484588404));
#18613 = DIRECTION('',(0.715484588404,0.,0.698628516278));
#18614 = ADVANCED_FACE('',(#18615),#18630,.T.);
#18615 = FACE_BOUND('',#18616,.T.);
#18616 = EDGE_LOOP('',(#18617,#18618,#18624));
#18617 = ORIENTED_EDGE('',*,*,#18604,.F.);
#18618 = ORIENTED_EDGE('',*,*,#18619,.T.);
#18619 = EDGE_CURVE('',#18597,#18370,#18620,.T.);
#18620 = LINE('',#18621,#18622);
#18621 = CARTESIAN_POINT('',(4.628205299377,1.,1.715915560722));
#18622 = VECTOR('',#18623,1.);
#18623 = DIRECTION('',(-0.715484079826,0.,-0.698629037126));
#18624 = ORIENTED_EDGE('',*,*,#18625,.T.);
#18625 = EDGE_CURVE('',#18370,#18573,#18626,.T.);
#18626 = LINE('',#18627,#18628);
#18627 = CARTESIAN_POINT('',(4.384615421295,1.,1.478064060211));
#18628 = VECTOR('',#18629,1.);
#18629 = DIRECTION('',(0.576699952887,-0.59187709927,0.563115142489));
#18630 = PLANE('',#18631);
#18631 = AXIS2_PLACEMENT_3D('',#18632,#18633,#18634);
#18632 = CARTESIAN_POINT('',(4.506410321641,0.965393681585,
    1.596989820633));
#18633 = DIRECTION('',(-0.698629037126,9.913597434954E-07,0.715484079825
    ));
#18634 = DIRECTION('',(0.715484079826,-3.65186448379E-23,0.698629037126)
  );
#18635 = ADVANCED_FACE('',(#18636),#18641,.T.);
#18636 = FACE_BOUND('',#18637,.T.);
#18637 = EDGE_LOOP('',(#18638,#18639,#18640));
#18638 = ORIENTED_EDGE('',*,*,#18625,.F.);
#18639 = ORIENTED_EDGE('',*,*,#18369,.F.);
#18640 = ORIENTED_EDGE('',*,*,#18572,.F.);
#18641 = PLANE('',#18642);
#18642 = AXIS2_PLACEMENT_3D('',#18643,#18644,#18645);
#18643 = CARTESIAN_POINT('',(4.422870479012,0.875,1.51541797739));
#18644 = DIRECTION('',(-0.698629557976,0.,0.715483571245));
#18645 = DIRECTION('',(0.715483571245,0.,0.698629557976));
#18646 = ADVANCED_FACE('',(#18647),#18664,.T.);
#18647 = FACE_BOUND('',#18648,.T.);
#18648 = EDGE_LOOP('',(#18649,#18657,#18658));
#18649 = ORIENTED_EDGE('',*,*,#18650,.T.);
#18650 = EDGE_CURVE('',#18651,#18519,#18653,.T.);
#18651 = VERTEX_POINT('',#18652);
#18652 = CARTESIAN_POINT('',(4.506410121918,1.,1.096989750862));
#18653 = LINE('',#18654,#18655);
#18654 = CARTESIAN_POINT('',(4.506410121918,1.,1.096989750862));
#18655 = VECTOR('',#18656,1.);
#18656 = DIRECTION('',(0.304438853376,0.,-0.952531881123));
#18657 = ORIENTED_EDGE('',*,*,#18518,.F.);
#18658 = ORIENTED_EDGE('',*,*,#18659,.T.);
#18659 = EDGE_CURVE('',#18292,#18651,#18660,.T.);
#18660 = LINE('',#18661,#18662);
#18661 = CARTESIAN_POINT('',(4.384615421295,1.,0.478064060211));
#18662 = VECTOR('',#18663,1.);
#18663 = DIRECTION('',(0.193081119171,0.,0.981182797148));
#18664 = PLANE('',#18665);
#18665 = AXIS2_PLACEMENT_3D('',#18666,#18667,#18668);
#18666 = CARTESIAN_POINT('',(4.496163946866,1.,0.77491764161));
#18667 = DIRECTION('',(0.,1.,0.));
#18668 = DIRECTION('',(0.,-0.,1.));
#18669 = ADVANCED_FACE('',(#18670),#18680,.T.);
#18670 = FACE_BOUND('',#18671,.T.);
#18671 = EDGE_LOOP('',(#18672,#18673,#18674));
#18672 = ORIENTED_EDGE('',*,*,#18659,.F.);
#18673 = ORIENTED_EDGE('',*,*,#18479,.F.);
#18674 = ORIENTED_EDGE('',*,*,#18675,.T.);
#18675 = EDGE_CURVE('',#18370,#18651,#18676,.T.);
#18676 = LINE('',#18677,#18678);
#18677 = CARTESIAN_POINT('',(4.384615421295,1.,1.478064060211));
#18678 = VECTOR('',#18679,1.);
#18679 = DIRECTION('',(0.304437685535,0.,-0.952532254376));
#18680 = PLANE('',#18681);
#18681 = AXIS2_PLACEMENT_3D('',#18682,#18683,#18684);
#18682 = CARTESIAN_POINT('',(4.415526779783,1.,0.9798441481));
#18683 = DIRECTION('',(0.,1.,0.));
#18684 = DIRECTION('',(0.,-0.,1.));
#18685 = ADVANCED_FACE('',(#18686),#18696,.T.);
#18686 = FACE_BOUND('',#18687,.T.);
#18687 = EDGE_LOOP('',(#18688,#18689,#18690));
#18688 = ORIENTED_EDGE('',*,*,#18675,.F.);
#18689 = ORIENTED_EDGE('',*,*,#18619,.F.);
#18690 = ORIENTED_EDGE('',*,*,#18691,.T.);
#18691 = EDGE_CURVE('',#18597,#18651,#18692,.T.);
#18692 = LINE('',#18693,#18694);
#18693 = CARTESIAN_POINT('',(4.628205299377,1.,1.715915560722));
#18694 = VECTOR('',#18695,1.);
#18695 = DIRECTION('',(-0.193081811117,0.,-0.981182660984));
#18696 = PLANE('',#18697);
#18697 = AXIS2_PLACEMENT_3D('',#18698,#18699,#18700);
#18698 = CARTESIAN_POINT('',(4.516656603942,1.,1.419061935628));
#18699 = DIRECTION('',(0.,1.,0.));
#18700 = DIRECTION('',(0.,-0.,1.));
#18701 = ADVANCED_FACE('',(#18702),#18712,.T.);
#18702 = FACE_BOUND('',#18703,.T.);
#18703 = EDGE_LOOP('',(#18704,#18705,#18711));
#18704 = ORIENTED_EDGE('',*,*,#18691,.F.);
#18705 = ORIENTED_EDGE('',*,*,#18706,.T.);
#18706 = EDGE_CURVE('',#18597,#18519,#18707,.T.);
#18707 = LINE('',#18708,#18709);
#18708 = CARTESIAN_POINT('',(4.628205299377,1.,1.715915560722));
#18709 = VECTOR('',#18710,1.);
#18710 = DIRECTION('',(0.,0.,-1.));
#18711 = ORIENTED_EDGE('',*,*,#18650,.F.);
#18712 = PLANE('',#18713);
#18713 = AXIS2_PLACEMENT_3D('',#18714,#18715,#18716);
#18714 = CARTESIAN_POINT('',(4.597293816315,1.,1.214135457584));
#18715 = DIRECTION('',(0.,1.,0.));
#18716 = DIRECTION('',(0.,-0.,1.));
#18717 = ADVANCED_FACE('',(#18718),#18735,.T.);
#18718 = FACE_BOUND('',#18719,.T.);
#18719 = EDGE_LOOP('',(#18720,#18728,#18729));
#18720 = ORIENTED_EDGE('',*,*,#18721,.T.);
#18721 = EDGE_CURVE('',#18722,#13270,#18724,.T.);
#18722 = VERTEX_POINT('',#18723);
#18723 = CARTESIAN_POINT('',(4.75,0.875,0.837323606014));
#18724 = LINE('',#18725,#18726);
#18725 = CARTESIAN_POINT('',(4.75,0.875,0.837323606014));
#18726 = VECTOR('',#18727,1.);
#18727 = DIRECTION('',(-0.572881290873,-0.587957940641,-0.571062594297)
  );
#18728 = ORIENTED_EDGE('',*,*,#18541,.F.);
#18729 = ORIENTED_EDGE('',*,*,#18730,.T.);
#18730 = EDGE_CURVE('',#18519,#18722,#18731,.T.);
#18731 = LINE('',#18732,#18733);
#18732 = CARTESIAN_POINT('',(4.628205299377,1.,0.715915560722));
#18733 = VECTOR('',#18734,1.);
#18734 = DIRECTION('',(0.572881290873,-0.587957940641,0.571062594297));
#18735 = PLANE('',#18736);
#18736 = AXIS2_PLACEMENT_3D('',#18737,#18738,#18739);
#18737 = CARTESIAN_POINT('',(4.666554772467,0.875,0.754143287725));
#18738 = DIRECTION('',(0.705981696859,-0.,-0.708230078223));
#18739 = DIRECTION('',(-0.708230078223,0.,-0.705981696859));
#18740 = ADVANCED_FACE('',(#18741),#18758,.T.);
#18741 = FACE_BOUND('',#18742,.T.);
#18742 = EDGE_LOOP('',(#18743,#18744,#18752));
#18743 = ORIENTED_EDGE('',*,*,#18730,.F.);
#18744 = ORIENTED_EDGE('',*,*,#18745,.T.);
#18745 = EDGE_CURVE('',#18519,#18746,#18748,.T.);
#18746 = VERTEX_POINT('',#18747);
#18747 = CARTESIAN_POINT('',(4.871794700623,1.,0.958731651306));
#18748 = LINE('',#18749,#18750);
#18749 = CARTESIAN_POINT('',(4.628205299377,1.,0.715915560722));
#18750 = VECTOR('',#18751,1.);
#18751 = DIRECTION('',(0.708230078223,0.,0.705981696859));
#18752 = ORIENTED_EDGE('',*,*,#18753,.T.);
#18753 = EDGE_CURVE('',#18746,#18722,#18754,.T.);
#18754 = LINE('',#18755,#18756);
#18755 = CARTESIAN_POINT('',(4.871794700623,1.,0.958731651306));
#18756 = VECTOR('',#18757,1.);
#18757 = DIRECTION('',(-0.572881290873,-0.587957940641,-0.571062594297)
  );
#18758 = PLANE('',#18759);
#18759 = AXIS2_PLACEMENT_3D('',#18760,#18761,#18762);
#18760 = CARTESIAN_POINT('',(4.75,0.965448452838,0.837323606014));
#18761 = DIRECTION('',(0.705981696859,-0.,-0.708230078223));
#18762 = DIRECTION('',(-0.708230078223,0.,-0.705981696859));
#18763 = ADVANCED_FACE('',(#18764),#18779,.T.);
#18764 = FACE_BOUND('',#18765,.T.);
#18765 = EDGE_LOOP('',(#18766,#18767,#18773));
#18766 = ORIENTED_EDGE('',*,*,#18753,.F.);
#18767 = ORIENTED_EDGE('',*,*,#18768,.T.);
#18768 = EDGE_CURVE('',#18746,#13426,#18769,.T.);
#18769 = LINE('',#18770,#18771);
#18770 = CARTESIAN_POINT('',(4.871794700623,1.,0.958731651306));
#18771 = VECTOR('',#18772,1.);
#18772 = DIRECTION('',(0.,-1.,0.));
#18773 = ORIENTED_EDGE('',*,*,#18774,.T.);
#18774 = EDGE_CURVE('',#13426,#18722,#18775,.T.);
#18775 = LINE('',#18776,#18777);
#18776 = CARTESIAN_POINT('',(4.871794700623,0.75,0.958731651306));
#18777 = VECTOR('',#18778,1.);
#18778 = DIRECTION('',(-0.572881290873,0.587957940641,-0.571062594297));
#18779 = PLANE('',#18780);
#18780 = AXIS2_PLACEMENT_3D('',#18781,#18782,#18783);
#18781 = CARTESIAN_POINT('',(4.833445227533,0.875,0.920503924304));
#18782 = DIRECTION('',(0.705981696859,-0.,-0.708230078223));
#18783 = DIRECTION('',(-0.708230078223,0.,-0.705981696859));
#18784 = ADVANCED_FACE('',(#18785),#18790,.T.);
#18785 = FACE_BOUND('',#18786,.T.);
#18786 = EDGE_LOOP('',(#18787,#18788,#18789));
#18787 = ORIENTED_EDGE('',*,*,#18774,.F.);
#18788 = ORIENTED_EDGE('',*,*,#13425,.F.);
#18789 = ORIENTED_EDGE('',*,*,#18721,.F.);
#18790 = PLANE('',#18791);
#18791 = AXIS2_PLACEMENT_3D('',#18792,#18793,#18794);
#18792 = CARTESIAN_POINT('',(4.75,0.784551547162,0.837323606014));
#18793 = DIRECTION('',(0.705981696859,-0.,-0.708230078223));
#18794 = DIRECTION('',(-0.708230078223,0.,-0.705981696859));
#18795 = ADVANCED_FACE('',(#18796),#18813,.T.);
#18796 = FACE_BOUND('',#18797,.T.);
#18797 = EDGE_LOOP('',(#18798,#18806,#18807));
#18798 = ORIENTED_EDGE('',*,*,#18799,.T.);
#18799 = EDGE_CURVE('',#18800,#13348,#18802,.T.);
#18800 = VERTEX_POINT('',#18801);
#18801 = CARTESIAN_POINT('',(4.75,0.875,1.83732354641));
#18802 = LINE('',#18803,#18804);
#18803 = CARTESIAN_POINT('',(4.75,0.875,1.83732354641));
#18804 = VECTOR('',#18805,1.);
#18805 = DIRECTION('',(-0.572881382593,-0.587958034775,-0.571062405366)
  );
#18806 = ORIENTED_EDGE('',*,*,#13526,.F.);
#18807 = ORIENTED_EDGE('',*,*,#18808,.T.);
#18808 = EDGE_CURVE('',#13504,#18800,#18809,.T.);
#18809 = LINE('',#18810,#18811);
#18810 = CARTESIAN_POINT('',(4.871794700623,0.75,1.958731651306));
#18811 = VECTOR('',#18812,1.);
#18812 = DIRECTION('',(-0.572881199152,0.587957846507,-0.571062783228));
#18813 = PLANE('',#18814);
#18814 = AXIS2_PLACEMENT_3D('',#18815,#18816,#18817);
#18815 = CARTESIAN_POINT('',(4.75000000539,0.784551547162,1.837323594912
    ));
#18816 = DIRECTION('',(-0.705981696859,3.377104178614E-07,0.708230078223
    ));
#18817 = DIRECTION('',(0.708230078223,8.806336682235E-26,0.705981696859)
  );
#18818 = ADVANCED_FACE('',(#18819),#18836,.T.);
#18819 = FACE_BOUND('',#18820,.T.);
#18820 = EDGE_LOOP('',(#18821,#18822,#18830));
#18821 = ORIENTED_EDGE('',*,*,#18808,.F.);
#18822 = ORIENTED_EDGE('',*,*,#18823,.T.);
#18823 = EDGE_CURVE('',#13504,#18824,#18826,.T.);
#18824 = VERTEX_POINT('',#18825);
#18825 = CARTESIAN_POINT('',(4.871794700623,1.,1.958731651306));
#18826 = LINE('',#18827,#18828);
#18827 = CARTESIAN_POINT('',(4.871794700623,0.75,1.958731651306));
#18828 = VECTOR('',#18829,1.);
#18829 = DIRECTION('',(0.,1.,0.));
#18830 = ORIENTED_EDGE('',*,*,#18831,.T.);
#18831 = EDGE_CURVE('',#18824,#18800,#18832,.T.);
#18832 = LINE('',#18833,#18834);
#18833 = CARTESIAN_POINT('',(4.871794700623,1.,1.958731651306));
#18834 = VECTOR('',#18835,1.);
#18835 = DIRECTION('',(-0.572881199152,-0.587957846507,-0.571062783228)
  );
#18836 = PLANE('',#18837);
#18837 = AXIS2_PLACEMENT_3D('',#18838,#18839,#18840);
#18838 = CARTESIAN_POINT('',(4.83344522526,0.875,1.92050390327));
#18839 = DIRECTION('',(-0.705981870709,0.,0.708229904925));
#18840 = DIRECTION('',(0.708229904925,0.,0.705981870709));
#18841 = ADVANCED_FACE('',(#18842),#18857,.T.);
#18842 = FACE_BOUND('',#18843,.T.);
#18843 = EDGE_LOOP('',(#18844,#18845,#18851));
#18844 = ORIENTED_EDGE('',*,*,#18831,.F.);
#18845 = ORIENTED_EDGE('',*,*,#18846,.T.);
#18846 = EDGE_CURVE('',#18824,#18597,#18847,.T.);
#18847 = LINE('',#18848,#18849);
#18848 = CARTESIAN_POINT('',(4.871794700623,1.,1.958731651306));
#18849 = VECTOR('',#18850,1.);
#18850 = DIRECTION('',(-0.708230078223,0.,-0.705981696859));
#18851 = ORIENTED_EDGE('',*,*,#18852,.T.);
#18852 = EDGE_CURVE('',#18597,#18800,#18853,.T.);
#18853 = LINE('',#18854,#18855);
#18854 = CARTESIAN_POINT('',(4.628205299377,1.,1.715915560722));
#18855 = VECTOR('',#18856,1.);
#18856 = DIRECTION('',(0.572881382593,-0.587958034775,0.571062405366));
#18857 = PLANE('',#18858);
#18858 = AXIS2_PLACEMENT_3D('',#18859,#18860,#18861);
#18859 = CARTESIAN_POINT('',(4.75000000539,0.965448452838,1.837323594912
    ));
#18860 = DIRECTION('',(-0.705981696859,-3.377104178794E-07,
    0.708230078223));
#18861 = DIRECTION('',(0.708230078223,-1.915700624815E-23,0.705981696859
    ));
#18862 = ADVANCED_FACE('',(#18863),#18868,.T.);
#18863 = FACE_BOUND('',#18864,.T.);
#18864 = EDGE_LOOP('',(#18865,#18866,#18867));
#18865 = ORIENTED_EDGE('',*,*,#18852,.F.);
#18866 = ORIENTED_EDGE('',*,*,#18596,.F.);
#18867 = ORIENTED_EDGE('',*,*,#18799,.F.);
#18868 = PLANE('',#18869);
#18869 = AXIS2_PLACEMENT_3D('',#18870,#18871,#18872);
#18870 = CARTESIAN_POINT('',(4.666554770193,0.875,1.754143266691));
#18871 = DIRECTION('',(-0.705981523009,0.,0.708230251521));
#18872 = DIRECTION('',(0.708230251521,0.,0.705981523009));
#18873 = ADVANCED_FACE('',(#18874),#18891,.T.);
#18874 = FACE_BOUND('',#18875,.T.);
#18875 = EDGE_LOOP('',(#18876,#18884,#18885));
#18876 = ORIENTED_EDGE('',*,*,#18877,.T.);
#18877 = EDGE_CURVE('',#18878,#18746,#18880,.T.);
#18878 = VERTEX_POINT('',#18879);
#18879 = CARTESIAN_POINT('',(4.75,1.,1.33732354641));
#18880 = LINE('',#18881,#18882);
#18881 = CARTESIAN_POINT('',(4.75,1.,1.33732354641));
#18882 = VECTOR('',#18883,1.);
#18883 = DIRECTION('',(0.306247208923,0.,-0.951952019288));
#18884 = ORIENTED_EDGE('',*,*,#18745,.F.);
#18885 = ORIENTED_EDGE('',*,*,#18886,.T.);
#18886 = EDGE_CURVE('',#18519,#18878,#18887,.T.);
#18887 = LINE('',#18888,#18889);
#18888 = CARTESIAN_POINT('',(4.628205299377,1.,0.715915560722));
#18889 = VECTOR('',#18890,1.);
#18890 = DIRECTION('',(0.192338419684,0.,0.981328656625));
#18891 = PLANE('',#18892);
#18892 = AXIS2_PLACEMENT_3D('',#18893,#18894,#18895);
#18893 = CARTESIAN_POINT('',(4.739567622792,1.,1.014383808259));
#18894 = DIRECTION('',(0.,1.,0.));
#18895 = DIRECTION('',(0.,-0.,1.));
#18896 = ADVANCED_FACE('',(#18897),#18907,.T.);
#18897 = FACE_BOUND('',#18898,.T.);
#18898 = EDGE_LOOP('',(#18899,#18900,#18901));
#18899 = ORIENTED_EDGE('',*,*,#18886,.F.);
#18900 = ORIENTED_EDGE('',*,*,#18706,.F.);
#18901 = ORIENTED_EDGE('',*,*,#18902,.T.);
#18902 = EDGE_CURVE('',#18597,#18878,#18903,.T.);
#18903 = LINE('',#18904,#18905);
#18904 = CARTESIAN_POINT('',(4.628205299377,1.,1.715915560722));
#18905 = VECTOR('',#18906,1.);
#18906 = DIRECTION('',(0.306247121537,0.,-0.951952047401));
#18907 = PLANE('',#18908);
#18908 = AXIS2_PLACEMENT_3D('',#18909,#18910,#18911);
#18909 = CARTESIAN_POINT('',(4.659117721193,1.,1.217736917462));
#18910 = DIRECTION('',(0.,1.,0.));
#18911 = DIRECTION('',(0.,-0.,1.));
#18912 = ADVANCED_FACE('',(#18913),#18923,.T.);
#18913 = FACE_BOUND('',#18914,.T.);
#18914 = EDGE_LOOP('',(#18915,#18916,#18917));
#18915 = ORIENTED_EDGE('',*,*,#18902,.F.);
#18916 = ORIENTED_EDGE('',*,*,#18846,.F.);
#18917 = ORIENTED_EDGE('',*,*,#18918,.T.);
#18918 = EDGE_CURVE('',#18824,#18878,#18919,.T.);
#18919 = LINE('',#18920,#18921);
#18920 = CARTESIAN_POINT('',(4.871794700623,1.,1.958731651306));
#18921 = VECTOR('',#18922,1.);
#18922 = DIRECTION('',(-0.192338384151,0.,-0.981328663589));
#18923 = PLANE('',#18924);
#18924 = AXIS2_PLACEMENT_3D('',#18925,#18926,#18927);
#18925 = CARTESIAN_POINT('',(4.760432375614,1.,1.660263347004));
#18926 = DIRECTION('',(0.,1.,0.));
#18927 = DIRECTION('',(0.,-0.,1.));
#18928 = ADVANCED_FACE('',(#18929),#18939,.T.);
#18929 = FACE_BOUND('',#18930,.T.);
#18930 = EDGE_LOOP('',(#18931,#18932,#18938));
#18931 = ORIENTED_EDGE('',*,*,#18918,.F.);
#18932 = ORIENTED_EDGE('',*,*,#18933,.T.);
#18933 = EDGE_CURVE('',#18824,#18746,#18934,.T.);
#18934 = LINE('',#18935,#18936);
#18935 = CARTESIAN_POINT('',(4.871794700623,1.,1.958731651306));
#18936 = VECTOR('',#18937,1.);
#18937 = DIRECTION('',(0.,0.,-1.));
#18938 = ORIENTED_EDGE('',*,*,#18877,.F.);
#18939 = PLANE('',#18940);
#18940 = AXIS2_PLACEMENT_3D('',#18941,#18942,#18943);
#18941 = CARTESIAN_POINT('',(4.840882278756,1.,1.456910292578));
#18942 = DIRECTION('',(0.,1.,0.));
#18943 = DIRECTION('',(0.,-0.,1.));
#18944 = ADVANCED_FACE('',(#18945),#18962,.T.);
#18945 = FACE_BOUND('',#18946,.T.);
#18946 = EDGE_LOOP('',(#18947,#18955,#18956));
#18947 = ORIENTED_EDGE('',*,*,#18948,.T.);
#18948 = EDGE_CURVE('',#18949,#13426,#18951,.T.);
#18949 = VERTEX_POINT('',#18950);
#18950 = CARTESIAN_POINT('',(4.993589878082,0.875,1.07545375824));
#18951 = LINE('',#18952,#18953);
#18952 = CARTESIAN_POINT('',(4.993589878082,0.875,1.07545375824));
#18953 = VECTOR('',#18954,1.);
#18954 = DIRECTION('',(-0.580088094881,-0.595352076925,-0.555925990288)
  );
#18955 = ORIENTED_EDGE('',*,*,#18768,.F.);
#18956 = ORIENTED_EDGE('',*,*,#18957,.T.);
#18957 = EDGE_CURVE('',#18746,#18949,#18958,.T.);
#18958 = LINE('',#18959,#18960);
#18959 = CARTESIAN_POINT('',(4.871794700623,1.,0.958731651306));
#18960 = VECTOR('',#18961,1.);
#18961 = DIRECTION('',(0.580088094881,-0.595352076925,0.555925990288));
#18962 = PLANE('',#18963);
#18963 = AXIS2_PLACEMENT_3D('',#18964,#18965,#18966);
#18964 = CARTESIAN_POINT('',(4.909966581056,0.875,0.995313578462));
#18965 = DIRECTION('',(0.691910704372,-0.,-0.721983086488));
#18966 = DIRECTION('',(-0.721983086488,0.,-0.691910704372));
#18967 = ADVANCED_FACE('',(#18968),#18985,.T.);
#18968 = FACE_BOUND('',#18969,.T.);
#18969 = EDGE_LOOP('',(#18970,#18971,#18979));
#18970 = ORIENTED_EDGE('',*,*,#18957,.F.);
#18971 = ORIENTED_EDGE('',*,*,#18972,.T.);
#18972 = EDGE_CURVE('',#18746,#18973,#18975,.T.);
#18973 = VERTEX_POINT('',#18974);
#18974 = CARTESIAN_POINT('',(5.115384578705,1.,1.192175745964));
#18975 = LINE('',#18976,#18977);
#18976 = CARTESIAN_POINT('',(4.871794700623,1.,0.958731651306));
#18977 = VECTOR('',#18978,1.);
#18978 = DIRECTION('',(0.721982586383,0.,0.691911226213));
#18979 = ORIENTED_EDGE('',*,*,#18980,.T.);
#18980 = EDGE_CURVE('',#18973,#18949,#18981,.T.);
#18981 = LINE('',#18982,#18983);
#18982 = CARTESIAN_POINT('',(5.115384578705,1.,1.192175745964));
#18983 = VECTOR('',#18984,1.);
#18984 = DIRECTION('',(-0.580086771115,-0.595353049178,-0.555926330382)
  );
#18985 = PLANE('',#18986);
#18986 = AXIS2_PLACEMENT_3D('',#18987,#18988,#18989);
#18987 = CARTESIAN_POINT('',(4.993589678192,0.965344481497,
    1.075453688737));
#18988 = DIRECTION('',(0.691911226213,9.754478066193E-07,-0.721982586383
    ));
#18989 = DIRECTION('',(-0.721982586383,-2.489992255379E-23,
    -0.691911226213));
#18990 = ADVANCED_FACE('',(#18991),#19006,.T.);
#18991 = FACE_BOUND('',#18992,.T.);
#18992 = EDGE_LOOP('',(#18993,#18994,#19000));
#18993 = ORIENTED_EDGE('',*,*,#18980,.F.);
#18994 = ORIENTED_EDGE('',*,*,#18995,.T.);
#18995 = EDGE_CURVE('',#18973,#13582,#18996,.T.);
#18996 = LINE('',#18997,#18998);
#18997 = CARTESIAN_POINT('',(5.115384578705,1.,1.192175745964));
#18998 = VECTOR('',#18999,1.);
#18999 = DIRECTION('',(0.,-1.,0.));
#19000 = ORIENTED_EDGE('',*,*,#19001,.T.);
#19001 = EDGE_CURVE('',#13582,#18949,#19002,.T.);
#19002 = LINE('',#19003,#19004);
#19003 = CARTESIAN_POINT('',(5.115384578705,0.75,1.192175745964));
#19004 = VECTOR('',#19005,1.);
#19005 = DIRECTION('',(-0.580086771115,0.595353049178,-0.555926330382));
#19006 = PLANE('',#19007);
#19007 = AXIS2_PLACEMENT_3D('',#19008,#19009,#19010);
#19008 = CARTESIAN_POINT('',(5.07721287098,0.875,1.155593878463));
#19009 = DIRECTION('',(0.691911748055,-0.,-0.721982086276));
#19010 = DIRECTION('',(-0.721982086276,0.,-0.691911748055));
#19011 = ADVANCED_FACE('',(#19012),#19017,.T.);
#19012 = FACE_BOUND('',#19013,.T.);
#19013 = EDGE_LOOP('',(#19014,#19015,#19016));
#19014 = ORIENTED_EDGE('',*,*,#19001,.F.);
#19015 = ORIENTED_EDGE('',*,*,#13581,.F.);
#19016 = ORIENTED_EDGE('',*,*,#18948,.F.);
#19017 = PLANE('',#19018);
#19018 = AXIS2_PLACEMENT_3D('',#19019,#19020,#19021);
#19019 = CARTESIAN_POINT('',(4.993589678192,0.784655518503,
    1.075453688737));
#19020 = DIRECTION('',(0.691911226213,-9.754478065646E-07,
    -0.721982586383));
#19021 = DIRECTION('',(-0.721982586383,5.767165857896E-23,
    -0.691911226213));
#19022 = ADVANCED_FACE('',(#19023),#19040,.T.);
#19023 = FACE_BOUND('',#19024,.T.);
#19024 = EDGE_LOOP('',(#19025,#19033,#19034));
#19025 = ORIENTED_EDGE('',*,*,#19026,.T.);
#19026 = EDGE_CURVE('',#19027,#13504,#19029,.T.);
#19027 = VERTEX_POINT('',#19028);
#19028 = CARTESIAN_POINT('',(4.993589878082,0.875,2.07545375824));
#19029 = LINE('',#19030,#19031);
#19030 = CARTESIAN_POINT('',(4.993589878082,0.875,2.07545375824));
#19031 = VECTOR('',#19032,1.);
#19032 = DIRECTION('',(-0.580088094881,-0.595352076925,-0.555925990288)
  );
#19033 = ORIENTED_EDGE('',*,*,#13682,.F.);
#19034 = ORIENTED_EDGE('',*,*,#19035,.T.);
#19035 = EDGE_CURVE('',#13660,#19027,#19036,.T.);
#19036 = LINE('',#19037,#19038);
#19037 = CARTESIAN_POINT('',(5.115384578705,0.75,2.192175865173));
#19038 = VECTOR('',#19039,1.);
#19039 = DIRECTION('',(-0.580086588016,0.595352861261,-0.555926722682));
#19040 = PLANE('',#19041);
#19041 = AXIS2_PLACEMENT_3D('',#19042,#19043,#19044);
#19042 = CARTESIAN_POINT('',(4.993589683521,0.784655517165,
    2.075453736923));
#19043 = DIRECTION('',(-0.691911410387,1.319716282605E-06,0.721982409878
    ));
#19044 = DIRECTION('',(0.721982409879,-2.568201344327E-23,0.691911410388
    ));
#19045 = ADVANCED_FACE('',(#19046),#19063,.T.);
#19046 = FACE_BOUND('',#19047,.T.);
#19047 = EDGE_LOOP('',(#19048,#19049,#19057));
#19048 = ORIENTED_EDGE('',*,*,#19035,.F.);
#19049 = ORIENTED_EDGE('',*,*,#19050,.T.);
#19050 = EDGE_CURVE('',#13660,#19051,#19053,.T.);
#19051 = VERTEX_POINT('',#19052);
#19052 = CARTESIAN_POINT('',(5.115384578705,1.,2.192175865173));
#19053 = LINE('',#19054,#19055);
#19054 = CARTESIAN_POINT('',(5.115384578705,0.75,2.192175865173));
#19055 = VECTOR('',#19056,1.);
#19056 = DIRECTION('',(0.,1.,0.));
#19057 = ORIENTED_EDGE('',*,*,#19058,.T.);
#19058 = EDGE_CURVE('',#19051,#19027,#19059,.T.);
#19059 = LINE('',#19060,#19061);
#19060 = CARTESIAN_POINT('',(5.115384578705,1.,2.192175865173));
#19061 = VECTOR('',#19062,1.);
#19062 = DIRECTION('',(-0.580086588016,-0.595352861261,-0.555926722682)
  );
#19063 = PLANE('',#19064);
#19064 = AXIS2_PLACEMENT_3D('',#19065,#19066,#19067);
#19065 = CARTESIAN_POINT('',(5.077212866484,0.875,2.155593956002));
#19066 = DIRECTION('',(-0.691912116405,0.,0.721981733268));
#19067 = DIRECTION('',(0.721981733268,0.,0.691912116405));
#19068 = ADVANCED_FACE('',(#19069),#19084,.T.);
#19069 = FACE_BOUND('',#19070,.T.);
#19070 = EDGE_LOOP('',(#19071,#19072,#19078));
#19071 = ORIENTED_EDGE('',*,*,#19058,.F.);
#19072 = ORIENTED_EDGE('',*,*,#19073,.T.);
#19073 = EDGE_CURVE('',#19051,#18824,#19074,.T.);
#19074 = LINE('',#19075,#19076);
#19075 = CARTESIAN_POINT('',(5.115384578705,1.,2.192175865173));
#19076 = VECTOR('',#19077,1.);
#19077 = DIRECTION('',(-0.721982409879,0.,-0.691911410388));
#19078 = ORIENTED_EDGE('',*,*,#19079,.T.);
#19079 = EDGE_CURVE('',#18824,#19027,#19080,.T.);
#19080 = LINE('',#19081,#19082);
#19081 = CARTESIAN_POINT('',(4.871794700623,1.,1.958731651306));
#19082 = VECTOR('',#19083,1.);
#19083 = DIRECTION('',(0.580088094881,-0.595352076925,0.555925990288));
#19084 = PLANE('',#19085);
#19085 = AXIS2_PLACEMENT_3D('',#19086,#19087,#19088);
#19086 = CARTESIAN_POINT('',(4.993589683521,0.965344482835,
    2.075453736923));
#19087 = DIRECTION('',(-0.691911410387,-1.319716282585E-06,
    0.721982409878));
#19088 = DIRECTION('',(0.721982409879,7.018777656846E-24,0.691911410388)
  );
#19089 = ADVANCED_FACE('',(#19090),#19095,.T.);
#19090 = FACE_BOUND('',#19091,.T.);
#19091 = EDGE_LOOP('',(#19092,#19093,#19094));
#19092 = ORIENTED_EDGE('',*,*,#19079,.F.);
#19093 = ORIENTED_EDGE('',*,*,#18823,.F.);
#19094 = ORIENTED_EDGE('',*,*,#19026,.F.);
#19095 = PLANE('',#19096);
#19096 = AXIS2_PLACEMENT_3D('',#19097,#19098,#19099);
#19097 = CARTESIAN_POINT('',(4.909966581056,0.875,1.995313578462));
#19098 = DIRECTION('',(-0.691910704372,0.,0.721983086488));
#19099 = DIRECTION('',(0.721983086488,0.,0.691910704372));
#19100 = ADVANCED_FACE('',(#19101),#19118,.T.);
#19101 = FACE_BOUND('',#19102,.T.);
#19102 = EDGE_LOOP('',(#19103,#19111,#19112));
#19103 = ORIENTED_EDGE('',*,*,#19104,.T.);
#19104 = EDGE_CURVE('',#19105,#18973,#19107,.T.);
#19105 = VERTEX_POINT('',#19106);
#19106 = CARTESIAN_POINT('',(4.993589878082,1.,1.57545375824));
#19107 = LINE('',#19108,#19109);
#19108 = CARTESIAN_POINT('',(4.993589878082,1.,1.57545375824));
#19109 = VECTOR('',#19110,1.);
#19110 = DIRECTION('',(0.302848247561,0.,-0.953038791943));
#19111 = ORIENTED_EDGE('',*,*,#18972,.F.);
#19112 = ORIENTED_EDGE('',*,*,#19113,.T.);
#19113 = EDGE_CURVE('',#18746,#19105,#19114,.T.);
#19114 = LINE('',#19115,#19116);
#19115 = CARTESIAN_POINT('',(4.871794700623,1.,0.958731651306));
#19116 = VECTOR('',#19117,1.);
#19117 = DIRECTION('',(0.193745887068,0.,0.981051747485));
#19118 = PLANE('',#19119);
#19119 = AXIS2_PLACEMENT_3D('',#19120,#19121,#19122);
#19120 = CARTESIAN_POINT('',(4.98350966807,1.,1.254144403491));
#19121 = DIRECTION('',(0.,1.,0.));
#19122 = DIRECTION('',(0.,-0.,1.));
#19123 = ADVANCED_FACE('',(#19124),#19134,.T.);
#19124 = FACE_BOUND('',#19125,.T.);
#19125 = EDGE_LOOP('',(#19126,#19127,#19128));
#19126 = ORIENTED_EDGE('',*,*,#19113,.F.);
#19127 = ORIENTED_EDGE('',*,*,#18933,.F.);
#19128 = ORIENTED_EDGE('',*,*,#19129,.T.);
#19129 = EDGE_CURVE('',#18824,#19105,#19130,.T.);
#19130 = LINE('',#19131,#19132);
#19131 = CARTESIAN_POINT('',(4.871794700623,1.,1.958731651306));
#19132 = VECTOR('',#19133,1.);
#19133 = DIRECTION('',(0.302849410046,0.,-0.953038422538));
#19134 = PLANE('',#19135);
#19135 = AXIS2_PLACEMENT_3D('',#19136,#19137,#19138);
#19136 = CARTESIAN_POINT('',(4.902705261801,1.,1.460475339979));
#19137 = DIRECTION('',(0.,1.,0.));
#19138 = DIRECTION('',(0.,-0.,1.));
#19139 = ADVANCED_FACE('',(#19140),#19150,.T.);
#19140 = FACE_BOUND('',#19141,.T.);
#19141 = EDGE_LOOP('',(#19142,#19143,#19144));
#19142 = ORIENTED_EDGE('',*,*,#19129,.F.);
#19143 = ORIENTED_EDGE('',*,*,#19073,.F.);
#19144 = ORIENTED_EDGE('',*,*,#19145,.T.);
#19145 = EDGE_CURVE('',#19051,#19105,#19146,.T.);
#19146 = LINE('',#19147,#19148);
#19147 = CARTESIAN_POINT('',(5.115384578705,1.,2.192175865173));
#19148 = VECTOR('',#19149,1.);
#19149 = DIRECTION('',(-0.193745157011,0.,-0.981051891663));
#19150 = PLANE('',#19151);
#19151 = AXIS2_PLACEMENT_3D('',#19152,#19153,#19154);
#19152 = CARTESIAN_POINT('',(5.003669785246,1.,1.896763089498));
#19153 = DIRECTION('',(0.,1.,0.));
#19154 = DIRECTION('',(0.,-0.,1.));
#19155 = ADVANCED_FACE('',(#19156),#19166,.T.);
#19156 = FACE_BOUND('',#19157,.T.);
#19157 = EDGE_LOOP('',(#19158,#19159,#19165));
#19158 = ORIENTED_EDGE('',*,*,#19145,.F.);
#19159 = ORIENTED_EDGE('',*,*,#19160,.T.);
#19160 = EDGE_CURVE('',#19051,#18973,#19161,.T.);
#19161 = LINE('',#19162,#19163);
#19162 = CARTESIAN_POINT('',(5.115384578705,1.,2.192175865173));
#19163 = VECTOR('',#19164,1.);
#19164 = DIRECTION('',(0.,0.,-1.));
#19165 = ORIENTED_EDGE('',*,*,#19104,.F.);
#19166 = PLANE('',#19167);
#19167 = AXIS2_PLACEMENT_3D('',#19168,#19169,#19170);
#19168 = CARTESIAN_POINT('',(5.084474142177,1.,1.690432131301));
#19169 = DIRECTION('',(0.,1.,0.));
#19170 = DIRECTION('',(0.,-0.,1.));
#19171 = ADVANCED_FACE('',(#19172),#19189,.T.);
#19172 = FACE_BOUND('',#19173,.T.);
#19173 = EDGE_LOOP('',(#19174,#19182,#19183));
#19174 = ORIENTED_EDGE('',*,*,#19175,.T.);
#19175 = EDGE_CURVE('',#19176,#13582,#19178,.T.);
#19176 = VERTEX_POINT('',#19177);
#19177 = CARTESIAN_POINT('',(5.237179279327,0.875,1.297320127487));
#19178 = LINE('',#19179,#19180);
#19179 = CARTESIAN_POINT('',(5.237179279327,0.875,1.297320127487));
#19180 = VECTOR('',#19181,1.);
#19181 = DIRECTION('',(-0.597763763464,-0.613495251034,-0.516044629899)
  );
#19182 = ORIENTED_EDGE('',*,*,#18995,.F.);
#19183 = ORIENTED_EDGE('',*,*,#19184,.T.);
#19184 = EDGE_CURVE('',#18973,#19176,#19185,.T.);
#19185 = LINE('',#19186,#19187);
#19186 = CARTESIAN_POINT('',(5.115384578705,1.,1.192175745964));
#19187 = VECTOR('',#19188,1.);
#19188 = DIRECTION('',(0.597763763464,-0.613495251034,0.516044629899));
#19189 = PLANE('',#19190);
#19190 = AXIS2_PLACEMENT_3D('',#19191,#19192,#19193);
#19191 = CARTESIAN_POINT('',(5.153127082299,0.875,1.224758544536));
#19192 = DIRECTION('',(0.653470520021,-0.,-0.756951966417));
#19193 = DIRECTION('',(-0.756951966417,0.,-0.653470520021));
#19194 = ADVANCED_FACE('',(#19195),#19212,.T.);
#19195 = FACE_BOUND('',#19196,.T.);
#19196 = EDGE_LOOP('',(#19197,#19198,#19206));
#19197 = ORIENTED_EDGE('',*,*,#19184,.F.);
#19198 = ORIENTED_EDGE('',*,*,#19199,.T.);
#19199 = EDGE_CURVE('',#18973,#19200,#19202,.T.);
#19200 = VERTEX_POINT('',#19201);
#19201 = CARTESIAN_POINT('',(5.358974456787,1.,1.40246450901));
#19202 = LINE('',#19203,#19204);
#19203 = CARTESIAN_POINT('',(5.115384578705,1.,1.192175745964));
#19204 = VECTOR('',#19205,1.);
#19205 = DIRECTION('',(0.756952599166,0.,0.653469787072));
#19206 = ORIENTED_EDGE('',*,*,#19207,.T.);
#19207 = EDGE_CURVE('',#19200,#19176,#19208,.T.);
#19208 = LINE('',#19209,#19210);
#19209 = CARTESIAN_POINT('',(5.358974456787,1.,1.40246450901));
#19210 = VECTOR('',#19211,1.);
#19211 = DIRECTION('',(-0.597765267521,-0.613494392788,-0.516043907981)
  );
#19212 = PLANE('',#19213);
#19213 = AXIS2_PLACEMENT_3D('',#19214,#19215,#19216);
#19214 = CARTESIAN_POINT('',(5.237179474938,0.965077921482,
    1.297320148034));
#19215 = DIRECTION('',(0.653469787071,-1.246394704884E-06,
    -0.756952599165));
#19216 = DIRECTION('',(-0.756952599166,1.8143113449E-23,-0.653469787072)
  );
#19217 = ADVANCED_FACE('',(#19218),#19233,.T.);
#19218 = FACE_BOUND('',#19219,.T.);
#19219 = EDGE_LOOP('',(#19220,#19221,#19227));
#19220 = ORIENTED_EDGE('',*,*,#19207,.F.);
#19221 = ORIENTED_EDGE('',*,*,#19222,.T.);
#19222 = EDGE_CURVE('',#19200,#13738,#19223,.T.);
#19223 = LINE('',#19224,#19225);
#19224 = CARTESIAN_POINT('',(5.358974456787,1.,1.40246450901));
#19225 = VECTOR('',#19226,1.);
#19226 = DIRECTION('',(0.,-1.,0.));
#19227 = ORIENTED_EDGE('',*,*,#19228,.T.);
#19228 = EDGE_CURVE('',#13738,#19176,#19229,.T.);
#19229 = LINE('',#19230,#19231);
#19230 = CARTESIAN_POINT('',(5.358974456787,0.75,1.40246450901));
#19231 = VECTOR('',#19232,1.);
#19232 = DIRECTION('',(-0.597765267521,0.613494392788,-0.516043907981));
#19233 = PLANE('',#19234);
#19234 = AXIS2_PLACEMENT_3D('',#19235,#19236,#19237);
#19235 = CARTESIAN_POINT('',(5.321231785352,0.875,1.369881693107));
#19236 = DIRECTION('',(0.653469054123,-0.,-0.756953231913));
#19237 = DIRECTION('',(-0.756953231913,0.,-0.653469054123));
#19238 = ADVANCED_FACE('',(#19239),#19244,.T.);
#19239 = FACE_BOUND('',#19240,.T.);
#19240 = EDGE_LOOP('',(#19241,#19242,#19243));
#19241 = ORIENTED_EDGE('',*,*,#19228,.F.);
#19242 = ORIENTED_EDGE('',*,*,#13737,.F.);
#19243 = ORIENTED_EDGE('',*,*,#19175,.F.);
#19244 = PLANE('',#19245);
#19245 = AXIS2_PLACEMENT_3D('',#19246,#19247,#19248);
#19246 = CARTESIAN_POINT('',(5.237179474938,0.784922078518,
    1.297320148034));
#19247 = DIRECTION('',(0.653469787071,1.246394704993E-06,-0.756952599165
    ));
#19248 = DIRECTION('',(-0.756952599166,-2.622439808085E-23,
    -0.653469787072));
#19249 = ADVANCED_FACE('',(#19250),#19267,.T.);
#19250 = FACE_BOUND('',#19251,.T.);
#19251 = EDGE_LOOP('',(#19252,#19260,#19261));
#19252 = ORIENTED_EDGE('',*,*,#19253,.T.);
#19253 = EDGE_CURVE('',#19254,#13660,#19256,.T.);
#19254 = VERTEX_POINT('',#19255);
#19255 = CARTESIAN_POINT('',(5.237179279327,0.875,2.297320127487));
#19256 = LINE('',#19257,#19258);
#19257 = CARTESIAN_POINT('',(5.237179279327,0.875,2.297320127487));
#19258 = VECTOR('',#19259,1.);
#19259 = DIRECTION('',(-0.597763943944,-0.613495436263,-0.516044200631)
  );
#19260 = ORIENTED_EDGE('',*,*,#13838,.F.);
#19261 = ORIENTED_EDGE('',*,*,#19262,.T.);
#19262 = EDGE_CURVE('',#13816,#19254,#19263,.T.);
#19263 = LINE('',#19264,#19265);
#19264 = CARTESIAN_POINT('',(5.358974456787,0.75,2.40246462822));
#19265 = VECTOR('',#19266,1.);
#19266 = DIRECTION('',(-0.597765087041,0.613494207559,-0.516044337248));
#19267 = PLANE('',#19268);
#19268 = AXIS2_PLACEMENT_3D('',#19269,#19270,#19271);
#19269 = CARTESIAN_POINT('',(5.237179485212,0.784922078518,
    2.297320242808));
#19270 = DIRECTION('',(-0.653469787072,-5.24508452411E-07,0.756952599166
    ));
#19271 = DIRECTION('',(0.756952599166,-1.326414556976E-23,0.653469787072
    ));
#19272 = ADVANCED_FACE('',(#19273),#19290,.T.);
#19273 = FACE_BOUND('',#19274,.T.);
#19274 = EDGE_LOOP('',(#19275,#19276,#19284));
#19275 = ORIENTED_EDGE('',*,*,#19262,.F.);
#19276 = ORIENTED_EDGE('',*,*,#19277,.T.);
#19277 = EDGE_CURVE('',#13816,#19278,#19280,.T.);
#19278 = VERTEX_POINT('',#19279);
#19279 = CARTESIAN_POINT('',(5.358974456787,1.,2.40246462822));
#19280 = LINE('',#19281,#19282);
#19281 = CARTESIAN_POINT('',(5.358974456787,0.75,2.40246462822));
#19282 = VECTOR('',#19283,1.);
#19283 = DIRECTION('',(0.,1.,0.));
#19284 = ORIENTED_EDGE('',*,*,#19285,.T.);
#19285 = EDGE_CURVE('',#19278,#19254,#19286,.T.);
#19286 = LINE('',#19287,#19288);
#19287 = CARTESIAN_POINT('',(5.358974456787,1.,2.40246462822));
#19288 = VECTOR('',#19289,1.);
#19289 = DIRECTION('',(-0.597765087041,-0.613494207559,-0.516044337248)
  );
#19290 = PLANE('',#19291);
#19291 = AXIS2_PLACEMENT_3D('',#19292,#19293,#19294);
#19292 = CARTESIAN_POINT('',(5.321231781019,0.875,2.369881771634));
#19293 = DIRECTION('',(-0.653469478632,0.,0.756952865439));
#19294 = DIRECTION('',(0.756952865439,0.,0.653469478632));
#19295 = ADVANCED_FACE('',(#19296),#19311,.T.);
#19296 = FACE_BOUND('',#19297,.T.);
#19297 = EDGE_LOOP('',(#19298,#19299,#19305));
#19298 = ORIENTED_EDGE('',*,*,#19285,.F.);
#19299 = ORIENTED_EDGE('',*,*,#19300,.T.);
#19300 = EDGE_CURVE('',#19278,#19051,#19301,.T.);
#19301 = LINE('',#19302,#19303);
#19302 = CARTESIAN_POINT('',(5.358974456787,1.,2.40246462822));
#19303 = VECTOR('',#19304,1.);
#19304 = DIRECTION('',(-0.756952599166,0.,-0.653469787072));
#19305 = ORIENTED_EDGE('',*,*,#19306,.T.);
#19306 = EDGE_CURVE('',#19051,#19254,#19307,.T.);
#19307 = LINE('',#19308,#19309);
#19308 = CARTESIAN_POINT('',(5.115384578705,1.,2.192175865173));
#19309 = VECTOR('',#19310,1.);
#19310 = DIRECTION('',(0.597763943944,-0.613495436263,0.516044200631));
#19311 = PLANE('',#19312);
#19312 = AXIS2_PLACEMENT_3D('',#19313,#19314,#19315);
#19313 = CARTESIAN_POINT('',(5.237179485212,0.965077921482,
    2.297320242808));
#19314 = DIRECTION('',(-0.653469787072,5.245084524244E-07,0.756952599166
    ));
#19315 = DIRECTION('',(0.756952599166,2.716507454206E-23,0.653469787072)
  );
#19316 = ADVANCED_FACE('',(#19317),#19322,.T.);
#19317 = FACE_BOUND('',#19318,.T.);
#19318 = EDGE_LOOP('',(#19319,#19320,#19321));
#19319 = ORIENTED_EDGE('',*,*,#19306,.F.);
#19320 = ORIENTED_EDGE('',*,*,#19050,.F.);
#19321 = ORIENTED_EDGE('',*,*,#19253,.F.);
#19322 = PLANE('',#19323);
#19323 = AXIS2_PLACEMENT_3D('',#19324,#19325,#19326);
#19324 = CARTESIAN_POINT('',(5.153127077966,0.875,2.224758623064));
#19325 = DIRECTION('',(-0.653470095512,0.,0.756952332892));
#19326 = DIRECTION('',(0.756952332892,0.,0.653470095512));
#19327 = ADVANCED_FACE('',(#19328),#19345,.T.);
#19328 = FACE_BOUND('',#19329,.T.);
#19329 = EDGE_LOOP('',(#19330,#19338,#19339));
#19330 = ORIENTED_EDGE('',*,*,#19331,.T.);
#19331 = EDGE_CURVE('',#19332,#19200,#19334,.T.);
#19332 = VERTEX_POINT('',#19333);
#19333 = CARTESIAN_POINT('',(5.237179279327,1.,1.797320127487));
#19334 = LINE('',#19335,#19336);
#19335 = CARTESIAN_POINT('',(5.237179279327,1.,1.797320127487));
#19336 = VECTOR('',#19337,1.);
#19337 = DIRECTION('',(0.294751526986,0.,-0.95557393086));
#19338 = ORIENTED_EDGE('',*,*,#19199,.F.);
#19339 = ORIENTED_EDGE('',*,*,#19340,.T.);
#19340 = EDGE_CURVE('',#18973,#19332,#19341,.T.);
#19341 = LINE('',#19342,#19343);
#19342 = CARTESIAN_POINT('',(5.115384578705,1.,1.192175745964));
#19343 = VECTOR('',#19344,1.);
#19344 = DIRECTION('',(0.197308917747,0.,0.980341364514));
#19345 = PLANE('',#19346);
#19346 = AXIS2_PLACEMENT_3D('',#19347,#19348,#19349);
#19347 = CARTESIAN_POINT('',(5.2279897832,1.,1.479894750714));
#19348 = DIRECTION('',(0.,1.,0.));
#19349 = DIRECTION('',(0.,-0.,1.));
#19350 = ADVANCED_FACE('',(#19351),#19361,.T.);
#19351 = FACE_BOUND('',#19352,.T.);
#19352 = EDGE_LOOP('',(#19353,#19354,#19355));
#19353 = ORIENTED_EDGE('',*,*,#19340,.F.);
#19354 = ORIENTED_EDGE('',*,*,#19160,.F.);
#19355 = ORIENTED_EDGE('',*,*,#19356,.T.);
#19356 = EDGE_CURVE('',#19051,#19332,#19357,.T.);
#19357 = LINE('',#19358,#19359);
#19358 = CARTESIAN_POINT('',(5.115384578705,1.,2.192175865173));
#19359 = VECTOR('',#19360,1.);
#19360 = DIRECTION('',(0.294750392011,0.,-0.955574280948));
#19361 = PLANE('',#19362);
#19362 = AXIS2_PLACEMENT_3D('',#19363,#19364,#19365);
#19363 = CARTESIAN_POINT('',(5.146290505352,1.,1.693731410051));
#19364 = DIRECTION('',(0.,1.,0.));
#19365 = DIRECTION('',(0.,-0.,1.));
#19366 = ADVANCED_FACE('',(#19367),#19377,.T.);
#19367 = FACE_BOUND('',#19368,.T.);
#19368 = EDGE_LOOP('',(#19369,#19370,#19371));
#19369 = ORIENTED_EDGE('',*,*,#19356,.F.);
#19370 = ORIENTED_EDGE('',*,*,#19300,.F.);
#19371 = ORIENTED_EDGE('',*,*,#19372,.T.);
#19372 = EDGE_CURVE('',#19278,#19332,#19373,.T.);
#19373 = LINE('',#19374,#19375);
#19374 = CARTESIAN_POINT('',(5.358974456787,1.,2.40246462822));
#19375 = VECTOR('',#19376,1.);
#19376 = DIRECTION('',(-0.1973096228,0.,-0.980341222611));
#19377 = PLANE('',#19378);
#19378 = AXIS2_PLACEMENT_3D('',#19379,#19380,#19381);
#19379 = CARTESIAN_POINT('',(5.246369080056,1.,2.114745578096));
#19380 = DIRECTION('',(0.,1.,0.));
#19381 = DIRECTION('',(0.,-0.,1.));
#19382 = ADVANCED_FACE('',(#19383),#19393,.T.);
#19383 = FACE_BOUND('',#19384,.T.);
#19384 = EDGE_LOOP('',(#19385,#19386,#19392));
#19385 = ORIENTED_EDGE('',*,*,#19372,.F.);
#19386 = ORIENTED_EDGE('',*,*,#19387,.T.);
#19387 = EDGE_CURVE('',#19278,#19200,#19388,.T.);
#19388 = LINE('',#19389,#19390);
#19389 = CARTESIAN_POINT('',(5.358974456787,1.,2.40246462822));
#19390 = VECTOR('',#19391,1.);
#19391 = DIRECTION('',(0.,0.,-1.));
#19392 = ORIENTED_EDGE('',*,*,#19331,.F.);
#19393 = PLANE('',#19394);
#19394 = AXIS2_PLACEMENT_3D('',#19395,#19396,#19397);
#19395 = CARTESIAN_POINT('',(5.328068405631,1.,1.900908950607));
#19396 = DIRECTION('',(0.,1.,0.));
#19397 = DIRECTION('',(0.,-0.,1.));
#19398 = ADVANCED_FACE('',(#19399),#19416,.T.);
#19399 = FACE_BOUND('',#19400,.T.);
#19400 = EDGE_LOOP('',(#19401,#19409,#19410));
#19401 = ORIENTED_EDGE('',*,*,#19402,.T.);
#19402 = EDGE_CURVE('',#19403,#13738,#19405,.T.);
#19403 = VERTEX_POINT('',#19404);
#19404 = CARTESIAN_POINT('',(5.48076915741,0.875,1.48982322216));
#19405 = LINE('',#19406,#19407);
#19406 = CARTESIAN_POINT('',(5.48076915741,0.875,1.48982322216));
#19407 = VECTOR('',#19408,1.);
#19408 = DIRECTION('',(-0.624051010066,-0.640474305199,-0.447608088863)
  );
#19409 = ORIENTED_EDGE('',*,*,#19222,.F.);
#19410 = ORIENTED_EDGE('',*,*,#19411,.T.);
#19411 = EDGE_CURVE('',#19200,#19403,#19412,.T.);
#19412 = LINE('',#19413,#19414);
#19413 = CARTESIAN_POINT('',(5.358974456787,1.,1.40246450901));
#19414 = VECTOR('',#19415,1.);
#19415 = DIRECTION('',(0.624051010066,-0.640474305199,0.447608088863));
#19416 = PLANE('',#19417);
#19417 = AXIS2_PLACEMENT_3D('',#19418,#19419,#19420);
#19418 = CARTESIAN_POINT('',(5.396096251452,0.875,1.429090562486));
#19419 = DIRECTION('',(0.58283851483,-0.,-0.812588004853));
#19420 = DIRECTION('',(-0.812588004853,0.,-0.58283851483));
#19421 = ADVANCED_FACE('',(#19422),#19439,.T.);
#19422 = FACE_BOUND('',#19423,.T.);
#19423 = EDGE_LOOP('',(#19424,#19425,#19433));
#19424 = ORIENTED_EDGE('',*,*,#19411,.F.);
#19425 = ORIENTED_EDGE('',*,*,#19426,.T.);
#19426 = EDGE_CURVE('',#19200,#19427,#19429,.T.);
#19427 = VERTEX_POINT('',#19428);
#19428 = CARTESIAN_POINT('',(5.602564334869,1.,1.57718193531));
#19429 = LINE('',#19430,#19431);
#19430 = CARTESIAN_POINT('',(5.358974456787,1.,1.40246450901));
#19431 = VECTOR('',#19432,1.);
#19432 = DIRECTION('',(0.812588545206,0.,0.582837761474));
#19433 = ORIENTED_EDGE('',*,*,#19434,.T.);
#19434 = EDGE_CURVE('',#19427,#19403,#19435,.T.);
#19435 = LINE('',#19436,#19437);
#19436 = CARTESIAN_POINT('',(5.602564334869,1.,1.57718193531));
#19437 = VECTOR('',#19438,1.);
#19438 = DIRECTION('',(-0.624052501793,-0.640473328674,-0.447607406399)
  );
#19439 = PLANE('',#19440);
#19440 = AXIS2_PLACEMENT_3D('',#19441,#19442,#19443);
#19441 = CARTESIAN_POINT('',(5.48076935466,0.96464892149,1.489823240995)
  );
#19442 = DIRECTION('',(0.582837761474,-1.111674807517E-06,
    -0.812588545205));
#19443 = DIRECTION('',(-0.812588545206,-1.411634584092E-23,
    -0.582837761474));
#19444 = ADVANCED_FACE('',(#19445),#19460,.T.);
#19445 = FACE_BOUND('',#19446,.T.);
#19446 = EDGE_LOOP('',(#19447,#19448,#19454));
#19447 = ORIENTED_EDGE('',*,*,#19434,.F.);
#19448 = ORIENTED_EDGE('',*,*,#19449,.T.);
#19449 = EDGE_CURVE('',#19427,#13894,#19450,.T.);
#19450 = LINE('',#19451,#19452);
#19451 = CARTESIAN_POINT('',(5.602564334869,1.,1.57718193531));
#19452 = VECTOR('',#19453,1.);
#19453 = DIRECTION('',(0.,-1.,0.));
#19454 = ORIENTED_EDGE('',*,*,#19455,.T.);
#19455 = EDGE_CURVE('',#13894,#19403,#19456,.T.);
#19456 = LINE('',#19457,#19458);
#19457 = CARTESIAN_POINT('',(5.602564334869,0.75,1.57718193531));
#19458 = VECTOR('',#19459,1.);
#19459 = DIRECTION('',(-0.624052501793,0.640473328674,-0.447607406399));
#19460 = PLANE('',#19461);
#19461 = AXIS2_PLACEMENT_3D('',#19462,#19463,#19464);
#19462 = CARTESIAN_POINT('',(5.565442372771,0.875,1.550555865985));
#19463 = DIRECTION('',(0.58283700812,-0.,-0.812589085557));
#19464 = DIRECTION('',(-0.812589085557,0.,-0.58283700812));
#19465 = ADVANCED_FACE('',(#19466),#19471,.T.);
#19466 = FACE_BOUND('',#19467,.T.);
#19467 = EDGE_LOOP('',(#19468,#19469,#19470));
#19468 = ORIENTED_EDGE('',*,*,#19455,.F.);
#19469 = ORIENTED_EDGE('',*,*,#13893,.F.);
#19470 = ORIENTED_EDGE('',*,*,#19402,.F.);
#19471 = PLANE('',#19472);
#19472 = AXIS2_PLACEMENT_3D('',#19473,#19474,#19475);
#19473 = CARTESIAN_POINT('',(5.48076935466,0.78535107851,1.489823240995)
  );
#19474 = DIRECTION('',(0.582837761474,1.111674807488E-06,-0.812588545205
    ));
#19475 = DIRECTION('',(-0.812588545206,2.897278555164E-23,
    -0.582837761474));
#19476 = ADVANCED_FACE('',(#19477),#19494,.T.);
#19477 = FACE_BOUND('',#19478,.T.);
#19478 = EDGE_LOOP('',(#19479,#19487,#19488));
#19479 = ORIENTED_EDGE('',*,*,#19480,.T.);
#19480 = EDGE_CURVE('',#19481,#13816,#19483,.T.);
#19481 = VERTEX_POINT('',#19482);
#19482 = CARTESIAN_POINT('',(5.48076915741,0.875,2.48982334137));
#19483 = LINE('',#19484,#19485);
#19484 = CARTESIAN_POINT('',(5.48076915741,0.875,2.48982334137));
#19485 = VECTOR('',#19486,1.);
#19486 = DIRECTION('',(-0.624051010066,-0.640474305199,-0.447608088863)
  );
#19487 = ORIENTED_EDGE('',*,*,#13994,.F.);
#19488 = ORIENTED_EDGE('',*,*,#19489,.T.);
#19489 = EDGE_CURVE('',#13972,#19481,#19490,.T.);
#19490 = LINE('',#19491,#19492);
#19491 = CARTESIAN_POINT('',(5.602564334869,0.75,2.57718205452));
#19492 = VECTOR('',#19493,1.);
#19493 = DIRECTION('',(-0.624052501793,0.640473328674,-0.447607406399));
#19494 = PLANE('',#19495);
#19495 = AXIS2_PLACEMENT_3D('',#19496,#19497,#19498);
#19496 = CARTESIAN_POINT('',(5.48076935466,0.78535107851,2.489823360204)
  );
#19497 = DIRECTION('',(-0.582837761474,-1.111674807487E-06,
    0.812588545205));
#19498 = DIRECTION('',(0.812588545206,-3.283024597294E-23,0.582837761474
    ));
#19499 = ADVANCED_FACE('',(#19500),#19517,.T.);
#19500 = FACE_BOUND('',#19501,.T.);
#19501 = EDGE_LOOP('',(#19502,#19503,#19511));
#19502 = ORIENTED_EDGE('',*,*,#19489,.F.);
#19503 = ORIENTED_EDGE('',*,*,#19504,.T.);
#19504 = EDGE_CURVE('',#13972,#19505,#19507,.T.);
#19505 = VERTEX_POINT('',#19506);
#19506 = CARTESIAN_POINT('',(5.602564334869,1.,2.57718205452));
#19507 = LINE('',#19508,#19509);
#19508 = CARTESIAN_POINT('',(5.602564334869,0.75,2.57718205452));
#19509 = VECTOR('',#19510,1.);
#19510 = DIRECTION('',(0.,1.,0.));
#19511 = ORIENTED_EDGE('',*,*,#19512,.T.);
#19512 = EDGE_CURVE('',#19505,#19481,#19513,.T.);
#19513 = LINE('',#19514,#19515);
#19514 = CARTESIAN_POINT('',(5.602564334869,1.,2.57718205452));
#19515 = VECTOR('',#19516,1.);
#19516 = DIRECTION('',(-0.624052501793,-0.640473328674,-0.447607406399)
  );
#19517 = PLANE('',#19518);
#19518 = AXIS2_PLACEMENT_3D('',#19519,#19520,#19521);
#19519 = CARTESIAN_POINT('',(5.565442372771,0.875,2.550555985195));
#19520 = DIRECTION('',(-0.58283700812,0.,0.812589085557));
#19521 = DIRECTION('',(0.812589085557,0.,0.58283700812));
#19522 = ADVANCED_FACE('',(#19523),#19538,.T.);
#19523 = FACE_BOUND('',#19524,.T.);
#19524 = EDGE_LOOP('',(#19525,#19526,#19532));
#19525 = ORIENTED_EDGE('',*,*,#19512,.F.);
#19526 = ORIENTED_EDGE('',*,*,#19527,.T.);
#19527 = EDGE_CURVE('',#19505,#19278,#19528,.T.);
#19528 = LINE('',#19529,#19530);
#19529 = CARTESIAN_POINT('',(5.602564334869,1.,2.57718205452));
#19530 = VECTOR('',#19531,1.);
#19531 = DIRECTION('',(-0.812588545206,0.,-0.582837761474));
#19532 = ORIENTED_EDGE('',*,*,#19533,.T.);
#19533 = EDGE_CURVE('',#19278,#19481,#19534,.T.);
#19534 = LINE('',#19535,#19536);
#19535 = CARTESIAN_POINT('',(5.358974456787,1.,2.40246462822));
#19536 = VECTOR('',#19537,1.);
#19537 = DIRECTION('',(0.624051010066,-0.640474305199,0.447608088863));
#19538 = PLANE('',#19539);
#19539 = AXIS2_PLACEMENT_3D('',#19540,#19541,#19542);
#19540 = CARTESIAN_POINT('',(5.48076935466,0.96464892149,2.489823360204)
  );
#19541 = DIRECTION('',(-0.582837761474,1.111674807517E-06,0.812588545205
    ));
#19542 = DIRECTION('',(0.812588545206,4.210215489782E-23,0.582837761474)
  );
#19543 = ADVANCED_FACE('',(#19544),#19549,.T.);
#19544 = FACE_BOUND('',#19545,.T.);
#19545 = EDGE_LOOP('',(#19546,#19547,#19548));
#19546 = ORIENTED_EDGE('',*,*,#19533,.F.);
#19547 = ORIENTED_EDGE('',*,*,#19277,.F.);
#19548 = ORIENTED_EDGE('',*,*,#19480,.F.);
#19549 = PLANE('',#19550);
#19550 = AXIS2_PLACEMENT_3D('',#19551,#19552,#19553);
#19551 = CARTESIAN_POINT('',(5.396096251452,0.875,2.429090681695));
#19552 = DIRECTION('',(-0.58283851483,0.,0.812588004853));
#19553 = DIRECTION('',(0.812588004853,0.,0.58283851483));
#19554 = ADVANCED_FACE('',(#19555),#19572,.T.);
#19555 = FACE_BOUND('',#19556,.T.);
#19556 = EDGE_LOOP('',(#19557,#19565,#19566));
#19557 = ORIENTED_EDGE('',*,*,#19558,.T.);
#19558 = EDGE_CURVE('',#19559,#19427,#19561,.T.);
#19559 = VERTEX_POINT('',#19560);
#19560 = CARTESIAN_POINT('',(5.48076915741,1.,1.98982322216));
#19561 = LINE('',#19562,#19563);
#19562 = CARTESIAN_POINT('',(5.48076915741,1.,1.98982322216));
#19563 = VECTOR('',#19564,1.);
#19564 = DIRECTION('',(0.283086261034,0.,-0.959094452499));
#19565 = ORIENTED_EDGE('',*,*,#19426,.F.);
#19566 = ORIENTED_EDGE('',*,*,#19567,.T.);
#19567 = EDGE_CURVE('',#19200,#19559,#19568,.T.);
#19568 = LINE('',#19569,#19570);
#19569 = CARTESIAN_POINT('',(5.358974456787,1.,1.40246450901));
#19570 = VECTOR('',#19571,1.);
#19571 = DIRECTION('',(0.203040747562,0.,0.979170288984));
#19572 = PLANE('',#19573);
#19573 = AXIS2_PLACEMENT_3D('',#19574,#19575,#19576);
#19574 = CARTESIAN_POINT('',(5.473002344515,1.,1.67789874387));
#19575 = DIRECTION('',(0.,1.,0.));
#19576 = DIRECTION('',(0.,-0.,1.));
#19577 = ADVANCED_FACE('',(#19578),#19588,.T.);
#19578 = FACE_BOUND('',#19579,.T.);
#19579 = EDGE_LOOP('',(#19580,#19581,#19582));
#19580 = ORIENTED_EDGE('',*,*,#19567,.F.);
#19581 = ORIENTED_EDGE('',*,*,#19387,.F.);
#19582 = ORIENTED_EDGE('',*,*,#19583,.T.);
#19583 = EDGE_CURVE('',#19278,#19559,#19584,.T.);
#19584 = LINE('',#19585,#19586);
#19585 = CARTESIAN_POINT('',(5.358974456787,1.,2.40246462822));
#19586 = VECTOR('',#19587,1.);
#19587 = DIRECTION('',(0.283085166319,0.,-0.959094775614));
#19588 = PLANE('',#19589);
#19589 = AXIS2_PLACEMENT_3D('',#19590,#19591,#19592);
#19590 = CARTESIAN_POINT('',(5.389874499259,1.,1.903740645858));
#19591 = DIRECTION('',(0.,1.,0.));
#19592 = DIRECTION('',(0.,-0.,1.));
#19593 = ADVANCED_FACE('',(#19594),#19604,.T.);
#19594 = FACE_BOUND('',#19595,.T.);
#19595 = EDGE_LOOP('',(#19596,#19597,#19598));
#19596 = ORIENTED_EDGE('',*,*,#19583,.F.);
#19597 = ORIENTED_EDGE('',*,*,#19527,.F.);
#19598 = ORIENTED_EDGE('',*,*,#19599,.T.);
#19599 = EDGE_CURVE('',#19505,#19559,#19600,.T.);
#19600 = LINE('',#19601,#19602);
#19601 = CARTESIAN_POINT('',(5.602564334869,1.,2.57718205452));
#19602 = VECTOR('',#19603,1.);
#19603 = DIRECTION('',(-0.203041470204,0.,-0.979170139137));
#19604 = PLANE('',#19605);
#19605 = AXIS2_PLACEMENT_3D('',#19606,#19607,#19608);
#19606 = CARTESIAN_POINT('',(5.488536272064,1.,2.301747772202));
#19607 = DIRECTION('',(0.,1.,0.));
#19608 = DIRECTION('',(0.,-0.,1.));
#19609 = ADVANCED_FACE('',(#19610),#19620,.T.);
#19610 = FACE_BOUND('',#19611,.T.);
#19611 = EDGE_LOOP('',(#19612,#19613,#19619));
#19612 = ORIENTED_EDGE('',*,*,#19599,.F.);
#19613 = ORIENTED_EDGE('',*,*,#19614,.T.);
#19614 = EDGE_CURVE('',#19505,#19427,#19615,.T.);
#19615 = LINE('',#19616,#19617);
#19616 = CARTESIAN_POINT('',(5.602564334869,1.,2.57718205452));
#19617 = VECTOR('',#19618,1.);
#19618 = DIRECTION('',(0.,0.,-1.));
#19619 = ORIENTED_EDGE('',*,*,#19558,.F.);
#19620 = PLANE('',#19621);
#19621 = AXIS2_PLACEMENT_3D('',#19622,#19623,#19624);
#19622 = CARTESIAN_POINT('',(5.571664167961,1.,2.07590590629));
#19623 = DIRECTION('',(0.,1.,0.));
#19624 = DIRECTION('',(0.,-0.,1.));
#19625 = ADVANCED_FACE('',(#19626),#19643,.T.);
#19626 = FACE_BOUND('',#19627,.T.);
#19627 = EDGE_LOOP('',(#19628,#19636,#19637));
#19628 = ORIENTED_EDGE('',*,*,#19629,.T.);
#19629 = EDGE_CURVE('',#19630,#13894,#19632,.T.);
#19630 = VERTEX_POINT('',#19631);
#19631 = CARTESIAN_POINT('',(5.724359035492,0.875,1.641597032547));
#19632 = LINE('',#19633,#19634);
#19633 = CARTESIAN_POINT('',(5.724359035492,0.875,1.641597032547));
#19634 = VECTOR('',#19635,1.);
#19635 = DIRECTION('',(-0.654694282795,-0.671924024043,-0.346256410755)
  );
#19636 = ORIENTED_EDGE('',*,*,#19449,.F.);
#19637 = ORIENTED_EDGE('',*,*,#19638,.T.);
#19638 = EDGE_CURVE('',#19427,#19630,#19639,.T.);
#19639 = LINE('',#19640,#19641);
#19640 = CARTESIAN_POINT('',(5.602564334869,1.,1.57718193531));
#19641 = VECTOR('',#19642,1.);
#19642 = DIRECTION('',(0.654694282795,-0.671924024043,0.346256410755));
#19643 = PLANE('',#19644);
#19644 = AXIS2_PLACEMENT_3D('',#19645,#19646,#19647);
#19645 = CARTESIAN_POINT('',(5.638987850194,0.875,1.596445698589));
#19646 = DIRECTION('',(0.467522308879,-0.,-0.883981272823));
#19647 = DIRECTION('',(-0.883981272823,0.,-0.467522308879));
#19648 = ADVANCED_FACE('',(#19649),#19666,.T.);
#19649 = FACE_BOUND('',#19650,.T.);
#19650 = EDGE_LOOP('',(#19651,#19652,#19660));
#19651 = ORIENTED_EDGE('',*,*,#19638,.F.);
#19652 = ORIENTED_EDGE('',*,*,#19653,.T.);
#19653 = EDGE_CURVE('',#19427,#19654,#19656,.T.);
#19654 = VERTEX_POINT('',#19655);
#19655 = CARTESIAN_POINT('',(5.846153736115,1.,1.706012129784));
#19656 = LINE('',#19657,#19658);
#19657 = CARTESIAN_POINT('',(5.602564334869,1.,1.57718193531));
#19658 = VECTOR('',#19659,1.);
#19659 = DIRECTION('',(0.883981272823,0.,0.467522308879));
#19660 = ORIENTED_EDGE('',*,*,#19661,.T.);
#19661 = EDGE_CURVE('',#19654,#19630,#19662,.T.);
#19662 = LINE('',#19663,#19664);
#19663 = CARTESIAN_POINT('',(5.846153736115,1.,1.706012129784));
#19664 = VECTOR('',#19665,1.);
#19665 = DIRECTION('',(-0.654694282795,-0.671924024043,-0.346256410755)
  );
#19666 = PLANE('',#19667);
#19667 = AXIS2_PLACEMENT_3D('',#19668,#19669,#19670);
#19668 = CARTESIAN_POINT('',(5.724359035492,0.96409325582,1.641597032547
    ));
#19669 = DIRECTION('',(0.467522308879,-0.,-0.883981272823));
#19670 = DIRECTION('',(-0.883981272823,0.,-0.467522308879));
#19671 = ADVANCED_FACE('',(#19672),#19687,.T.);
#19672 = FACE_BOUND('',#19673,.T.);
#19673 = EDGE_LOOP('',(#19674,#19675,#19681));
#19674 = ORIENTED_EDGE('',*,*,#19661,.F.);
#19675 = ORIENTED_EDGE('',*,*,#19676,.T.);
#19676 = EDGE_CURVE('',#19654,#14050,#19677,.T.);
#19677 = LINE('',#19678,#19679);
#19678 = CARTESIAN_POINT('',(5.846153736115,1.,1.706012129784));
#19679 = VECTOR('',#19680,1.);
#19680 = DIRECTION('',(0.,-1.,0.));
#19681 = ORIENTED_EDGE('',*,*,#19682,.T.);
#19682 = EDGE_CURVE('',#14050,#19630,#19683,.T.);
#19683 = LINE('',#19684,#19685);
#19684 = CARTESIAN_POINT('',(5.846153736115,0.75,1.706012129784));
#19685 = VECTOR('',#19686,1.);
#19686 = DIRECTION('',(-0.654694282795,0.671924024043,-0.346256410755));
#19687 = PLANE('',#19688);
#19688 = AXIS2_PLACEMENT_3D('',#19689,#19690,#19691);
#19689 = CARTESIAN_POINT('',(5.80973022079,0.875,1.686748366505));
#19690 = DIRECTION('',(0.467522308879,-0.,-0.883981272823));
#19691 = DIRECTION('',(-0.883981272823,0.,-0.467522308879));
#19692 = ADVANCED_FACE('',(#19693),#19698,.T.);
#19693 = FACE_BOUND('',#19694,.T.);
#19694 = EDGE_LOOP('',(#19695,#19696,#19697));
#19695 = ORIENTED_EDGE('',*,*,#19682,.F.);
#19696 = ORIENTED_EDGE('',*,*,#14049,.F.);
#19697 = ORIENTED_EDGE('',*,*,#19629,.F.);
#19698 = PLANE('',#19699);
#19699 = AXIS2_PLACEMENT_3D('',#19700,#19701,#19702);
#19700 = CARTESIAN_POINT('',(5.724359035492,0.78590674418,1.641597032547
    ));
#19701 = DIRECTION('',(0.467522308879,-0.,-0.883981272823));
#19702 = DIRECTION('',(-0.883981272823,0.,-0.467522308879));
#19703 = ADVANCED_FACE('',(#19704),#19721,.T.);
#19704 = FACE_BOUND('',#19705,.T.);
#19705 = EDGE_LOOP('',(#19706,#19714,#19715));
#19706 = ORIENTED_EDGE('',*,*,#19707,.T.);
#19707 = EDGE_CURVE('',#19708,#13972,#19710,.T.);
#19708 = VERTEX_POINT('',#19709);
#19709 = CARTESIAN_POINT('',(5.724359035492,0.875,2.641597032547));
#19710 = LINE('',#19711,#19712);
#19711 = CARTESIAN_POINT('',(5.724359035492,0.875,2.641597032547));
#19712 = VECTOR('',#19713,1.);
#19713 = DIRECTION('',(-0.654694428059,-0.671924173129,-0.346255846785)
  );
#19714 = ORIENTED_EDGE('',*,*,#14150,.F.);
#19715 = ORIENTED_EDGE('',*,*,#19716,.T.);
#19716 = EDGE_CURVE('',#14128,#19708,#19717,.T.);
#19717 = LINE('',#19718,#19719);
#19718 = CARTESIAN_POINT('',(5.846153736115,0.75,2.706012010574));
#19719 = VECTOR('',#19720,1.);
#19720 = DIRECTION('',(-0.654694428059,0.671924173129,-0.346255846785));
#19721 = PLANE('',#19722);
#19722 = AXIS2_PLACEMENT_3D('',#19723,#19724,#19725);
#19723 = CARTESIAN_POINT('',(5.724359035492,0.78590674697,2.641597032547
    ));
#19724 = DIRECTION('',(-0.467521632778,0.,0.8839816304));
#19725 = DIRECTION('',(0.8839816304,0.,0.467521632778));
#19726 = ADVANCED_FACE('',(#19727),#19744,.T.);
#19727 = FACE_BOUND('',#19728,.T.);
#19728 = EDGE_LOOP('',(#19729,#19730,#19738));
#19729 = ORIENTED_EDGE('',*,*,#19716,.F.);
#19730 = ORIENTED_EDGE('',*,*,#19731,.T.);
#19731 = EDGE_CURVE('',#14128,#19732,#19734,.T.);
#19732 = VERTEX_POINT('',#19733);
#19733 = CARTESIAN_POINT('',(5.846153736115,1.,2.706012010574));
#19734 = LINE('',#19735,#19736);
#19735 = CARTESIAN_POINT('',(5.846153736115,0.75,2.706012010574));
#19736 = VECTOR('',#19737,1.);
#19737 = DIRECTION('',(0.,1.,0.));
#19738 = ORIENTED_EDGE('',*,*,#19739,.T.);
#19739 = EDGE_CURVE('',#19732,#19708,#19740,.T.);
#19740 = LINE('',#19741,#19742);
#19741 = CARTESIAN_POINT('',(5.846153736115,1.,2.706012010574));
#19742 = VECTOR('',#19743,1.);
#19743 = DIRECTION('',(-0.654694428059,-0.671924173129,-0.346255846785)
  );
#19744 = PLANE('',#19745);
#19745 = AXIS2_PLACEMENT_3D('',#19746,#19747,#19748);
#19746 = CARTESIAN_POINT('',(5.809730224038,0.875,2.686748284664));
#19747 = DIRECTION('',(-0.467521632778,0.,0.8839816304));
#19748 = DIRECTION('',(0.8839816304,0.,0.467521632778));
#19749 = ADVANCED_FACE('',(#19750),#19765,.T.);
#19750 = FACE_BOUND('',#19751,.T.);
#19751 = EDGE_LOOP('',(#19752,#19753,#19759));
#19752 = ORIENTED_EDGE('',*,*,#19739,.F.);
#19753 = ORIENTED_EDGE('',*,*,#19754,.T.);
#19754 = EDGE_CURVE('',#19732,#19505,#19755,.T.);
#19755 = LINE('',#19756,#19757);
#19756 = CARTESIAN_POINT('',(5.846153736115,1.,2.706012010574));
#19757 = VECTOR('',#19758,1.);
#19758 = DIRECTION('',(-0.8839816304,0.,-0.467521632778));
#19759 = ORIENTED_EDGE('',*,*,#19760,.T.);
#19760 = EDGE_CURVE('',#19505,#19708,#19761,.T.);
#19761 = LINE('',#19762,#19763);
#19762 = CARTESIAN_POINT('',(5.602564334869,1.,2.57718205452));
#19763 = VECTOR('',#19764,1.);
#19764 = DIRECTION('',(0.654694428059,-0.671924173129,0.346255846785));
#19765 = PLANE('',#19766);
#19766 = AXIS2_PLACEMENT_3D('',#19767,#19768,#19769);
#19767 = CARTESIAN_POINT('',(5.724359035492,0.96409325303,2.641597032547
    ));
#19768 = DIRECTION('',(-0.467521632778,0.,0.8839816304));
#19769 = DIRECTION('',(0.8839816304,0.,0.467521632778));
#19770 = ADVANCED_FACE('',(#19771),#19776,.T.);
#19771 = FACE_BOUND('',#19772,.T.);
#19772 = EDGE_LOOP('',(#19773,#19774,#19775));
#19773 = ORIENTED_EDGE('',*,*,#19760,.F.);
#19774 = ORIENTED_EDGE('',*,*,#19504,.F.);
#19775 = ORIENTED_EDGE('',*,*,#19707,.F.);
#19776 = PLANE('',#19777);
#19777 = AXIS2_PLACEMENT_3D('',#19778,#19779,#19780);
#19778 = CARTESIAN_POINT('',(5.638987846946,0.875,2.59644578043));
#19779 = DIRECTION('',(-0.467521632778,0.,0.8839816304));
#19780 = DIRECTION('',(0.8839816304,0.,0.467521632778));
#19781 = ADVANCED_FACE('',(#19782),#19799,.T.);
#19782 = FACE_BOUND('',#19783,.T.);
#19783 = EDGE_LOOP('',(#19784,#19792,#19793));
#19784 = ORIENTED_EDGE('',*,*,#19785,.T.);
#19785 = EDGE_CURVE('',#19786,#19654,#19788,.T.);
#19786 = VERTEX_POINT('',#19787);
#19787 = CARTESIAN_POINT('',(5.724359035492,1.,2.141597032547));
#19788 = LINE('',#19789,#19790);
#19789 = CARTESIAN_POINT('',(5.724359035492,1.,2.141597032547));
#19790 = VECTOR('',#19791,1.);
#19791 = DIRECTION('',(0.269283272435,0.,-0.963061015298));
#19792 = ORIENTED_EDGE('',*,*,#19653,.F.);
#19793 = ORIENTED_EDGE('',*,*,#19794,.T.);
#19794 = EDGE_CURVE('',#19427,#19786,#19795,.T.);
#19795 = LINE('',#19796,#19797);
#19796 = CARTESIAN_POINT('',(5.602564334869,1.,1.57718193531));
#19797 = VECTOR('',#19798,1.);
#19798 = DIRECTION('',(0.210934038887,0.,0.977500297309));
#19799 = PLANE('',#19800);
#19800 = AXIS2_PLACEMENT_3D('',#19801,#19802,#19803);
#19801 = CARTESIAN_POINT('',(5.718521769453,1.,1.835731076109));
#19802 = DIRECTION('',(0.,1.,0.));
#19803 = DIRECTION('',(0.,-0.,1.));
#19804 = ADVANCED_FACE('',(#19805),#19815,.T.);
#19805 = FACE_BOUND('',#19806,.T.);
#19806 = EDGE_LOOP('',(#19807,#19808,#19809));
#19807 = ORIENTED_EDGE('',*,*,#19794,.F.);
#19808 = ORIENTED_EDGE('',*,*,#19614,.F.);
#19809 = ORIENTED_EDGE('',*,*,#19810,.T.);
#19810 = EDGE_CURVE('',#19505,#19786,#19811,.T.);
#19811 = LINE('',#19812,#19813);
#19812 = CARTESIAN_POINT('',(5.602564334869,1.,2.57718205452));
#19813 = VECTOR('',#19814,1.);
#19814 = DIRECTION('',(0.269283204083,0.,-0.96306103441));
#19815 = PLANE('',#19816);
#19816 = AXIS2_PLACEMENT_3D('',#19817,#19818,#19819);
#19817 = CARTESIAN_POINT('',(5.633458536971,1.,2.078110927628));
#19818 = DIRECTION('',(0.,1.,0.));
#19819 = DIRECTION('',(0.,-0.,1.));
#19820 = ADVANCED_FACE('',(#19821),#19831,.T.);
#19821 = FACE_BOUND('',#19822,.T.);
#19822 = EDGE_LOOP('',(#19823,#19824,#19825));
#19823 = ORIENTED_EDGE('',*,*,#19810,.F.);
#19824 = ORIENTED_EDGE('',*,*,#19754,.F.);
#19825 = ORIENTED_EDGE('',*,*,#19826,.T.);
#19826 = EDGE_CURVE('',#19732,#19786,#19827,.T.);
#19827 = LINE('',#19828,#19829);
#19828 = CARTESIAN_POINT('',(5.846153736115,1.,2.706012010574));
#19829 = VECTOR('',#19830,1.);
#19830 = DIRECTION('',(-0.210934081456,0.,-0.977500288123));
#19831 = PLANE('',#19832);
#19832 = AXIS2_PLACEMENT_3D('',#19833,#19834,#19835);
#19833 = CARTESIAN_POINT('',(5.730196291245,1.,2.447462961058));
#19834 = DIRECTION('',(0.,1.,0.));
#19835 = DIRECTION('',(0.,-0.,1.));
#19836 = ADVANCED_FACE('',(#19837),#19847,.T.);
#19837 = FACE_BOUND('',#19838,.T.);
#19838 = EDGE_LOOP('',(#19839,#19840,#19846));
#19839 = ORIENTED_EDGE('',*,*,#19826,.F.);
#19840 = ORIENTED_EDGE('',*,*,#19841,.T.);
#19841 = EDGE_CURVE('',#19732,#19654,#19842,.T.);
#19842 = LINE('',#19843,#19844);
#19843 = CARTESIAN_POINT('',(5.846153736115,1.,2.706012010574));
#19844 = VECTOR('',#19845,1.);
#19845 = DIRECTION('',(0.,0.,-1.));
#19846 = ORIENTED_EDGE('',*,*,#19785,.F.);
#19847 = PLANE('',#19848);
#19848 = AXIS2_PLACEMENT_3D('',#19849,#19850,#19851);
#19849 = CARTESIAN_POINT('',(5.815259533804,1.,2.205083137036));
#19850 = DIRECTION('',(0.,1.,0.));
#19851 = DIRECTION('',(0.,-0.,1.));
#19852 = ADVANCED_FACE('',(#19853),#19870,.T.);
#19853 = FACE_BOUND('',#19854,.T.);
#19854 = EDGE_LOOP('',(#19855,#19863,#19864));
#19855 = ORIENTED_EDGE('',*,*,#19856,.T.);
#19856 = EDGE_CURVE('',#19857,#14050,#19859,.T.);
#19857 = VERTEX_POINT('',#19858);
#19858 = CARTESIAN_POINT('',(5.967948913574,0.875,1.743680238724));
#19859 = LINE('',#19860,#19861);
#19860 = CARTESIAN_POINT('',(5.967948913574,0.875,1.743680238724));
#19861 = VECTOR('',#19862,1.);
#19862 = DIRECTION('',(-0.682157861505,-0.700107627138,-0.210973842951)
  );
#19863 = ORIENTED_EDGE('',*,*,#19676,.F.);
#19864 = ORIENTED_EDGE('',*,*,#19865,.T.);
#19865 = EDGE_CURVE('',#19654,#19857,#19866,.T.);
#19866 = LINE('',#19867,#19868);
#19867 = CARTESIAN_POINT('',(5.846153736115,1.,1.706012129784));
#19868 = VECTOR('',#19869,1.);
#19869 = DIRECTION('',(0.682157861505,-0.700107627138,0.210973842951));
#19870 = PLANE('',#19871);
#19871 = AXIS2_PLACEMENT_3D('',#19872,#19873,#19874);
#19872 = CARTESIAN_POINT('',(5.881973579375,0.875,1.717090283995));
#19873 = DIRECTION('',(0.295466124412,-0.,-0.955353217049));
#19874 = DIRECTION('',(-0.955353217049,0.,-0.295466124412));
#19875 = ADVANCED_FACE('',(#19876),#19893,.T.);
#19876 = FACE_BOUND('',#19877,.T.);
#19877 = EDGE_LOOP('',(#19878,#19879,#19887));
#19878 = ORIENTED_EDGE('',*,*,#19865,.F.);
#19879 = ORIENTED_EDGE('',*,*,#19880,.T.);
#19880 = EDGE_CURVE('',#19654,#19881,#19883,.T.);
#19881 = VERTEX_POINT('',#19882);
#19882 = CARTESIAN_POINT('',(6.089743614197,1.,1.781348466873));
#19883 = LINE('',#19884,#19885);
#19884 = CARTESIAN_POINT('',(5.846153736115,1.,1.706012129784));
#19885 = VECTOR('',#19886,1.);
#19886 = DIRECTION('',(0.955352921811,0.,0.295467079025));
#19887 = ORIENTED_EDGE('',*,*,#19888,.T.);
#19888 = EDGE_CURVE('',#19881,#19857,#19889,.T.);
#19889 = LINE('',#19890,#19891);
#19890 = CARTESIAN_POINT('',(6.089743614197,1.,1.781348466873));
#19891 = VECTOR('',#19892,1.);
#19892 = DIRECTION('',(-0.682156337494,-0.700108804003,-0.210974865269)
  );
#19893 = PLANE('',#19894);
#19894 = AXIS2_PLACEMENT_3D('',#19895,#19896,#19897);
#19895 = CARTESIAN_POINT('',(5.967948714843,0.963536371176,
    1.743680271706));
#19896 = DIRECTION('',(0.295467079025,1.019106501539E-06,-0.95535292181)
  );
#19897 = DIRECTION('',(-0.955352921811,-4.744487081751E-24,
    -0.295467079025));
#19898 = ADVANCED_FACE('',(#19899),#19914,.T.);
#19899 = FACE_BOUND('',#19900,.T.);
#19900 = EDGE_LOOP('',(#19901,#19902,#19908));
#19901 = ORIENTED_EDGE('',*,*,#19888,.F.);
#19902 = ORIENTED_EDGE('',*,*,#19903,.T.);
#19903 = EDGE_CURVE('',#19881,#14206,#19904,.T.);
#19904 = LINE('',#19905,#19906);
#19905 = CARTESIAN_POINT('',(6.089743614197,1.,1.781348466873));
#19906 = VECTOR('',#19907,1.);
#19907 = DIRECTION('',(0.,-1.,0.));
#19908 = ORIENTED_EDGE('',*,*,#19909,.T.);
#19909 = EDGE_CURVE('',#14206,#19857,#19910,.T.);
#19910 = LINE('',#19911,#19912);
#19911 = CARTESIAN_POINT('',(6.089743614197,0.75,1.781348466873));
#19912 = VECTOR('',#19913,1.);
#19913 = DIRECTION('',(-0.682156337494,0.700108804003,-0.210974865269));
#19914 = PLANE('',#19915);
#19915 = AXIS2_PLACEMENT_3D('',#19916,#19917,#19918);
#19916 = CARTESIAN_POINT('',(6.053923935969,0.875,1.770270285271));
#19917 = DIRECTION('',(0.295468033641,-0.,-0.955352626571));
#19918 = DIRECTION('',(-0.955352626571,0.,-0.295468033641));
#19919 = ADVANCED_FACE('',(#19920),#19925,.T.);
#19920 = FACE_BOUND('',#19921,.T.);
#19921 = EDGE_LOOP('',(#19922,#19923,#19924));
#19922 = ORIENTED_EDGE('',*,*,#19909,.F.);
#19923 = ORIENTED_EDGE('',*,*,#14205,.F.);
#19924 = ORIENTED_EDGE('',*,*,#19856,.F.);
#19925 = PLANE('',#19926);
#19926 = AXIS2_PLACEMENT_3D('',#19927,#19928,#19929);
#19927 = CARTESIAN_POINT('',(5.967948714843,0.786463628824,
    1.743680271706));
#19928 = DIRECTION('',(0.295467079025,-1.019106501536E-06,-0.95535292181
    ));
#19929 = DIRECTION('',(-0.955352921811,-1.235548683849E-23,
    -0.295467079025));
#19930 = ADVANCED_FACE('',(#19931),#19948,.T.);
#19931 = FACE_BOUND('',#19932,.T.);
#19932 = EDGE_LOOP('',(#19933,#19941,#19942));
#19933 = ORIENTED_EDGE('',*,*,#19934,.T.);
#19934 = EDGE_CURVE('',#19935,#14128,#19937,.T.);
#19935 = VERTEX_POINT('',#19936);
#19936 = CARTESIAN_POINT('',(5.967948913574,0.875,2.743680238724));
#19937 = LINE('',#19938,#19939);
#19938 = CARTESIAN_POINT('',(5.967948913574,0.875,2.743680238724));
#19939 = VECTOR('',#19940,1.);
#19940 = DIRECTION('',(-0.682157765415,-0.700107528519,-0.210974480907)
  );
#19941 = ORIENTED_EDGE('',*,*,#14306,.F.);
#19942 = ORIENTED_EDGE('',*,*,#19943,.T.);
#19943 = EDGE_CURVE('',#14284,#19935,#19944,.T.);
#19944 = LINE('',#19945,#19946);
#19945 = CARTESIAN_POINT('',(6.089743614197,0.75,2.781348466873));
#19946 = VECTOR('',#19947,1.);
#19947 = DIRECTION('',(-0.682156337494,0.700108804003,-0.210974865269));
#19948 = PLANE('',#19949);
#19949 = AXIS2_PLACEMENT_3D('',#19950,#19951,#19952);
#19950 = CARTESIAN_POINT('',(5.967948712341,0.786463627796,
    2.743680228714));
#19951 = DIRECTION('',(-0.295467505744,5.635595431131E-07,0.955352789837
    ));
#19952 = DIRECTION('',(0.955352789837,-2.180028141618E-23,0.295467505744
    ));
#19953 = ADVANCED_FACE('',(#19954),#19971,.T.);
#19954 = FACE_BOUND('',#19955,.T.);
#19955 = EDGE_LOOP('',(#19956,#19957,#19965));
#19956 = ORIENTED_EDGE('',*,*,#19943,.F.);
#19957 = ORIENTED_EDGE('',*,*,#19958,.T.);
#19958 = EDGE_CURVE('',#14284,#19959,#19961,.T.);
#19959 = VERTEX_POINT('',#19960);
#19960 = CARTESIAN_POINT('',(6.089743614197,1.,2.781348466873));
#19961 = LINE('',#19962,#19963);
#19962 = CARTESIAN_POINT('',(6.089743614197,0.75,2.781348466873));
#19963 = VECTOR('',#19964,1.);
#19964 = DIRECTION('',(0.,1.,0.));
#19965 = ORIENTED_EDGE('',*,*,#19966,.T.);
#19966 = EDGE_CURVE('',#19959,#19935,#19967,.T.);
#19967 = LINE('',#19968,#19969);
#19968 = CARTESIAN_POINT('',(6.089743614197,1.,2.781348466873));
#19969 = VECTOR('',#19970,1.);
#19970 = DIRECTION('',(-0.682156337494,-0.700108804003,-0.210974865269)
  );
#19971 = PLANE('',#19972);
#19972 = AXIS2_PLACEMENT_3D('',#19973,#19974,#19975);
#19973 = CARTESIAN_POINT('',(6.053923935969,0.875,2.770270285271));
#19974 = DIRECTION('',(-0.295468033641,0.,0.955352626571));
#19975 = DIRECTION('',(0.955352626571,0.,0.295468033641));
#19976 = ADVANCED_FACE('',(#19977),#19992,.T.);
#19977 = FACE_BOUND('',#19978,.T.);
#19978 = EDGE_LOOP('',(#19979,#19980,#19986));
#19979 = ORIENTED_EDGE('',*,*,#19966,.F.);
#19980 = ORIENTED_EDGE('',*,*,#19981,.T.);
#19981 = EDGE_CURVE('',#19959,#19732,#19982,.T.);
#19982 = LINE('',#19983,#19984);
#19983 = CARTESIAN_POINT('',(6.089743614197,1.,2.781348466873));
#19984 = VECTOR('',#19985,1.);
#19985 = DIRECTION('',(-0.955352789837,0.,-0.295467505744));
#19986 = ORIENTED_EDGE('',*,*,#19987,.T.);
#19987 = EDGE_CURVE('',#19732,#19935,#19988,.T.);
#19988 = LINE('',#19989,#19990);
#19989 = CARTESIAN_POINT('',(5.846153736115,1.,2.706012010574));
#19990 = VECTOR('',#19991,1.);
#19991 = DIRECTION('',(0.682157765415,-0.700107528519,0.210974480907));
#19992 = PLANE('',#19993);
#19993 = AXIS2_PLACEMENT_3D('',#19994,#19995,#19996);
#19994 = CARTESIAN_POINT('',(5.967948712341,0.963536372204,
    2.743680228714));
#19995 = DIRECTION('',(-0.295467505744,-5.635595431317E-07,
    0.955352789837));
#19996 = DIRECTION('',(0.955352789837,-2.341357886625E-24,0.295467505744
    ));
#19997 = ADVANCED_FACE('',(#19998),#20003,.T.);
#19998 = FACE_BOUND('',#19999,.T.);
#19999 = EDGE_LOOP('',(#20000,#20001,#20002));
#20000 = ORIENTED_EDGE('',*,*,#19987,.F.);
#20001 = ORIENTED_EDGE('',*,*,#19731,.F.);
#20002 = ORIENTED_EDGE('',*,*,#19934,.F.);
#20003 = PLANE('',#20004);
#20004 = AXIS2_PLACEMENT_3D('',#20005,#20006,#20007);
#20005 = CARTESIAN_POINT('',(5.881973581453,0.875,2.717090200488));
#20006 = DIRECTION('',(-0.295466977849,0.,0.955352953102));
#20007 = DIRECTION('',(0.955352953102,0.,0.295466977849));
#20008 = ADVANCED_FACE('',(#20009),#20026,.T.);
#20009 = FACE_BOUND('',#20010,.T.);
#20010 = EDGE_LOOP('',(#20011,#20019,#20020));
#20011 = ORIENTED_EDGE('',*,*,#20012,.T.);
#20012 = EDGE_CURVE('',#20013,#14206,#20015,.T.);
#20013 = VERTEX_POINT('',#20014);
#20014 = CARTESIAN_POINT('',(6.089743614197,0.875,2.281348466873));
#20015 = LINE('',#20016,#20017);
#20016 = CARTESIAN_POINT('',(6.089743614197,0.875,2.281348466873));
#20017 = VECTOR('',#20018,1.);
#20018 = DIRECTION('',(0.,-0.242535625036,-0.970142500145));
#20019 = ORIENTED_EDGE('',*,*,#19903,.F.);
#20020 = ORIENTED_EDGE('',*,*,#20021,.T.);
#20021 = EDGE_CURVE('',#19881,#20013,#20022,.T.);
#20022 = LINE('',#20023,#20024);
#20023 = CARTESIAN_POINT('',(6.089743614197,1.,1.781348466873));
#20024 = VECTOR('',#20025,1.);
#20025 = DIRECTION('',(0.,-0.242535625036,0.970142500145));
#20026 = PLANE('',#20027);
#20027 = AXIS2_PLACEMENT_3D('',#20028,#20029,#20030);
#20028 = CARTESIAN_POINT('',(6.089743614197,0.875,1.982549941473));
#20029 = DIRECTION('',(1.,0.,0.));
#20030 = DIRECTION('',(-0.,0.,1.));
#20031 = ADVANCED_FACE('',(#20032),#20047,.T.);
#20032 = FACE_BOUND('',#20033,.T.);
#20033 = EDGE_LOOP('',(#20034,#20035,#20041));
#20034 = ORIENTED_EDGE('',*,*,#20021,.F.);
#20035 = ORIENTED_EDGE('',*,*,#20036,.T.);
#20036 = EDGE_CURVE('',#19881,#19959,#20037,.T.);
#20037 = LINE('',#20038,#20039);
#20038 = CARTESIAN_POINT('',(6.089743614197,1.,1.781348466873));
#20039 = VECTOR('',#20040,1.);
#20040 = DIRECTION('',(0.,0.,1.));
#20041 = ORIENTED_EDGE('',*,*,#20042,.T.);
#20042 = EDGE_CURVE('',#19959,#20013,#20043,.T.);
#20043 = LINE('',#20044,#20045);
#20044 = CARTESIAN_POINT('',(6.089743614197,1.,2.781348466873));
#20045 = VECTOR('',#20046,1.);
#20046 = DIRECTION('',(0.,-0.242535625036,-0.970142500145));
#20047 = PLANE('',#20048);
#20048 = AXIS2_PLACEMENT_3D('',#20049,#20050,#20051);
#20049 = CARTESIAN_POINT('',(6.089743614197,0.968276406404,
    2.281348466873));
#20050 = DIRECTION('',(1.,0.,0.));
#20051 = DIRECTION('',(-0.,0.,1.));
#20052 = ADVANCED_FACE('',(#20053),#20063,.T.);
#20053 = FACE_BOUND('',#20054,.T.);
#20054 = EDGE_LOOP('',(#20055,#20056,#20057));
#20055 = ORIENTED_EDGE('',*,*,#20042,.F.);
#20056 = ORIENTED_EDGE('',*,*,#19958,.F.);
#20057 = ORIENTED_EDGE('',*,*,#20058,.T.);
#20058 = EDGE_CURVE('',#14284,#20013,#20059,.T.);
#20059 = LINE('',#20060,#20061);
#20060 = CARTESIAN_POINT('',(6.089743614197,0.75,2.781348466873));
#20061 = VECTOR('',#20062,1.);
#20062 = DIRECTION('',(0.,0.242535625036,-0.970142500145));
#20063 = PLANE('',#20064);
#20064 = AXIS2_PLACEMENT_3D('',#20065,#20066,#20067);
#20065 = CARTESIAN_POINT('',(6.089743614197,0.875,2.580146992273));
#20066 = DIRECTION('',(1.,0.,0.));
#20067 = DIRECTION('',(-0.,0.,1.));
#20068 = ADVANCED_FACE('',(#20069),#20074,.T.);
#20069 = FACE_BOUND('',#20070,.T.);
#20070 = EDGE_LOOP('',(#20071,#20072,#20073));
#20071 = ORIENTED_EDGE('',*,*,#20058,.F.);
#20072 = ORIENTED_EDGE('',*,*,#14361,.F.);
#20073 = ORIENTED_EDGE('',*,*,#20012,.F.);
#20074 = PLANE('',#20075);
#20075 = AXIS2_PLACEMENT_3D('',#20076,#20077,#20078);
#20076 = CARTESIAN_POINT('',(6.089743614197,0.781723593596,
    2.281348466873));
#20077 = DIRECTION('',(1.,0.,0.));
#20078 = DIRECTION('',(-0.,0.,1.));
#20079 = ADVANCED_FACE('',(#20080),#20097,.T.);
#20080 = FACE_BOUND('',#20081,.T.);
#20081 = EDGE_LOOP('',(#20082,#20090,#20091));
#20082 = ORIENTED_EDGE('',*,*,#20083,.T.);
#20083 = EDGE_CURVE('',#20084,#19881,#20086,.T.);
#20084 = VERTEX_POINT('',#20085);
#20085 = CARTESIAN_POINT('',(5.967948913574,1.,2.243680238724));
#20086 = LINE('',#20087,#20088);
#20087 = CARTESIAN_POINT('',(5.967948913574,1.,2.243680238724));
#20088 = VECTOR('',#20089,1.);
#20089 = DIRECTION('',(0.254744544797,0.,-0.967008385122));
#20090 = ORIENTED_EDGE('',*,*,#19880,.F.);
#20091 = ORIENTED_EDGE('',*,*,#20092,.T.);
#20092 = EDGE_CURVE('',#19654,#20084,#20093,.T.);
#20093 = LINE('',#20094,#20095);
#20094 = CARTESIAN_POINT('',(5.846153736115,1.,1.706012129784));
#20095 = VECTOR('',#20096,1.);
#20096 = DIRECTION('',(0.220927457431,0.,0.975290243237));
#20097 = PLANE('',#20098);
#20098 = AXIS2_PLACEMENT_3D('',#20099,#20100,#20101);
#20099 = CARTESIAN_POINT('',(5.964478749389,1.,1.942976943346));
#20100 = DIRECTION('',(0.,1.,0.));
#20101 = DIRECTION('',(0.,-0.,1.));
#20102 = ADVANCED_FACE('',(#20103),#20113,.T.);
#20103 = FACE_BOUND('',#20104,.T.);
#20104 = EDGE_LOOP('',(#20105,#20106,#20107));
#20105 = ORIENTED_EDGE('',*,*,#20092,.F.);
#20106 = ORIENTED_EDGE('',*,*,#19841,.F.);
#20107 = ORIENTED_EDGE('',*,*,#20108,.T.);
#20108 = EDGE_CURVE('',#19732,#20084,#20109,.T.);
#20109 = LINE('',#20110,#20111);
#20110 = CARTESIAN_POINT('',(5.846153736115,1.,2.706012010574));
#20111 = VECTOR('',#20112,1.);
#20112 = DIRECTION('',(0.254745477422,0.,-0.967008139435));
#20113 = PLANE('',#20114);
#20114 = AXIS2_PLACEMENT_3D('',#20115,#20116,#20117);
#20115 = CARTESIAN_POINT('',(5.877043581877,1.,2.206549903825));
#20116 = DIRECTION('',(0.,1.,0.));
#20117 = DIRECTION('',(0.,-0.,1.));
#20118 = ADVANCED_FACE('',(#20119),#20129,.T.);
#20119 = FACE_BOUND('',#20120,.T.);
#20120 = EDGE_LOOP('',(#20121,#20122,#20123));
#20121 = ORIENTED_EDGE('',*,*,#20108,.F.);
#20122 = ORIENTED_EDGE('',*,*,#19981,.F.);
#20123 = ORIENTED_EDGE('',*,*,#20124,.T.);
#20124 = EDGE_CURVE('',#19959,#20084,#20125,.T.);
#20125 = LINE('',#20126,#20127);
#20126 = CARTESIAN_POINT('',(6.089743614197,1.,2.781348466873));
#20127 = VECTOR('',#20128,1.);
#20128 = DIRECTION('',(-0.220926588108,0.,-0.97529044016));
#20129 = PLANE('',#20130);
#20130 = AXIS2_PLACEMENT_3D('',#20131,#20132,#20133);
#20131 = CARTESIAN_POINT('',(5.971418786315,1.,2.544383570136));
#20132 = DIRECTION('',(0.,1.,0.));
#20133 = DIRECTION('',(0.,-0.,1.));
#20134 = ADVANCED_FACE('',(#20135),#20140,.T.);
#20135 = FACE_BOUND('',#20136,.T.);
#20136 = EDGE_LOOP('',(#20137,#20138,#20139));
#20137 = ORIENTED_EDGE('',*,*,#20124,.F.);
#20138 = ORIENTED_EDGE('',*,*,#20036,.F.);
#20139 = ORIENTED_EDGE('',*,*,#20083,.F.);
#20140 = PLANE('',#20141);
#20141 = AXIS2_PLACEMENT_3D('',#20142,#20143,#20144);
#20142 = CARTESIAN_POINT('',(6.058853892819,1.,2.280810636522));
#20143 = DIRECTION('',(0.,1.,0.));
#20144 = DIRECTION('',(0.,-0.,1.));
#20145 = ( GEOMETRIC_REPRESENTATION_CONTEXT(3) 
GLOBAL_UNCERTAINTY_ASSIGNED_CONTEXT((#20149)) 
GLOBAL_UNIT_ASSIGNED_CONTEXT((#20146,#20147,#20148)) 
REPRESENTATION_CONTEXT('Context #1',
  '3D Context with UNIT and UNCERTAINTY') );
#20146 = ( LENGTH_UNIT() NAMED_UNIT(*) SI_UNIT(.MILLI.,.METRE.) );
#20147 = ( NAMED_UNIT(*) PLANE_ANGLE_UNIT() SI_UNIT($,.RADIAN.) );
#20148 = ( NAMED_UNIT(*) SI_UNIT($,.STERADIAN.) SOLID_ANGLE_UNIT() );
#20149 = UNCERTAINTY_MEASURE_WITH_UNIT(LENGTH_MEASURE(1.E-07),#20146,
  'distance_accuracy_value','confusion accuracy');
#20150 = PRODUCT_RELATED_PRODUCT_CATEGORY('part',$,(#7));
ENDSEC;
END-ISO-10303-21;
