ISO-10303-21;
HEADER;
FILE_DESCRIPTION(('FreeCAD Model'),'2;1');
FILE_NAME('Open CASCADE Shape Model','2025-09-23T16:41:54',(''),(''),
  'Open CASCADE STEP processor 7.8','FreeCAD','Unknown');
FILE_SCHEMA(('AUTOMOTIVE_DESIGN { 1 0 10303 214 1 1 1 1 }'));
ENDSEC;
DATA;
#1 = APPLICATION_PROTOCOL_DEFINITION('international standard',
  'automotive_design',2000,#2);
#2 = APPLICATION_CONTEXT(
  'core data for automotive mechanical design processes');
#3 = SHAPE_DEFINITION_REPRESENTATION(#4,#10);
#4 = PRODUCT_DEFINITION_SHAPE('','',#5);
#5 = PRODUCT_DEFINITION('design','',#6,#9);
#6 = PRODUCT_DEFINITION_FORMATION('','',#7);
#7 = PRODUCT('tri_meshlab_20perc001 (Solid)001',
  'tri_meshlab_20perc001 (Solid)001','',(#8));
#8 = PRODUCT_CONTEXT('',#2,'mechanical');
#9 = PRODUCT_DEFINITION_CONTEXT('part definition',#2,'design');
#10 = ADVANCED_BREP_SHAPE_REPRESENTATION('',(#11,#15),#2565);
#11 = AXIS2_PLACEMENT_3D('',#12,#13,#14);
#12 = CARTESIAN_POINT('',(0.,0.,0.));
#13 = DIRECTION('',(0.,0.,1.));
#14 = DIRECTION('',(1.,0.,-0.));
#15 = MANIFOLD_SOLID_BREP('',#16);
#16 = CLOSED_SHELL('',(#17,#109,#167,#220,#273,#326,#406,#432,#1098,
    #1151,#1199,#1257,#1305,#1331,#1377,#1383,#1458,#1489,#1537,#1568,
    #1621,#1669,#1695,#1726,#1774,#1827,#1875,#1901,#1959,#2007,#2033,
    #2081,#2107,#2178,#2205,#2254,#2303,#2330,#2357,#2384,#2411,#2504,
    #2531,#2558));
#17 = ADVANCED_FACE('',(#18),#32,.T.);
#18 = FACE_BOUND('',#19,.T.);
#19 = EDGE_LOOP('',(#20,#55,#83));
#20 = ORIENTED_EDGE('',*,*,#21,.T.);
#21 = EDGE_CURVE('',#22,#24,#26,.T.);
#22 = VERTEX_POINT('',#23);
#23 = CARTESIAN_POINT('',(5.602564334869,0.,1.57718193531));
#24 = VERTEX_POINT('',#25);
#25 = CARTESIAN_POINT('',(5.846153736115,1.,1.706012129784));
#26 = SURFACE_CURVE('',#27,(#31,#43),.PCURVE_S1.);
#27 = LINE('',#28,#29);
#28 = CARTESIAN_POINT('',(5.602564334869,0.,1.57718193531));
#29 = VECTOR('',#30,1.);
#30 = DIRECTION('',(0.234836592876,0.964067367773,0.124200986476));
#31 = PCURVE('',#32,#37);
#32 = PLANE('',#33);
#33 = AXIS2_PLACEMENT_3D('',#34,#35,#36);
#34 = CARTESIAN_POINT('',(5.845906401471,0.398319277323,1.689815305563)
  );
#35 = DIRECTION('',(0.386392645077,2.466088460496E-02,-0.922004644566));
#36 = DIRECTION('',(-0.922285135327,0.,-0.386510192822));
#37 = DEFINITIONAL_REPRESENTATION('',(#38),#42);
#38 = LINE('',#39,#40);
#39 = CARTESIAN_POINT('',(0.267964716481,-0.398440453369));
#40 = VECTOR('',#41,1.);
#41 = DIRECTION('',(-0.264591246071,0.964360654788));
#42 = ( GEOMETRIC_REPRESENTATION_CONTEXT(2) 
PARAMETRIC_REPRESENTATION_CONTEXT() REPRESENTATION_CONTEXT('2D SPACE',''
  ) );
#43 = PCURVE('',#44,#49);
#44 = PLANE('',#45);
#45 = AXIS2_PLACEMENT_3D('',#46,#47,#48);
#46 = CARTESIAN_POINT('',(5.602257196638,0.608089429929,1.563038886182)
  );
#47 = DIRECTION('',(0.52872130464,-1.946918795445E-02,-0.848572172971));
#48 = DIRECTION('',(-0.848733044041,0.,-0.528821538851));
#49 = DEFINITIONAL_REPRESENTATION('',(#50),#54);
#50 = LINE('',#51,#52);
#51 = CARTESIAN_POINT('',(-7.73982737035E-03,-0.608204710633));
#52 = VECTOR('',#53,1.);
#53 = DIRECTION('',(-0.264993733119,0.964250134254));
#54 = ( GEOMETRIC_REPRESENTATION_CONTEXT(2) 
PARAMETRIC_REPRESENTATION_CONTEXT() REPRESENTATION_CONTEXT('2D SPACE',''
  ) );
#55 = ORIENTED_EDGE('',*,*,#56,.T.);
#56 = EDGE_CURVE('',#24,#57,#59,.T.);
#57 = VERTEX_POINT('',#58);
#58 = CARTESIAN_POINT('',(6.089743614197,0.,1.781348466873));
#59 = SURFACE_CURVE('',#60,(#64,#71),.PCURVE_S1.);
#60 = LINE('',#61,#62);
#61 = CARTESIAN_POINT('',(5.846153736115,1.,1.706012129784));
#62 = VECTOR('',#63,1.);
#63 = DIRECTION('',(0.236038078503,-0.968997892528,7.300075187052E-02));
#64 = PCURVE('',#32,#65);
#65 = DEFINITIONAL_REPRESENTATION('',(#66),#70);
#66 = LINE('',#67,#68);
#67 = CARTESIAN_POINT('',(-6.488350718075E-03,0.601863765013));
#68 = VECTOR('',#69,1.);
#69 = DIRECTION('',(-0.245909945856,-0.969292679498));
#70 = ( GEOMETRIC_REPRESENTATION_CONTEXT(2) 
PARAMETRIC_REPRESENTATION_CONTEXT() REPRESENTATION_CONTEXT('2D SPACE',''
  ) );
#71 = PCURVE('',#72,#77);
#72 = PLANE('',#73);
#73 = AXIS2_PLACEMENT_3D('',#74,#75,#76);
#74 = CARTESIAN_POINT('',(6.021204757067,0.555744930168,1.760151090015)
  );
#75 = DIRECTION('',(0.295467079025,0.,-0.955352921811));
#76 = DIRECTION('',(-0.955352921811,0.,-0.295467079025));
#77 = DEFINITIONAL_REPRESENTATION('',(#78),#82);
#78 = LINE('',#79,#80);
#79 = CARTESIAN_POINT('',(0.183231784774,0.444255069832));
#80 = VECTOR('',#81,1.);
#81 = DIRECTION('',(-0.247068986878,-0.968997892528));
#82 = ( GEOMETRIC_REPRESENTATION_CONTEXT(2) 
PARAMETRIC_REPRESENTATION_CONTEXT() REPRESENTATION_CONTEXT('2D SPACE',''
  ) );
#83 = ORIENTED_EDGE('',*,*,#84,.T.);
#84 = EDGE_CURVE('',#57,#22,#85,.T.);
#85 = SURFACE_CURVE('',#86,(#90,#97),.PCURVE_S1.);
#86 = LINE('',#87,#88);
#87 = CARTESIAN_POINT('',(6.089743614197,0.,1.781348466873));
#88 = VECTOR('',#89,1.);
#89 = DIRECTION('',(-0.922285135327,0.,-0.386510192822));
#90 = PCURVE('',#32,#91);
#91 = DEFINITIONAL_REPRESENTATION('',(#92),#96);
#92 = LINE('',#93,#94);
#93 = CARTESIAN_POINT('',(-0.260265936564,-0.398440453369));
#94 = VECTOR('',#95,1.);
#95 = DIRECTION('',(1.,-3.469446951954E-18));
#96 = ( GEOMETRIC_REPRESENTATION_CONTEXT(2) 
PARAMETRIC_REPRESENTATION_CONTEXT() REPRESENTATION_CONTEXT('2D SPACE',''
  ) );
#97 = PCURVE('',#98,#103);
#98 = PLANE('',#99);
#99 = AXIS2_PLACEMENT_3D('',#100,#101,#102);
#100 = CARTESIAN_POINT('',(3.0605093243,0.,1.389534525235));
#101 = DIRECTION('',(-0.,-1.,-0.));
#102 = DIRECTION('',(0.,0.,-1.));
#103 = DEFINITIONAL_REPRESENTATION('',(#104),#108);
#104 = LINE('',#105,#106);
#105 = CARTESIAN_POINT('',(-0.391813941638,3.029234289896));
#106 = VECTOR('',#107,1.);
#107 = DIRECTION('',(0.386510192822,-0.922285135327));
#108 = ( GEOMETRIC_REPRESENTATION_CONTEXT(2) 
PARAMETRIC_REPRESENTATION_CONTEXT() REPRESENTATION_CONTEXT('2D SPACE',''
  ) );
#109 = ADVANCED_FACE('',(#110),#72,.T.);
#110 = FACE_BOUND('',#111,.T.);
#111 = EDGE_LOOP('',(#112,#113,#141));
#112 = ORIENTED_EDGE('',*,*,#56,.F.);
#113 = ORIENTED_EDGE('',*,*,#114,.T.);
#114 = EDGE_CURVE('',#24,#115,#117,.T.);
#115 = VERTEX_POINT('',#116);
#116 = CARTESIAN_POINT('',(6.089743614197,1.,1.781348466873));
#117 = SURFACE_CURVE('',#118,(#122,#129),.PCURVE_S1.);
#118 = LINE('',#119,#120);
#119 = CARTESIAN_POINT('',(5.846153736115,1.,1.706012129784));
#120 = VECTOR('',#121,1.);
#121 = DIRECTION('',(0.955352921811,0.,0.295467079025));
#122 = PCURVE('',#72,#123);
#123 = DEFINITIONAL_REPRESENTATION('',(#124),#128);
#124 = LINE('',#125,#126);
#125 = CARTESIAN_POINT('',(0.183231784774,0.444255069832));
#126 = VECTOR('',#127,1.);
#127 = DIRECTION('',(-1.,0.));
#128 = ( GEOMETRIC_REPRESENTATION_CONTEXT(2) 
PARAMETRIC_REPRESENTATION_CONTEXT() REPRESENTATION_CONTEXT('2D SPACE',''
  ) );
#129 = PCURVE('',#130,#135);
#130 = PLANE('',#131);
#131 = AXIS2_PLACEMENT_3D('',#132,#133,#134);
#132 = CARTESIAN_POINT('',(3.061937323564,1.,1.390145356115));
#133 = DIRECTION('',(0.,1.,0.));
#134 = DIRECTION('',(0.,-0.,1.));
#135 = DEFINITIONAL_REPRESENTATION('',(#136),#140);
#136 = LINE('',#137,#138);
#137 = CARTESIAN_POINT('',(0.315866773668,2.784216412551));
#138 = VECTOR('',#139,1.);
#139 = DIRECTION('',(0.295467079025,0.955352921811));
#140 = ( GEOMETRIC_REPRESENTATION_CONTEXT(2) 
PARAMETRIC_REPRESENTATION_CONTEXT() REPRESENTATION_CONTEXT('2D SPACE',''
  ) );
#141 = ORIENTED_EDGE('',*,*,#142,.T.);
#142 = EDGE_CURVE('',#115,#57,#143,.T.);
#143 = SURFACE_CURVE('',#144,(#148,#155),.PCURVE_S1.);
#144 = LINE('',#145,#146);
#145 = CARTESIAN_POINT('',(6.089743614197,1.,1.781348466873));
#146 = VECTOR('',#147,1.);
#147 = DIRECTION('',(0.,-1.,0.));
#148 = PCURVE('',#72,#149);
#149 = DEFINITIONAL_REPRESENTATION('',(#150),#154);
#150 = LINE('',#151,#152);
#151 = CARTESIAN_POINT('',(-7.174192443934E-02,0.444255069832));
#152 = VECTOR('',#153,1.);
#153 = DIRECTION('',(-0.,-1.));
#154 = ( GEOMETRIC_REPRESENTATION_CONTEXT(2) 
PARAMETRIC_REPRESENTATION_CONTEXT() REPRESENTATION_CONTEXT('2D SPACE',''
  ) );
#155 = PCURVE('',#156,#161);
#156 = PLANE('',#157);
#157 = AXIS2_PLACEMENT_3D('',#158,#159,#160);
#158 = CARTESIAN_POINT('',(6.089743614197,0.5,2.281348466873));
#159 = DIRECTION('',(1.,0.,0.));
#160 = DIRECTION('',(-0.,0.,1.));
#161 = DEFINITIONAL_REPRESENTATION('',(#162),#166);
#162 = LINE('',#163,#164);
#163 = CARTESIAN_POINT('',(-0.5,-0.5));
#164 = VECTOR('',#165,1.);
#165 = DIRECTION('',(0.,1.));
#166 = ( GEOMETRIC_REPRESENTATION_CONTEXT(2) 
PARAMETRIC_REPRESENTATION_CONTEXT() REPRESENTATION_CONTEXT('2D SPACE',''
  ) );
#167 = ADVANCED_FACE('',(#168),#44,.T.);
#168 = FACE_BOUND('',#169,.T.);
#169 = EDGE_LOOP('',(#170,#193,#194));
#170 = ORIENTED_EDGE('',*,*,#171,.T.);
#171 = EDGE_CURVE('',#172,#24,#174,.T.);
#172 = VERTEX_POINT('',#173);
#173 = CARTESIAN_POINT('',(5.358974456787,1.,1.40246450901));
#174 = SURFACE_CURVE('',#175,(#179,#186),.PCURVE_S1.);
#175 = LINE('',#176,#177);
#176 = CARTESIAN_POINT('',(5.358974456787,1.,1.40246450901));
#177 = VECTOR('',#178,1.);
#178 = DIRECTION('',(0.848733044041,0.,0.528821538851));
#179 = PCURVE('',#44,#180);
#180 = DEFINITIONAL_REPRESENTATION('',(#181),#185);
#181 = LINE('',#182,#183);
#182 = CARTESIAN_POINT('',(0.291397289592,0.391984867903));
#183 = VECTOR('',#184,1.);
#184 = DIRECTION('',(-1.,1.734723475977E-18));
#185 = ( GEOMETRIC_REPRESENTATION_CONTEXT(2) 
PARAMETRIC_REPRESENTATION_CONTEXT() REPRESENTATION_CONTEXT('2D SPACE',''
  ) );
#186 = PCURVE('',#130,#187);
#187 = DEFINITIONAL_REPRESENTATION('',(#188),#192);
#188 = LINE('',#189,#190);
#189 = CARTESIAN_POINT('',(1.231915289505E-02,2.297037133223));
#190 = VECTOR('',#191,1.);
#191 = DIRECTION('',(0.528821538851,0.848733044041));
#192 = ( GEOMETRIC_REPRESENTATION_CONTEXT(2) 
PARAMETRIC_REPRESENTATION_CONTEXT() REPRESENTATION_CONTEXT('2D SPACE',''
  ) );
#193 = ORIENTED_EDGE('',*,*,#21,.F.);
#194 = ORIENTED_EDGE('',*,*,#195,.F.);
#195 = EDGE_CURVE('',#172,#22,#196,.T.);
#196 = SURFACE_CURVE('',#197,(#201,#208),.PCURVE_S1.);
#197 = LINE('',#198,#199);
#198 = CARTESIAN_POINT('',(5.358974456787,1.,1.40246450901));
#199 = VECTOR('',#200,1.);
#200 = DIRECTION('',(0.233331536799,-0.95788683272,0.167359522099));
#201 = PCURVE('',#44,#202);
#202 = DEFINITIONAL_REPRESENTATION('',(#203),#207);
#203 = LINE('',#204,#205);
#204 = CARTESIAN_POINT('',(0.291397289592,0.391984867903));
#205 = VECTOR('',#206,1.);
#206 = DIRECTION('',(-0.286539505516,-0.958068427503));
#207 = ( GEOMETRIC_REPRESENTATION_CONTEXT(2) 
PARAMETRIC_REPRESENTATION_CONTEXT() REPRESENTATION_CONTEXT('2D SPACE',''
  ) );
#208 = PCURVE('',#209,#214);
#209 = PLANE('',#210);
#210 = AXIS2_PLACEMENT_3D('',#211,#212,#213);
#211 = CARTESIAN_POINT('',(5.063480614445,0.311819043073,1.104759721081)
  );
#212 = DIRECTION('',(0.669586934234,3.346789117627E-02,-0.74197927044));
#213 = DIRECTION('',(-0.74239516525,3.469446951954E-18,-0.669962251634)
  );
#214 = DEFINITIONAL_REPRESENTATION('',(#215),#219);
#215 = LINE('',#216,#217);
#216 = CARTESIAN_POINT('',(-0.418824169959,0.688566696663));
#217 = VECTOR('',#218,1.);
#218 = DIRECTION('',(-0.285348767078,-0.958423748207));
#219 = ( GEOMETRIC_REPRESENTATION_CONTEXT(2) 
PARAMETRIC_REPRESENTATION_CONTEXT() REPRESENTATION_CONTEXT('2D SPACE',''
  ) );
#220 = ADVANCED_FACE('',(#221),#209,.T.);
#221 = FACE_BOUND('',#222,.T.);
#222 = EDGE_LOOP('',(#223,#246,#272));
#223 = ORIENTED_EDGE('',*,*,#224,.T.);
#224 = EDGE_CURVE('',#22,#225,#227,.T.);
#225 = VERTEX_POINT('',#226);
#226 = CARTESIAN_POINT('',(4.384615421295,0.,0.478064060211));
#227 = SURFACE_CURVE('',#228,(#232,#239),.PCURVE_S1.);
#228 = LINE('',#229,#230);
#229 = CARTESIAN_POINT('',(5.602564334869,0.,1.57718193531));
#230 = VECTOR('',#231,1.);
#231 = DIRECTION('',(-0.74239516525,0.,-0.669962251634));
#232 = PCURVE('',#209,#233);
#233 = DEFINITIONAL_REPRESENTATION('',(#234),#238);
#234 = LINE('',#235,#236);
#235 = CARTESIAN_POINT('',(-0.716718198075,-0.31199382413));
#236 = VECTOR('',#237,1.);
#237 = DIRECTION('',(1.,-6.938893903907E-18));
#238 = ( GEOMETRIC_REPRESENTATION_CONTEXT(2) 
PARAMETRIC_REPRESENTATION_CONTEXT() REPRESENTATION_CONTEXT('2D SPACE',''
  ) );
#239 = PCURVE('',#98,#240);
#240 = DEFINITIONAL_REPRESENTATION('',(#241),#245);
#241 = LINE('',#242,#243);
#242 = CARTESIAN_POINT('',(-0.187647410075,2.542055010569));
#243 = VECTOR('',#244,1.);
#244 = DIRECTION('',(0.669962251634,-0.74239516525));
#245 = ( GEOMETRIC_REPRESENTATION_CONTEXT(2) 
PARAMETRIC_REPRESENTATION_CONTEXT() REPRESENTATION_CONTEXT('2D SPACE',''
  ) );
#246 = ORIENTED_EDGE('',*,*,#247,.T.);
#247 = EDGE_CURVE('',#225,#172,#248,.T.);
#248 = SURFACE_CURVE('',#249,(#253,#260),.PCURVE_S1.);
#249 = LINE('',#250,#251);
#250 = CARTESIAN_POINT('',(4.384615421295,0.,0.478064060211));
#251 = VECTOR('',#252,1.);
#252 = DIRECTION('',(0.581886655798,0.59719942506,0.552051416548));
#253 = PCURVE('',#209,#254);
#254 = DEFINITIONAL_REPRESENTATION('',(#255),#259);
#255 = LINE('',#256,#257);
#256 = CARTESIAN_POINT('',(0.923848673296,-0.31199382413));
#257 = VECTOR('',#258,1.);
#258 = DIRECTION('',(-0.801843450036,0.597534167755));
#259 = ( GEOMETRIC_REPRESENTATION_CONTEXT(2) 
PARAMETRIC_REPRESENTATION_CONTEXT() REPRESENTATION_CONTEXT('2D SPACE',''
  ) );
#260 = PCURVE('',#261,#266);
#261 = PLANE('',#262);
#262 = AXIS2_PLACEMENT_3D('',#263,#264,#265);
#263 = CARTESIAN_POINT('',(4.679798053141,0.689945585556,0.761906373052)
  );
#264 = DIRECTION('',(0.684374898431,7.149113538072E-03,-0.72909525343));
#265 = DIRECTION('',(-0.729113886109,-4.336808689942E-19,-0.684392388241
    ));
#266 = DEFINITIONAL_REPRESENTATION('',(#267),#271);
#267 = LINE('',#268,#269);
#268 = CARTESIAN_POINT('',(0.409481274186,-0.689963217731));
#269 = VECTOR('',#270,1.);
#270 = DIRECTION('',(-0.802081428287,0.597214687024));
#271 = ( GEOMETRIC_REPRESENTATION_CONTEXT(2) 
PARAMETRIC_REPRESENTATION_CONTEXT() REPRESENTATION_CONTEXT('2D SPACE',''
  ) );
#272 = ORIENTED_EDGE('',*,*,#195,.T.);
#273 = ADVANCED_FACE('',(#274),#261,.T.);
#274 = FACE_BOUND('',#275,.T.);
#275 = EDGE_LOOP('',(#276,#277,#305));
#276 = ORIENTED_EDGE('',*,*,#247,.F.);
#277 = ORIENTED_EDGE('',*,*,#278,.F.);
#278 = EDGE_CURVE('',#279,#225,#281,.T.);
#279 = VERTEX_POINT('',#280);
#280 = CARTESIAN_POINT('',(4.141025543213,1.,0.259220659733));
#281 = SURFACE_CURVE('',#282,(#286,#293),.PCURVE_S1.);
#282 = LINE('',#283,#284);
#283 = CARTESIAN_POINT('',(4.141025543213,1.,0.259220659733));
#284 = VECTOR('',#285,1.);
#285 = DIRECTION('',(0.231494468108,-0.95034518647,0.207976772235));
#286 = PCURVE('',#261,#287);
#287 = DEFINITIONAL_REPRESENTATION('',(#288),#292);
#288 = LINE('',#289,#290);
#289 = CARTESIAN_POINT('',(0.736860794316,0.310062338161));
#290 = VECTOR('',#291,1.);
#291 = DIRECTION('',(-0.311123551104,-0.950369473388));
#292 = ( GEOMETRIC_REPRESENTATION_CONTEXT(2) 
PARAMETRIC_REPRESENTATION_CONTEXT() REPRESENTATION_CONTEXT('2D SPACE',''
  ) );
#293 = PCURVE('',#294,#299);
#294 = PLANE('',#295);
#295 = AXIS2_PLACEMENT_3D('',#296,#297,#298);
#296 = CARTESIAN_POINT('',(4.176712076701,0.56036128504,0.300641357518)
  );
#297 = DIRECTION('',(0.608568620334,-2.532290675255E-02,-0.793097084056)
  );
#298 = DIRECTION('',(-0.793351493014,0.,-0.60876383642));
#299 = DEFINITIONAL_REPRESENTATION('',(#300),#304);
#300 = LINE('',#301,#302);
#301 = CARTESIAN_POINT('',(5.352738751389E-02,0.439779741865));
#302 = VECTOR('',#303,1.);
#303 = DIRECTION('',(-0.31026521965,-0.95065003733));
#304 = ( GEOMETRIC_REPRESENTATION_CONTEXT(2) 
PARAMETRIC_REPRESENTATION_CONTEXT() REPRESENTATION_CONTEXT('2D SPACE',''
  ) );
#305 = ORIENTED_EDGE('',*,*,#306,.T.);
#306 = EDGE_CURVE('',#279,#172,#307,.T.);
#307 = SURFACE_CURVE('',#308,(#312,#319),.PCURVE_S1.);
#308 = LINE('',#309,#310);
#309 = CARTESIAN_POINT('',(4.141025543213,1.,0.259220659733));
#310 = VECTOR('',#311,1.);
#311 = DIRECTION('',(0.729113886109,0.,0.684392388241));
#312 = PCURVE('',#261,#313);
#313 = DEFINITIONAL_REPRESENTATION('',(#314),#318);
#314 = LINE('',#315,#316);
#315 = CARTESIAN_POINT('',(0.736860794316,0.310062338161));
#316 = VECTOR('',#317,1.);
#317 = DIRECTION('',(-1.,-4.336808689942E-19));
#318 = ( GEOMETRIC_REPRESENTATION_CONTEXT(2) 
PARAMETRIC_REPRESENTATION_CONTEXT() REPRESENTATION_CONTEXT('2D SPACE',''
  ) );
#319 = PCURVE('',#130,#320);
#320 = DEFINITIONAL_REPRESENTATION('',(#321),#325);
#321 = LINE('',#322,#323);
#322 = CARTESIAN_POINT('',(-1.130924696382,1.079088219649));
#323 = VECTOR('',#324,1.);
#324 = DIRECTION('',(0.684392388241,0.729113886109));
#325 = ( GEOMETRIC_REPRESENTATION_CONTEXT(2) 
PARAMETRIC_REPRESENTATION_CONTEXT() REPRESENTATION_CONTEXT('2D SPACE',''
  ) );
#326 = ADVANCED_FACE('',(#327),#339,.T.);
#327 = FACE_BOUND('',#328,.T.);
#328 = EDGE_LOOP('',(#329,#357,#380));
#329 = ORIENTED_EDGE('',*,*,#330,.T.);
#330 = EDGE_CURVE('',#331,#225,#333,.T.);
#331 = VERTEX_POINT('',#332);
#332 = CARTESIAN_POINT('',(3.897435903549,1.,7.230658084154E-02));
#333 = SURFACE_CURVE('',#334,(#338,#350),.PCURVE_S1.);
#334 = LINE('',#335,#336);
#335 = CARTESIAN_POINT('',(3.897435903549,1.,7.230658084154E-02));
#336 = VECTOR('',#337,1.);
#337 = DIRECTION('',(0.411450548055,-0.844556335125,0.342685049726));
#338 = PCURVE('',#339,#344);
#339 = PLANE('',#340);
#340 = AXIS2_PLACEMENT_3D('',#341,#342,#343);
#341 = CARTESIAN_POINT('',(4.054587308597,0.387508083046,0.203193360086)
  );
#342 = DIRECTION('',(0.639974518966,0.,-0.768396131611));
#343 = DIRECTION('',(-0.768396131611,0.,-0.639974518966));
#344 = DEFINITIONAL_REPRESENTATION('',(#345),#349);
#345 = LINE('',#346,#347);
#346 = CARTESIAN_POINT('',(0.204518735302,0.612491916954));
#347 = VECTOR('',#348,1.);
#348 = DIRECTION('',(-0.53546670933,-0.844556335125));
#349 = ( GEOMETRIC_REPRESENTATION_CONTEXT(2) 
PARAMETRIC_REPRESENTATION_CONTEXT() REPRESENTATION_CONTEXT('2D SPACE',''
  ) );
#350 = PCURVE('',#294,#351);
#351 = DEFINITIONAL_REPRESENTATION('',(#352),#356);
#352 = LINE('',#353,#354);
#353 = CARTESIAN_POINT('',(0.360566123571,0.439779741865));
#354 = VECTOR('',#355,1.);
#355 = DIRECTION('',(-0.535039172156,-0.844827251134));
#356 = ( GEOMETRIC_REPRESENTATION_CONTEXT(2) 
PARAMETRIC_REPRESENTATION_CONTEXT() REPRESENTATION_CONTEXT('2D SPACE',''
  ) );
#357 = ORIENTED_EDGE('',*,*,#358,.T.);
#358 = EDGE_CURVE('',#225,#359,#361,.T.);
#359 = VERTEX_POINT('',#360);
#360 = CARTESIAN_POINT('',(3.897435903549,0.,7.230658084154E-02));
#361 = SURFACE_CURVE('',#362,(#366,#373),.PCURVE_S1.);
#362 = LINE('',#363,#364);
#363 = CARTESIAN_POINT('',(4.384615421295,0.,0.478064060211));
#364 = VECTOR('',#365,1.);
#365 = DIRECTION('',(-0.768396131611,0.,-0.639974518966));
#366 = PCURVE('',#339,#367);
#367 = DEFINITIONAL_REPRESENTATION('',(#368),#372);
#368 = LINE('',#369,#370);
#369 = CARTESIAN_POINT('',(-0.42950256921,-0.387508083046));
#370 = VECTOR('',#371,1.);
#371 = DIRECTION('',(1.,0.));
#372 = ( GEOMETRIC_REPRESENTATION_CONTEXT(2) 
PARAMETRIC_REPRESENTATION_CONTEXT() REPRESENTATION_CONTEXT('2D SPACE',''
  ) );
#373 = PCURVE('',#98,#374);
#374 = DEFINITIONAL_REPRESENTATION('',(#375),#379);
#375 = LINE('',#376,#377);
#376 = CARTESIAN_POINT('',(0.911470465024,1.324106096995));
#377 = VECTOR('',#378,1.);
#378 = DIRECTION('',(0.639974518966,-0.768396131611));
#379 = ( GEOMETRIC_REPRESENTATION_CONTEXT(2) 
PARAMETRIC_REPRESENTATION_CONTEXT() REPRESENTATION_CONTEXT('2D SPACE',''
  ) );
#380 = ORIENTED_EDGE('',*,*,#381,.F.);
#381 = EDGE_CURVE('',#331,#359,#382,.T.);
#382 = SURFACE_CURVE('',#383,(#387,#394),.PCURVE_S1.);
#383 = LINE('',#384,#385);
#384 = CARTESIAN_POINT('',(3.897435903549,1.,7.230658084154E-02));
#385 = VECTOR('',#386,1.);
#386 = DIRECTION('',(0.,-1.,0.));
#387 = PCURVE('',#339,#388);
#388 = DEFINITIONAL_REPRESENTATION('',(#389),#393);
#389 = LINE('',#390,#391);
#390 = CARTESIAN_POINT('',(0.204518735302,0.612491916954));
#391 = VECTOR('',#392,1.);
#392 = DIRECTION('',(-0.,-1.));
#393 = ( GEOMETRIC_REPRESENTATION_CONTEXT(2) 
PARAMETRIC_REPRESENTATION_CONTEXT() REPRESENTATION_CONTEXT('2D SPACE',''
  ) );
#394 = PCURVE('',#395,#400);
#395 = PLANE('',#396);
#396 = AXIS2_PLACEMENT_3D('',#397,#398,#399);
#397 = CARTESIAN_POINT('',(3.775641083717,0.5,3.32199037075E-04));
#398 = DIRECTION('',(0.508754017411,-0.,-0.860911929159));
#399 = DIRECTION('',(-0.860911929159,0.,-0.508754017411));
#400 = DEFINITIONAL_REPRESENTATION('',(#401),#405);
#401 = LINE('',#402,#403);
#402 = CARTESIAN_POINT('',(-0.141471869197,0.5));
#403 = VECTOR('',#404,1.);
#404 = DIRECTION('',(-0.,-1.));
#405 = ( GEOMETRIC_REPRESENTATION_CONTEXT(2) 
PARAMETRIC_REPRESENTATION_CONTEXT() REPRESENTATION_CONTEXT('2D SPACE',''
  ) );
#406 = ADVANCED_FACE('',(#407),#294,.T.);
#407 = FACE_BOUND('',#408,.T.);
#408 = EDGE_LOOP('',(#409,#430,#431));
#409 = ORIENTED_EDGE('',*,*,#410,.T.);
#410 = EDGE_CURVE('',#331,#279,#411,.T.);
#411 = SURFACE_CURVE('',#412,(#416,#423),.PCURVE_S1.);
#412 = LINE('',#413,#414);
#413 = CARTESIAN_POINT('',(3.897435903549,1.,7.230658084154E-02));
#414 = VECTOR('',#415,1.);
#415 = DIRECTION('',(0.793351493014,0.,0.60876383642));
#416 = PCURVE('',#294,#417);
#417 = DEFINITIONAL_REPRESENTATION('',(#418),#422);
#418 = LINE('',#419,#420);
#419 = CARTESIAN_POINT('',(0.360566123571,0.439779741865));
#420 = VECTOR('',#421,1.);
#421 = DIRECTION('',(-1.,3.469446951954E-18));
#422 = ( GEOMETRIC_REPRESENTATION_CONTEXT(2) 
PARAMETRIC_REPRESENTATION_CONTEXT() REPRESENTATION_CONTEXT('2D SPACE',''
  ) );
#423 = PCURVE('',#130,#424);
#424 = DEFINITIONAL_REPRESENTATION('',(#425),#429);
#425 = LINE('',#426,#427);
#426 = CARTESIAN_POINT('',(-1.317838775274,0.835498579985));
#427 = VECTOR('',#428,1.);
#428 = DIRECTION('',(0.60876383642,0.793351493014));
#429 = ( GEOMETRIC_REPRESENTATION_CONTEXT(2) 
PARAMETRIC_REPRESENTATION_CONTEXT() REPRESENTATION_CONTEXT('2D SPACE',''
  ) );
#430 = ORIENTED_EDGE('',*,*,#278,.T.);
#431 = ORIENTED_EDGE('',*,*,#330,.F.);
#432 = ADVANCED_FACE('',(#433),#98,.T.);
#433 = FACE_BOUND('',#434,.T.);
#434 = EDGE_LOOP('',(#435,#436,#437,#460,#488,#516,#544,#572,#600,#628,
    #656,#684,#712,#740,#768,#796,#824,#852,#880,#908,#936,#964,#992,
    #1020,#1048,#1076,#1097));
#435 = ORIENTED_EDGE('',*,*,#224,.F.);
#436 = ORIENTED_EDGE('',*,*,#84,.F.);
#437 = ORIENTED_EDGE('',*,*,#438,.T.);
#438 = EDGE_CURVE('',#57,#439,#441,.T.);
#439 = VERTEX_POINT('',#440);
#440 = CARTESIAN_POINT('',(6.089743614197,0.,2.781348466873));
#441 = SURFACE_CURVE('',#442,(#446,#453),.PCURVE_S1.);
#442 = LINE('',#443,#444);
#443 = CARTESIAN_POINT('',(6.089743614197,0.,1.781348466873));
#444 = VECTOR('',#445,1.);
#445 = DIRECTION('',(0.,0.,1.));
#446 = PCURVE('',#98,#447);
#447 = DEFINITIONAL_REPRESENTATION('',(#448),#452);
#448 = LINE('',#449,#450);
#449 = CARTESIAN_POINT('',(-0.391813941638,3.029234289896));
#450 = VECTOR('',#451,1.);
#451 = DIRECTION('',(-1.,0.));
#452 = ( GEOMETRIC_REPRESENTATION_CONTEXT(2) 
PARAMETRIC_REPRESENTATION_CONTEXT() REPRESENTATION_CONTEXT('2D SPACE',''
  ) );
#453 = PCURVE('',#156,#454);
#454 = DEFINITIONAL_REPRESENTATION('',(#455),#459);
#455 = LINE('',#456,#457);
#456 = CARTESIAN_POINT('',(-0.5,0.5));
#457 = VECTOR('',#458,1.);
#458 = DIRECTION('',(1.,0.));
#459 = ( GEOMETRIC_REPRESENTATION_CONTEXT(2) 
PARAMETRIC_REPRESENTATION_CONTEXT() REPRESENTATION_CONTEXT('2D SPACE',''
  ) );
#460 = ORIENTED_EDGE('',*,*,#461,.T.);
#461 = EDGE_CURVE('',#439,#462,#464,.T.);
#462 = VERTEX_POINT('',#463);
#463 = CARTESIAN_POINT('',(5.602564334869,0.,2.57718205452));
#464 = SURFACE_CURVE('',#465,(#469,#476),.PCURVE_S1.);
#465 = LINE('',#466,#467);
#466 = CARTESIAN_POINT('',(6.089743614197,0.,2.781348466873));
#467 = VECTOR('',#468,1.);
#468 = DIRECTION('',(-0.922285215774,0.,-0.386510000859));
#469 = PCURVE('',#98,#470);
#470 = DEFINITIONAL_REPRESENTATION('',(#471),#475);
#471 = LINE('',#472,#473);
#472 = CARTESIAN_POINT('',(-1.391813941638,3.029234289896));
#473 = VECTOR('',#474,1.);
#474 = DIRECTION('',(0.386510000859,-0.922285215774));
#475 = ( GEOMETRIC_REPRESENTATION_CONTEXT(2) 
PARAMETRIC_REPRESENTATION_CONTEXT() REPRESENTATION_CONTEXT('2D SPACE',''
  ) );
#476 = PCURVE('',#477,#482);
#477 = PLANE('',#478);
#478 = AXIS2_PLACEMENT_3D('',#479,#480,#481);
#479 = CARTESIAN_POINT('',(5.937757554334,0.400677601425,2.717654361055)
  );
#480 = DIRECTION('',(-0.386510000859,0.,0.922285215774));
#481 = DIRECTION('',(0.922285215774,0.,0.386510000859));
#482 = DEFINITIONAL_REPRESENTATION('',(#483),#487);
#483 = LINE('',#484,#485);
#484 = CARTESIAN_POINT('',(0.16479290491,-0.400677601425));
#485 = VECTOR('',#486,1.);
#486 = DIRECTION('',(-1.,0.));
#487 = ( GEOMETRIC_REPRESENTATION_CONTEXT(2) 
PARAMETRIC_REPRESENTATION_CONTEXT() REPRESENTATION_CONTEXT('2D SPACE',''
  ) );
#488 = ORIENTED_EDGE('',*,*,#489,.T.);
#489 = EDGE_CURVE('',#462,#490,#492,.T.);
#490 = VERTEX_POINT('',#491);
#491 = CARTESIAN_POINT('',(5.358974456787,0.,2.40246462822));
#492 = SURFACE_CURVE('',#493,(#497,#504),.PCURVE_S1.);
#493 = LINE('',#494,#495);
#494 = CARTESIAN_POINT('',(5.602564334869,0.,2.57718205452));
#495 = VECTOR('',#496,1.);
#496 = DIRECTION('',(-0.812588545206,0.,-0.582837761474));
#497 = PCURVE('',#98,#498);
#498 = DEFINITIONAL_REPRESENTATION('',(#499),#503);
#499 = LINE('',#500,#501);
#500 = CARTESIAN_POINT('',(-1.187647529284,2.542055010569));
#501 = VECTOR('',#502,1.);
#502 = DIRECTION('',(0.582837761474,-0.812588545206));
#503 = ( GEOMETRIC_REPRESENTATION_CONTEXT(2) 
PARAMETRIC_REPRESENTATION_CONTEXT() REPRESENTATION_CONTEXT('2D SPACE',''
  ) );
#504 = PCURVE('',#505,#510);
#505 = PLANE('',#506);
#506 = AXIS2_PLACEMENT_3D('',#507,#508,#509);
#507 = CARTESIAN_POINT('',(5.428803220738,0.436048599999,2.45255005055)
  );
#508 = DIRECTION('',(-0.582837761474,0.,0.812588545206));
#509 = DIRECTION('',(0.812588545206,0.,0.582837761474));
#510 = DEFINITIONAL_REPRESENTATION('',(#511),#515);
#511 = LINE('',#512,#513);
#512 = CARTESIAN_POINT('',(0.213836529147,-0.436048599999));
#513 = VECTOR('',#514,1.);
#514 = DIRECTION('',(-1.,0.));
#515 = ( GEOMETRIC_REPRESENTATION_CONTEXT(2) 
PARAMETRIC_REPRESENTATION_CONTEXT() REPRESENTATION_CONTEXT('2D SPACE',''
  ) );
#516 = ORIENTED_EDGE('',*,*,#517,.F.);
#517 = EDGE_CURVE('',#518,#490,#520,.T.);
#518 = VERTEX_POINT('',#519);
#519 = CARTESIAN_POINT('',(3.897435903549,0.,1.072306632996));
#520 = SURFACE_CURVE('',#521,(#525,#532),.PCURVE_S1.);
#521 = LINE('',#522,#523);
#522 = CARTESIAN_POINT('',(3.897435903549,0.,1.072306632996));
#523 = VECTOR('',#524,1.);
#524 = DIRECTION('',(0.739565541375,0.,0.673084548932));
#525 = PCURVE('',#98,#526);
#526 = DEFINITIONAL_REPRESENTATION('',(#527),#531);
#527 = LINE('',#528,#529);
#528 = CARTESIAN_POINT('',(0.31722789224,0.836926579249));
#529 = VECTOR('',#530,1.);
#530 = DIRECTION('',(-0.673084548932,0.739565541375));
#531 = ( GEOMETRIC_REPRESENTATION_CONTEXT(2) 
PARAMETRIC_REPRESENTATION_CONTEXT() REPRESENTATION_CONTEXT('2D SPACE',''
  ) );
#532 = PCURVE('',#533,#538);
#533 = PLANE('',#534);
#534 = AXIS2_PLACEMENT_3D('',#535,#536,#537);
#535 = CARTESIAN_POINT('',(4.547726978334,0.301153228725,1.653667986553)
  );
#536 = DIRECTION('',(-0.672862008049,2.571278925379E-02,0.739321019986)
  );
#537 = DIRECTION('',(0.739565541375,-1.734723475977E-18,0.673084548932)
  );
#538 = DEFINITIONAL_REPRESENTATION('',(#539),#543);
#539 = LINE('',#540,#541);
#540 = CARTESIAN_POINT('',(-0.8722382152,-0.301252831474));
#541 = VECTOR('',#542,1.);
#542 = DIRECTION('',(1.,-5.20417042793E-18));
#543 = ( GEOMETRIC_REPRESENTATION_CONTEXT(2) 
PARAMETRIC_REPRESENTATION_CONTEXT() REPRESENTATION_CONTEXT('2D SPACE',''
  ) );
#544 = ORIENTED_EDGE('',*,*,#545,.T.);
#545 = EDGE_CURVE('',#518,#546,#548,.T.);
#546 = VERTEX_POINT('',#547);
#547 = CARTESIAN_POINT('',(3.653846263885,0.,0.928357839584));
#548 = SURFACE_CURVE('',#549,(#553,#560),.PCURVE_S1.);
#549 = LINE('',#550,#551);
#550 = CARTESIAN_POINT('',(3.897435903549,0.,1.072306632996));
#551 = VECTOR('',#552,1.);
#552 = DIRECTION('',(-0.860911883025,0.,-0.508754095478));
#553 = PCURVE('',#98,#554);
#554 = DEFINITIONAL_REPRESENTATION('',(#555),#559);
#555 = LINE('',#556,#557);
#556 = CARTESIAN_POINT('',(0.31722789224,0.836926579249));
#557 = VECTOR('',#558,1.);
#558 = DIRECTION('',(0.508754095478,-0.860911883025));
#559 = ( GEOMETRIC_REPRESENTATION_CONTEXT(2) 
PARAMETRIC_REPRESENTATION_CONTEXT() REPRESENTATION_CONTEXT('2D SPACE',''
  ) );
#560 = PCURVE('',#561,#566);
#561 = PLANE('',#562);
#562 = AXIS2_PLACEMENT_3D('',#563,#564,#565);
#563 = CARTESIAN_POINT('',(3.723193091107,0.439078558858,0.969338203607)
  );
#564 = DIRECTION('',(-0.508754095478,0.,0.860911883025));
#565 = DIRECTION('',(0.860911883025,0.,0.508754095478));
#566 = DEFINITIONAL_REPRESENTATION('',(#567),#571);
#567 = LINE('',#568,#569);
#568 = CARTESIAN_POINT('',(0.20239331792,-0.439078558858));
#569 = VECTOR('',#570,1.);
#570 = DIRECTION('',(-1.,0.));
#571 = ( GEOMETRIC_REPRESENTATION_CONTEXT(2) 
PARAMETRIC_REPRESENTATION_CONTEXT() REPRESENTATION_CONTEXT('2D SPACE',''
  ) );
#572 = ORIENTED_EDGE('',*,*,#573,.T.);
#573 = EDGE_CURVE('',#546,#574,#576,.T.);
#574 = VERTEX_POINT('',#575);
#575 = CARTESIAN_POINT('',(3.410256385803,0.,0.835873544216));
#576 = SURFACE_CURVE('',#577,(#581,#588),.PCURVE_S1.);
#577 = LINE('',#578,#579);
#578 = CARTESIAN_POINT('',(3.653846263885,0.,0.928357839584));
#579 = VECTOR('',#580,1.);
#580 = DIRECTION('',(-0.93488531343,0.,-0.354949927079));
#581 = PCURVE('',#98,#582);
#582 = DEFINITIONAL_REPRESENTATION('',(#583),#587);
#583 = LINE('',#584,#585);
#584 = CARTESIAN_POINT('',(0.461176685651,0.593336939585));
#585 = VECTOR('',#586,1.);
#586 = DIRECTION('',(0.354949927079,-0.93488531343));
#587 = ( GEOMETRIC_REPRESENTATION_CONTEXT(2) 
PARAMETRIC_REPRESENTATION_CONTEXT() REPRESENTATION_CONTEXT('2D SPACE',''
  ) );
#588 = PCURVE('',#589,#594);
#589 = PLANE('',#590);
#590 = AXIS2_PLACEMENT_3D('',#591,#592,#593);
#591 = CARTESIAN_POINT('',(3.532051324844,0.5,0.8821156919));
#592 = DIRECTION('',(-0.354949927079,0.,0.93488531343));
#593 = DIRECTION('',(0.93488531343,0.,0.354949927079));
#594 = DEFINITIONAL_REPRESENTATION('',(#595),#599);
#595 = LINE('',#596,#597);
#596 = CARTESIAN_POINT('',(0.130277946708,-0.5));
#597 = VECTOR('',#598,1.);
#598 = DIRECTION('',(-1.,0.));
#599 = ( GEOMETRIC_REPRESENTATION_CONTEXT(2) 
PARAMETRIC_REPRESENTATION_CONTEXT() REPRESENTATION_CONTEXT('2D SPACE',''
  ) );
#600 = ORIENTED_EDGE('',*,*,#601,.T.);
#601 = EDGE_CURVE('',#574,#602,#604,.T.);
#602 = VERTEX_POINT('',#603);
#603 = CARTESIAN_POINT('',(3.16666674614,0.,0.800314307213));
#604 = SURFACE_CURVE('',#605,(#609,#616),.PCURVE_S1.);
#605 = LINE('',#606,#607);
#606 = CARTESIAN_POINT('',(3.410256385803,0.,0.835873544216));
#607 = VECTOR('',#608,1.);
#608 = DIRECTION('',(-0.989512234605,0.,-0.14444908296));
#609 = PCURVE('',#98,#610);
#610 = DEFINITIONAL_REPRESENTATION('',(#611),#615);
#611 = LINE('',#612,#613);
#612 = CARTESIAN_POINT('',(0.553660981019,0.349747061503));
#613 = VECTOR('',#614,1.);
#614 = DIRECTION('',(0.14444908296,-0.989512234605));
#615 = ( GEOMETRIC_REPRESENTATION_CONTEXT(2) 
PARAMETRIC_REPRESENTATION_CONTEXT() REPRESENTATION_CONTEXT('2D SPACE',''
  ) );
#616 = PCURVE('',#617,#622);
#617 = PLANE('',#618);
#618 = AXIS2_PLACEMENT_3D('',#619,#620,#621);
#619 = CARTESIAN_POINT('',(3.288461565971,0.5,0.818093925714));
#620 = DIRECTION('',(-0.14444908296,0.,0.989512234605));
#621 = DIRECTION('',(0.989512234605,0.,0.14444908296));
#622 = DEFINITIONAL_REPRESENTATION('',(#623),#627);
#623 = LINE('',#624,#625);
#624 = CARTESIAN_POINT('',(0.123085713923,-0.5));
#625 = VECTOR('',#626,1.);
#626 = DIRECTION('',(-1.,0.));
#627 = ( GEOMETRIC_REPRESENTATION_CONTEXT(2) 
PARAMETRIC_REPRESENTATION_CONTEXT() REPRESENTATION_CONTEXT('2D SPACE',''
  ) );
#628 = ORIENTED_EDGE('',*,*,#629,.T.);
#629 = EDGE_CURVE('',#602,#630,#632,.T.);
#630 = VERTEX_POINT('',#631);
#631 = CARTESIAN_POINT('',(2.923076868057,0.,0.823779702187));
#632 = SURFACE_CURVE('',#633,(#637,#644),.PCURVE_S1.);
#633 = LINE('',#634,#635);
#634 = CARTESIAN_POINT('',(3.16666674614,0.,0.800314307213));
#635 = VECTOR('',#636,1.);
#636 = DIRECTION('',(-0.995392159569,0.,9.588768778876E-02));
#637 = PCURVE('',#98,#638);
#638 = DEFINITIONAL_REPRESENTATION('',(#639),#643);
#639 = LINE('',#640,#641);
#640 = CARTESIAN_POINT('',(0.589220218022,0.106157421839));
#641 = VECTOR('',#642,1.);
#642 = DIRECTION('',(-9.588768778876E-02,-0.995392159569));
#643 = ( GEOMETRIC_REPRESENTATION_CONTEXT(2) 
PARAMETRIC_REPRESENTATION_CONTEXT() REPRESENTATION_CONTEXT('2D SPACE',''
  ) );
#644 = PCURVE('',#645,#650);
#645 = PLANE('',#646);
#646 = AXIS2_PLACEMENT_3D('',#647,#648,#649);
#647 = CARTESIAN_POINT('',(3.044871807098,0.5,0.8120470047));
#648 = DIRECTION('',(9.588768778876E-02,0.,0.995392159569));
#649 = DIRECTION('',(0.995392159569,0.,-9.588768778876E-02));
#650 = DEFINITIONAL_REPRESENTATION('',(#651),#655);
#651 = LINE('',#652,#653);
#652 = CARTESIAN_POINT('',(0.12235874863,-0.5));
#653 = VECTOR('',#654,1.);
#654 = DIRECTION('',(-1.,0.));
#655 = ( GEOMETRIC_REPRESENTATION_CONTEXT(2) 
PARAMETRIC_REPRESENTATION_CONTEXT() REPRESENTATION_CONTEXT('2D SPACE',''
  ) );
#656 = ORIENTED_EDGE('',*,*,#657,.T.);
#657 = EDGE_CURVE('',#630,#658,#660,.T.);
#658 = VERTEX_POINT('',#659);
#659 = CARTESIAN_POINT('',(2.679487228394,0.,0.90488421917));
#660 = SURFACE_CURVE('',#661,(#665,#672),.PCURVE_S1.);
#661 = LINE('',#662,#663);
#662 = CARTESIAN_POINT('',(2.923076868057,0.,0.823779702187));
#663 = VECTOR('',#664,1.);
#664 = DIRECTION('',(-0.948790780786,0.,0.315905134963));
#665 = PCURVE('',#98,#666);
#666 = DEFINITIONAL_REPRESENTATION('',(#667),#671);
#667 = LINE('',#668,#669);
#668 = CARTESIAN_POINT('',(0.565754823049,-0.137432456243));
#669 = VECTOR('',#670,1.);
#670 = DIRECTION('',(-0.315905134963,-0.948790780786));
#671 = ( GEOMETRIC_REPRESENTATION_CONTEXT(2) 
PARAMETRIC_REPRESENTATION_CONTEXT() REPRESENTATION_CONTEXT('2D SPACE',''
  ) );
#672 = PCURVE('',#673,#678);
#673 = PLANE('',#674);
#674 = AXIS2_PLACEMENT_3D('',#675,#676,#677);
#675 = CARTESIAN_POINT('',(2.640294695271,0.447121595907,0.941564094047)
  );
#676 = DIRECTION('',(0.315508725296,-5.0080941951E-02,0.947600202361));
#677 = DIRECTION('',(0.948790780786,-1.734723475977E-18,-0.315905134963)
  );
#678 = DEFINITIONAL_REPRESENTATION('',(#679),#683);
#679 = LINE('',#680,#681);
#680 = CARTESIAN_POINT('',(0.305509812717,-0.447683365864));
#681 = VECTOR('',#682,1.);
#682 = DIRECTION('',(-1.,-1.387778780781E-17));
#683 = ( GEOMETRIC_REPRESENTATION_CONTEXT(2) 
PARAMETRIC_REPRESENTATION_CONTEXT() REPRESENTATION_CONTEXT('2D SPACE',''
  ) );
#684 = ORIENTED_EDGE('',*,*,#685,.T.);
#685 = EDGE_CURVE('',#658,#686,#688,.T.);
#686 = VERTEX_POINT('',#687);
#687 = CARTESIAN_POINT('',(2.192307710648,0.,1.217735409737));
#688 = SURFACE_CURVE('',#689,(#693,#700),.PCURVE_S1.);
#689 = LINE('',#690,#691);
#690 = CARTESIAN_POINT('',(2.679487228394,0.,0.90488421917));
#691 = VECTOR('',#692,1.);
#692 = DIRECTION('',(-0.841442070807,0.,0.540347334106));
#693 = PCURVE('',#98,#694);
#694 = DEFINITIONAL_REPRESENTATION('',(#695),#699);
#695 = LINE('',#696,#697);
#696 = CARTESIAN_POINT('',(0.484650306066,-0.381022095907));
#697 = VECTOR('',#698,1.);
#698 = DIRECTION('',(-0.540347334106,-0.841442070807));
#699 = ( GEOMETRIC_REPRESENTATION_CONTEXT(2) 
PARAMETRIC_REPRESENTATION_CONTEXT() REPRESENTATION_CONTEXT('2D SPACE',''
  ) );
#700 = PCURVE('',#701,#706);
#701 = PLANE('',#702);
#702 = AXIS2_PLACEMENT_3D('',#703,#704,#705);
#703 = CARTESIAN_POINT('',(2.435588487953,0.391233252919,1.052716912628)
  );
#704 = DIRECTION('',(0.540250770898,1.890448846327E-02,0.84129170022));
#705 = DIRECTION('',(0.841442070807,0.,-0.540347334106));
#706 = DEFINITIONAL_REPRESENTATION('',(#707),#711);
#707 = LINE('',#708,#709);
#708 = CARTESIAN_POINT('',(0.285107663028,-0.391303181071));
#709 = VECTOR('',#710,1.);
#710 = DIRECTION('',(-1.,0.));
#711 = ( GEOMETRIC_REPRESENTATION_CONTEXT(2) 
PARAMETRIC_REPRESENTATION_CONTEXT() REPRESENTATION_CONTEXT('2D SPACE',''
  ) );
#712 = ORIENTED_EDGE('',*,*,#713,.T.);
#713 = EDGE_CURVE('',#686,#714,#716,.T.);
#714 = VERTEX_POINT('',#715);
#715 = CARTESIAN_POINT('',(0.730769217014,0.,2.544661283493));
#716 = SURFACE_CURVE('',#717,(#721,#728),.PCURVE_S1.);
#717 = LINE('',#718,#719);
#718 = CARTESIAN_POINT('',(2.192307710648,0.,1.217735409737));
#719 = VECTOR('',#720,1.);
#720 = DIRECTION('',(-0.740380024521,0.,0.672188529573));
#721 = PCURVE('',#98,#722);
#722 = DEFINITIONAL_REPRESENTATION('',(#723),#727);
#723 = LINE('',#724,#725);
#724 = CARTESIAN_POINT('',(0.171799115499,-0.868201613653));
#725 = VECTOR('',#726,1.);
#726 = DIRECTION('',(-0.672188529573,-0.740380024521));
#727 = ( GEOMETRIC_REPRESENTATION_CONTEXT(2) 
PARAMETRIC_REPRESENTATION_CONTEXT() REPRESENTATION_CONTEXT('2D SPACE',''
  ) );
#728 = PCURVE('',#729,#734);
#729 = PLANE('',#730);
#730 = AXIS2_PLACEMENT_3D('',#731,#732,#733);
#731 = CARTESIAN_POINT('',(1.426897498163,0.295741468972,1.925430346711)
  );
#732 = DIRECTION('',(0.671844669262,-3.198194905144E-02,0.74000128062));
#733 = DIRECTION('',(0.740380024521,0.,-0.672188529573));
#734 = DEFINITIONAL_REPRESENTATION('',(#735),#739);
#735 = LINE('',#736,#737);
#736 = CARTESIAN_POINT('',(1.042398850959,-0.29589283395));
#737 = VECTOR('',#738,1.);
#738 = DIRECTION('',(-1.,-6.938893903907E-18));
#739 = ( GEOMETRIC_REPRESENTATION_CONTEXT(2) 
PARAMETRIC_REPRESENTATION_CONTEXT() REPRESENTATION_CONTEXT('2D SPACE',''
  ) );
#740 = ORIENTED_EDGE('',*,*,#741,.F.);
#741 = EDGE_CURVE('',#742,#714,#744,.T.);
#742 = VERTEX_POINT('',#743);
#743 = CARTESIAN_POINT('',(0.,0.,2.799999952316));
#744 = SURFACE_CURVE('',#745,(#749,#756),.PCURVE_S1.);
#745 = LINE('',#746,#747);
#746 = CARTESIAN_POINT('',(0.,0.,2.799999952316));
#747 = VECTOR('',#748,1.);
#748 = DIRECTION('',(0.944031654131,0.,-0.329854871115));
#749 = PCURVE('',#98,#750);
#750 = DEFINITIONAL_REPRESENTATION('',(#751),#755);
#751 = LINE('',#752,#753);
#752 = CARTESIAN_POINT('',(-1.410465427081,-3.0605093243));
#753 = VECTOR('',#754,1.);
#754 = DIRECTION('',(0.329854871115,0.944031654131));
#755 = ( GEOMETRIC_REPRESENTATION_CONTEXT(2) 
PARAMETRIC_REPRESENTATION_CONTEXT() REPRESENTATION_CONTEXT('2D SPACE',''
  ) );
#756 = PCURVE('',#757,#762);
#757 = PLANE('',#758);
#758 = AXIS2_PLACEMENT_3D('',#759,#760,#761);
#759 = CARTESIAN_POINT('',(0.405222688994,0.367951840959,2.67823693516)
  );
#760 = DIRECTION('',(0.329428958914,-5.08011274234E-02,0.942812710182));
#761 = DIRECTION('',(0.944031654131,0.,-0.329854871115));
#762 = DEFINITIONAL_REPRESENTATION('',(#763),#767);
#763 = LINE('',#764,#765);
#764 = CARTESIAN_POINT('',(-0.422707169713,-0.368427558633));
#765 = VECTOR('',#766,1.);
#766 = DIRECTION('',(1.,3.469446951954E-18));
#767 = ( GEOMETRIC_REPRESENTATION_CONTEXT(2) 
PARAMETRIC_REPRESENTATION_CONTEXT() REPRESENTATION_CONTEXT('2D SPACE',''
  ) );
#768 = ORIENTED_EDGE('',*,*,#769,.T.);
#769 = EDGE_CURVE('',#742,#770,#772,.T.);
#770 = VERTEX_POINT('',#771);
#771 = CARTESIAN_POINT('',(0.,0.,1.799999952316));
#772 = SURFACE_CURVE('',#773,(#777,#784),.PCURVE_S1.);
#773 = LINE('',#774,#775);
#774 = CARTESIAN_POINT('',(0.,0.,2.799999952316));
#775 = VECTOR('',#776,1.);
#776 = DIRECTION('',(0.,0.,-1.));
#777 = PCURVE('',#98,#778);
#778 = DEFINITIONAL_REPRESENTATION('',(#779),#783);
#779 = LINE('',#780,#781);
#780 = CARTESIAN_POINT('',(-1.410465427081,-3.0605093243));
#781 = VECTOR('',#782,1.);
#782 = DIRECTION('',(1.,0.));
#783 = ( GEOMETRIC_REPRESENTATION_CONTEXT(2) 
PARAMETRIC_REPRESENTATION_CONTEXT() REPRESENTATION_CONTEXT('2D SPACE',''
  ) );
#784 = PCURVE('',#785,#790);
#785 = PLANE('',#786);
#786 = AXIS2_PLACEMENT_3D('',#787,#788,#789);
#787 = CARTESIAN_POINT('',(0.,0.5,2.299999952316));
#788 = DIRECTION('',(-1.,-0.,-0.));
#789 = DIRECTION('',(0.,0.,-1.));
#790 = DEFINITIONAL_REPRESENTATION('',(#791),#795);
#791 = LINE('',#792,#793);
#792 = CARTESIAN_POINT('',(-0.5,0.5));
#793 = VECTOR('',#794,1.);
#794 = DIRECTION('',(1.,0.));
#795 = ( GEOMETRIC_REPRESENTATION_CONTEXT(2) 
PARAMETRIC_REPRESENTATION_CONTEXT() REPRESENTATION_CONTEXT('2D SPACE',''
  ) );
#796 = ORIENTED_EDGE('',*,*,#797,.T.);
#797 = EDGE_CURVE('',#770,#798,#800,.T.);
#798 = VERTEX_POINT('',#799);
#799 = CARTESIAN_POINT('',(0.243589743972,0.,1.770478367805));
#800 = SURFACE_CURVE('',#801,(#805,#812),.PCURVE_S1.);
#801 = LINE('',#802,#803);
#802 = CARTESIAN_POINT('',(0.,0.,1.799999952316));
#803 = VECTOR('',#804,1.);
#804 = DIRECTION('',(0.992735945908,0.,-0.120313514215));
#805 = PCURVE('',#98,#806);
#806 = DEFINITIONAL_REPRESENTATION('',(#807),#811);
#807 = LINE('',#808,#809);
#808 = CARTESIAN_POINT('',(-0.410465427081,-3.0605093243));
#809 = VECTOR('',#810,1.);
#810 = DIRECTION('',(0.120313514215,0.992735945908));
#811 = ( GEOMETRIC_REPRESENTATION_CONTEXT(2) 
PARAMETRIC_REPRESENTATION_CONTEXT() REPRESENTATION_CONTEXT('2D SPACE',''
  ) );
#812 = PCURVE('',#813,#818);
#813 = PLANE('',#814);
#814 = AXIS2_PLACEMENT_3D('',#815,#816,#817);
#815 = CARTESIAN_POINT('',(6.825950965802E-02,0.446072908361,
    1.791727317967));
#816 = DIRECTION('',(-0.120313514215,-0.,-0.992735945908));
#817 = DIRECTION('',(-0.992735945908,0.,0.120313514215));
#818 = DEFINITIONAL_REPRESENTATION('',(#819),#823);
#819 = LINE('',#820,#821);
#820 = CARTESIAN_POINT('',(6.875897859789E-02,-0.446072908361));
#821 = VECTOR('',#822,1.);
#822 = DIRECTION('',(-1.,0.));
#823 = ( GEOMETRIC_REPRESENTATION_CONTEXT(2) 
PARAMETRIC_REPRESENTATION_CONTEXT() REPRESENTATION_CONTEXT('2D SPACE',''
  ) );
#824 = ORIENTED_EDGE('',*,*,#825,.T.);
#825 = EDGE_CURVE('',#798,#826,#828,.T.);
#826 = VERTEX_POINT('',#827);
#827 = CARTESIAN_POINT('',(0.730769217014,0.,1.544661164284));
#828 = SURFACE_CURVE('',#829,(#833,#840),.PCURVE_S1.);
#829 = LINE('',#830,#831);
#830 = CARTESIAN_POINT('',(0.243589743972,0.,1.770478367805));
#831 = VECTOR('',#832,1.);
#832 = DIRECTION('',(0.907274294892,0.,-0.420539360618));
#833 = PCURVE('',#98,#834);
#834 = DEFINITIONAL_REPRESENTATION('',(#835),#839);
#835 = LINE('',#836,#837);
#836 = CARTESIAN_POINT('',(-0.38094384257,-2.816919580329));
#837 = VECTOR('',#838,1.);
#838 = DIRECTION('',(0.420539360618,0.907274294892));
#839 = ( GEOMETRIC_REPRESENTATION_CONTEXT(2) 
PARAMETRIC_REPRESENTATION_CONTEXT() REPRESENTATION_CONTEXT('2D SPACE',''
  ) );
#840 = PCURVE('',#841,#846);
#841 = PLANE('',#842);
#842 = AXIS2_PLACEMENT_3D('',#843,#844,#845);
#843 = CARTESIAN_POINT('',(0.578342625681,0.399519753066,1.615313867244)
  );
#844 = DIRECTION('',(-0.420539360618,-0.,-0.907274294892));
#845 = DIRECTION('',(-0.907274294892,0.,0.420539360618));
#846 = DEFINITIONAL_REPRESENTATION('',(#847),#851);
#847 = LINE('',#848,#849);
#848 = CARTESIAN_POINT('',(0.368965464572,-0.399519753066));
#849 = VECTOR('',#850,1.);
#850 = DIRECTION('',(-1.,0.));
#851 = ( GEOMETRIC_REPRESENTATION_CONTEXT(2) 
PARAMETRIC_REPRESENTATION_CONTEXT() REPRESENTATION_CONTEXT('2D SPACE',''
  ) );
#852 = ORIENTED_EDGE('',*,*,#853,.T.);
#853 = EDGE_CURVE('',#826,#854,#856,.T.);
#854 = VERTEX_POINT('',#855);
#855 = CARTESIAN_POINT('',(1.217948675156,0.,1.145571351051));
#856 = SURFACE_CURVE('',#857,(#861,#868),.PCURVE_S1.);
#857 = LINE('',#858,#859);
#858 = CARTESIAN_POINT('',(0.730769217014,0.,1.544661164284));
#859 = VECTOR('',#860,1.);
#860 = DIRECTION('',(0.773577050706,0.,-0.633702253919));
#861 = PCURVE('',#98,#862);
#862 = DEFINITIONAL_REPRESENTATION('',(#863),#867);
#863 = LINE('',#864,#865);
#864 = CARTESIAN_POINT('',(-0.155126639049,-2.329740107286));
#865 = VECTOR('',#866,1.);
#866 = DIRECTION('',(0.633702253919,0.773577050706));
#867 = ( GEOMETRIC_REPRESENTATION_CONTEXT(2) 
PARAMETRIC_REPRESENTATION_CONTEXT() REPRESENTATION_CONTEXT('2D SPACE',''
  ) );
#868 = PCURVE('',#869,#874);
#869 = PLANE('',#870);
#870 = AXIS2_PLACEMENT_3D('',#871,#872,#873);
#871 = CARTESIAN_POINT('',(0.974358946085,0.5,1.345116257668));
#872 = DIRECTION('',(-0.633702253919,-0.,-0.773577050706));
#873 = DIRECTION('',(-0.773577050706,0.,0.633702253919));
#874 = DEFINITIONAL_REPRESENTATION('',(#875),#879);
#875 = LINE('',#876,#877);
#876 = CARTESIAN_POINT('',(0.314887481277,-0.5));
#877 = VECTOR('',#878,1.);
#878 = DIRECTION('',(-1.,0.));
#879 = ( GEOMETRIC_REPRESENTATION_CONTEXT(2) 
PARAMETRIC_REPRESENTATION_CONTEXT() REPRESENTATION_CONTEXT('2D SPACE',''
  ) );
#880 = ORIENTED_EDGE('',*,*,#881,.T.);
#881 = EDGE_CURVE('',#854,#882,#884,.T.);
#882 = VERTEX_POINT('',#883);
#883 = CARTESIAN_POINT('',(1.948717951775,0.,0.431010454893));
#884 = SURFACE_CURVE('',#885,(#889,#896),.PCURVE_S1.);
#885 = LINE('',#886,#887);
#886 = CARTESIAN_POINT('',(1.217948675156,0.,1.145571351051));
#887 = VECTOR('',#888,1.);
#888 = DIRECTION('',(0.71499153824,0.,-0.699133106244));
#889 = PCURVE('',#98,#890);
#890 = DEFINITIONAL_REPRESENTATION('',(#891),#895);
#891 = LINE('',#892,#893);
#892 = CARTESIAN_POINT('',(0.243963174184,-1.842560649145));
#893 = VECTOR('',#894,1.);
#894 = DIRECTION('',(0.699133106244,0.71499153824));
#895 = ( GEOMETRIC_REPRESENTATION_CONTEXT(2) 
PARAMETRIC_REPRESENTATION_CONTEXT() REPRESENTATION_CONTEXT('2D SPACE',''
  ) );
#896 = PCURVE('',#897,#902);
#897 = PLANE('',#898);
#898 = AXIS2_PLACEMENT_3D('',#899,#900,#901);
#899 = CARTESIAN_POINT('',(1.477485147406,0.351958854898,0.891791368599)
  );
#900 = DIRECTION('',(-0.699133106244,-1.340436096271E-16,-0.71499153824)
  );
#901 = DIRECTION('',(-0.71499153824,0.,0.699133106244));
#902 = DEFINITIONAL_REPRESENTATION('',(#903),#907);
#903 = LINE('',#904,#905);
#904 = CARTESIAN_POINT('',(0.362992368957,-0.351958854898));
#905 = VECTOR('',#906,1.);
#906 = DIRECTION('',(-1.,-2.465190328816E-32));
#907 = ( GEOMETRIC_REPRESENTATION_CONTEXT(2) 
PARAMETRIC_REPRESENTATION_CONTEXT() REPRESENTATION_CONTEXT('2D SPACE',''
  ) );
#908 = ORIENTED_EDGE('',*,*,#909,.T.);
#909 = EDGE_CURVE('',#882,#910,#912,.T.);
#910 = VERTEX_POINT('',#911);
#911 = CARTESIAN_POINT('',(2.435897350311,0.,3.883915767074E-02));
#912 = SURFACE_CURVE('',#913,(#917,#924),.PCURVE_S1.);
#913 = LINE('',#914,#915);
#914 = CARTESIAN_POINT('',(1.948717951775,0.,0.431010454893));
#915 = VECTOR('',#916,1.);
#916 = DIRECTION('',(0.778971623458,0.,-0.627059175714));
#917 = PCURVE('',#98,#918);
#918 = DEFINITIONAL_REPRESENTATION('',(#919),#923);
#919 = LINE('',#920,#921);
#920 = CARTESIAN_POINT('',(0.958524070342,-1.111791372526));
#921 = VECTOR('',#922,1.);
#922 = DIRECTION('',(0.627059175714,0.778971623458));
#923 = ( GEOMETRIC_REPRESENTATION_CONTEXT(2) 
PARAMETRIC_REPRESENTATION_CONTEXT() REPRESENTATION_CONTEXT('2D SPACE',''
  ) );
#924 = PCURVE('',#925,#930);
#925 = PLANE('',#926);
#926 = AXIS2_PLACEMENT_3D('',#927,#928,#929);
#927 = CARTESIAN_POINT('',(2.192019740407,0.385084588235,0.228537227808)
  );
#928 = DIRECTION('',(-0.627002969964,-1.33887913454E-02,-0.778901801206)
  );
#929 = DIRECTION('',(-0.778971623458,-8.673617379884E-19,0.627059175714)
  );
#930 = DEFINITIONAL_REPRESENTATION('',(#931),#935);
#931 = LINE('',#932,#933);
#932 = CARTESIAN_POINT('',(0.316487884161,-0.385119107956));
#933 = VECTOR('',#934,1.);
#934 = DIRECTION('',(-1.,0.));
#935 = ( GEOMETRIC_REPRESENTATION_CONTEXT(2) 
PARAMETRIC_REPRESENTATION_CONTEXT() REPRESENTATION_CONTEXT('2D SPACE',''
  ) );
#936 = ORIENTED_EDGE('',*,*,#937,.T.);
#937 = EDGE_CURVE('',#910,#938,#940,.T.);
#938 = VERTEX_POINT('',#939);
#939 = CARTESIAN_POINT('',(2.679487228394,0.,-9.511578828096E-02));
#940 = SURFACE_CURVE('',#941,(#945,#952),.PCURVE_S1.);
#941 = LINE('',#942,#943);
#942 = CARTESIAN_POINT('',(2.435897350311,0.,3.883915767074E-02));
#943 = VECTOR('',#944,1.);
#944 = DIRECTION('',(0.876245507341,0.,-0.481864930105));
#945 = PCURVE('',#98,#946);
#946 = DEFINITIONAL_REPRESENTATION('',(#947),#951);
#947 = LINE('',#948,#949);
#948 = CARTESIAN_POINT('',(1.350695367564,-0.624611973989));
#949 = VECTOR('',#950,1.);
#950 = DIRECTION('',(0.481864930105,0.876245507341));
#951 = ( GEOMETRIC_REPRESENTATION_CONTEXT(2) 
PARAMETRIC_REPRESENTATION_CONTEXT() REPRESENTATION_CONTEXT('2D SPACE',''
  ) );
#952 = PCURVE('',#953,#958);
#953 = PLANE('',#954);
#954 = AXIS2_PLACEMENT_3D('',#955,#956,#957);
#955 = CARTESIAN_POINT('',(2.610282737255,0.439982062718,
    -5.705885445844E-02));
#956 = DIRECTION('',(-0.481864930105,-0.,-0.876245507341));
#957 = DIRECTION('',(-0.876245507341,0.,0.481864930105));
#958 = DEFINITIONAL_REPRESENTATION('',(#959),#963);
#959 = LINE('',#960,#961);
#960 = CARTESIAN_POINT('',(0.199014300768,-0.439982062718));
#961 = VECTOR('',#962,1.);
#962 = DIRECTION('',(-1.,0.));
#963 = ( GEOMETRIC_REPRESENTATION_CONTEXT(2) 
PARAMETRIC_REPRESENTATION_CONTEXT() REPRESENTATION_CONTEXT('2D SPACE',''
  ) );
#964 = ORIENTED_EDGE('',*,*,#965,.T.);
#965 = EDGE_CURVE('',#938,#966,#968,.T.);
#966 = VERTEX_POINT('',#967);
#967 = CARTESIAN_POINT('',(2.923076868057,0.,-0.176220282912));
#968 = SURFACE_CURVE('',#969,(#973,#980),.PCURVE_S1.);
#969 = LINE('',#970,#971);
#970 = CARTESIAN_POINT('',(2.679487228394,0.,-9.511578828096E-02));
#971 = VECTOR('',#972,1.);
#972 = DIRECTION('',(0.94879080688,0.,-0.315905056591));
#973 = PCURVE('',#98,#974);
#974 = DEFINITIONAL_REPRESENTATION('',(#975),#979);
#975 = LINE('',#976,#977);
#976 = CARTESIAN_POINT('',(1.484650313516,-0.381022095907));
#977 = VECTOR('',#978,1.);
#978 = DIRECTION('',(0.315905056591,0.94879080688));
#979 = ( GEOMETRIC_REPRESENTATION_CONTEXT(2) 
PARAMETRIC_REPRESENTATION_CONTEXT() REPRESENTATION_CONTEXT('2D SPACE',''
  ) );
#980 = PCURVE('',#981,#986);
#981 = PLANE('',#982);
#982 = AXIS2_PLACEMENT_3D('',#983,#984,#985);
#983 = CARTESIAN_POINT('',(2.801282048225,0.5,-0.135668035597));
#984 = DIRECTION('',(-0.315905056591,-0.,-0.94879080688));
#985 = DIRECTION('',(-0.94879080688,0.,0.315905056591));
#986 = DEFINITIONAL_REPRESENTATION('',(#987),#991);
#987 = LINE('',#988,#989);
#988 = CARTESIAN_POINT('',(0.128368465365,-0.5));
#989 = VECTOR('',#990,1.);
#990 = DIRECTION('',(-1.,0.));
#991 = ( GEOMETRIC_REPRESENTATION_CONTEXT(2) 
PARAMETRIC_REPRESENTATION_CONTEXT() REPRESENTATION_CONTEXT('2D SPACE',''
  ) );
#992 = ORIENTED_EDGE('',*,*,#993,.F.);
#993 = EDGE_CURVE('',#994,#966,#996,.T.);
#994 = VERTEX_POINT('',#995);
#995 = CARTESIAN_POINT('',(3.16666674614,0.,-0.199685662985));
#996 = SURFACE_CURVE('',#997,(#1001,#1008),.PCURVE_S1.);
#997 = LINE('',#998,#999);
#998 = CARTESIAN_POINT('',(3.16666674614,0.,-0.199685662985));
#999 = VECTOR('',#1000,1.);
#1000 = DIRECTION('',(-0.99539216538,0.,9.588762745734E-02));
#1001 = PCURVE('',#98,#1002);
#1002 = DEFINITIONAL_REPRESENTATION('',(#1003),#1007);
#1003 = LINE('',#1004,#1005);
#1004 = CARTESIAN_POINT('',(1.58922018822,0.106157421839));
#1005 = VECTOR('',#1006,1.);
#1006 = DIRECTION('',(-9.588762745734E-02,-0.99539216538));
#1007 = ( GEOMETRIC_REPRESENTATION_CONTEXT(2) 
PARAMETRIC_REPRESENTATION_CONTEXT() REPRESENTATION_CONTEXT('2D SPACE',''
  ) );
#1008 = PCURVE('',#1009,#1014);
#1009 = PLANE('',#1010);
#1010 = AXIS2_PLACEMENT_3D('',#1011,#1012,#1013);
#1011 = CARTESIAN_POINT('',(3.044871807098,0.5,-0.187952972949));
#1012 = DIRECTION('',(-9.588762745734E-02,-0.,-0.99539216538));
#1013 = DIRECTION('',(-0.99539216538,0.,9.588762745734E-02));
#1014 = DEFINITIONAL_REPRESENTATION('',(#1015),#1019);
#1015 = LINE('',#1016,#1017);
#1016 = CARTESIAN_POINT('',(-0.122358747916,-0.5));
#1017 = VECTOR('',#1018,1.);
#1018 = DIRECTION('',(1.,0.));
#1019 = ( GEOMETRIC_REPRESENTATION_CONTEXT(2) 
PARAMETRIC_REPRESENTATION_CONTEXT() REPRESENTATION_CONTEXT('2D SPACE',''
  ) );
#1020 = ORIENTED_EDGE('',*,*,#1021,.F.);
#1021 = EDGE_CURVE('',#1022,#994,#1024,.T.);
#1022 = VERTEX_POINT('',#1023);
#1023 = CARTESIAN_POINT('',(3.410256385803,0.,-0.164126455784));
#1024 = SURFACE_CURVE('',#1025,(#1029,#1036),.PCURVE_S1.);
#1025 = LINE('',#1026,#1027);
#1026 = CARTESIAN_POINT('',(3.410256385803,0.,-0.164126455784));
#1027 = VECTOR('',#1028,1.);
#1028 = DIRECTION('',(-0.989512251909,0.,-0.144448964423));
#1029 = PCURVE('',#98,#1030);
#1030 = DEFINITIONAL_REPRESENTATION('',(#1031),#1035);
#1031 = LINE('',#1032,#1033);
#1032 = CARTESIAN_POINT('',(1.553660981019,0.349747061503));
#1033 = VECTOR('',#1034,1.);
#1034 = DIRECTION('',(0.144448964423,-0.989512251909));
#1035 = ( GEOMETRIC_REPRESENTATION_CONTEXT(2) 
PARAMETRIC_REPRESENTATION_CONTEXT() REPRESENTATION_CONTEXT('2D SPACE',''
  ) );
#1036 = PCURVE('',#1037,#1042);
#1037 = PLANE('',#1038);
#1038 = AXIS2_PLACEMENT_3D('',#1039,#1040,#1041);
#1039 = CARTESIAN_POINT('',(3.288461565971,0.5,-0.181906059384));
#1040 = DIRECTION('',(0.144448964423,-0.,-0.989512251909));
#1041 = DIRECTION('',(-0.989512251909,0.,-0.144448964423));
#1042 = DEFINITIONAL_REPRESENTATION('',(#1043),#1047);
#1043 = LINE('',#1044,#1045);
#1044 = CARTESIAN_POINT('',(-0.123085711771,-0.5));
#1045 = VECTOR('',#1046,1.);
#1046 = DIRECTION('',(1.,0.));
#1047 = ( GEOMETRIC_REPRESENTATION_CONTEXT(2) 
PARAMETRIC_REPRESENTATION_CONTEXT() REPRESENTATION_CONTEXT('2D SPACE',''
  ) );
#1048 = ORIENTED_EDGE('',*,*,#1049,.F.);
#1049 = EDGE_CURVE('',#1050,#1022,#1052,.T.);
#1050 = VERTEX_POINT('',#1051);
#1051 = CARTESIAN_POINT('',(3.653846263885,0.,-7.164218276739E-02));
#1052 = SURFACE_CURVE('',#1053,(#1057,#1064),.PCURVE_S1.);
#1053 = LINE('',#1054,#1055);
#1054 = CARTESIAN_POINT('',(3.653846263885,0.,-7.164218276739E-02));
#1055 = VECTOR('',#1056,1.);
#1056 = DIRECTION('',(-0.934885341896,0.,-0.354949852103));
#1057 = PCURVE('',#98,#1058);
#1058 = DEFINITIONAL_REPRESENTATION('',(#1059),#1063);
#1059 = LINE('',#1060,#1061);
#1060 = CARTESIAN_POINT('',(1.461176708003,0.593336939585));
#1061 = VECTOR('',#1062,1.);
#1062 = DIRECTION('',(0.354949852103,-0.934885341896));
#1063 = ( GEOMETRIC_REPRESENTATION_CONTEXT(2) 
PARAMETRIC_REPRESENTATION_CONTEXT() REPRESENTATION_CONTEXT('2D SPACE',''
  ) );
#1064 = PCURVE('',#1065,#1070);
#1065 = PLANE('',#1066);
#1066 = AXIS2_PLACEMENT_3D('',#1067,#1068,#1069);
#1067 = CARTESIAN_POINT('',(3.532051324844,0.5,-0.117884319276));
#1068 = DIRECTION('',(0.354949852103,-0.,-0.934885341896));
#1069 = DIRECTION('',(-0.934885341896,0.,-0.354949852103));
#1070 = DEFINITIONAL_REPRESENTATION('',(#1071),#1075);
#1071 = LINE('',#1072,#1073);
#1072 = CARTESIAN_POINT('',(-0.130277942741,-0.5));
#1073 = VECTOR('',#1074,1.);
#1074 = DIRECTION('',(1.,0.));
#1075 = ( GEOMETRIC_REPRESENTATION_CONTEXT(2) 
PARAMETRIC_REPRESENTATION_CONTEXT() REPRESENTATION_CONTEXT('2D SPACE',''
  ) );
#1076 = ORIENTED_EDGE('',*,*,#1077,.F.);
#1077 = EDGE_CURVE('',#359,#1050,#1078,.T.);
#1078 = SURFACE_CURVE('',#1079,(#1083,#1090),.PCURVE_S1.);
#1079 = LINE('',#1080,#1081);
#1080 = CARTESIAN_POINT('',(3.897435903549,0.,7.230658084154E-02));
#1081 = VECTOR('',#1082,1.);
#1082 = DIRECTION('',(-0.860911929159,0.,-0.508754017411));
#1083 = PCURVE('',#98,#1084);
#1084 = DEFINITIONAL_REPRESENTATION('',(#1085),#1089);
#1085 = LINE('',#1086,#1087);
#1086 = CARTESIAN_POINT('',(1.317227944394,0.836926579249));
#1087 = VECTOR('',#1088,1.);
#1088 = DIRECTION('',(0.508754017411,-0.860911929159));
#1089 = ( GEOMETRIC_REPRESENTATION_CONTEXT(2) 
PARAMETRIC_REPRESENTATION_CONTEXT() REPRESENTATION_CONTEXT('2D SPACE',''
  ) );
#1090 = PCURVE('',#395,#1091);
#1091 = DEFINITIONAL_REPRESENTATION('',(#1092),#1096);
#1092 = LINE('',#1093,#1094);
#1093 = CARTESIAN_POINT('',(-0.141471869197,-0.5));
#1094 = VECTOR('',#1095,1.);
#1095 = DIRECTION('',(1.,0.));
#1096 = ( GEOMETRIC_REPRESENTATION_CONTEXT(2) 
PARAMETRIC_REPRESENTATION_CONTEXT() REPRESENTATION_CONTEXT('2D SPACE',''
  ) );
#1097 = ORIENTED_EDGE('',*,*,#358,.F.);
#1098 = ADVANCED_FACE('',(#1099),#477,.T.);
#1099 = FACE_BOUND('',#1100,.T.);
#1100 = EDGE_LOOP('',(#1101,#1129,#1130));
#1101 = ORIENTED_EDGE('',*,*,#1102,.T.);
#1102 = EDGE_CURVE('',#1103,#462,#1105,.T.);
#1103 = VERTEX_POINT('',#1104);
#1104 = CARTESIAN_POINT('',(6.089743614197,1.,2.781348466873));
#1105 = SURFACE_CURVE('',#1106,(#1110,#1117),.PCURVE_S1.);
#1106 = LINE('',#1107,#1108);
#1107 = CARTESIAN_POINT('',(6.089743614197,1.,2.781348466873));
#1108 = VECTOR('',#1109,1.);
#1109 = DIRECTION('',(-0.430773377099,-0.884219414449,-0.180527905581));
#1110 = PCURVE('',#477,#1111);
#1111 = DEFINITIONAL_REPRESENTATION('',(#1112),#1116);
#1112 = LINE('',#1113,#1114);
#1113 = CARTESIAN_POINT('',(0.16479290491,0.599322398575));
#1114 = VECTOR('',#1115,1.);
#1115 = DIRECTION('',(-0.467071757989,-0.884219414449));
#1116 = ( GEOMETRIC_REPRESENTATION_CONTEXT(2) 
PARAMETRIC_REPRESENTATION_CONTEXT() REPRESENTATION_CONTEXT('2D SPACE',''
  ) );
#1117 = PCURVE('',#1118,#1123);
#1118 = PLANE('',#1119);
#1119 = AXIS2_PLACEMENT_3D('',#1120,#1121,#1122);
#1120 = CARTESIAN_POINT('',(5.685481815783,0.637280683827,2.589313631389
    ));
#1121 = DIRECTION('',(-0.4598603746,4.294863811313E-02,0.88695200003));
#1122 = DIRECTION('',(0.887771162872,0.,0.460285088149));
#1123 = DEFINITIONAL_REPRESENTATION('',(#1124),#1128);
#1124 = LINE('',#1125,#1126);
#1125 = CARTESIAN_POINT('',(0.447282738061,0.363054313091));
#1126 = VECTOR('',#1127,1.);
#1127 = DIRECTION('',(-0.465522484855,-0.885036053556));
#1128 = ( GEOMETRIC_REPRESENTATION_CONTEXT(2) 
PARAMETRIC_REPRESENTATION_CONTEXT() REPRESENTATION_CONTEXT('2D SPACE',''
  ) );
#1129 = ORIENTED_EDGE('',*,*,#461,.F.);
#1130 = ORIENTED_EDGE('',*,*,#1131,.T.);
#1131 = EDGE_CURVE('',#439,#1103,#1132,.T.);
#1132 = SURFACE_CURVE('',#1133,(#1137,#1144),.PCURVE_S1.);
#1133 = LINE('',#1134,#1135);
#1134 = CARTESIAN_POINT('',(6.089743614197,0.,2.781348466873));
#1135 = VECTOR('',#1136,1.);
#1136 = DIRECTION('',(0.,1.,0.));
#1137 = PCURVE('',#477,#1138);
#1138 = DEFINITIONAL_REPRESENTATION('',(#1139),#1143);
#1139 = LINE('',#1140,#1141);
#1140 = CARTESIAN_POINT('',(0.16479290491,-0.400677601425));
#1141 = VECTOR('',#1142,1.);
#1142 = DIRECTION('',(0.,1.));
#1143 = ( GEOMETRIC_REPRESENTATION_CONTEXT(2) 
PARAMETRIC_REPRESENTATION_CONTEXT() REPRESENTATION_CONTEXT('2D SPACE',''
  ) );
#1144 = PCURVE('',#156,#1145);
#1145 = DEFINITIONAL_REPRESENTATION('',(#1146),#1150);
#1146 = LINE('',#1147,#1148);
#1147 = CARTESIAN_POINT('',(0.5,0.5));
#1148 = VECTOR('',#1149,1.);
#1149 = DIRECTION('',(0.,-1.));
#1150 = ( GEOMETRIC_REPRESENTATION_CONTEXT(2) 
PARAMETRIC_REPRESENTATION_CONTEXT() REPRESENTATION_CONTEXT('2D SPACE',''
  ) );
#1151 = ADVANCED_FACE('',(#1152),#1118,.T.);
#1152 = FACE_BOUND('',#1153,.T.);
#1153 = EDGE_LOOP('',(#1154,#1155,#1178));
#1154 = ORIENTED_EDGE('',*,*,#1102,.F.);
#1155 = ORIENTED_EDGE('',*,*,#1156,.T.);
#1156 = EDGE_CURVE('',#1103,#1157,#1159,.T.);
#1157 = VERTEX_POINT('',#1158);
#1158 = CARTESIAN_POINT('',(5.358974456787,1.,2.40246462822));
#1159 = SURFACE_CURVE('',#1160,(#1164,#1171),.PCURVE_S1.);
#1160 = LINE('',#1161,#1162);
#1161 = CARTESIAN_POINT('',(6.089743614197,1.,2.781348466873));
#1162 = VECTOR('',#1163,1.);
#1163 = DIRECTION('',(-0.887771162872,0.,-0.460285088149));
#1164 = PCURVE('',#1118,#1165);
#1165 = DEFINITIONAL_REPRESENTATION('',(#1166),#1170);
#1166 = LINE('',#1167,#1168);
#1167 = CARTESIAN_POINT('',(0.447282738061,0.363054313091));
#1168 = VECTOR('',#1169,1.);
#1169 = DIRECTION('',(-1.,0.));
#1170 = ( GEOMETRIC_REPRESENTATION_CONTEXT(2) 
PARAMETRIC_REPRESENTATION_CONTEXT() REPRESENTATION_CONTEXT('2D SPACE',''
  ) );
#1171 = PCURVE('',#130,#1172);
#1172 = DEFINITIONAL_REPRESENTATION('',(#1173),#1177);
#1173 = LINE('',#1174,#1175);
#1174 = CARTESIAN_POINT('',(1.391203110758,3.027806290633));
#1175 = VECTOR('',#1176,1.);
#1176 = DIRECTION('',(-0.460285088149,-0.887771162872));
#1177 = ( GEOMETRIC_REPRESENTATION_CONTEXT(2) 
PARAMETRIC_REPRESENTATION_CONTEXT() REPRESENTATION_CONTEXT('2D SPACE',''
  ) );
#1178 = ORIENTED_EDGE('',*,*,#1179,.F.);
#1179 = EDGE_CURVE('',#462,#1157,#1180,.T.);
#1180 = SURFACE_CURVE('',#1181,(#1185,#1192),.PCURVE_S1.);
#1181 = LINE('',#1182,#1183);
#1182 = CARTESIAN_POINT('',(5.602564334869,0.,2.57718205452));
#1183 = VECTOR('',#1184,1.);
#1184 = DIRECTION('',(-0.233331536799,0.95788683272,-0.167359522099));
#1185 = PCURVE('',#1118,#1186);
#1186 = DEFINITIONAL_REPRESENTATION('',(#1187),#1191);
#1187 = LINE('',#1188,#1189);
#1188 = CARTESIAN_POINT('',(-7.919573238227E-02,-0.637869257567));
#1189 = VECTOR('',#1190,1.);
#1190 = DIRECTION('',(-0.284178102141,0.958771508892));
#1191 = ( GEOMETRIC_REPRESENTATION_CONTEXT(2) 
PARAMETRIC_REPRESENTATION_CONTEXT() REPRESENTATION_CONTEXT('2D SPACE',''
  ) );
#1192 = PCURVE('',#505,#1193);
#1193 = DEFINITIONAL_REPRESENTATION('',(#1194),#1198);
#1194 = LINE('',#1195,#1196);
#1195 = CARTESIAN_POINT('',(0.213836529147,-0.436048599999));
#1196 = VECTOR('',#1197,1.);
#1197 = DIRECTION('',(-0.28714598326,0.95788683272));
#1198 = ( GEOMETRIC_REPRESENTATION_CONTEXT(2) 
PARAMETRIC_REPRESENTATION_CONTEXT() REPRESENTATION_CONTEXT('2D SPACE',''
  ) );
#1199 = ADVANCED_FACE('',(#1200),#533,.T.);
#1200 = FACE_BOUND('',#1201,.T.);
#1201 = EDGE_LOOP('',(#1202,#1230,#1231));
#1202 = ORIENTED_EDGE('',*,*,#1203,.T.);
#1203 = EDGE_CURVE('',#1204,#518,#1206,.T.);
#1204 = VERTEX_POINT('',#1205);
#1205 = CARTESIAN_POINT('',(4.141025543213,1.,1.259220600128));
#1206 = SURFACE_CURVE('',#1207,(#1211,#1218),.PCURVE_S1.);
#1207 = LINE('',#1208,#1209);
#1208 = CARTESIAN_POINT('',(4.141025543213,1.,1.259220600128));
#1209 = VECTOR('',#1210,1.);
#1210 = DIRECTION('',(-0.232860605301,-0.955954471721,-0.178681242707));
#1211 = PCURVE('',#533,#1212);
#1212 = DEFINITIONAL_REPRESENTATION('',(#1213),#1217);
#1213 = LINE('',#1214,#1215);
#1214 = CARTESIAN_POINT('',(-0.566278808212,0.699077906301));
#1215 = VECTOR('',#1216,1.);
#1216 = DIRECTION('',(-0.292483263275,-0.956270641975));
#1217 = ( GEOMETRIC_REPRESENTATION_CONTEXT(2) 
PARAMETRIC_REPRESENTATION_CONTEXT() REPRESENTATION_CONTEXT('2D SPACE',''
  ) );
#1218 = PCURVE('',#1219,#1224);
#1219 = PLANE('',#1220);
#1220 = AXIS2_PLACEMENT_3D('',#1221,#1222,#1223);
#1221 = CARTESIAN_POINT('',(3.897746371796,0.610107653609,1.085624174952
    ));
#1222 = DIRECTION('',(-0.561734532208,-1.776882126146E-02,0.827126703907
    ));
#1223 = DIRECTION('',(0.82725730961,1.734723475977E-18,0.561823231717));
#1224 = DEFINITIONAL_REPRESENTATION('',(#1225),#1229);
#1225 = LINE('',#1226,#1227);
#1226 = CARTESIAN_POINT('',(0.298784977438,0.389953911522));
#1227 = VECTOR('',#1228,1.);
#1228 = DIRECTION('',(-0.293022911081,-0.956105419701));
#1229 = ( GEOMETRIC_REPRESENTATION_CONTEXT(2) 
PARAMETRIC_REPRESENTATION_CONTEXT() REPRESENTATION_CONTEXT('2D SPACE',''
  ) );
#1230 = ORIENTED_EDGE('',*,*,#517,.T.);
#1231 = ORIENTED_EDGE('',*,*,#1232,.T.);
#1232 = EDGE_CURVE('',#490,#1204,#1233,.T.);
#1233 = SURFACE_CURVE('',#1234,(#1238,#1245),.PCURVE_S1.);
#1234 = LINE('',#1235,#1236);
#1235 = CARTESIAN_POINT('',(5.358974456787,0.,2.40246462822));
#1236 = VECTOR('',#1237,1.);
#1237 = DIRECTION('',(-0.625584788978,0.513637954766,-0.587213524387));
#1238 = PCURVE('',#533,#1239);
#1239 = DEFINITIONAL_REPRESENTATION('',(#1240),#1244);
#1240 = LINE('',#1241,#1242);
#1241 = CARTESIAN_POINT('',(1.103974130389,-0.301252831474));
#1242 = VECTOR('',#1243,1.);
#1243 = DIRECTION('',(-0.857905303325,0.51380783424));
#1244 = ( GEOMETRIC_REPRESENTATION_CONTEXT(2) 
PARAMETRIC_REPRESENTATION_CONTEXT() REPRESENTATION_CONTEXT('2D SPACE',''
  ) );
#1245 = PCURVE('',#1246,#1251);
#1246 = PLANE('',#1247);
#1247 = AXIS2_PLACEMENT_3D('',#1248,#1249,#1250);
#1248 = CARTESIAN_POINT('',(4.881888371754,0.680888588092,1.954641397277
    ));
#1249 = DIRECTION('',(-0.684392445147,-2.970169672969E-16,0.729113832694
    ));
#1250 = DIRECTION('',(0.729113832694,0.,0.684392445147));
#1251 = DEFINITIONAL_REPRESENTATION('',(#1252),#1256);
#1252 = LINE('',#1253,#1254);
#1253 = CARTESIAN_POINT('',(0.654336900002,-0.680888588092));
#1254 = VECTOR('',#1255,1.);
#1255 = DIRECTION('',(-0.858007022945,0.513637954766));
#1256 = ( GEOMETRIC_REPRESENTATION_CONTEXT(2) 
PARAMETRIC_REPRESENTATION_CONTEXT() REPRESENTATION_CONTEXT('2D SPACE',''
  ) );
#1257 = ADVANCED_FACE('',(#1258),#1219,.T.);
#1258 = FACE_BOUND('',#1259,.T.);
#1259 = EDGE_LOOP('',(#1260,#1261,#1284));
#1260 = ORIENTED_EDGE('',*,*,#1203,.F.);
#1261 = ORIENTED_EDGE('',*,*,#1262,.T.);
#1262 = EDGE_CURVE('',#1204,#1263,#1265,.T.);
#1263 = VERTEX_POINT('',#1264);
#1264 = CARTESIAN_POINT('',(3.653846263885,1.,0.928357839584));
#1265 = SURFACE_CURVE('',#1266,(#1270,#1277),.PCURVE_S1.);
#1266 = LINE('',#1267,#1268);
#1267 = CARTESIAN_POINT('',(4.141025543213,1.,1.259220600128));
#1268 = VECTOR('',#1269,1.);
#1269 = DIRECTION('',(-0.82725730961,0.,-0.561823231717));
#1270 = PCURVE('',#1219,#1271);
#1271 = DEFINITIONAL_REPRESENTATION('',(#1272),#1276);
#1272 = LINE('',#1273,#1274);
#1273 = CARTESIAN_POINT('',(0.298784977438,0.389953911522));
#1274 = VECTOR('',#1275,1.);
#1275 = DIRECTION('',(-1.,5.20417042793E-18));
#1276 = ( GEOMETRIC_REPRESENTATION_CONTEXT(2) 
PARAMETRIC_REPRESENTATION_CONTEXT() REPRESENTATION_CONTEXT('2D SPACE',''
  ) );
#1277 = PCURVE('',#130,#1278);
#1278 = DEFINITIONAL_REPRESENTATION('',(#1279),#1283);
#1279 = LINE('',#1280,#1281);
#1280 = CARTESIAN_POINT('',(-0.130924755987,1.079088219649));
#1281 = VECTOR('',#1282,1.);
#1282 = DIRECTION('',(-0.561823231717,-0.82725730961));
#1283 = ( GEOMETRIC_REPRESENTATION_CONTEXT(2) 
PARAMETRIC_REPRESENTATION_CONTEXT() REPRESENTATION_CONTEXT('2D SPACE',''
  ) );
#1284 = ORIENTED_EDGE('',*,*,#1285,.F.);
#1285 = EDGE_CURVE('',#518,#1263,#1286,.T.);
#1286 = SURFACE_CURVE('',#1287,(#1291,#1298),.PCURVE_S1.);
#1287 = LINE('',#1288,#1289);
#1288 = CARTESIAN_POINT('',(3.897435903549,0.,1.072306632996));
#1289 = VECTOR('',#1290,1.);
#1290 = DIRECTION('',(-0.2343880367,0.962224982243,-0.138511125184));
#1291 = PCURVE('',#1219,#1292);
#1292 = DEFINITIONAL_REPRESENTATION('',(#1293),#1297);
#1293 = LINE('',#1294,#1295);
#1294 = CARTESIAN_POINT('',(-7.738941586964E-03,-0.610203991375));
#1295 = VECTOR('',#1296,1.);
#1296 = DIRECTION('',(-0.271717984625,0.962376920355));
#1297 = ( GEOMETRIC_REPRESENTATION_CONTEXT(2) 
PARAMETRIC_REPRESENTATION_CONTEXT() REPRESENTATION_CONTEXT('2D SPACE',''
  ) );
#1298 = PCURVE('',#561,#1299);
#1299 = DEFINITIONAL_REPRESENTATION('',(#1300),#1304);
#1300 = LINE('',#1301,#1302);
#1301 = CARTESIAN_POINT('',(0.20239331792,-0.439078558858));
#1302 = VECTOR('',#1303,1.);
#1303 = DIRECTION('',(-0.272255548241,0.962224982243));
#1304 = ( GEOMETRIC_REPRESENTATION_CONTEXT(2) 
PARAMETRIC_REPRESENTATION_CONTEXT() REPRESENTATION_CONTEXT('2D SPACE',''
  ) );
#1305 = ADVANCED_FACE('',(#1306),#561,.T.);
#1306 = FACE_BOUND('',#1307,.T.);
#1307 = EDGE_LOOP('',(#1308,#1309,#1310));
#1308 = ORIENTED_EDGE('',*,*,#545,.F.);
#1309 = ORIENTED_EDGE('',*,*,#1285,.T.);
#1310 = ORIENTED_EDGE('',*,*,#1311,.F.);
#1311 = EDGE_CURVE('',#546,#1263,#1312,.T.);
#1312 = SURFACE_CURVE('',#1313,(#1317,#1324),.PCURVE_S1.);
#1313 = LINE('',#1314,#1315);
#1314 = CARTESIAN_POINT('',(3.653846263885,0.,0.928357839584));
#1315 = VECTOR('',#1316,1.);
#1316 = DIRECTION('',(0.,1.,0.));
#1317 = PCURVE('',#561,#1318);
#1318 = DEFINITIONAL_REPRESENTATION('',(#1319),#1323);
#1319 = LINE('',#1320,#1321);
#1320 = CARTESIAN_POINT('',(-8.055043563594E-02,-0.439078558858));
#1321 = VECTOR('',#1322,1.);
#1322 = DIRECTION('',(0.,1.));
#1323 = ( GEOMETRIC_REPRESENTATION_CONTEXT(2) 
PARAMETRIC_REPRESENTATION_CONTEXT() REPRESENTATION_CONTEXT('2D SPACE',''
  ) );
#1324 = PCURVE('',#589,#1325);
#1325 = DEFINITIONAL_REPRESENTATION('',(#1326),#1330);
#1326 = LINE('',#1327,#1328);
#1327 = CARTESIAN_POINT('',(0.130277946708,-0.5));
#1328 = VECTOR('',#1329,1.);
#1329 = DIRECTION('',(0.,1.));
#1330 = ( GEOMETRIC_REPRESENTATION_CONTEXT(2) 
PARAMETRIC_REPRESENTATION_CONTEXT() REPRESENTATION_CONTEXT('2D SPACE',''
  ) );
#1331 = ADVANCED_FACE('',(#1332),#1246,.T.);
#1332 = FACE_BOUND('',#1333,.T.);
#1333 = EDGE_LOOP('',(#1334,#1335,#1356));
#1334 = ORIENTED_EDGE('',*,*,#1232,.F.);
#1335 = ORIENTED_EDGE('',*,*,#1336,.T.);
#1336 = EDGE_CURVE('',#490,#1157,#1337,.T.);
#1337 = SURFACE_CURVE('',#1338,(#1342,#1349),.PCURVE_S1.);
#1338 = LINE('',#1339,#1340);
#1339 = CARTESIAN_POINT('',(5.358974456787,0.,2.40246462822));
#1340 = VECTOR('',#1341,1.);
#1341 = DIRECTION('',(0.,1.,0.));
#1342 = PCURVE('',#1246,#1343);
#1343 = DEFINITIONAL_REPRESENTATION('',(#1344),#1348);
#1344 = LINE('',#1345,#1346);
#1345 = CARTESIAN_POINT('',(0.654336900002,-0.680888588092));
#1346 = VECTOR('',#1347,1.);
#1347 = DIRECTION('',(0.,1.));
#1348 = ( GEOMETRIC_REPRESENTATION_CONTEXT(2) 
PARAMETRIC_REPRESENTATION_CONTEXT() REPRESENTATION_CONTEXT('2D SPACE',''
  ) );
#1349 = PCURVE('',#505,#1350);
#1350 = DEFINITIONAL_REPRESENTATION('',(#1351),#1355);
#1351 = LINE('',#1352,#1353);
#1352 = CARTESIAN_POINT('',(-8.593372914557E-02,-0.436048599999));
#1353 = VECTOR('',#1354,1.);
#1354 = DIRECTION('',(0.,1.));
#1355 = ( GEOMETRIC_REPRESENTATION_CONTEXT(2) 
PARAMETRIC_REPRESENTATION_CONTEXT() REPRESENTATION_CONTEXT('2D SPACE',''
  ) );
#1356 = ORIENTED_EDGE('',*,*,#1357,.T.);
#1357 = EDGE_CURVE('',#1157,#1204,#1358,.T.);
#1358 = SURFACE_CURVE('',#1359,(#1363,#1370),.PCURVE_S1.);
#1359 = LINE('',#1360,#1361);
#1360 = CARTESIAN_POINT('',(5.358974456787,1.,2.40246462822));
#1361 = VECTOR('',#1362,1.);
#1362 = DIRECTION('',(-0.729113832694,0.,-0.684392445147));
#1363 = PCURVE('',#1246,#1364);
#1364 = DEFINITIONAL_REPRESENTATION('',(#1365),#1369);
#1365 = LINE('',#1366,#1367);
#1366 = CARTESIAN_POINT('',(0.654336900002,0.319111411908));
#1367 = VECTOR('',#1368,1.);
#1368 = DIRECTION('',(-1.,0.));
#1369 = ( GEOMETRIC_REPRESENTATION_CONTEXT(2) 
PARAMETRIC_REPRESENTATION_CONTEXT() REPRESENTATION_CONTEXT('2D SPACE',''
  ) );
#1370 = PCURVE('',#130,#1371);
#1371 = DEFINITIONAL_REPRESENTATION('',(#1372),#1376);
#1372 = LINE('',#1373,#1374);
#1373 = CARTESIAN_POINT('',(1.012319272104,2.297037133223));
#1374 = VECTOR('',#1375,1.);
#1375 = DIRECTION('',(-0.684392445147,-0.729113832694));
#1376 = ( GEOMETRIC_REPRESENTATION_CONTEXT(2) 
PARAMETRIC_REPRESENTATION_CONTEXT() REPRESENTATION_CONTEXT('2D SPACE',''
  ) );
#1377 = ADVANCED_FACE('',(#1378),#505,.T.);
#1378 = FACE_BOUND('',#1379,.T.);
#1379 = EDGE_LOOP('',(#1380,#1381,#1382));
#1380 = ORIENTED_EDGE('',*,*,#489,.F.);
#1381 = ORIENTED_EDGE('',*,*,#1179,.T.);
#1382 = ORIENTED_EDGE('',*,*,#1336,.F.);
#1383 = ADVANCED_FACE('',(#1384),#1398,.T.);
#1384 = FACE_BOUND('',#1385,.T.);
#1385 = EDGE_LOOP('',(#1386,#1416,#1437));
#1386 = ORIENTED_EDGE('',*,*,#1387,.T.);
#1387 = EDGE_CURVE('',#1388,#1390,#1392,.T.);
#1388 = VERTEX_POINT('',#1389);
#1389 = CARTESIAN_POINT('',(0.487179487944,1.,2.683656692505));
#1390 = VERTEX_POINT('',#1391);
#1391 = CARTESIAN_POINT('',(0.,1.,2.799999952316));
#1392 = SURFACE_CURVE('',#1393,(#1397,#1409),.PCURVE_S1.);
#1393 = LINE('',#1394,#1395);
#1394 = CARTESIAN_POINT('',(0.487179487944,1.,2.683656692505));
#1395 = VECTOR('',#1396,1.);
#1396 = DIRECTION('',(-0.972649378816,0.,0.232278251005));
#1397 = PCURVE('',#1398,#1403);
#1398 = PLANE('',#1399);
#1399 = AXIS2_PLACEMENT_3D('',#1400,#1401,#1402);
#1400 = CARTESIAN_POINT('',(0.150591929995,0.595612885797,2.764037116297
    ));
#1401 = DIRECTION('',(0.232278251005,0.,0.972649378816));
#1402 = DIRECTION('',(0.972649378816,0.,-0.232278251005));
#1403 = DEFINITIONAL_REPRESENTATION('',(#1404),#1408);
#1404 = LINE('',#1405,#1406);
#1405 = CARTESIAN_POINT('',(0.346052303409,0.404387114203));
#1406 = VECTOR('',#1407,1.);
#1407 = DIRECTION('',(-1.,0.));
#1408 = ( GEOMETRIC_REPRESENTATION_CONTEXT(2) 
PARAMETRIC_REPRESENTATION_CONTEXT() REPRESENTATION_CONTEXT('2D SPACE',''
  ) );
#1409 = PCURVE('',#130,#1410);
#1410 = DEFINITIONAL_REPRESENTATION('',(#1411),#1415);
#1411 = LINE('',#1412,#1413);
#1412 = CARTESIAN_POINT('',(1.29351133639,-2.57475783562));
#1413 = VECTOR('',#1414,1.);
#1414 = DIRECTION('',(0.232278251005,-0.972649378816));
#1415 = ( GEOMETRIC_REPRESENTATION_CONTEXT(2) 
PARAMETRIC_REPRESENTATION_CONTEXT() REPRESENTATION_CONTEXT('2D SPACE',''
  ) );
#1416 = ORIENTED_EDGE('',*,*,#1417,.T.);
#1417 = EDGE_CURVE('',#1390,#742,#1418,.T.);
#1418 = SURFACE_CURVE('',#1419,(#1423,#1430),.PCURVE_S1.);
#1419 = LINE('',#1420,#1421);
#1420 = CARTESIAN_POINT('',(0.,1.,2.799999952316));
#1421 = VECTOR('',#1422,1.);
#1422 = DIRECTION('',(0.,-1.,0.));
#1423 = PCURVE('',#1398,#1424);
#1424 = DEFINITIONAL_REPRESENTATION('',(#1425),#1429);
#1425 = LINE('',#1426,#1427);
#1426 = CARTESIAN_POINT('',(-0.154826531816,0.404387114203));
#1427 = VECTOR('',#1428,1.);
#1428 = DIRECTION('',(0.,-1.));
#1429 = ( GEOMETRIC_REPRESENTATION_CONTEXT(2) 
PARAMETRIC_REPRESENTATION_CONTEXT() REPRESENTATION_CONTEXT('2D SPACE',''
  ) );
#1430 = PCURVE('',#785,#1431);
#1431 = DEFINITIONAL_REPRESENTATION('',(#1432),#1436);
#1432 = LINE('',#1433,#1434);
#1433 = CARTESIAN_POINT('',(-0.5,-0.5));
#1434 = VECTOR('',#1435,1.);
#1435 = DIRECTION('',(0.,1.));
#1436 = ( GEOMETRIC_REPRESENTATION_CONTEXT(2) 
PARAMETRIC_REPRESENTATION_CONTEXT() REPRESENTATION_CONTEXT('2D SPACE',''
  ) );
#1437 = ORIENTED_EDGE('',*,*,#1438,.T.);
#1438 = EDGE_CURVE('',#742,#1388,#1439,.T.);
#1439 = SURFACE_CURVE('',#1440,(#1444,#1451),.PCURVE_S1.);
#1440 = LINE('',#1441,#1442);
#1441 = CARTESIAN_POINT('',(0.,0.,2.799999952316));
#1442 = VECTOR('',#1443,1.);
#1443 = DIRECTION('',(0.435593347383,0.894112659015,-0.104023981388));
#1444 = PCURVE('',#1398,#1445);
#1445 = DEFINITIONAL_REPRESENTATION('',(#1446),#1450);
#1446 = LINE('',#1447,#1448);
#1447 = CARTESIAN_POINT('',(-0.154826531816,-0.595612885797));
#1448 = VECTOR('',#1449,1.);
#1449 = DIRECTION('',(0.447842107208,0.894112659015));
#1450 = ( GEOMETRIC_REPRESENTATION_CONTEXT(2) 
PARAMETRIC_REPRESENTATION_CONTEXT() REPRESENTATION_CONTEXT('2D SPACE',''
  ) );
#1451 = PCURVE('',#757,#1452);
#1452 = DEFINITIONAL_REPRESENTATION('',(#1453),#1457);
#1453 = LINE('',#1454,#1455);
#1454 = CARTESIAN_POINT('',(-0.422707169713,-0.368427558633));
#1455 = VECTOR('',#1456,1.);
#1456 = DIRECTION('',(0.445526725232,0.895268639629));
#1457 = ( GEOMETRIC_REPRESENTATION_CONTEXT(2) 
PARAMETRIC_REPRESENTATION_CONTEXT() REPRESENTATION_CONTEXT('2D SPACE',''
  ) );
#1458 = ADVANCED_FACE('',(#1459),#757,.T.);
#1459 = FACE_BOUND('',#1460,.T.);
#1460 = EDGE_LOOP('',(#1461,#1487,#1488));
#1461 = ORIENTED_EDGE('',*,*,#1462,.T.);
#1462 = EDGE_CURVE('',#714,#1388,#1463,.T.);
#1463 = SURFACE_CURVE('',#1464,(#1468,#1475),.PCURVE_S1.);
#1464 = LINE('',#1465,#1466);
#1465 = CARTESIAN_POINT('',(0.730769217014,0.,2.544661283493));
#1466 = VECTOR('',#1467,1.);
#1467 = DIRECTION('',(-0.234540342515,0.962849884556,0.133831713521));
#1468 = PCURVE('',#757,#1469);
#1469 = DEFINITIONAL_REPRESENTATION('',(#1470),#1474);
#1470 = LINE('',#1471,#1472);
#1471 = CARTESIAN_POINT('',(0.351386806708,-0.368427558633));
#1472 = VECTOR('',#1473,1.);
#1473 = DIRECTION('',(-0.265558550119,0.964094734172));
#1474 = ( GEOMETRIC_REPRESENTATION_CONTEXT(2) 
PARAMETRIC_REPRESENTATION_CONTEXT() REPRESENTATION_CONTEXT('2D SPACE',''
  ) );
#1475 = PCURVE('',#1476,#1481);
#1476 = PLANE('',#1477);
#1477 = AXIS2_PLACEMENT_3D('',#1478,#1479,#1480);
#1478 = CARTESIAN_POINT('',(0.817699181576,0.645067017718,2.454613397721
    ));
#1479 = DIRECTION('',(0.59261727994,3.248798365152E-02,0.804828733604));
#1480 = DIRECTION('',(0.805253806044,1.734723475977E-18,-0.592930272336)
  );
#1481 = DEFINITIONAL_REPRESENTATION('',(#1482),#1486);
#1482 = LINE('',#1483,#1484);
#1483 = CARTESIAN_POINT('',(-0.123392802256,-0.645407711582));
#1484 = VECTOR('',#1485,1.);
#1485 = DIRECTION('',(-0.268217377826,0.963358416288));
#1486 = ( GEOMETRIC_REPRESENTATION_CONTEXT(2) 
PARAMETRIC_REPRESENTATION_CONTEXT() REPRESENTATION_CONTEXT('2D SPACE',''
  ) );
#1487 = ORIENTED_EDGE('',*,*,#1438,.F.);
#1488 = ORIENTED_EDGE('',*,*,#741,.T.);
#1489 = ADVANCED_FACE('',(#1490),#1476,.T.);
#1490 = FACE_BOUND('',#1491,.T.);
#1491 = EDGE_LOOP('',(#1492,#1515,#1516));
#1492 = ORIENTED_EDGE('',*,*,#1493,.T.);
#1493 = EDGE_CURVE('',#1494,#1388,#1496,.T.);
#1494 = VERTEX_POINT('',#1495);
#1495 = CARTESIAN_POINT('',(1.217948675156,1.,2.145571470261));
#1496 = SURFACE_CURVE('',#1497,(#1501,#1508),.PCURVE_S1.);
#1497 = LINE('',#1498,#1499);
#1498 = CARTESIAN_POINT('',(1.217948675156,1.,2.145571470261));
#1499 = VECTOR('',#1500,1.);
#1500 = DIRECTION('',(-0.805253806044,0.,0.592930272336));
#1501 = PCURVE('',#1476,#1502);
#1502 = DEFINITIONAL_REPRESENTATION('',(#1503),#1507);
#1503 = LINE('',#1504,#1505);
#1504 = CARTESIAN_POINT('',(0.505542742285,0.355120441082));
#1505 = VECTOR('',#1506,1.);
#1506 = DIRECTION('',(-1.,5.20417042793E-18));
#1507 = ( GEOMETRIC_REPRESENTATION_CONTEXT(2) 
PARAMETRIC_REPRESENTATION_CONTEXT() REPRESENTATION_CONTEXT('2D SPACE',''
  ) );
#1508 = PCURVE('',#130,#1509);
#1509 = DEFINITIONAL_REPRESENTATION('',(#1510),#1514);
#1510 = LINE('',#1511,#1512);
#1511 = CARTESIAN_POINT('',(0.755426114145,-1.843988648408));
#1512 = VECTOR('',#1513,1.);
#1513 = DIRECTION('',(0.592930272336,-0.805253806044));
#1514 = ( GEOMETRIC_REPRESENTATION_CONTEXT(2) 
PARAMETRIC_REPRESENTATION_CONTEXT() REPRESENTATION_CONTEXT('2D SPACE',''
  ) );
#1515 = ORIENTED_EDGE('',*,*,#1462,.F.);
#1516 = ORIENTED_EDGE('',*,*,#1517,.T.);
#1517 = EDGE_CURVE('',#714,#1494,#1518,.T.);
#1518 = SURFACE_CURVE('',#1519,(#1523,#1530),.PCURVE_S1.);
#1519 = LINE('',#1520,#1521);
#1520 = CARTESIAN_POINT('',(0.730769217014,0.,2.544661283493));
#1521 = VECTOR('',#1522,1.);
#1522 = DIRECTION('',(0.41224024086,0.846177386939,-0.337700775315));
#1523 = PCURVE('',#1476,#1524);
#1524 = DEFINITIONAL_REPRESENTATION('',(#1525),#1529);
#1525 = LINE('',#1526,#1527);
#1526 = CARTESIAN_POINT('',(-0.123392802256,-0.645407711582));
#1527 = VECTOR('',#1528,1.);
#1528 = DIRECTION('',(0.532191035633,0.84662429778));
#1529 = ( GEOMETRIC_REPRESENTATION_CONTEXT(2) 
PARAMETRIC_REPRESENTATION_CONTEXT() REPRESENTATION_CONTEXT('2D SPACE',''
  ) );
#1530 = PCURVE('',#729,#1531);
#1531 = DEFINITIONAL_REPRESENTATION('',(#1532),#1536);
#1532 = LINE('',#1533,#1534);
#1533 = CARTESIAN_POINT('',(-0.931639406729,-0.29589283395));
#1534 = VECTOR('',#1535,1.);
#1535 = DIRECTION('',(0.532213027232,0.846610473385));
#1536 = ( GEOMETRIC_REPRESENTATION_CONTEXT(2) 
PARAMETRIC_REPRESENTATION_CONTEXT() REPRESENTATION_CONTEXT('2D SPACE',''
  ) );
#1537 = ADVANCED_FACE('',(#1538),#729,.T.);
#1538 = FACE_BOUND('',#1539,.T.);
#1539 = EDGE_LOOP('',(#1540,#1541,#1567));
#1540 = ORIENTED_EDGE('',*,*,#713,.F.);
#1541 = ORIENTED_EDGE('',*,*,#1542,.T.);
#1542 = EDGE_CURVE('',#686,#1494,#1543,.T.);
#1543 = SURFACE_CURVE('',#1544,(#1548,#1555),.PCURVE_S1.);
#1544 = LINE('',#1545,#1546);
#1545 = CARTESIAN_POINT('',(2.192307710648,0.,1.217735409737));
#1546 = VECTOR('',#1547,1.);
#1547 = DIRECTION('',(-0.581227467924,0.59652289018,0.553475448437));
#1548 = PCURVE('',#729,#1549);
#1549 = DEFINITIONAL_REPRESENTATION('',(#1550),#1554);
#1550 = LINE('',#1551,#1552);
#1551 = CARTESIAN_POINT('',(1.042398850959,-0.29589283395));
#1552 = VECTOR('',#1553,1.);
#1553 = DIRECTION('',(-0.802369054794,0.59682819966));
#1554 = ( GEOMETRIC_REPRESENTATION_CONTEXT(2) 
PARAMETRIC_REPRESENTATION_CONTEXT() REPRESENTATION_CONTEXT('2D SPACE',''
  ) );
#1555 = PCURVE('',#1556,#1561);
#1556 = PLANE('',#1557);
#1557 = AXIS2_PLACEMENT_3D('',#1558,#1559,#1560);
#1558 = CARTESIAN_POINT('',(1.774356473039,0.636291824021,1.61056533582)
  );
#1559 = DIRECTION('',(0.699022273639,1.780898625521E-02,0.714878102173)
  );
#1560 = DIRECTION('',(0.714991494512,1.734723475977E-18,-0.699133150963)
  );
#1561 = DEFINITIONAL_REPRESENTATION('',(#1562),#1566);
#1562 = LINE('',#1563,#1564);
#1563 = CARTESIAN_POINT('',(0.573472004026,-0.636392751184));
#1564 = VECTOR('',#1565,1.);
#1565 = DIRECTION('',(-0.802525730189,0.596617509285));
#1566 = ( GEOMETRIC_REPRESENTATION_CONTEXT(2) 
PARAMETRIC_REPRESENTATION_CONTEXT() REPRESENTATION_CONTEXT('2D SPACE',''
  ) );
#1567 = ORIENTED_EDGE('',*,*,#1517,.F.);
#1568 = ADVANCED_FACE('',(#1569),#1556,.T.);
#1569 = FACE_BOUND('',#1570,.T.);
#1570 = EDGE_LOOP('',(#1571,#1572,#1600));
#1571 = ORIENTED_EDGE('',*,*,#1542,.F.);
#1572 = ORIENTED_EDGE('',*,*,#1573,.T.);
#1573 = EDGE_CURVE('',#686,#1574,#1576,.T.);
#1574 = VERTEX_POINT('',#1575);
#1575 = CARTESIAN_POINT('',(1.948717951775,1.,1.431010484695));
#1576 = SURFACE_CURVE('',#1577,(#1581,#1588),.PCURVE_S1.);
#1577 = LINE('',#1578,#1579);
#1578 = CARTESIAN_POINT('',(2.192307710648,0.,1.217735409737));
#1579 = VECTOR('',#1580,1.);
#1580 = DIRECTION('',(-0.231746307894,0.951379520086,0.202905538461));
#1581 = PCURVE('',#1556,#1582);
#1582 = DEFINITIONAL_REPRESENTATION('',(#1583),#1587);
#1583 = LINE('',#1584,#1585);
#1584 = CARTESIAN_POINT('',(0.573472004026,-0.636392751184));
#1585 = VECTOR('',#1586,1.);
#1586 = DIRECTION('',(-0.307554627481,0.951530425743));
#1587 = ( GEOMETRIC_REPRESENTATION_CONTEXT(2) 
PARAMETRIC_REPRESENTATION_CONTEXT() REPRESENTATION_CONTEXT('2D SPACE',''
  ) );
#1588 = PCURVE('',#1589,#1594);
#1589 = PLANE('',#1590);
#1590 = AXIS2_PLACEMENT_3D('',#1591,#1592,#1593);
#1591 = CARTESIAN_POINT('',(2.192019740073,0.614915418669,1.228537208753
    ));
#1592 = DIRECTION('',(0.627003052988,-1.338880325043E-02,0.778901734169)
  );
#1593 = DIRECTION('',(0.778971556539,8.673617379884E-19,-0.627059258845)
  );
#1594 = DEFINITIONAL_REPRESENTATION('',(#1595),#1599);
#1595 = LINE('',#1596,#1597);
#1596 = CARTESIAN_POINT('',(6.997688971879E-03,-0.614970540965));
#1597 = VECTOR('',#1598,1.);
#1598 = DIRECTION('',(-0.307757578745,0.951464803724));
#1599 = ( GEOMETRIC_REPRESENTATION_CONTEXT(2) 
PARAMETRIC_REPRESENTATION_CONTEXT() REPRESENTATION_CONTEXT('2D SPACE',''
  ) );
#1600 = ORIENTED_EDGE('',*,*,#1601,.T.);
#1601 = EDGE_CURVE('',#1574,#1494,#1602,.T.);
#1602 = SURFACE_CURVE('',#1603,(#1607,#1614),.PCURVE_S1.);
#1603 = LINE('',#1604,#1605);
#1604 = CARTESIAN_POINT('',(1.948717951775,1.,1.431010484695));
#1605 = VECTOR('',#1606,1.);
#1606 = DIRECTION('',(-0.714991494512,0.,0.699133150963));
#1607 = PCURVE('',#1556,#1608);
#1608 = DEFINITIONAL_REPRESENTATION('',(#1609),#1613);
#1609 = LINE('',#1610,#1611);
#1610 = CARTESIAN_POINT('',(0.250199723103,0.363765866543));
#1611 = VECTOR('',#1612,1.);
#1612 = DIRECTION('',(-1.,-1.734723475977E-18));
#1613 = ( GEOMETRIC_REPRESENTATION_CONTEXT(2) 
PARAMETRIC_REPRESENTATION_CONTEXT() REPRESENTATION_CONTEXT('2D SPACE',''
  ) );
#1614 = PCURVE('',#130,#1615);
#1615 = DEFINITIONAL_REPRESENTATION('',(#1616),#1620);
#1616 = LINE('',#1617,#1618);
#1617 = CARTESIAN_POINT('',(4.086512858017E-02,-1.113219371789));
#1618 = VECTOR('',#1619,1.);
#1619 = DIRECTION('',(0.699133150963,-0.714991494512));
#1620 = ( GEOMETRIC_REPRESENTATION_CONTEXT(2) 
PARAMETRIC_REPRESENTATION_CONTEXT() REPRESENTATION_CONTEXT('2D SPACE',''
  ) );
#1621 = ADVANCED_FACE('',(#1622),#1589,.T.);
#1622 = FACE_BOUND('',#1623,.T.);
#1623 = EDGE_LOOP('',(#1624,#1625,#1648));
#1624 = ORIENTED_EDGE('',*,*,#1573,.F.);
#1625 = ORIENTED_EDGE('',*,*,#1626,.T.);
#1626 = EDGE_CURVE('',#686,#1627,#1629,.T.);
#1627 = VERTEX_POINT('',#1628);
#1628 = CARTESIAN_POINT('',(2.435897350311,1.,1.038839101791));
#1629 = SURFACE_CURVE('',#1630,(#1634,#1641),.PCURVE_S1.);
#1630 = LINE('',#1631,#1632);
#1631 = CARTESIAN_POINT('',(2.192307710648,0.,1.217735409737));
#1632 = VECTOR('',#1633,1.);
#1633 = DIRECTION('',(0.233173298208,0.957238158936,-0.171246372458));
#1634 = PCURVE('',#1589,#1635);
#1635 = DEFINITIONAL_REPRESENTATION('',(#1636),#1640);
#1636 = LINE('',#1637,#1638);
#1637 = CARTESIAN_POINT('',(6.997688971879E-03,-0.614970540965));
#1638 = VECTOR('',#1639,1.);
#1639 = DIRECTION('',(0.289016990441,0.957323967754));
#1640 = ( GEOMETRIC_REPRESENTATION_CONTEXT(2) 
PARAMETRIC_REPRESENTATION_CONTEXT() REPRESENTATION_CONTEXT('2D SPACE',''
  ) );
#1641 = PCURVE('',#701,#1642);
#1642 = DEFINITIONAL_REPRESENTATION('',(#1643),#1647);
#1643 = LINE('',#1644,#1645);
#1644 = CARTESIAN_POINT('',(-0.293873986034,-0.391303181071));
#1645 = VECTOR('',#1646,1.);
#1646 = DIRECTION('',(0.288734343734,0.957409253532));
#1647 = ( GEOMETRIC_REPRESENTATION_CONTEXT(2) 
PARAMETRIC_REPRESENTATION_CONTEXT() REPRESENTATION_CONTEXT('2D SPACE',''
  ) );
#1648 = ORIENTED_EDGE('',*,*,#1649,.T.);
#1649 = EDGE_CURVE('',#1627,#1574,#1650,.T.);
#1650 = SURFACE_CURVE('',#1651,(#1655,#1662),.PCURVE_S1.);
#1651 = LINE('',#1652,#1653);
#1652 = CARTESIAN_POINT('',(2.435897350311,1.,1.038839101791));
#1653 = VECTOR('',#1654,1.);
#1654 = DIRECTION('',(-0.778971556539,0.,0.627059258845));
#1655 = PCURVE('',#1589,#1656);
#1656 = DEFINITIONAL_REPRESENTATION('',(#1657),#1661);
#1657 = LINE('',#1658,#1659);
#1658 = CARTESIAN_POINT('',(0.308925676008,0.385119101113));
#1659 = VECTOR('',#1660,1.);
#1660 = DIRECTION('',(-1.,-1.734723475977E-18));
#1661 = ( GEOMETRIC_REPRESENTATION_CONTEXT(2) 
PARAMETRIC_REPRESENTATION_CONTEXT() REPRESENTATION_CONTEXT('2D SPACE',''
  ) );
#1662 = PCURVE('',#130,#1663);
#1663 = DEFINITIONAL_REPRESENTATION('',(#1664),#1668);
#1664 = LINE('',#1665,#1666);
#1665 = CARTESIAN_POINT('',(-0.351306254324,-0.626039973253));
#1666 = VECTOR('',#1667,1.);
#1667 = DIRECTION('',(0.627059258845,-0.778971556539));
#1668 = ( GEOMETRIC_REPRESENTATION_CONTEXT(2) 
PARAMETRIC_REPRESENTATION_CONTEXT() REPRESENTATION_CONTEXT('2D SPACE',''
  ) );
#1669 = ADVANCED_FACE('',(#1670),#701,.T.);
#1670 = FACE_BOUND('',#1671,.T.);
#1671 = EDGE_LOOP('',(#1672,#1673,#1674));
#1672 = ORIENTED_EDGE('',*,*,#1626,.F.);
#1673 = ORIENTED_EDGE('',*,*,#685,.F.);
#1674 = ORIENTED_EDGE('',*,*,#1675,.T.);
#1675 = EDGE_CURVE('',#658,#1627,#1676,.T.);
#1676 = SURFACE_CURVE('',#1677,(#1681,#1688),.PCURVE_S1.);
#1677 = LINE('',#1678,#1679);
#1678 = CARTESIAN_POINT('',(2.679487228394,0.,0.90488421917));
#1679 = VECTOR('',#1680,1.);
#1680 = DIRECTION('',(-0.234690198195,0.963464492212,0.129060772964));
#1681 = PCURVE('',#701,#1682);
#1682 = DEFINITIONAL_REPRESENTATION('',(#1683),#1687);
#1683 = LINE('',#1684,#1685);
#1684 = CARTESIAN_POINT('',(0.285107663028,-0.391303181071));
#1685 = VECTOR('',#1686,1.);
#1686 = DIRECTION('',(-0.267215850976,0.963636699689));
#1687 = ( GEOMETRIC_REPRESENTATION_CONTEXT(2) 
PARAMETRIC_REPRESENTATION_CONTEXT() REPRESENTATION_CONTEXT('2D SPACE',''
  ) );
#1688 = PCURVE('',#673,#1689);
#1689 = DEFINITIONAL_REPRESENTATION('',(#1690),#1694);
#1690 = LINE('',#1691,#1692);
#1691 = CARTESIAN_POINT('',(4.877287492584E-02,-0.447683365864));
#1692 = VECTOR('',#1693,1.);
#1693 = DIRECTION('',(-0.26344285729,0.964675002756));
#1694 = ( GEOMETRIC_REPRESENTATION_CONTEXT(2) 
PARAMETRIC_REPRESENTATION_CONTEXT() REPRESENTATION_CONTEXT('2D SPACE',''
  ) );
#1695 = ADVANCED_FACE('',(#1696),#673,.T.);
#1696 = FACE_BOUND('',#1697,.T.);
#1697 = EDGE_LOOP('',(#1698,#1699,#1725));
#1698 = ORIENTED_EDGE('',*,*,#657,.F.);
#1699 = ORIENTED_EDGE('',*,*,#1700,.F.);
#1700 = EDGE_CURVE('',#1627,#630,#1701,.T.);
#1701 = SURFACE_CURVE('',#1702,(#1706,#1713),.PCURVE_S1.);
#1702 = LINE('',#1703,#1704);
#1703 = CARTESIAN_POINT('',(2.435897350311,1.,1.038839101791));
#1704 = VECTOR('',#1705,1.);
#1705 = DIRECTION('',(0.430006588278,-0.882645046877,-0.189821113845));
#1706 = PCURVE('',#673,#1707);
#1707 = DEFINITIONAL_REPRESENTATION('',(#1708),#1712);
#1708 = LINE('',#1709,#1710);
#1709 = CARTESIAN_POINT('',(-0.224659990965,0.553573048414));
#1710 = VECTOR('',#1711,1.);
#1711 = DIRECTION('',(0.467951751224,-0.883754014716));
#1712 = ( GEOMETRIC_REPRESENTATION_CONTEXT(2) 
PARAMETRIC_REPRESENTATION_CONTEXT() REPRESENTATION_CONTEXT('2D SPACE',''
  ) );
#1713 = PCURVE('',#1714,#1719);
#1714 = PLANE('',#1715);
#1715 = AXIS2_PLACEMENT_3D('',#1716,#1717,#1718);
#1716 = CARTESIAN_POINT('',(2.770873452119,0.59989439565,0.890968026115)
  );
#1717 = DIRECTION('',(0.403840231591,0.,0.914829529119));
#1718 = DIRECTION('',(0.914829529119,0.,-0.403840231591));
#1719 = DEFINITIONAL_REPRESENTATION('',(#1720),#1724);
#1720 = LINE('',#1721,#1722);
#1721 = CARTESIAN_POINT('',(-0.366162318929,0.40010560435));
#1722 = VECTOR('',#1723,1.);
#1723 = DIRECTION('',(0.470040127249,-0.882645046877));
#1724 = ( GEOMETRIC_REPRESENTATION_CONTEXT(2) 
PARAMETRIC_REPRESENTATION_CONTEXT() REPRESENTATION_CONTEXT('2D SPACE',''
  ) );
#1725 = ORIENTED_EDGE('',*,*,#1675,.F.);
#1726 = ADVANCED_FACE('',(#1727),#1714,.T.);
#1727 = FACE_BOUND('',#1728,.T.);
#1728 = EDGE_LOOP('',(#1729,#1730,#1753));
#1729 = ORIENTED_EDGE('',*,*,#1700,.T.);
#1730 = ORIENTED_EDGE('',*,*,#1731,.T.);
#1731 = EDGE_CURVE('',#630,#1732,#1734,.T.);
#1732 = VERTEX_POINT('',#1733);
#1733 = CARTESIAN_POINT('',(2.923076868057,1.,0.823779702187));
#1734 = SURFACE_CURVE('',#1735,(#1739,#1746),.PCURVE_S1.);
#1735 = LINE('',#1736,#1737);
#1736 = CARTESIAN_POINT('',(2.923076868057,0.,0.823779702187));
#1737 = VECTOR('',#1738,1.);
#1738 = DIRECTION('',(0.,1.,0.));
#1739 = PCURVE('',#1714,#1740);
#1740 = DEFINITIONAL_REPRESENTATION('',(#1741),#1745);
#1741 = LINE('',#1742,#1743);
#1742 = CARTESIAN_POINT('',(0.166373527629,-0.59989439565));
#1743 = VECTOR('',#1744,1.);
#1744 = DIRECTION('',(0.,1.));
#1745 = ( GEOMETRIC_REPRESENTATION_CONTEXT(2) 
PARAMETRIC_REPRESENTATION_CONTEXT() REPRESENTATION_CONTEXT('2D SPACE',''
  ) );
#1746 = PCURVE('',#645,#1747);
#1747 = DEFINITIONAL_REPRESENTATION('',(#1748),#1752);
#1748 = LINE('',#1749,#1750);
#1749 = CARTESIAN_POINT('',(-0.12235874863,-0.5));
#1750 = VECTOR('',#1751,1.);
#1751 = DIRECTION('',(0.,1.));
#1752 = ( GEOMETRIC_REPRESENTATION_CONTEXT(2) 
PARAMETRIC_REPRESENTATION_CONTEXT() REPRESENTATION_CONTEXT('2D SPACE',''
  ) );
#1753 = ORIENTED_EDGE('',*,*,#1754,.T.);
#1754 = EDGE_CURVE('',#1732,#1627,#1755,.T.);
#1755 = SURFACE_CURVE('',#1756,(#1760,#1767),.PCURVE_S1.);
#1756 = LINE('',#1757,#1758);
#1757 = CARTESIAN_POINT('',(2.923076868057,1.,0.823779702187));
#1758 = VECTOR('',#1759,1.);
#1759 = DIRECTION('',(-0.914829529119,0.,0.403840231591));
#1760 = PCURVE('',#1714,#1761);
#1761 = DEFINITIONAL_REPRESENTATION('',(#1762),#1766);
#1762 = LINE('',#1763,#1764);
#1763 = CARTESIAN_POINT('',(0.166373527629,0.40010560435));
#1764 = VECTOR('',#1765,1.);
#1765 = DIRECTION('',(-1.,0.));
#1766 = ( GEOMETRIC_REPRESENTATION_CONTEXT(2) 
PARAMETRIC_REPRESENTATION_CONTEXT() REPRESENTATION_CONTEXT('2D SPACE',''
  ) );
#1767 = PCURVE('',#130,#1768);
#1768 = DEFINITIONAL_REPRESENTATION('',(#1769),#1773);
#1769 = LINE('',#1770,#1771);
#1770 = CARTESIAN_POINT('',(-0.566365653929,-0.138860455507));
#1771 = VECTOR('',#1772,1.);
#1772 = DIRECTION('',(0.403840231591,-0.914829529119));
#1773 = ( GEOMETRIC_REPRESENTATION_CONTEXT(2) 
PARAMETRIC_REPRESENTATION_CONTEXT() REPRESENTATION_CONTEXT('2D SPACE',''
  ) );
#1774 = ADVANCED_FACE('',(#1775),#813,.T.);
#1775 = FACE_BOUND('',#1776,.T.);
#1776 = EDGE_LOOP('',(#1777,#1805,#1806));
#1777 = ORIENTED_EDGE('',*,*,#1778,.T.);
#1778 = EDGE_CURVE('',#1779,#798,#1781,.T.);
#1779 = VERTEX_POINT('',#1780);
#1780 = CARTESIAN_POINT('',(0.,1.,1.799999952316));
#1781 = SURFACE_CURVE('',#1782,(#1786,#1793),.PCURVE_S1.);
#1782 = LINE('',#1783,#1784);
#1783 = CARTESIAN_POINT('',(0.,1.,1.799999952316));
#1784 = VECTOR('',#1785,1.);
#1785 = DIRECTION('',(0.236572122029,-0.971190815225,-2.867109172779E-02
    ));
#1786 = PCURVE('',#813,#1787);
#1787 = DEFINITIONAL_REPRESENTATION('',(#1788),#1792);
#1788 = LINE('',#1789,#1790);
#1789 = CARTESIAN_POINT('',(6.875897859789E-02,0.553927091639));
#1790 = VECTOR('',#1791,1.);
#1791 = DIRECTION('',(-0.23830316914,-0.971190815225));
#1792 = ( GEOMETRIC_REPRESENTATION_CONTEXT(2) 
PARAMETRIC_REPRESENTATION_CONTEXT() REPRESENTATION_CONTEXT('2D SPACE',''
  ) );
#1793 = PCURVE('',#1794,#1799);
#1794 = PLANE('',#1795);
#1795 = AXIS2_PLACEMENT_3D('',#1796,#1797,#1798);
#1796 = CARTESIAN_POINT('',(0.327079161383,0.63170207388,1.706189079758)
  );
#1797 = DIRECTION('',(-0.329401709535,-5.240786827092E-02,-0.9427342834)
  );
#1798 = DIRECTION('',(-0.944031606177,3.469446951954E-18,0.329855008358)
  );
#1799 = DEFINITIONAL_REPRESENTATION('',(#1800),#1804);
#1800 = LINE('',#1801,#1802);
#1801 = CARTESIAN_POINT('',(0.339717052219,0.368804751105));
#1802 = VECTOR('',#1803,1.);
#1803 = DIRECTION('',(-0.232788863537,-0.972527297824));
#1804 = ( GEOMETRIC_REPRESENTATION_CONTEXT(2) 
PARAMETRIC_REPRESENTATION_CONTEXT() REPRESENTATION_CONTEXT('2D SPACE',''
  ) );
#1805 = ORIENTED_EDGE('',*,*,#797,.F.);
#1806 = ORIENTED_EDGE('',*,*,#1807,.T.);
#1807 = EDGE_CURVE('',#770,#1779,#1808,.T.);
#1808 = SURFACE_CURVE('',#1809,(#1813,#1820),.PCURVE_S1.);
#1809 = LINE('',#1810,#1811);
#1810 = CARTESIAN_POINT('',(0.,0.,1.799999952316));
#1811 = VECTOR('',#1812,1.);
#1812 = DIRECTION('',(0.,1.,0.));
#1813 = PCURVE('',#813,#1814);
#1814 = DEFINITIONAL_REPRESENTATION('',(#1815),#1819);
#1815 = LINE('',#1816,#1817);
#1816 = CARTESIAN_POINT('',(6.875897859789E-02,-0.446072908361));
#1817 = VECTOR('',#1818,1.);
#1818 = DIRECTION('',(0.,1.));
#1819 = ( GEOMETRIC_REPRESENTATION_CONTEXT(2) 
PARAMETRIC_REPRESENTATION_CONTEXT() REPRESENTATION_CONTEXT('2D SPACE',''
  ) );
#1820 = PCURVE('',#785,#1821);
#1821 = DEFINITIONAL_REPRESENTATION('',(#1822),#1826);
#1822 = LINE('',#1823,#1824);
#1823 = CARTESIAN_POINT('',(0.5,0.5));
#1824 = VECTOR('',#1825,1.);
#1825 = DIRECTION('',(0.,-1.));
#1826 = ( GEOMETRIC_REPRESENTATION_CONTEXT(2) 
PARAMETRIC_REPRESENTATION_CONTEXT() REPRESENTATION_CONTEXT('2D SPACE',''
  ) );
#1827 = ADVANCED_FACE('',(#1828),#1794,.T.);
#1828 = FACE_BOUND('',#1829,.T.);
#1829 = EDGE_LOOP('',(#1830,#1853,#1854));
#1830 = ORIENTED_EDGE('',*,*,#1831,.T.);
#1831 = EDGE_CURVE('',#1832,#798,#1834,.T.);
#1832 = VERTEX_POINT('',#1833);
#1833 = CARTESIAN_POINT('',(0.730769217014,1.,1.544661164284));
#1834 = SURFACE_CURVE('',#1835,(#1839,#1846),.PCURVE_S1.);
#1835 = LINE('',#1836,#1837);
#1836 = CARTESIAN_POINT('',(0.730769217014,1.,1.544661164284));
#1837 = VECTOR('',#1838,1.);
#1838 = DIRECTION('',(-0.429214316696,-0.881018886153,0.198949221121));
#1839 = PCURVE('',#1794,#1840);
#1840 = DEFINITIONAL_REPRESENTATION('',(#1841),#1845);
#1841 = LINE('',#1842,#1843);
#1842 = CARTESIAN_POINT('',(-0.434376963524,0.368804751105));
#1843 = VECTOR('',#1844,1.);
#1844 = DIRECTION('',(0.470816277781,-0.882231280661));
#1845 = ( GEOMETRIC_REPRESENTATION_CONTEXT(2) 
PARAMETRIC_REPRESENTATION_CONTEXT() REPRESENTATION_CONTEXT('2D SPACE',''
  ) );
#1846 = PCURVE('',#841,#1847);
#1847 = DEFINITIONAL_REPRESENTATION('',(#1848),#1852);
#1848 = LINE('',#1849,#1850);
#1849 = CARTESIAN_POINT('',(-0.168004970704,0.600480246934));
#1850 = VECTOR('',#1851,1.);
#1851 = DIRECTION('',(0.473081094784,-0.881018886153));
#1852 = ( GEOMETRIC_REPRESENTATION_CONTEXT(2) 
PARAMETRIC_REPRESENTATION_CONTEXT() REPRESENTATION_CONTEXT('2D SPACE',''
  ) );
#1853 = ORIENTED_EDGE('',*,*,#1778,.F.);
#1854 = ORIENTED_EDGE('',*,*,#1855,.T.);
#1855 = EDGE_CURVE('',#1779,#1832,#1856,.T.);
#1856 = SURFACE_CURVE('',#1857,(#1861,#1868),.PCURVE_S1.);
#1857 = LINE('',#1858,#1859);
#1858 = CARTESIAN_POINT('',(0.,1.,1.799999952316));
#1859 = VECTOR('',#1860,1.);
#1860 = DIRECTION('',(0.944031606177,0.,-0.329855008358));
#1861 = PCURVE('',#1794,#1862);
#1862 = DEFINITIONAL_REPRESENTATION('',(#1863),#1867);
#1863 = LINE('',#1864,#1865);
#1864 = CARTESIAN_POINT('',(0.339717052219,0.368804751105));
#1865 = VECTOR('',#1866,1.);
#1866 = DIRECTION('',(-1.,-1.040834085586E-17));
#1867 = ( GEOMETRIC_REPRESENTATION_CONTEXT(2) 
PARAMETRIC_REPRESENTATION_CONTEXT() REPRESENTATION_CONTEXT('2D SPACE',''
  ) );
#1868 = PCURVE('',#130,#1869);
#1869 = DEFINITIONAL_REPRESENTATION('',(#1870),#1874);
#1870 = LINE('',#1871,#1872);
#1871 = CARTESIAN_POINT('',(0.409854596201,-3.061937323564));
#1872 = VECTOR('',#1873,1.);
#1873 = DIRECTION('',(-0.329855008358,0.944031606177));
#1874 = ( GEOMETRIC_REPRESENTATION_CONTEXT(2) 
PARAMETRIC_REPRESENTATION_CONTEXT() REPRESENTATION_CONTEXT('2D SPACE',''
  ) );
#1875 = ADVANCED_FACE('',(#1876),#841,.T.);
#1876 = FACE_BOUND('',#1877,.T.);
#1877 = EDGE_LOOP('',(#1878,#1879,#1880));
#1878 = ORIENTED_EDGE('',*,*,#825,.F.);
#1879 = ORIENTED_EDGE('',*,*,#1831,.F.);
#1880 = ORIENTED_EDGE('',*,*,#1881,.T.);
#1881 = EDGE_CURVE('',#1832,#826,#1882,.T.);
#1882 = SURFACE_CURVE('',#1883,(#1887,#1894),.PCURVE_S1.);
#1883 = LINE('',#1884,#1885);
#1884 = CARTESIAN_POINT('',(0.730769217014,1.,1.544661164284));
#1885 = VECTOR('',#1886,1.);
#1886 = DIRECTION('',(0.,-1.,0.));
#1887 = PCURVE('',#841,#1888);
#1888 = DEFINITIONAL_REPRESENTATION('',(#1889),#1893);
#1889 = LINE('',#1890,#1891);
#1890 = CARTESIAN_POINT('',(-0.168004970704,0.600480246934));
#1891 = VECTOR('',#1892,1.);
#1892 = DIRECTION('',(0.,-1.));
#1893 = ( GEOMETRIC_REPRESENTATION_CONTEXT(2) 
PARAMETRIC_REPRESENTATION_CONTEXT() REPRESENTATION_CONTEXT('2D SPACE',''
  ) );
#1894 = PCURVE('',#869,#1895);
#1895 = DEFINITIONAL_REPRESENTATION('',(#1896),#1900);
#1896 = LINE('',#1897,#1898);
#1897 = CARTESIAN_POINT('',(0.314887481277,0.5));
#1898 = VECTOR('',#1899,1.);
#1899 = DIRECTION('',(0.,-1.));
#1900 = ( GEOMETRIC_REPRESENTATION_CONTEXT(2) 
PARAMETRIC_REPRESENTATION_CONTEXT() REPRESENTATION_CONTEXT('2D SPACE',''
  ) );
#1901 = ADVANCED_FACE('',(#1902),#925,.T.);
#1902 = FACE_BOUND('',#1903,.T.);
#1903 = EDGE_LOOP('',(#1904,#1905,#1933));
#1904 = ORIENTED_EDGE('',*,*,#909,.F.);
#1905 = ORIENTED_EDGE('',*,*,#1906,.T.);
#1906 = EDGE_CURVE('',#882,#1907,#1909,.T.);
#1907 = VERTEX_POINT('',#1908);
#1908 = CARTESIAN_POINT('',(2.192307710648,1.,0.217735439539));
#1909 = SURFACE_CURVE('',#1910,(#1914,#1921),.PCURVE_S1.);
#1910 = LINE('',#1911,#1912);
#1911 = CARTESIAN_POINT('',(1.948717951775,0.,0.431010454893));
#1912 = VECTOR('',#1913,1.);
#1913 = DIRECTION('',(0.231746310561,0.951379531033,-0.202905484089));
#1914 = PCURVE('',#925,#1915);
#1915 = DEFINITIONAL_REPRESENTATION('',(#1916),#1920);
#1916 = LINE('',#1917,#1918);
#1917 = CARTESIAN_POINT('',(0.316487884161,-0.385119107956));
#1918 = VECTOR('',#1919,1.);
#1919 = DIRECTION('',(-0.307757545369,0.95146481452));
#1920 = ( GEOMETRIC_REPRESENTATION_CONTEXT(2) 
PARAMETRIC_REPRESENTATION_CONTEXT() REPRESENTATION_CONTEXT('2D SPACE',''
  ) );
#1921 = PCURVE('',#1922,#1927);
#1922 = PLANE('',#1923);
#1923 = AXIS2_PLACEMENT_3D('',#1924,#1925,#1926);
#1924 = CARTESIAN_POINT('',(1.759983762183,0.675809425518,0.623359873031
    ));
#1925 = DIRECTION('',(-0.689543307274,1.352939492879E-02,-0.724118072462
    ));
#1926 = DIRECTION('',(-0.724184354487,8.673617379884E-19,0.689606424504)
  );
#1927 = DEFINITIONAL_REPRESENTATION('',(#1928),#1932);
#1928 = LINE('',#1929,#1930);
#1929 = CARTESIAN_POINT('',(-0.269323741757,-0.675871285619));
#1930 = VECTOR('',#1931,1.);
#1931 = DIRECTION('',(-0.307751977713,0.951466615396));
#1932 = ( GEOMETRIC_REPRESENTATION_CONTEXT(2) 
PARAMETRIC_REPRESENTATION_CONTEXT() REPRESENTATION_CONTEXT('2D SPACE',''
  ) );
#1933 = ORIENTED_EDGE('',*,*,#1934,.T.);
#1934 = EDGE_CURVE('',#1907,#910,#1935,.T.);
#1935 = SURFACE_CURVE('',#1936,(#1940,#1947),.PCURVE_S1.);
#1936 = LINE('',#1937,#1938);
#1937 = CARTESIAN_POINT('',(2.192307710648,1.,0.217735439539));
#1938 = VECTOR('',#1939,1.);
#1939 = DIRECTION('',(0.233173299204,-0.957238163028,-0.171246348228));
#1940 = PCURVE('',#925,#1941);
#1941 = DEFINITIONAL_REPRESENTATION('',(#1942),#1946);
#1942 = LINE('',#1943,#1944);
#1943 = CARTESIAN_POINT('',(-6.997681094316E-03,0.614970533963));
#1944 = VECTOR('',#1945,1.);
#1945 = DIRECTION('',(-0.289016977392,-0.957323971694));
#1946 = ( GEOMETRIC_REPRESENTATION_CONTEXT(2) 
PARAMETRIC_REPRESENTATION_CONTEXT() REPRESENTATION_CONTEXT('2D SPACE',''
  ) );
#1947 = PCURVE('',#1948,#1953);
#1948 = PLANE('',#1949);
#1949 = AXIS2_PLACEMENT_3D('',#1950,#1951,#1952);
#1950 = CARTESIAN_POINT('',(2.435588488534,0.608766749888,
    5.271694100709E-02));
#1951 = DIRECTION('',(-0.540250816837,1.890445021103E-02,-0.84129167158)
  );
#1952 = DIRECTION('',(-0.841442041553,-1.734723475977E-18,0.540347379662
    ));
#1953 = DEFINITIONAL_REPRESENTATION('',(#1954),#1958);
#1954 = LINE('',#1955,#1956);
#1955 = CARTESIAN_POINT('',(0.293873987693,0.39130317798));
#1956 = VECTOR('',#1957,1.);
#1957 = DIRECTION('',(-0.28873433246,-0.957409256932));
#1958 = ( GEOMETRIC_REPRESENTATION_CONTEXT(2) 
PARAMETRIC_REPRESENTATION_CONTEXT() REPRESENTATION_CONTEXT('2D SPACE',''
  ) );
#1959 = ADVANCED_FACE('',(#1960),#1948,.T.);
#1960 = FACE_BOUND('',#1961,.T.);
#1961 = EDGE_LOOP('',(#1962,#1985,#1986));
#1962 = ORIENTED_EDGE('',*,*,#1963,.T.);
#1963 = EDGE_CURVE('',#1964,#910,#1966,.T.);
#1964 = VERTEX_POINT('',#1965);
#1965 = CARTESIAN_POINT('',(2.679487228394,1.,-9.511578828096E-02));
#1966 = SURFACE_CURVE('',#1967,(#1971,#1978),.PCURVE_S1.);
#1967 = LINE('',#1968,#1969);
#1968 = CARTESIAN_POINT('',(2.679487228394,1.,-9.511578828096E-02));
#1969 = VECTOR('',#1970,1.);
#1970 = DIRECTION('',(-0.234690196346,-0.963464484625,0.129060832964));
#1971 = PCURVE('',#1948,#1972);
#1972 = DEFINITIONAL_REPRESENTATION('',(#1973),#1977);
#1973 = LINE('',#1974,#1975);
#1974 = CARTESIAN_POINT('',(-0.285107681499,0.39130317798));
#1975 = VECTOR('',#1976,1.);
#1976 = DIRECTION('',(0.267215880855,-0.963636691403));
#1977 = ( GEOMETRIC_REPRESENTATION_CONTEXT(2) 
PARAMETRIC_REPRESENTATION_CONTEXT() REPRESENTATION_CONTEXT('2D SPACE',''
  ) );
#1978 = PCURVE('',#953,#1979);
#1979 = DEFINITIONAL_REPRESENTATION('',(#1980),#1984);
#1980 = LINE('',#1981,#1982);
#1981 = CARTESIAN_POINT('',(-7.897842620393E-02,0.560017937282));
#1982 = VECTOR('',#1983,1.);
#1983 = DIRECTION('',(0.267836119421,-0.963464484625));
#1984 = ( GEOMETRIC_REPRESENTATION_CONTEXT(2) 
PARAMETRIC_REPRESENTATION_CONTEXT() REPRESENTATION_CONTEXT('2D SPACE',''
  ) );
#1985 = ORIENTED_EDGE('',*,*,#1934,.F.);
#1986 = ORIENTED_EDGE('',*,*,#1987,.T.);
#1987 = EDGE_CURVE('',#1907,#1964,#1988,.T.);
#1988 = SURFACE_CURVE('',#1989,(#1993,#2000),.PCURVE_S1.);
#1989 = LINE('',#1990,#1991);
#1990 = CARTESIAN_POINT('',(2.192307710648,1.,0.217735439539));
#1991 = VECTOR('',#1992,1.);
#1992 = DIRECTION('',(0.841442041553,0.,-0.540347379662));
#1993 = PCURVE('',#1948,#1994);
#1994 = DEFINITIONAL_REPRESENTATION('',(#1995),#1999);
#1995 = LINE('',#1996,#1997);
#1996 = CARTESIAN_POINT('',(0.293873987693,0.39130317798));
#1997 = VECTOR('',#1998,1.);
#1998 = DIRECTION('',(-1.,-3.469446951954E-18));
#1999 = ( GEOMETRIC_REPRESENTATION_CONTEXT(2) 
PARAMETRIC_REPRESENTATION_CONTEXT() REPRESENTATION_CONTEXT('2D SPACE',''
  ) );
#2000 = PCURVE('',#130,#2001);
#2001 = DEFINITIONAL_REPRESENTATION('',(#2002),#2006);
#2002 = LINE('',#2003,#2004);
#2003 = CARTESIAN_POINT('',(-1.172409916576,-0.869629612916));
#2004 = VECTOR('',#2005,1.);
#2005 = DIRECTION('',(-0.540347379662,0.841442041553));
#2006 = ( GEOMETRIC_REPRESENTATION_CONTEXT(2) 
PARAMETRIC_REPRESENTATION_CONTEXT() REPRESENTATION_CONTEXT('2D SPACE',''
  ) );
#2007 = ADVANCED_FACE('',(#2008),#953,.T.);
#2008 = FACE_BOUND('',#2009,.T.);
#2009 = EDGE_LOOP('',(#2010,#2011,#2012));
#2010 = ORIENTED_EDGE('',*,*,#937,.F.);
#2011 = ORIENTED_EDGE('',*,*,#1963,.F.);
#2012 = ORIENTED_EDGE('',*,*,#2013,.T.);
#2013 = EDGE_CURVE('',#1964,#938,#2014,.T.);
#2014 = SURFACE_CURVE('',#2015,(#2019,#2026),.PCURVE_S1.);
#2015 = LINE('',#2016,#2017);
#2016 = CARTESIAN_POINT('',(2.679487228394,1.,-9.511578828096E-02));
#2017 = VECTOR('',#2018,1.);
#2018 = DIRECTION('',(0.,-1.,0.));
#2019 = PCURVE('',#953,#2020);
#2020 = DEFINITIONAL_REPRESENTATION('',(#2021),#2025);
#2021 = LINE('',#2022,#2023);
#2022 = CARTESIAN_POINT('',(-7.897842620393E-02,0.560017937282));
#2023 = VECTOR('',#2024,1.);
#2024 = DIRECTION('',(0.,-1.));
#2025 = ( GEOMETRIC_REPRESENTATION_CONTEXT(2) 
PARAMETRIC_REPRESENTATION_CONTEXT() REPRESENTATION_CONTEXT('2D SPACE',''
  ) );
#2026 = PCURVE('',#981,#2027);
#2027 = DEFINITIONAL_REPRESENTATION('',(#2028),#2032);
#2028 = LINE('',#2029,#2030);
#2029 = CARTESIAN_POINT('',(0.128368465365,0.5));
#2030 = VECTOR('',#2031,1.);
#2031 = DIRECTION('',(0.,-1.));
#2032 = ( GEOMETRIC_REPRESENTATION_CONTEXT(2) 
PARAMETRIC_REPRESENTATION_CONTEXT() REPRESENTATION_CONTEXT('2D SPACE',''
  ) );
#2033 = ADVANCED_FACE('',(#2034),#1922,.T.);
#2034 = FACE_BOUND('',#2035,.T.);
#2035 = EDGE_LOOP('',(#2036,#2059,#2060));
#2036 = ORIENTED_EDGE('',*,*,#2037,.T.);
#2037 = EDGE_CURVE('',#2038,#1907,#2040,.T.);
#2038 = VERTEX_POINT('',#2039);
#2039 = CARTESIAN_POINT('',(1.217948675156,1.,1.145571351051));
#2040 = SURFACE_CURVE('',#2041,(#2045,#2052),.PCURVE_S1.);
#2041 = LINE('',#2042,#2043);
#2042 = CARTESIAN_POINT('',(1.217948675156,1.,1.145571351051));
#2043 = VECTOR('',#2044,1.);
#2044 = DIRECTION('',(0.724184354487,0.,-0.689606424504));
#2045 = PCURVE('',#1922,#2046);
#2046 = DEFINITIONAL_REPRESENTATION('',(#2047),#2051);
#2047 = LINE('',#2048,#2049);
#2048 = CARTESIAN_POINT('',(0.7526537198,0.324220249211));
#2049 = VECTOR('',#2050,1.);
#2050 = DIRECTION('',(-1.,-1.734723475977E-18));
#2051 = ( GEOMETRIC_REPRESENTATION_CONTEXT(2) 
PARAMETRIC_REPRESENTATION_CONTEXT() REPRESENTATION_CONTEXT('2D SPACE',''
  ) );
#2052 = PCURVE('',#130,#2053);
#2053 = DEFINITIONAL_REPRESENTATION('',(#2054),#2058);
#2054 = LINE('',#2055,#2056);
#2055 = CARTESIAN_POINT('',(-0.244574005064,-1.843988648408));
#2056 = VECTOR('',#2057,1.);
#2057 = DIRECTION('',(-0.689606424504,0.724184354487));
#2058 = ( GEOMETRIC_REPRESENTATION_CONTEXT(2) 
PARAMETRIC_REPRESENTATION_CONTEXT() REPRESENTATION_CONTEXT('2D SPACE',''
  ) );
#2059 = ORIENTED_EDGE('',*,*,#1906,.F.);
#2060 = ORIENTED_EDGE('',*,*,#2061,.F.);
#2061 = EDGE_CURVE('',#2038,#882,#2062,.T.);
#2062 = SURFACE_CURVE('',#2063,(#2067,#2074),.PCURVE_S1.);
#2063 = LINE('',#2064,#2065);
#2064 = CARTESIAN_POINT('',(1.217948675156,1.,1.145571351051));
#2065 = VECTOR('',#2066,1.);
#2066 = DIRECTION('',(0.511062330013,-0.699348407719,-0.499727024947));
#2067 = PCURVE('',#1922,#2068);
#2068 = DEFINITIONAL_REPRESENTATION('',(#2069),#2073);
#2069 = LINE('',#2070,#2071);
#2070 = CARTESIAN_POINT('',(0.7526537198,0.324220249211));
#2071 = VECTOR('',#2072,1.);
#2072 = DIRECTION('',(-0.714718310465,-0.699412422457));
#2073 = ( GEOMETRIC_REPRESENTATION_CONTEXT(2) 
PARAMETRIC_REPRESENTATION_CONTEXT() REPRESENTATION_CONTEXT('2D SPACE',''
  ) );
#2074 = PCURVE('',#897,#2075);
#2075 = DEFINITIONAL_REPRESENTATION('',(#2076),#2080);
#2076 = LINE('',#2077,#2078);
#2077 = CARTESIAN_POINT('',(0.362992368957,0.648041145102));
#2078 = VECTOR('',#2079,1.);
#2079 = DIRECTION('',(-0.714780948697,-0.699348407719));
#2080 = ( GEOMETRIC_REPRESENTATION_CONTEXT(2) 
PARAMETRIC_REPRESENTATION_CONTEXT() REPRESENTATION_CONTEXT('2D SPACE',''
  ) );
#2081 = ADVANCED_FACE('',(#2082),#897,.T.);
#2082 = FACE_BOUND('',#2083,.T.);
#2083 = EDGE_LOOP('',(#2084,#2105,#2106));
#2084 = ORIENTED_EDGE('',*,*,#2085,.F.);
#2085 = EDGE_CURVE('',#2038,#854,#2086,.T.);
#2086 = SURFACE_CURVE('',#2087,(#2091,#2098),.PCURVE_S1.);
#2087 = LINE('',#2088,#2089);
#2088 = CARTESIAN_POINT('',(1.217948675156,1.,1.145571351051));
#2089 = VECTOR('',#2090,1.);
#2090 = DIRECTION('',(0.,-1.,0.));
#2091 = PCURVE('',#897,#2092);
#2092 = DEFINITIONAL_REPRESENTATION('',(#2093),#2097);
#2093 = LINE('',#2094,#2095);
#2094 = CARTESIAN_POINT('',(0.362992368957,0.648041145102));
#2095 = VECTOR('',#2096,1.);
#2096 = DIRECTION('',(0.,-1.));
#2097 = ( GEOMETRIC_REPRESENTATION_CONTEXT(2) 
PARAMETRIC_REPRESENTATION_CONTEXT() REPRESENTATION_CONTEXT('2D SPACE',''
  ) );
#2098 = PCURVE('',#869,#2099);
#2099 = DEFINITIONAL_REPRESENTATION('',(#2100),#2104);
#2100 = LINE('',#2101,#2102);
#2101 = CARTESIAN_POINT('',(-0.314887481277,0.5));
#2102 = VECTOR('',#2103,1.);
#2103 = DIRECTION('',(0.,-1.));
#2104 = ( GEOMETRIC_REPRESENTATION_CONTEXT(2) 
PARAMETRIC_REPRESENTATION_CONTEXT() REPRESENTATION_CONTEXT('2D SPACE',''
  ) );
#2105 = ORIENTED_EDGE('',*,*,#2061,.T.);
#2106 = ORIENTED_EDGE('',*,*,#881,.F.);
#2107 = ADVANCED_FACE('',(#2108),#1009,.T.);
#2108 = FACE_BOUND('',#2109,.T.);
#2109 = EDGE_LOOP('',(#2110,#2133,#2134,#2157));
#2110 = ORIENTED_EDGE('',*,*,#2111,.T.);
#2111 = EDGE_CURVE('',#2112,#994,#2114,.T.);
#2112 = VERTEX_POINT('',#2113);
#2113 = CARTESIAN_POINT('',(3.16666674614,1.,-0.199685662985));
#2114 = SURFACE_CURVE('',#2115,(#2119,#2126),.PCURVE_S1.);
#2115 = LINE('',#2116,#2117);
#2116 = CARTESIAN_POINT('',(3.16666674614,1.,-0.199685662985));
#2117 = VECTOR('',#2118,1.);
#2118 = DIRECTION('',(0.,-1.,0.));
#2119 = PCURVE('',#1009,#2120);
#2120 = DEFINITIONAL_REPRESENTATION('',(#2121),#2125);
#2121 = LINE('',#2122,#2123);
#2122 = CARTESIAN_POINT('',(-0.122358747916,0.5));
#2123 = VECTOR('',#2124,1.);
#2124 = DIRECTION('',(0.,-1.));
#2125 = ( GEOMETRIC_REPRESENTATION_CONTEXT(2) 
PARAMETRIC_REPRESENTATION_CONTEXT() REPRESENTATION_CONTEXT('2D SPACE',''
  ) );
#2126 = PCURVE('',#1037,#2127);
#2127 = DEFINITIONAL_REPRESENTATION('',(#2128),#2132);
#2128 = LINE('',#2129,#2130);
#2129 = CARTESIAN_POINT('',(0.123085711771,0.5));
#2130 = VECTOR('',#2131,1.);
#2131 = DIRECTION('',(-0.,-1.));
#2132 = ( GEOMETRIC_REPRESENTATION_CONTEXT(2) 
PARAMETRIC_REPRESENTATION_CONTEXT() REPRESENTATION_CONTEXT('2D SPACE',''
  ) );
#2133 = ORIENTED_EDGE('',*,*,#993,.T.);
#2134 = ORIENTED_EDGE('',*,*,#2135,.F.);
#2135 = EDGE_CURVE('',#2136,#966,#2138,.T.);
#2136 = VERTEX_POINT('',#2137);
#2137 = CARTESIAN_POINT('',(2.923076868057,1.,-0.176220282912));
#2138 = SURFACE_CURVE('',#2139,(#2143,#2150),.PCURVE_S1.);
#2139 = LINE('',#2140,#2141);
#2140 = CARTESIAN_POINT('',(2.923076868057,1.,-0.176220282912));
#2141 = VECTOR('',#2142,1.);
#2142 = DIRECTION('',(0.,-1.,0.));
#2143 = PCURVE('',#1009,#2144);
#2144 = DEFINITIONAL_REPRESENTATION('',(#2145),#2149);
#2145 = LINE('',#2146,#2147);
#2146 = CARTESIAN_POINT('',(0.122358747916,0.5));
#2147 = VECTOR('',#2148,1.);
#2148 = DIRECTION('',(0.,-1.));
#2149 = ( GEOMETRIC_REPRESENTATION_CONTEXT(2) 
PARAMETRIC_REPRESENTATION_CONTEXT() REPRESENTATION_CONTEXT('2D SPACE',''
  ) );
#2150 = PCURVE('',#981,#2151);
#2151 = DEFINITIONAL_REPRESENTATION('',(#2152),#2156);
#2152 = LINE('',#2153,#2154);
#2153 = CARTESIAN_POINT('',(-0.128368465365,0.5));
#2154 = VECTOR('',#2155,1.);
#2155 = DIRECTION('',(0.,-1.));
#2156 = ( GEOMETRIC_REPRESENTATION_CONTEXT(2) 
PARAMETRIC_REPRESENTATION_CONTEXT() REPRESENTATION_CONTEXT('2D SPACE',''
  ) );
#2157 = ORIENTED_EDGE('',*,*,#2158,.T.);
#2158 = EDGE_CURVE('',#2136,#2112,#2159,.T.);
#2159 = SURFACE_CURVE('',#2160,(#2164,#2171),.PCURVE_S1.);
#2160 = LINE('',#2161,#2162);
#2161 = CARTESIAN_POINT('',(2.923076868057,1.,-0.176220282912));
#2162 = VECTOR('',#2163,1.);
#2163 = DIRECTION('',(0.99539216538,0.,-9.588762745734E-02));
#2164 = PCURVE('',#1009,#2165);
#2165 = DEFINITIONAL_REPRESENTATION('',(#2166),#2170);
#2166 = LINE('',#2167,#2168);
#2167 = CARTESIAN_POINT('',(0.122358747916,0.5));
#2168 = VECTOR('',#2169,1.);
#2169 = DIRECTION('',(-1.,0.));
#2170 = ( GEOMETRIC_REPRESENTATION_CONTEXT(2) 
PARAMETRIC_REPRESENTATION_CONTEXT() REPRESENTATION_CONTEXT('2D SPACE',''
  ) );
#2171 = PCURVE('',#130,#2172);
#2172 = DEFINITIONAL_REPRESENTATION('',(#2173),#2177);
#2173 = LINE('',#2174,#2175);
#2174 = CARTESIAN_POINT('',(-1.566365639028,-0.138860455507));
#2175 = VECTOR('',#2176,1.);
#2176 = DIRECTION('',(-9.588762745734E-02,0.99539216538));
#2177 = ( GEOMETRIC_REPRESENTATION_CONTEXT(2) 
PARAMETRIC_REPRESENTATION_CONTEXT() REPRESENTATION_CONTEXT('2D SPACE',''
  ) );
#2178 = ADVANCED_FACE('',(#2179),#785,.T.);
#2179 = FACE_BOUND('',#2180,.T.);
#2180 = EDGE_LOOP('',(#2181,#2182,#2183,#2204));
#2181 = ORIENTED_EDGE('',*,*,#769,.F.);
#2182 = ORIENTED_EDGE('',*,*,#1417,.F.);
#2183 = ORIENTED_EDGE('',*,*,#2184,.T.);
#2184 = EDGE_CURVE('',#1390,#1779,#2185,.T.);
#2185 = SURFACE_CURVE('',#2186,(#2190,#2197),.PCURVE_S1.);
#2186 = LINE('',#2187,#2188);
#2187 = CARTESIAN_POINT('',(0.,1.,2.799999952316));
#2188 = VECTOR('',#2189,1.);
#2189 = DIRECTION('',(0.,0.,-1.));
#2190 = PCURVE('',#785,#2191);
#2191 = DEFINITIONAL_REPRESENTATION('',(#2192),#2196);
#2192 = LINE('',#2193,#2194);
#2193 = CARTESIAN_POINT('',(-0.5,-0.5));
#2194 = VECTOR('',#2195,1.);
#2195 = DIRECTION('',(1.,0.));
#2196 = ( GEOMETRIC_REPRESENTATION_CONTEXT(2) 
PARAMETRIC_REPRESENTATION_CONTEXT() REPRESENTATION_CONTEXT('2D SPACE',''
  ) );
#2197 = PCURVE('',#130,#2198);
#2198 = DEFINITIONAL_REPRESENTATION('',(#2199),#2203);
#2199 = LINE('',#2200,#2201);
#2200 = CARTESIAN_POINT('',(1.409854596201,-3.061937323564));
#2201 = VECTOR('',#2202,1.);
#2202 = DIRECTION('',(-1.,0.));
#2203 = ( GEOMETRIC_REPRESENTATION_CONTEXT(2) 
PARAMETRIC_REPRESENTATION_CONTEXT() REPRESENTATION_CONTEXT('2D SPACE',''
  ) );
#2204 = ORIENTED_EDGE('',*,*,#1807,.F.);
#2205 = ADVANCED_FACE('',(#2206),#1037,.T.);
#2206 = FACE_BOUND('',#2207,.T.);
#2207 = EDGE_LOOP('',(#2208,#2209,#2232,#2253));
#2208 = ORIENTED_EDGE('',*,*,#2111,.F.);
#2209 = ORIENTED_EDGE('',*,*,#2210,.T.);
#2210 = EDGE_CURVE('',#2112,#2211,#2213,.T.);
#2211 = VERTEX_POINT('',#2212);
#2212 = CARTESIAN_POINT('',(3.410256385803,1.,-0.164126455784));
#2213 = SURFACE_CURVE('',#2214,(#2218,#2225),.PCURVE_S1.);
#2214 = LINE('',#2215,#2216);
#2215 = CARTESIAN_POINT('',(3.16666674614,1.,-0.199685662985));
#2216 = VECTOR('',#2217,1.);
#2217 = DIRECTION('',(0.989512251909,0.,0.144448964423));
#2218 = PCURVE('',#1037,#2219);
#2219 = DEFINITIONAL_REPRESENTATION('',(#2220),#2224);
#2220 = LINE('',#2221,#2222);
#2221 = CARTESIAN_POINT('',(0.123085711771,0.5));
#2222 = VECTOR('',#2223,1.);
#2223 = DIRECTION('',(-1.,0.));
#2224 = ( GEOMETRIC_REPRESENTATION_CONTEXT(2) 
PARAMETRIC_REPRESENTATION_CONTEXT() REPRESENTATION_CONTEXT('2D SPACE',''
  ) );
#2225 = PCURVE('',#130,#2226);
#2226 = DEFINITIONAL_REPRESENTATION('',(#2227),#2231);
#2227 = LINE('',#2228,#2229);
#2228 = CARTESIAN_POINT('',(-1.5898310191,0.104729422576));
#2229 = VECTOR('',#2230,1.);
#2230 = DIRECTION('',(0.144448964423,0.989512251909));
#2231 = ( GEOMETRIC_REPRESENTATION_CONTEXT(2) 
PARAMETRIC_REPRESENTATION_CONTEXT() REPRESENTATION_CONTEXT('2D SPACE',''
  ) );
#2232 = ORIENTED_EDGE('',*,*,#2233,.T.);
#2233 = EDGE_CURVE('',#2211,#1022,#2234,.T.);
#2234 = SURFACE_CURVE('',#2235,(#2239,#2246),.PCURVE_S1.);
#2235 = LINE('',#2236,#2237);
#2236 = CARTESIAN_POINT('',(3.410256385803,1.,-0.164126455784));
#2237 = VECTOR('',#2238,1.);
#2238 = DIRECTION('',(0.,-1.,0.));
#2239 = PCURVE('',#1037,#2240);
#2240 = DEFINITIONAL_REPRESENTATION('',(#2241),#2245);
#2241 = LINE('',#2242,#2243);
#2242 = CARTESIAN_POINT('',(-0.123085711771,0.5));
#2243 = VECTOR('',#2244,1.);
#2244 = DIRECTION('',(-0.,-1.));
#2245 = ( GEOMETRIC_REPRESENTATION_CONTEXT(2) 
PARAMETRIC_REPRESENTATION_CONTEXT() REPRESENTATION_CONTEXT('2D SPACE',''
  ) );
#2246 = PCURVE('',#1065,#2247);
#2247 = DEFINITIONAL_REPRESENTATION('',(#2248),#2252);
#2248 = LINE('',#2249,#2250);
#2249 = CARTESIAN_POINT('',(0.130277942741,0.5));
#2250 = VECTOR('',#2251,1.);
#2251 = DIRECTION('',(-0.,-1.));
#2252 = ( GEOMETRIC_REPRESENTATION_CONTEXT(2) 
PARAMETRIC_REPRESENTATION_CONTEXT() REPRESENTATION_CONTEXT('2D SPACE',''
  ) );
#2253 = ORIENTED_EDGE('',*,*,#1021,.T.);
#2254 = ADVANCED_FACE('',(#2255),#1065,.T.);
#2255 = FACE_BOUND('',#2256,.T.);
#2256 = EDGE_LOOP('',(#2257,#2280,#2301,#2302));
#2257 = ORIENTED_EDGE('',*,*,#2258,.T.);
#2258 = EDGE_CURVE('',#2211,#2259,#2261,.T.);
#2259 = VERTEX_POINT('',#2260);
#2260 = CARTESIAN_POINT('',(3.653846263885,1.,-7.164218276739E-02));
#2261 = SURFACE_CURVE('',#2262,(#2266,#2273),.PCURVE_S1.);
#2262 = LINE('',#2263,#2264);
#2263 = CARTESIAN_POINT('',(3.410256385803,1.,-0.164126455784));
#2264 = VECTOR('',#2265,1.);
#2265 = DIRECTION('',(0.934885341896,0.,0.354949852103));
#2266 = PCURVE('',#1065,#2267);
#2267 = DEFINITIONAL_REPRESENTATION('',(#2268),#2272);
#2268 = LINE('',#2269,#2270);
#2269 = CARTESIAN_POINT('',(0.130277942741,0.5));
#2270 = VECTOR('',#2271,1.);
#2271 = DIRECTION('',(-1.,0.));
#2272 = ( GEOMETRIC_REPRESENTATION_CONTEXT(2) 
PARAMETRIC_REPRESENTATION_CONTEXT() REPRESENTATION_CONTEXT('2D SPACE',''
  ) );
#2273 = PCURVE('',#130,#2274);
#2274 = DEFINITIONAL_REPRESENTATION('',(#2275),#2279);
#2275 = LINE('',#2276,#2277);
#2276 = CARTESIAN_POINT('',(-1.554271811899,0.348319062239));
#2277 = VECTOR('',#2278,1.);
#2278 = DIRECTION('',(0.354949852103,0.934885341896));
#2279 = ( GEOMETRIC_REPRESENTATION_CONTEXT(2) 
PARAMETRIC_REPRESENTATION_CONTEXT() REPRESENTATION_CONTEXT('2D SPACE',''
  ) );
#2280 = ORIENTED_EDGE('',*,*,#2281,.T.);
#2281 = EDGE_CURVE('',#2259,#1050,#2282,.T.);
#2282 = SURFACE_CURVE('',#2283,(#2287,#2294),.PCURVE_S1.);
#2283 = LINE('',#2284,#2285);
#2284 = CARTESIAN_POINT('',(3.653846263885,1.,-7.164218276739E-02));
#2285 = VECTOR('',#2286,1.);
#2286 = DIRECTION('',(0.,-1.,0.));
#2287 = PCURVE('',#1065,#2288);
#2288 = DEFINITIONAL_REPRESENTATION('',(#2289),#2293);
#2289 = LINE('',#2290,#2291);
#2290 = CARTESIAN_POINT('',(-0.130277942741,0.5));
#2291 = VECTOR('',#2292,1.);
#2292 = DIRECTION('',(-0.,-1.));
#2293 = ( GEOMETRIC_REPRESENTATION_CONTEXT(2) 
PARAMETRIC_REPRESENTATION_CONTEXT() REPRESENTATION_CONTEXT('2D SPACE',''
  ) );
#2294 = PCURVE('',#395,#2295);
#2295 = DEFINITIONAL_REPRESENTATION('',(#2296),#2300);
#2296 = LINE('',#2297,#2298);
#2297 = CARTESIAN_POINT('',(0.141471869197,0.5));
#2298 = VECTOR('',#2299,1.);
#2299 = DIRECTION('',(-0.,-1.));
#2300 = ( GEOMETRIC_REPRESENTATION_CONTEXT(2) 
PARAMETRIC_REPRESENTATION_CONTEXT() REPRESENTATION_CONTEXT('2D SPACE',''
  ) );
#2301 = ORIENTED_EDGE('',*,*,#1049,.T.);
#2302 = ORIENTED_EDGE('',*,*,#2233,.F.);
#2303 = ADVANCED_FACE('',(#2304),#395,.T.);
#2304 = FACE_BOUND('',#2305,.T.);
#2305 = EDGE_LOOP('',(#2306,#2327,#2328,#2329));
#2306 = ORIENTED_EDGE('',*,*,#2307,.T.);
#2307 = EDGE_CURVE('',#2259,#331,#2308,.T.);
#2308 = SURFACE_CURVE('',#2309,(#2313,#2320),.PCURVE_S1.);
#2309 = LINE('',#2310,#2311);
#2310 = CARTESIAN_POINT('',(3.653846263885,1.,-7.164218276739E-02));
#2311 = VECTOR('',#2312,1.);
#2312 = DIRECTION('',(0.860911929159,0.,0.508754017411));
#2313 = PCURVE('',#395,#2314);
#2314 = DEFINITIONAL_REPRESENTATION('',(#2315),#2319);
#2315 = LINE('',#2316,#2317);
#2316 = CARTESIAN_POINT('',(0.141471869197,0.5));
#2317 = VECTOR('',#2318,1.);
#2318 = DIRECTION('',(-1.,0.));
#2319 = ( GEOMETRIC_REPRESENTATION_CONTEXT(2) 
PARAMETRIC_REPRESENTATION_CONTEXT() REPRESENTATION_CONTEXT('2D SPACE',''
  ) );
#2320 = PCURVE('',#130,#2321);
#2321 = DEFINITIONAL_REPRESENTATION('',(#2322),#2326);
#2322 = LINE('',#2323,#2324);
#2323 = CARTESIAN_POINT('',(-1.461787538883,0.591908940321));
#2324 = VECTOR('',#2325,1.);
#2325 = DIRECTION('',(0.508754017411,0.860911929159));
#2326 = ( GEOMETRIC_REPRESENTATION_CONTEXT(2) 
PARAMETRIC_REPRESENTATION_CONTEXT() REPRESENTATION_CONTEXT('2D SPACE',''
  ) );
#2327 = ORIENTED_EDGE('',*,*,#381,.T.);
#2328 = ORIENTED_EDGE('',*,*,#1077,.T.);
#2329 = ORIENTED_EDGE('',*,*,#2281,.F.);
#2330 = ADVANCED_FACE('',(#2331),#981,.T.);
#2331 = FACE_BOUND('',#2332,.T.);
#2332 = EDGE_LOOP('',(#2333,#2334,#2355,#2356));
#2333 = ORIENTED_EDGE('',*,*,#2013,.F.);
#2334 = ORIENTED_EDGE('',*,*,#2335,.T.);
#2335 = EDGE_CURVE('',#1964,#2136,#2336,.T.);
#2336 = SURFACE_CURVE('',#2337,(#2341,#2348),.PCURVE_S1.);
#2337 = LINE('',#2338,#2339);
#2338 = CARTESIAN_POINT('',(2.679487228394,1.,-9.511578828096E-02));
#2339 = VECTOR('',#2340,1.);
#2340 = DIRECTION('',(0.94879080688,0.,-0.315905056591));
#2341 = PCURVE('',#981,#2342);
#2342 = DEFINITIONAL_REPRESENTATION('',(#2343),#2347);
#2343 = LINE('',#2344,#2345);
#2344 = CARTESIAN_POINT('',(0.128368465365,0.5));
#2345 = VECTOR('',#2346,1.);
#2346 = DIRECTION('',(-1.,0.));
#2347 = ( GEOMETRIC_REPRESENTATION_CONTEXT(2) 
PARAMETRIC_REPRESENTATION_CONTEXT() REPRESENTATION_CONTEXT('2D SPACE',''
  ) );
#2348 = PCURVE('',#130,#2349);
#2349 = DEFINITIONAL_REPRESENTATION('',(#2350),#2354);
#2350 = LINE('',#2351,#2352);
#2351 = CARTESIAN_POINT('',(-1.485261144396,-0.38245009517));
#2352 = VECTOR('',#2353,1.);
#2353 = DIRECTION('',(-0.315905056591,0.94879080688));
#2354 = ( GEOMETRIC_REPRESENTATION_CONTEXT(2) 
PARAMETRIC_REPRESENTATION_CONTEXT() REPRESENTATION_CONTEXT('2D SPACE',''
  ) );
#2355 = ORIENTED_EDGE('',*,*,#2135,.T.);
#2356 = ORIENTED_EDGE('',*,*,#965,.F.);
#2357 = ADVANCED_FACE('',(#2358),#156,.T.);
#2358 = FACE_BOUND('',#2359,.T.);
#2359 = EDGE_LOOP('',(#2360,#2361,#2382,#2383));
#2360 = ORIENTED_EDGE('',*,*,#142,.F.);
#2361 = ORIENTED_EDGE('',*,*,#2362,.T.);
#2362 = EDGE_CURVE('',#115,#1103,#2363,.T.);
#2363 = SURFACE_CURVE('',#2364,(#2368,#2375),.PCURVE_S1.);
#2364 = LINE('',#2365,#2366);
#2365 = CARTESIAN_POINT('',(6.089743614197,1.,1.781348466873));
#2366 = VECTOR('',#2367,1.);
#2367 = DIRECTION('',(0.,0.,1.));
#2368 = PCURVE('',#156,#2369);
#2369 = DEFINITIONAL_REPRESENTATION('',(#2370),#2374);
#2370 = LINE('',#2371,#2372);
#2371 = CARTESIAN_POINT('',(-0.5,-0.5));
#2372 = VECTOR('',#2373,1.);
#2373 = DIRECTION('',(1.,0.));
#2374 = ( GEOMETRIC_REPRESENTATION_CONTEXT(2) 
PARAMETRIC_REPRESENTATION_CONTEXT() REPRESENTATION_CONTEXT('2D SPACE',''
  ) );
#2375 = PCURVE('',#130,#2376);
#2376 = DEFINITIONAL_REPRESENTATION('',(#2377),#2381);
#2377 = LINE('',#2378,#2379);
#2378 = CARTESIAN_POINT('',(0.391203110758,3.027806290633));
#2379 = VECTOR('',#2380,1.);
#2380 = DIRECTION('',(1.,0.));
#2381 = ( GEOMETRIC_REPRESENTATION_CONTEXT(2) 
PARAMETRIC_REPRESENTATION_CONTEXT() REPRESENTATION_CONTEXT('2D SPACE',''
  ) );
#2382 = ORIENTED_EDGE('',*,*,#1131,.F.);
#2383 = ORIENTED_EDGE('',*,*,#438,.F.);
#2384 = ADVANCED_FACE('',(#2385),#869,.T.);
#2385 = FACE_BOUND('',#2386,.T.);
#2386 = EDGE_LOOP('',(#2387,#2388,#2389,#2410));
#2387 = ORIENTED_EDGE('',*,*,#853,.F.);
#2388 = ORIENTED_EDGE('',*,*,#1881,.F.);
#2389 = ORIENTED_EDGE('',*,*,#2390,.T.);
#2390 = EDGE_CURVE('',#1832,#2038,#2391,.T.);
#2391 = SURFACE_CURVE('',#2392,(#2396,#2403),.PCURVE_S1.);
#2392 = LINE('',#2393,#2394);
#2393 = CARTESIAN_POINT('',(0.730769217014,1.,1.544661164284));
#2394 = VECTOR('',#2395,1.);
#2395 = DIRECTION('',(0.773577050706,0.,-0.633702253919));
#2396 = PCURVE('',#869,#2397);
#2397 = DEFINITIONAL_REPRESENTATION('',(#2398),#2402);
#2398 = LINE('',#2399,#2400);
#2399 = CARTESIAN_POINT('',(0.314887481277,0.5));
#2400 = VECTOR('',#2401,1.);
#2401 = DIRECTION('',(-1.,0.));
#2402 = ( GEOMETRIC_REPRESENTATION_CONTEXT(2) 
PARAMETRIC_REPRESENTATION_CONTEXT() REPRESENTATION_CONTEXT('2D SPACE',''
  ) );
#2403 = PCURVE('',#130,#2404);
#2404 = DEFINITIONAL_REPRESENTATION('',(#2405),#2409);
#2405 = LINE('',#2406,#2407);
#2406 = CARTESIAN_POINT('',(0.154515808168,-2.33116810655));
#2407 = VECTOR('',#2408,1.);
#2408 = DIRECTION('',(-0.633702253919,0.773577050706));
#2409 = ( GEOMETRIC_REPRESENTATION_CONTEXT(2) 
PARAMETRIC_REPRESENTATION_CONTEXT() REPRESENTATION_CONTEXT('2D SPACE',''
  ) );
#2410 = ORIENTED_EDGE('',*,*,#2085,.T.);
#2411 = ADVANCED_FACE('',(#2412),#130,.T.);
#2412 = FACE_BOUND('',#2413,.T.);
#2413 = EDGE_LOOP('',(#2414,#2415,#2416,#2417,#2418,#2419,#2420,#2443,
    #2466,#2487,#2488,#2489,#2490,#2491,#2492,#2493,#2494,#2495,#2496,
    #2497,#2498,#2499,#2500,#2501,#2502,#2503));
#2414 = ORIENTED_EDGE('',*,*,#2184,.F.);
#2415 = ORIENTED_EDGE('',*,*,#1387,.F.);
#2416 = ORIENTED_EDGE('',*,*,#1493,.F.);
#2417 = ORIENTED_EDGE('',*,*,#1601,.F.);
#2418 = ORIENTED_EDGE('',*,*,#1649,.F.);
#2419 = ORIENTED_EDGE('',*,*,#1754,.F.);
#2420 = ORIENTED_EDGE('',*,*,#2421,.F.);
#2421 = EDGE_CURVE('',#2422,#1732,#2424,.T.);
#2422 = VERTEX_POINT('',#2423);
#2423 = CARTESIAN_POINT('',(3.16666674614,1.,0.800314307213));
#2424 = SURFACE_CURVE('',#2425,(#2429,#2436),.PCURVE_S1.);
#2425 = LINE('',#2426,#2427);
#2426 = CARTESIAN_POINT('',(3.16666674614,1.,0.800314307213));
#2427 = VECTOR('',#2428,1.);
#2428 = DIRECTION('',(-0.995392159569,0.,9.588768778876E-02));
#2429 = PCURVE('',#130,#2430);
#2430 = DEFINITIONAL_REPRESENTATION('',(#2431),#2435);
#2431 = LINE('',#2432,#2433);
#2432 = CARTESIAN_POINT('',(-0.589831048902,0.104729422576));
#2433 = VECTOR('',#2434,1.);
#2434 = DIRECTION('',(9.588768778876E-02,-0.995392159569));
#2435 = ( GEOMETRIC_REPRESENTATION_CONTEXT(2) 
PARAMETRIC_REPRESENTATION_CONTEXT() REPRESENTATION_CONTEXT('2D SPACE',''
  ) );
#2436 = PCURVE('',#645,#2437);
#2437 = DEFINITIONAL_REPRESENTATION('',(#2438),#2442);
#2438 = LINE('',#2439,#2440);
#2439 = CARTESIAN_POINT('',(0.12235874863,0.5));
#2440 = VECTOR('',#2441,1.);
#2441 = DIRECTION('',(-1.,0.));
#2442 = ( GEOMETRIC_REPRESENTATION_CONTEXT(2) 
PARAMETRIC_REPRESENTATION_CONTEXT() REPRESENTATION_CONTEXT('2D SPACE',''
  ) );
#2443 = ORIENTED_EDGE('',*,*,#2444,.F.);
#2444 = EDGE_CURVE('',#2445,#2422,#2447,.T.);
#2445 = VERTEX_POINT('',#2446);
#2446 = CARTESIAN_POINT('',(3.410256385803,1.,0.835873544216));
#2447 = SURFACE_CURVE('',#2448,(#2452,#2459),.PCURVE_S1.);
#2448 = LINE('',#2449,#2450);
#2449 = CARTESIAN_POINT('',(3.410256385803,1.,0.835873544216));
#2450 = VECTOR('',#2451,1.);
#2451 = DIRECTION('',(-0.989512234605,0.,-0.14444908296));
#2452 = PCURVE('',#130,#2453);
#2453 = DEFINITIONAL_REPRESENTATION('',(#2454),#2458);
#2454 = LINE('',#2455,#2456);
#2455 = CARTESIAN_POINT('',(-0.554271811899,0.348319062239));
#2456 = VECTOR('',#2457,1.);
#2457 = DIRECTION('',(-0.14444908296,-0.989512234605));
#2458 = ( GEOMETRIC_REPRESENTATION_CONTEXT(2) 
PARAMETRIC_REPRESENTATION_CONTEXT() REPRESENTATION_CONTEXT('2D SPACE',''
  ) );
#2459 = PCURVE('',#617,#2460);
#2460 = DEFINITIONAL_REPRESENTATION('',(#2461),#2465);
#2461 = LINE('',#2462,#2463);
#2462 = CARTESIAN_POINT('',(0.123085713923,0.5));
#2463 = VECTOR('',#2464,1.);
#2464 = DIRECTION('',(-1.,0.));
#2465 = ( GEOMETRIC_REPRESENTATION_CONTEXT(2) 
PARAMETRIC_REPRESENTATION_CONTEXT() REPRESENTATION_CONTEXT('2D SPACE',''
  ) );
#2466 = ORIENTED_EDGE('',*,*,#2467,.F.);
#2467 = EDGE_CURVE('',#1263,#2445,#2468,.T.);
#2468 = SURFACE_CURVE('',#2469,(#2473,#2480),.PCURVE_S1.);
#2469 = LINE('',#2470,#2471);
#2470 = CARTESIAN_POINT('',(3.653846263885,1.,0.928357839584));
#2471 = VECTOR('',#2472,1.);
#2472 = DIRECTION('',(-0.93488531343,0.,-0.354949927079));
#2473 = PCURVE('',#130,#2474);
#2474 = DEFINITIONAL_REPRESENTATION('',(#2475),#2479);
#2475 = LINE('',#2476,#2477);
#2476 = CARTESIAN_POINT('',(-0.461787516531,0.591908940321));
#2477 = VECTOR('',#2478,1.);
#2478 = DIRECTION('',(-0.354949927079,-0.93488531343));
#2479 = ( GEOMETRIC_REPRESENTATION_CONTEXT(2) 
PARAMETRIC_REPRESENTATION_CONTEXT() REPRESENTATION_CONTEXT('2D SPACE',''
  ) );
#2480 = PCURVE('',#589,#2481);
#2481 = DEFINITIONAL_REPRESENTATION('',(#2482),#2486);
#2482 = LINE('',#2483,#2484);
#2483 = CARTESIAN_POINT('',(0.130277946708,0.5));
#2484 = VECTOR('',#2485,1.);
#2485 = DIRECTION('',(-1.,0.));
#2486 = ( GEOMETRIC_REPRESENTATION_CONTEXT(2) 
PARAMETRIC_REPRESENTATION_CONTEXT() REPRESENTATION_CONTEXT('2D SPACE',''
  ) );
#2487 = ORIENTED_EDGE('',*,*,#1262,.F.);
#2488 = ORIENTED_EDGE('',*,*,#1357,.F.);
#2489 = ORIENTED_EDGE('',*,*,#1156,.F.);
#2490 = ORIENTED_EDGE('',*,*,#2362,.F.);
#2491 = ORIENTED_EDGE('',*,*,#114,.F.);
#2492 = ORIENTED_EDGE('',*,*,#171,.F.);
#2493 = ORIENTED_EDGE('',*,*,#306,.F.);
#2494 = ORIENTED_EDGE('',*,*,#410,.F.);
#2495 = ORIENTED_EDGE('',*,*,#2307,.F.);
#2496 = ORIENTED_EDGE('',*,*,#2258,.F.);
#2497 = ORIENTED_EDGE('',*,*,#2210,.F.);
#2498 = ORIENTED_EDGE('',*,*,#2158,.F.);
#2499 = ORIENTED_EDGE('',*,*,#2335,.F.);
#2500 = ORIENTED_EDGE('',*,*,#1987,.F.);
#2501 = ORIENTED_EDGE('',*,*,#2037,.F.);
#2502 = ORIENTED_EDGE('',*,*,#2390,.F.);
#2503 = ORIENTED_EDGE('',*,*,#1855,.F.);
#2504 = ADVANCED_FACE('',(#2505),#645,.T.);
#2505 = FACE_BOUND('',#2506,.T.);
#2506 = EDGE_LOOP('',(#2507,#2508,#2529,#2530));
#2507 = ORIENTED_EDGE('',*,*,#629,.F.);
#2508 = ORIENTED_EDGE('',*,*,#2509,.T.);
#2509 = EDGE_CURVE('',#602,#2422,#2510,.T.);
#2510 = SURFACE_CURVE('',#2511,(#2515,#2522),.PCURVE_S1.);
#2511 = LINE('',#2512,#2513);
#2512 = CARTESIAN_POINT('',(3.16666674614,0.,0.800314307213));
#2513 = VECTOR('',#2514,1.);
#2514 = DIRECTION('',(0.,1.,0.));
#2515 = PCURVE('',#645,#2516);
#2516 = DEFINITIONAL_REPRESENTATION('',(#2517),#2521);
#2517 = LINE('',#2518,#2519);
#2518 = CARTESIAN_POINT('',(0.12235874863,-0.5));
#2519 = VECTOR('',#2520,1.);
#2520 = DIRECTION('',(0.,1.));
#2521 = ( GEOMETRIC_REPRESENTATION_CONTEXT(2) 
PARAMETRIC_REPRESENTATION_CONTEXT() REPRESENTATION_CONTEXT('2D SPACE',''
  ) );
#2522 = PCURVE('',#617,#2523);
#2523 = DEFINITIONAL_REPRESENTATION('',(#2524),#2528);
#2524 = LINE('',#2525,#2526);
#2525 = CARTESIAN_POINT('',(-0.123085713923,-0.5));
#2526 = VECTOR('',#2527,1.);
#2527 = DIRECTION('',(0.,1.));
#2528 = ( GEOMETRIC_REPRESENTATION_CONTEXT(2) 
PARAMETRIC_REPRESENTATION_CONTEXT() REPRESENTATION_CONTEXT('2D SPACE',''
  ) );
#2529 = ORIENTED_EDGE('',*,*,#2421,.T.);
#2530 = ORIENTED_EDGE('',*,*,#1731,.F.);
#2531 = ADVANCED_FACE('',(#2532),#617,.T.);
#2532 = FACE_BOUND('',#2533,.T.);
#2533 = EDGE_LOOP('',(#2534,#2535,#2556,#2557));
#2534 = ORIENTED_EDGE('',*,*,#601,.F.);
#2535 = ORIENTED_EDGE('',*,*,#2536,.T.);
#2536 = EDGE_CURVE('',#574,#2445,#2537,.T.);
#2537 = SURFACE_CURVE('',#2538,(#2542,#2549),.PCURVE_S1.);
#2538 = LINE('',#2539,#2540);
#2539 = CARTESIAN_POINT('',(3.410256385803,0.,0.835873544216));
#2540 = VECTOR('',#2541,1.);
#2541 = DIRECTION('',(0.,1.,0.));
#2542 = PCURVE('',#617,#2543);
#2543 = DEFINITIONAL_REPRESENTATION('',(#2544),#2548);
#2544 = LINE('',#2545,#2546);
#2545 = CARTESIAN_POINT('',(0.123085713923,-0.5));
#2546 = VECTOR('',#2547,1.);
#2547 = DIRECTION('',(0.,1.));
#2548 = ( GEOMETRIC_REPRESENTATION_CONTEXT(2) 
PARAMETRIC_REPRESENTATION_CONTEXT() REPRESENTATION_CONTEXT('2D SPACE',''
  ) );
#2549 = PCURVE('',#589,#2550);
#2550 = DEFINITIONAL_REPRESENTATION('',(#2551),#2555);
#2551 = LINE('',#2552,#2553);
#2552 = CARTESIAN_POINT('',(-0.130277946708,-0.5));
#2553 = VECTOR('',#2554,1.);
#2554 = DIRECTION('',(0.,1.));
#2555 = ( GEOMETRIC_REPRESENTATION_CONTEXT(2) 
PARAMETRIC_REPRESENTATION_CONTEXT() REPRESENTATION_CONTEXT('2D SPACE',''
  ) );
#2556 = ORIENTED_EDGE('',*,*,#2444,.T.);
#2557 = ORIENTED_EDGE('',*,*,#2509,.F.);
#2558 = ADVANCED_FACE('',(#2559),#589,.T.);
#2559 = FACE_BOUND('',#2560,.T.);
#2560 = EDGE_LOOP('',(#2561,#2562,#2563,#2564));
#2561 = ORIENTED_EDGE('',*,*,#573,.F.);
#2562 = ORIENTED_EDGE('',*,*,#1311,.T.);
#2563 = ORIENTED_EDGE('',*,*,#2467,.T.);
#2564 = ORIENTED_EDGE('',*,*,#2536,.F.);
#2565 = ( GEOMETRIC_REPRESENTATION_CONTEXT(3) 
GLOBAL_UNCERTAINTY_ASSIGNED_CONTEXT((#2569)) 
GLOBAL_UNIT_ASSIGNED_CONTEXT((#2566,#2567,#2568)) REPRESENTATION_CONTEXT
('Context #1','3D Context with UNIT and UNCERTAINTY') );
#2566 = ( LENGTH_UNIT() NAMED_UNIT(*) SI_UNIT($,.METRE.) );
#2567 = ( NAMED_UNIT(*) PLANE_ANGLE_UNIT() SI_UNIT($,.RADIAN.) );
#2568 = ( NAMED_UNIT(*) SI_UNIT($,.STERADIAN.) SOLID_ANGLE_UNIT() );
#2569 = UNCERTAINTY_MEASURE_WITH_UNIT(LENGTH_MEASURE(1.E-07),#2566,
  'distance_accuracy_value','confusion accuracy');
#2570 = PRODUCT_RELATED_PRODUCT_CATEGORY('part',$,(#7));
#2571 = MECHANICAL_DESIGN_GEOMETRIC_PRESENTATION_REPRESENTATION('',(
    #2572),#2565);
#2572 = STYLED_ITEM('color',(#2573),#15);
#2573 = PRESENTATION_STYLE_ASSIGNMENT((#2574,#2580));
#2574 = SURFACE_STYLE_USAGE(.BOTH.,#2575);
#2575 = SURFACE_SIDE_STYLE('',(#2576));
#2576 = SURFACE_STYLE_FILL_AREA(#2577);
#2577 = FILL_AREA_STYLE('',(#2578));
#2578 = FILL_AREA_STYLE_COLOUR('',#2579);
#2579 = COLOUR_RGB('',0.124204368915,0.502858633433,0.545083059847);
#2580 = CURVE_STYLE('',#2581,POSITIVE_LENGTH_MEASURE(0.1),#2582);
#2581 = DRAUGHTING_PRE_DEFINED_CURVE_FONT('continuous');
#2582 = COLOUR_RGB('',9.803921802644E-02,9.803921802644E-02,
  9.803921802644E-02);
ENDSEC;
END-ISO-10303-21;
