x1 coord,x2 coord,x3 coord,x4 coord
13, 11, -4, 0.45
12, 11, -4, 0.45
13, 14, -4, 1.2
6, 6, -4, 0.45
6, 5, -4, 0.45
5, 6, -4, 0.45
20, 0, 0, 3.859545424246464
0, 20, 0, 4.298701079585163
0, 0, 0, 2.643741096848031
0, 0, -10, 2.912214450449026
20, 20, -10, 3.671024681681282
20, 0, -10, 4.038175023601831
0, 20, -10, 4.45780488547035
20, 20, 0, 3.470761493398643
